streamflow,JPO4,JPON,JPOP,PO4JRES,PO4T2R,POPR,baseflow,%sat_area,evap,sat_def,snowpack,trans,missisquoi_Q,missisquoi_TP,missisquoi_TN,pike_Q,pike_TP,pike_TN,rock_Q,rock_TP,rock_TN,basin_TP_gps,basin_TN_gps,RandomNum,CHLAClass,ipsl-cm5a-mr.1,miroc-esm-chem.1,mri-cgcm3.1,noresm1-m.1,canesm2.1,ccsm4.1,gfdl-esm2m.1,inmcm4.1,miroc-esm.1,rcp45,rcp60,rcp85,rcp26,0_redux,100_redux,20_redux,40_redux,60_redux,64_redux,80_redux,S0_redux,S1_redux,S2_redux,S3_redux,S4_redux
38.84181181824074,2.7555288277941643,11.51916585551749,2.1413909093939143,0.0,178711.0348845923,0.1324278726566324,1.15767,1.3326559999999998,2.8670560000000003,137.31547,1.136238,0.0,39.6345018553477,0.0380854291579519,0.6178690489520855,9.030645992357703,0.0380854291579519,0.6178690489520855,1.5051076653929505,0.0380854291579519,0.6178690489520855,1.9107557121804533,30.9986480595612,0.293067152824621,1,0,0,1,0,0,0,0,0,0,0,1,0,0,0,0,1,0,0,0,0,0,0,0,0,0
71.37865245004629,1.0508700192903728,7.464490856769845,0.7864813639534464,0.0,54997.987503747005,0.1027404203367747,2.095945,1.533031,1.066548,109.88448,1.135096,0.0,72.83535964290438,0.0,0.6477010156999389,16.5953983996491,0.0,0.6477010156999389,2.7658997332748494,0.0,0.6477010156999389,0.0,59.71586888554368,0.5694076994849712,0,0,0,0,0,0,0,0,0,1,1,0,0,0,0,1,0,0,0,0,0,0,0,0,0,0
58.01300556398147,5.166899361198754,8.6629050412624,2.146536012776464,0.0,195414.4037769784,0.1358860892464788,1.083761,1.173649,1.875519,173.630644,0.36972,0.0,59.19694445304232,0.0461998126873166,0.6354464904993921,13.487911394364072,0.0461998126873166,0.6354464904993921,2.247985232394012,0.0461998126873166,0.6354464904993921,3.461883222015245,47.615810887307845,0.7726703909020256,3,0,0,0,0,0,1,0,0,0,1,0,0,0,0,0,0,1,0,0,0,0,0,0,0,0
78.45012211004628,0.4113367800232317,6.363039891496837,5.177587679107126,0.0,186336.4495278777,0.1376345985584693,1.466777,1.255853,0.053073,165.096816,155.8467,0.0444699999999999,80.0511450102513,0.0375641255421936,0.6541846153260611,18.2395013947408,0.0375641255421936,0.6541846153260611,3.039916899123466,0.0375641255421936,0.6541846153260611,3.806394001216999,66.28889557587593,0.4197759322440612,0,0,0,0,1,0,0,0,0,0,0,1,0,0,0,0,0,0,0,0,0,0,1,0,0,0
74.28877035527778,3.3036050476330363,9.151242299617335,1.422095612227488,0.0,173228.79018660073,0.1204870693046126,1.982444,1.483152,2.00453,128.215598,1.136543,0.0,75.80486770946712,0.0320727844454019,0.6503692077829875,17.271995174308962,0.0320727844454019,0.6503692077829875,2.878665862384827,0.0320727844454019,0.6503692077829875,3.077560989820189,62.40652121303835,0.8154366329781481,1,0,0,1,0,0,0,0,0,0,0,0,1,0,0,0,0,1,0,0,0,0,0,0,0,0
1.307935,0.6833341164554624,3.5093081752173334,0.7129165531634141,0.0,166251.28913744004,0.1383621204706976,1.089885,0.364211,0.037538,529.916471,6.378986,0.0,33.976219091789496,0.0351226926795158,0.6127849121405455,7.741417008255834,0.0351226926795158,0.6127849121405455,1.2902361680426389,0.0351226926795158,0.6127849121405455,1.510552280471928,26.35457522915209,0.7319402138888904,1,1,0,0,0,0,0,0,0,0,0,1,0,0,1,0,0,0,0,0,0,0,0,0,0,0
33.324265132314814,0.4539895445036945,5.466725561544478,1.410513847208709,0.0,142348.5192127548,0.1270157061785245,1.051871,1.174058,0.4981359999999999,183.717714,68.594539,0.000444,34.00435217583144,0.0358364861017388,0.6128101905605498,7.747827078037544,0.0358364861017388,0.6128101905605498,1.291304513006257,0.0358364861017388,0.6128101905605498,1.5425272077820464,26.37748548956875,0.4452480044293452,0,0,0,0,0,0,1,0,0,0,1,0,0,0,1,0,0,0,0,0,0,0,0,0,0,0
62.43150305861112,0.4293295473789425,3.252341977269244,0.4233516612999159,0.0,179241.1136091127,0.1376106722785128,1.439839,1.238381,0.295952,169.092155,80.76080999999999,0.00083,63.70561536592972,0.0481360990513479,0.6394976665747488,14.51520350109791,0.0481360990513479,0.6394976665747488,2.419200583516318,0.0481360990513479,0.6394976665747488,3.8816959637740047,51.56910427116521,0.6465190631687068,1,0,0,0,0,0,0,1,0,0,0,0,1,0,0,0,0,0,0,0,1,0,0,0,0,0
213.862289722824,0.8825467351815112,10.323313133322078,9.545488537930185,0.0,194255.45662844725,0.138131574832564,3.672249,1.596904,1.735196,85.714354,0.394254,0.0,218.2268262477796,0.1710905597069527,0.7783396101884174,49.7225680058232,0.1710905597069527,0.7783396101884174,8.287094667637199,0.1710905597069527,0.7783396101884174,47.26145550101841,215.00580110677487,0.5948851849258904,1,0,0,0,0,0,1,0,0,0,1,0,0,0,0,0,0,0,0,0,0,0,0,1,0,0
63.50229447629629,7.561478492346027,7.71196991762669,2.762564664979061,0.0,235343.30199902577,0.115668781709185,1.660952,1.503816,1.512771,108.200469,0.013491,0.0,64.7982596696901,0.04860907278406,0.6404794402610066,14.76416043106863,0.04860907278406,0.6404794402610066,2.4606934051781044,0.04860907278406,0.6404794402610066,3.987067494385302,52.53411782674743,0.9134152604328608,2,0,0,0,1,0,0,0,0,0,0,1,0,0,1,0,0,0,0,0,0,0,0,0,0,0
13.345433667824071,13.839871867669286,9.052050823787992,2.7742384369138904,0.0,267376.3463541667,0.1349080041390385,0.772069,1.241368,0.788028,153.836049,1.134465,0.0,13.61778945696334,0.0460307260160223,0.5944922523607652,3.102787471206837,0.0460307260160223,0.5944922523607652,0.5171312452011394,0.0460307260160223,0.5944922523607652,0.7934642220726046,10.247683957525084,0.9946275235915354,1,0,0,0,0,0,0,0,0,1,1,0,0,0,0,0,0,0,0,0,0,0,0,0,0,1
8.079330252129628,0.8867181626012285,3.523891909231099,0.4911912930526321,0.0,161713.30162432554,0.1315581936666147,0.657071,1.222382,0.546718,164.62821499999998,1.136702,0.050115,8.244214542989416,0.0176676717978351,0.5896639340933123,1.8784286300482207,0.0176676717978351,0.5896639340933123,0.3130714383413702,0.0176676717978351,0.5896639340933123,0.1843747807297169,6.153564532820808,0.3477760645793692,2,0,0,0,0,0,0,0,0,1,1,0,0,0,0,0,0,0,0,0,0,0,0,0,1,0
50.94683105435186,5.069613019339473,10.101483047723198,2.144874878567186,0.0,173893.53636465827,0.1355982078887004,1.629182,1.456106,1.018189,116.011052,0.371204,0.0,51.98656230035904,0.0431547314212676,0.6289677458237416,11.84503951147421,0.0431547314212676,0.6289677458237416,1.9741732519123685,0.0431547314212676,0.6289677458237416,2.839830548844294,41.389710004028274,0.9594243199907638,3,0,0,1,0,0,0,0,0,0,1,0,0,0,0,0,0,0,0,0,0,0,0,0,0,1
18.89673693736111,5.251482531035261,5.694157056099505,1.1693833726916096,0.0,143799.12881257493,0.126654056461452,0.58121,0.985959,1.989666,189.859204,1.135257,0.0,19.282384629960315,0.0180830295166362,0.5995820610615582,4.393454725813743,0.0180830295166362,0.5995820610615582,0.7322424543022904,0.0180830295166362,0.5995820610615582,0.4413720638160831,14.634647998244706,0.712194011287771,2,0,0,0,0,1,0,0,0,0,1,0,0,0,0,0,0,1,0,0,0,0,0,0,0,0
20.31907033324074,0.5534667550302523,4.586953183729872,0.4048790560423327,0.0,81550.59182966127,0.1029794729924459,0.933054,1.322018,0.762844,153.206353,1.135874,0.0,20.73374523800076,0.0061376789304736,0.6008861521087008,4.724144484607767,0.0061376789304736,0.6008861521087008,0.7873574141012945,0.0061376789304736,0.6008861521087008,0.1610849003760577,15.77040556311946,0.059642449899824,3,0,0,1,0,0,0,0,0,0,0,0,1,0,0,0,0,0,0,0,1,0,0,0,0,0
58.167532307962965,1.6423267271878907,6.205995656889406,1.0283033702727988,0.0,181883.7116400629,0.132025257682057,1.652897,1.47636,1.593017,126.15274,1.135845,0.0,59.35462480404384,0.0462671118723468,0.6355881710251775,13.5238385629467,0.0462671118723468,0.6355881710251775,2.2539730938244493,0.0462671118723468,0.6355881710251775,3.4761608429745183,47.753287874794765,0.1104919156979515,2,0,0,0,0,0,0,0,0,1,0,0,1,0,1,0,0,0,0,0,0,0,0,0,0,0
106.98365085967592,5.145561148294156,8.091529982267238,1.8132068693494912,0.0,48124.15683898194,0.0959332785222956,2.420948,1.486794,2.894495,118.65096,1.137109,0.0,109.16699067313871,0.0,0.6803460761295353,24.87349154577844,0.0,0.6803460761295353,4.145581924296407,0.0,0.6803460761295353,0.0,94.01434651561964,0.3462933156154063,1,0,0,0,1,0,0,0,0,0,0,0,1,0,0,1,0,0,0,0,0,0,0,0,0,0
294.657603382963,0.8624977319360637,8.172997624468174,2.633123147401878,0.0,171880.9221934952,0.1387475418637124,4.108234,1.591585,0.514101,80.858492,0.663625,0.0,300.6710238601663,0.1847624797932724,0.8524181950690752,68.5073218921898,0.1847624797932724,0.8524181950690752,11.41788698203163,0.1847624797932724,0.8524181950690752,70.31990375998292,324.4271537575365,0.4116326231179584,1,0,0,0,0,0,0,1,0,0,0,1,0,0,0,0,0,0,0,1,0,0,0,0,0,0
6.569906907129628,0.9130000747400794,13.512168216476624,24.900223366648174,0.0,267984.5130208333,0.1286760617395956,0.620893,1.029536,0.070619,191.962556,176.874056,0.017466,6.703986639928192,0.0254791421894151,0.5882799931155747,1.5274906268190815,0.0254791421894151,0.5882799931155747,0.2545817711365136,0.0254791421894151,0.5882799931155747,0.2162175048540121,4.992178752384635,0.9465666410143686,0,0,0,0,0,0,0,0,0,1,0,0,1,0,1,0,0,0,0,0,0,0,0,0,0,0
53.39988583578704,0.7706909695689341,6.79120320210354,0.7074593642203928,0.0,95390.51832284172,0.1252049888423878,1.270541,1.211457,1.462373,141.553192,1.135656,0.0,54.48967942427249,0.0,0.6312168716530915,12.415369995403855,0.0,0.6312168716530915,2.069228332567309,0.0,0.6312168716530915,0.0,43.53772782730267,0.148709209348221,0,0,0,0,0,0,1,0,0,0,0,0,1,0,0,1,0,0,0,0,0,0,0,0,0,0
37.628407744907406,1.573766682502463,6.5667173856739804,1.896625614423546,0.0,191647.8961330935,0.1275372404149539,1.328632,1.3851129999999998,0.8283780000000001,137.478573,0.013478,0.0,38.396334433578986,0.0375875347412976,0.6167565183786037,8.748531896258502,0.0375875347412976,0.6167565183786037,1.458088649376417,0.0375875347412976,0.6167565183786037,1.826865258810926,29.976189295891984,0.1157999393968375,3,0,0,0,0,0,1,0,0,0,0,0,1,0,1,0,0,0,0,0,0,0,0,0,0,0
67.83454211777779,3.556232926513937,7.598781942463607,1.0142385522238642,0.0,62492.37823178957,0.119663473424151,2.375152,1.465476,0.5670930000000001,112.719808,1.136437,0.130189,69.21892052834468,0.0,0.6444515366623336,15.771399614053218,0.0,0.6444515366623336,2.6285666023422025,0.0,0.6444515366623336,0.0,56.46612620329073,0.778013705830709,2,0,0,0,0,1,0,0,0,0,0,0,1,0,0,1,0,0,0,0,0,0,0,0,0,0
25.89124871481481,21.74694216308548,8.598181607911913,2.622103666373008,0.0,182090.92318645085,0.1357033046887075,1.043903,1.33773,0.972179,139.048924,0.371204,0.0,26.4196415457294,0.0328678623593794,0.6059951005180843,6.01966516231809,0.0328678623593794,0.6059951005180843,1.003277527053015,0.0328678623593794,0.6059951005180843,1.099186255581238,20.266042195134222,0.0142367920732585,3,0,0,0,1,0,0,0,0,0,1,0,0,0,0,0,0,1,0,0,0,0,0,0,0,0
33.9524278024537,0.91111311391532,3.5502095782785394,1.7473547625170052,0.0,262556.7210544065,0.1442700638759622,1.262843,1.393419,0.4508359999999999,131.543926,1.13614,0.082199,34.645334492299696,0.0707375288628097,0.613386132401366,7.893873681789804,0.0707375288628097,0.613386132401366,1.315645613631634,0.0707375288628097,0.613386132401366,3.1021839855832254,26.89995915187766,0.1197125751553618,3,0,0,0,0,0,1,0,0,0,0,0,1,0,0,0,0,0,0,0,0,0,0,0,0,1
22.79424764194444,5.584516734242153,10.306052768259024,1.942445649374589,0.0,279777.5731414868,0.1315445713609528,0.935671,1.229789,2.569395,156.32272,1.13448,0.0,23.259436369331063,0.0520036737731715,0.603155561360935,5.299618413265305,0.0520036737731715,0.603155561360935,0.8832697355442174,0.0520036737731715,0.603155561360935,1.5311090393652325,17.758301772509906,0.2904590216963377,1,0,0,1,0,0,0,0,0,0,1,0,0,0,0,0,0,0,0,0,0,0,0,0,0,1
36.88011135074074,3.39371740582178,6.584632349814728,1.335000861248524,0.0,186424.8039193645,0.1253252141266989,1.321246,1.318049,0.285659,147.45432,1.134406,0.0,37.63276668442933,0.037281418469293,0.6160704298489602,8.574554434426934,0.037281418469293,0.6160704298489602,1.4290924057378225,0.037281418469293,0.6160704298489602,1.7759530669866836,29.3473857565595,0.2078850355877921,3,0,0,0,1,0,0,0,0,0,1,0,0,0,1,0,0,0,0,0,0,0,0,0,0,0
23.03802821861112,7.618872193695544,6.625498996364127,1.3716872536021172,0.0,173112.14503709532,0.1254139725896094,0.989197,1.308678,0.5873,134.994819,1.136192,0.0,23.50819205980726,0.0253975601488889,0.6033790758114986,5.356296925019375,0.0253975601488889,0.6033790758114986,0.8927161541698958,0.0253975601488889,0.6033790758114986,0.755760407380492,17.954874935500904,0.5067057366383331,3,0,0,0,1,0,0,0,0,0,1,0,0,0,0,0,1,0,0,0,0,0,0,0,0,0
17.909725999814814,3.6028272273729174,7.712320886927543,1.5400909844348185,0.0,196156.33099145684,0.1376737941512101,0.571581,1.215099,1.463919,175.666934,1.135263,0.0,18.27523061205593,0.0297582167790391,0.5986771029618506,4.1639765951519845,0.0297582167790391,0.5986771029618506,0.6939960991919973,0.0297582167790391,0.5986771029618506,0.688402878785433,13.849319137703006,0.7852014809022697,3,0,0,0,0,0,1,0,0,0,0,0,1,0,1,0,0,0,0,0,0,0,0,0,0,0
11.032725828657409,0.902919165950885,4.251059475562555,0.889534358355067,0.0,214216.8408086032,0.1283345472969883,0.725495,1.153354,1.275403,172.89916200000002,1.135248,0.174831,11.257883498630008,0.0271437164087923,0.592371806060024,2.565087379434685,0.0271437164087923,0.592371806060024,0.4275145632391142,0.0271437164087923,0.592371806060024,0.3868111355063744,8.441585798097215,0.6813701950039976,2,0,0,1,0,0,0,0,0,0,0,0,1,0,1,0,0,0,0,0,0,0,0,0,0,0
17.740612134861113,0.4076844808116233,4.542942176334006,0.3686847210430699,0.0,89714.3844658648,0.0957855823800432,0.877914,1.185965,0.165014,164.378214,1.135585,0.0762149999999999,18.10266544373583,0.0059386406857155,0.5985220479811599,4.124657949205632,0.0059386406857155,0.5985220479811599,0.6874429915342719,0.0059386406857155,0.5985220479811599,0.1360825639545139,13.714992905446255,0.2522622947814954,3,0,0,0,1,0,0,0,0,0,0,1,0,0,0,0,0,0,0,0,0,1,0,0,0,0
29.565090231157413,2.994721235131188,6.474695169096656,0.9783165892251104,0.0,179393.7182816247,0.1278590590333481,0.982647,1.085307,0.761588,137.952651,1.136717,0.0,30.16845941954838,0.020595824028814,0.6093635258422467,6.873826196859125,0.020595824028814,0.6093635258422467,1.1456376994765205,0.020595824028814,0.6093635258422467,0.7865117486397919,23.270327596360435,0.0559263171252819,2,0,0,1,0,0,0,0,0,0,1,0,0,0,0,0,0,1,0,0,0,0,0,0,0,0
42.33755298847222,9.523209492079646,7.668504182097437,1.1526751379600817,0.0,86013.63613328087,0.1031711425194494,1.433005,1.411178,0.659496,120.340629,1.13622,0.0,43.20158468211451,0.0079060548206338,0.6210741798844204,9.843399041494443,0.0079060548206338,0.6210741798844204,1.6405665069157405,0.0079060548206338,0.6210741798844204,0.4323469580190555,33.9637832609514,0.7964980805582837,1,0,0,1,0,0,0,0,0,0,0,0,1,0,0,0,0,0,0,0,1,0,0,0,0,0
33.03282820231482,2.4664050220585554,9.902237217489192,3.258925161773352,0.0,165323.98909622303,0.1346923733750979,1.245668,1.13355,0.00772,107.589735,0.371465,0.97086,33.70696755338247,0.0357187707725506,0.6125429815557407,7.680068556466892,0.0357187707725506,0.6125429815557407,1.280011426077815,0.0357187707725506,0.6125429815557407,1.524014490477304,26.13540051183736,0.8279369743815066,2,0,0,0,0,0,1,0,0,0,1,0,0,0,1,0,0,0,0,0,0,0,0,0,0,0
25.07526095125,2.5887156650602674,6.518035672551436,0.8864314231655295,0.0,126406.37897182256,0.1212505540169543,0.846592,1.243128,0.563871,163.84386899999998,1.134433,0.144617,25.58700097066327,0.0065092480154768,0.60524694798217,5.82994958825239,0.0065092480154768,0.60524694798217,0.9716582647087316,0.0065092480154768,0.60524694798217,0.2108254877092322,19.603106639887045,0.7196600271794563,2,0,0,1,0,0,0,0,0,0,1,0,0,0,0,0,0,0,0,0,1,0,0,0,0,0
58.94131161328704,0.7074783406883692,4.930219602813538,0.570438069476784,0.0,118122.8932947392,0.1226801187496819,1.550661,1.4512770000000002,0.154479,130.994548,1.136394,0.0,60.144195523762285,0.0186418249448002,0.6362976240039661,13.703740752249637,0.0186418249448002,0.6362976240039661,2.283956792041605,0.0186418249448002,0.6362976240039661,1.4192374232909022,48.44254267012647,0.0955821084370347,1,0,0,0,0,1,0,0,0,0,1,0,0,0,0,0,0,0,1,0,0,0,0,0,0,0
41.002920520601855,0.1527649681809709,3.4651653046230617,0.5477505476622702,0.0,92627.42128016335,0.1080697949269978,1.396633,1.411669,1.039919,128.070007,1.135614,0.000235,41.83971481694067,0.0139147246945771,0.6198504989544656,9.533099578543444,0.0139147246945771,0.6198504989544656,1.5888499297572405,0.0139147246945771,0.6198504989544656,0.7369469784523411,32.82831405745978,0.6970174730968651,2,0,0,0,0,0,1,0,0,0,0,0,1,0,0,0,0,0,0,1,0,0,0,0,0,0
43.54968418912037,1.3165590923181254,3.179462470596643,0.3847525788368366,0.0,167245.8866906475,0.1388546497666006,1.504104,1.270175,0.2389639999999999,165.183031,0.685847,0.015285,44.43845325420446,0.0400348868792388,0.6221855434025003,10.12521719716051,0.0400348868792388,0.6221855434025003,1.6875361995267515,0.0400348868792388,0.6221855434025003,2.2520106950891354,34.998687577131406,0.5054967855291213,1,0,0,0,0,1,0,0,0,0,1,0,0,0,0,0,1,0,0,0,0,0,0,0,0,0
16.323039282824073,0.8788247392189017,8.080603504638306,0.8707558195367991,0.0,88767.96283441996,0.101403115821971,0.840615,1.118042,0.520284,176.381907,140.966848,0.077682,16.65616253349395,0.0011659866021194,0.5972223217212203,3.795075007631533,0.0011659866021194,0.5972223217212203,0.6325125012719222,0.0011659866021194,0.5972223217212203,0.02458337007187,12.591686150910457,0.9145592894050064,0,0,0,1,0,0,0,0,0,0,1,0,0,0,0,0,0,0,0,0,0,0,1,0,0,0
36.22801867412037,4.33388640011529,10.763185630313496,1.743333732481483,0.0,179879.61589478416,0.1259268258008168,0.955449,1.235926,1.461274,149.11531200000002,1.136459,0.0,36.96736599400038,0.0222091421294684,0.6154725473665892,8.422944150531732,0.0222091421294684,0.6154725473665892,1.4038240250886218,0.0222091421294684,0.6154725473665892,1.0392575765985206,28.800504959190427,0.0678004568505251,3,0,0,0,0,0,0,1,0,0,1,0,0,0,0,0,0,1,0,0,0,0,0,0,0,0
0.838938,0.4631741226291199,1.9339101358855084,0.186782341048443,0.0,164530.02776528776,0.138898693007245,0.756147,0.2992329999999999,0.09844,499.896296,180.489953,0.0,21.79308703599773,0.0308027382614888,0.601838002494455,4.9655135018729,0.0308027382614888,0.601838002494455,0.8275855836454833,0.0308027382614888,0.601838002494455,0.8497300707337759,16.602415151813513,0.4924014608041157,0,1,0,0,0,0,0,0,0,0,1,0,0,0,1,0,0,0,0,0,0,0,0,0,0,0
1.65336,7.209598001530416,7.074829504072524,1.283249270787342,0.0,170894.1021807554,0.1386067316615038,1.204533,0.385938,0.830434,563.15605,0.858826,0.0,42.94932209750567,0.0383044193320254,0.6208475143842718,9.785921490570912,0.0383044193320254,0.6208475143842718,1.630986915095152,0.0383044193320254,0.6208475143842718,2.0824668906950405,33.753139074336545,0.1416749731482346,3,0,0,1,0,0,0,0,0,0,0,1,0,0,1,0,0,0,0,0,0,0,0,0,0,0
215.7205056410185,3.342554393432123,7.534407913541908,1.027437237884215,0.0,133251.978895009,0.1183351307249755,3.169955,1.606234,2.748399,95.737173,0.0,0.0,220.1229649398148,0.0466404932183711,0.7800433476873717,50.15459960654008,0.0466404932183711,0.7800433476873717,8.359099934423345,0.0466404932183711,0.7800433476873717,12.995751460105302,217.3486765500292,0.6846607548213773,1,0,0,1,0,0,0,0,0,0,0,1,0,0,0,0,0,0,0,1,0,0,0,0,0,0
45.061296875138886,1.2054446336748503,8.121852275564802,1.1003784753149934,0.0,104712.67788893884,0.1169662139059113,1.436041,1.297712,0.209678,154.937538,58.857887,0.02804,45.98091517871315,0.0081333572239482,0.6235714917155291,10.47666421793464,0.0081333572239482,0.6235714917155291,1.7461107029891063,0.0081333572239482,0.6235714917155291,0.473391403332326,36.29416185877895,0.3342947177710252,0,0,0,0,0,0,1,0,0,0,1,0,0,0,0,0,0,0,0,0,1,0,0,0,0,0
3.143334,4.441514955150137,9.53796677509372,1.8504757852577192,0.0,181536.38678432253,0.1369291148025641,1.327331,0.364824,1.466403,611.958158,0.0,0.0,81.65436712273242,0.05202864307769,0.6556251584907887,18.60479250897701,0.05202864307769,0.6556251584907887,3.100798751496168,0.05202864307769,0.6556251584907887,5.3776783832447,67.7653890965905,0.6785575783935922,2,0,1,0,0,0,0,0,0,0,0,1,0,0,1,0,0,0,0,0,0,0,0,0,0,0
45.45606560972222,5.313336668826407,8.445548120448343,1.5166187350698512,0.0,217363.6364845624,0.1403395303344126,1.538034,1.313916,0.864907,133.534099,1.135879,0.141483,46.3837404180839,0.040832288622366,0.6239334422778609,10.568447183867216,0.040832288622366,0.6239334422778609,1.7614078639778694,0.040832288622366,0.6239334422778609,2.397410476121657,36.63337572756688,0.5737006590337397,2,0,0,1,0,0,0,0,0,0,0,1,0,0,1,0,0,0,0,0,0,0,0,0,0,0
47.58649808037037,1.714740460296329,9.221638693226328,1.301027706201128,0.0,118983.78319844123,0.1296589246613802,1.603637,1.470836,1.428006,119.060886,1.137095,0.0,48.557651102418745,0.0148972036749021,0.6258867662450562,11.063768605614396,0.0148972036749021,0.6258867662450562,1.843961434269066,0.0148972036749021,0.6258867662450562,0.9156623018323644,38.47036863917539,0.6187702928398421,1,0,0,0,0,0,0,1,0,0,0,1,0,0,0,0,0,0,0,1,0,0,0,0,0,0
62.35431605898148,2.6617064191568955,5.66590084217721,1.032774118210772,0.0,193224.13142610912,0.1275304029796192,1.742185,1.398207,2.597493,140.759473,1.137042,0.0,63.62685312140968,0.0288612368332247,0.6394268963351802,14.497257673232584,0.0288612368332247,0.6394268963351802,2.41620961220543,0.0288612368332247,0.6394268963351802,2.324493261885837,51.49964710759159,0.9667720426087352,3,0,0,0,1,0,0,0,0,0,0,0,1,0,0,0,0,1,0,0,0,0,0,0,0,0
13.051501907361114,0.4949230274422277,2.5776890952238363,0.4669670393641332,0.0,173731.82523980815,0.1347524808893958,0.753463,1.293784,0.255507,167.697265,0.372173,0.0,13.317859089143994,0.0368764497354954,0.5942227559273685,3.034448906387239,0.0368764497354954,0.5942227559273685,0.5057414843978731,0.0368764497354954,0.5942227559273685,0.6216650142851011,10.017436621523416,0.8502116709858172,1,0,0,1,0,0,0,0,0,0,1,0,0,0,0,0,0,0,0,0,0,0,0,1,0,0
31.9226031888426,0.3403921479301201,3.628578284661547,1.0182893915142086,0.0,166291.14950539568,0.1388954669594478,1.19954,1.20577,0.286019,142.021904,1.146253,0.281835,32.57408488657408,0.0352713229483014,0.6115250524931334,7.421943391877638,0.0352713229483014,0.6115250524931334,1.2369905653129394,0.0352713229483014,0.6115250524931334,1.4543431237718207,25.215024012883536,0.0957224285637347,0,0,0,0,0,0,1,0,0,0,0,1,0,0,1,0,0,0,0,0,0,0,0,0,0,0
29.199724855601847,1.1920462669514351,4.529109850775996,0.5389966708150127,0.0,157672.7443607614,0.1334842089429604,0.967021,1.317394,0.196665,152.417571,1.134623,0.00315,29.795637607756987,0.020508334171158,0.6090285342596978,6.788879454931972,0.020508334171158,0.6090285342596978,1.1314799091553285,0.020508334171158,0.6090285342596978,0.7734922694969666,22.97011835390553,0.2510393298821811,1,0,0,0,0,0,1,0,0,0,0,0,1,0,0,0,0,1,0,0,0,0,0,0,0,0
4.35141710412037,0.570455605606381,2.1983193030460275,0.372223561330379,0.0,177945.85538444246,0.1377199429402248,0.561395,0.978471,0.303892,203.264659,81.33130600000001,0.0,4.440221534816704,0.0246610762408379,0.5862459322556788,1.0116960459076034,0.0246610762408379,0.5862459322556788,0.1686160076512672,0.0246610762408379,0.5862459322556788,0.1386084073371207,3.295014953291594,0.369312018288932,0,0,0,0,1,0,0,0,0,0,1,0,0,0,1,0,0,0,0,0,0,0,0,0,0,0
25.08205809138889,1.5120051726162862,8.628786286004155,1.6841594589699944,0.0,171900.02477705336,0.1116778489371998,0.936245,1.336462,2.467491,157.757983,7.111497,0.000244,25.59393682794785,0.0325489156871149,0.605253180058016,5.831529910165333,0.0325489156871149,0.605253180058016,0.971921651694222,0.0325489156871149,0.605253180058016,1.0544998631825573,19.60862234850558,0.3552251262226078,3,0,0,0,1,0,0,0,0,0,0,1,0,0,1,0,0,0,0,0,0,0,0,0,0,0
22.10450339129629,32.276552408897906,8.164056135310258,3.329042575199255,0.0,213836.8083970324,0.1219292272248571,0.972486,1.3209540000000002,0.1503779999999999,138.925921,0.013478,0.1569839999999999,22.55561570540438,0.0313824493090534,0.602523157379777,5.13925421135796,0.0313824493090534,0.602523157379777,0.8565423685596599,0.0313824493090534,0.602523157379777,0.8960132487460044,17.202887077803965,0.8673242932163161,3,0,0,0,1,0,0,0,0,0,0,0,1,0,1,0,0,0,0,0,0,0,0,0,0,0
45.0167717886111,0.7082046521939248,3.227297681698696,0.2339451594604291,0.0,128589.74712417566,0.124978122066894,1.540803,1.44514,0.266898,117.632636,5.868156,3.1e-05,45.9354814169501,0.0081296263736455,0.6235306681175722,10.466312221583568,0.0081296263736455,0.6235306681175722,1.7443853702639278,0.0081296263736455,0.6235306681175722,0.4727067103966374,36.25592584583951,0.9190778439862676,1,0,0,1,0,0,0,0,0,0,0,0,0,1,0,0,0,0,0,0,1,0,0,0,0,0
73.43950969972222,1.1258592354022057,7.770437472729946,0.7350146794776551,0.0,49864.87605852818,0.0983025602397801,2.220923,1.490231,0.646442,101.152832,1.136853,0.0,74.93827520379818,0.0021227110914856,0.6495905484188688,17.074543717321106,0.0021227110914856,0.6495905484188688,2.845757286220184,0.0021227110914856,0.6495905484188688,0.2013573518378576,61.61923454075871,0.1862025919026726,1,0,0,0,0,0,1,0,0,0,0,0,1,0,0,0,0,0,0,0,0,0,1,0,0,0
57.44927570916666,0.4687153416500388,1.9826397218292569,0.2146339378446984,0.0,222807.6237260192,0.1388509570658921,1.148012,1.252907,0.259534,164.091554,94.064564,0.0,58.621709907312926,0.0459545550062289,0.6349296250030179,13.356845295337122,0.0459545550062289,0.6349296250030179,2.226140882556187,0.0459545550062289,0.6349296250030179,3.4100437879681147,47.1147598588429,0.6868146015156801,0,0,0,1,0,0,0,0,0,0,0,0,1,0,1,0,0,0,0,0,0,0,0,0,0,0
34.687155373796294,3.644551205120498,7.550243615532379,1.2451702140503935,0.0,184076.8560589029,0.1368345089739175,1.14976,1.255117,2.483237,154.43238799999995,0.370608,0.0,35.39505650387377,0.0363884061582961,0.6140597801204257,8.06469641860415,0.0363884061582961,0.6140597801204257,1.344116069767358,0.0363884061582961,0.6140597801204257,1.6303413823529138,27.51225394192249,0.2949130152719664,3,0,0,0,0,0,1,0,0,0,0,0,0,1,1,0,0,0,0,0,0,0,0,0,0,0
16.35369005708333,0.5670871260068971,1.4690689408093047,0.1461981125265288,0.0,173244.98707284173,0.1385880937750676,0.54523,1.044308,0.418205,198.455249,157.791908,0.0188979999999999,16.6874388337585,0.0291613904796364,0.597250424415297,3.80220125326143,0.0291613904796364,0.597250424415297,0.6337002088769049,0.0291613904796364,0.597250424415297,0.615985974602887,12.615923956793129,0.0474776306482307,0,0,0,0,0,0,0,1,0,0,0,0,1,0,0,1,0,0,0,0,0,0,0,0,0,0
48.75196576837962,0.5629687585847841,1.5398795134443746,0.1692210966698843,0.0,183962.2589553357,0.1383567373636815,1.0111139999999998,1.151513,0.53151,185.007473,130.75796699999998,0.025001,49.74690384528533,0.0422217749840798,0.6269553455121042,11.33473758500172,0.0422217749840798,0.6269553455121042,1.88912293083362,0.0422217749840798,0.6269553455121042,2.6587374434307525,39.4798573271877,0.9384047286011163,1,0,0,1,0,0,0,0,0,0,1,0,0,0,0,0,0,1,0,0,0,0,0,0,0,0
5.31387,18.926979816217216,7.863694799889763,1.4188298401500967,0.0,172966.07488384293,0.1373779088508882,1.326136,0.458895,1.486739,569.370826,5.113082,0.0,138.03836684948982,0.0720215568547223,0.706287873765272,31.45177978849135,0.0720215568547223,0.706287873765272,5.241963298081891,0.0720215568547223,0.706287873765272,12.58447859010576,123.41117040526174,0.3973091092169404,3,0,1,0,0,0,0,0,0,0,0,1,0,0,1,0,0,0,0,0,0,0,0,0,0,0
1.012822,4.833746996429041,8.514967122523904,1.6216964523712225,0.0,167791.0465752398,0.138563578541902,0.8813200000000001,0.353531,1.2328290000000002,537.538376,1.059507,0.000215,26.31007058682917,0.0324043923318223,0.6058966477243836,5.994699627378798,0.0324043923318223,0.6058966477243836,0.9991166045631328,0.0324043923318223,0.6058966477243836,1.0791922146500657,20.178713379685693,0.5463375118076665,3,1,0,0,0,0,0,0,0,0,0,0,1,0,1,0,0,0,0,0,0,0,0,0,0,0
1.589885,0.3493201015092771,2.142316525645679,0.2250855110353417,0.0,164527.35384817145,0.1389101156406551,0.770598,0.477758,0.425554,447.804603,114.897932,0.0,41.30043243031936,0.0377197479872529,0.6193659375516148,9.410225110705674,0.0377197479872529,0.6193659375516148,1.568370851784279,0.0377197479872529,0.6193659375516148,1.971951775995206,32.37984943479983,0.4288672781040636,0,0,0,1,0,0,0,0,0,0,1,0,0,0,1,0,0,0,0,0,0,0,0,0,0,0
41.927102462407404,8.971281692564345,8.332159096102634,1.457912119029523,0.0,175645.00590152878,0.1276798102495481,1.4092129999999998,1.4060629999999998,2.09477,128.574177,0.0,0.0,42.78275761470143,0.0393598251400043,0.6206978511995377,9.747970089425642,0.0393598251400043,0.6206978511995377,1.6246616815709405,0.0393598251400043,0.6206978511995377,2.1315466566099217,33.61413382257701,0.7822254632838022,1,0,0,1,0,0,0,0,0,0,1,0,0,0,1,0,0,0,0,0,0,0,0,0,0,0
52.00211888273149,2.6246766226468896,9.692962110757255,1.3025096803546237,0.0,149752.8240782374,0.1279870184044615,1.676911,1.495182,0.790981,103.597068,1.136248,0.0,53.06338661503213,0.0087210942167079,0.6299353047752048,12.090391886969346,0.0087210942167079,0.6299353047752048,2.015065314494891,0.0087210942167079,0.6299353047752048,0.585785815351008,42.31202610094277,0.0088629148887693,1,0,0,0,0,0,1,0,0,0,0,1,0,0,0,0,0,0,0,0,1,0,0,0,0,0
26.33621954810185,6.4953069315253975,6.1880680800056,1.1062056875343231,0.0,182185.53628971823,0.140131517655129,0.821366,1.243005,2.2798830000000003,171.15799099999998,1.136464,0.0,26.873693416430463,0.03304360391354,0.6064030797454653,6.123120018933523,0.03304360391354,0.6064030797454653,1.020520003155587,0.03304360391354,0.6064030797454653,1.124055292337263,20.628215761846665,0.5488599737731406,2,0,0,0,0,0,0,0,1,0,0,0,1,0,0,0,1,0,0,0,0,0,0,0,0,0
126.50877958425924,1.0103469950546748,4.611290536338477,1.3678752153897458,0.0,218159.7736061151,0.1272303648471689,1.827375,1.470304,0.715105,122.561619,0.013491,0.0,129.09059141250944,0.0790003091869598,0.6982480291018821,29.413046144622403,0.0790003091869598,0.6982480291018821,4.902174357437066,0.0790003091869598,0.6982480291018821,12.909109664197144,114.0977861131406,0.4218335041832749,2,0,0,0,0,0,1,0,0,0,1,0,0,0,1,0,0,0,0,0,0,0,0,0,0,0
51.20886462532408,2.4866439434264205,8.787299072713875,0.6864181158782767,0.0,75782.63299516636,0.1220662222920561,1.75773,1.430123,0.122068,88.055159,1.1358780000000002,0.019111,52.253943495228654,0.0,0.6292079958487677,11.90596180903944,0.0,0.6292079958487677,1.98432696817324,0.0,0.6292079958487677,0.0,41.61847982509819,0.2738957845388626,2,0,0,0,0,0,1,0,0,0,0,0,1,0,0,1,0,0,0,0,0,0,0,0,0,0
2.211896,1.3726805544299758,4.101646292409737,0.7244029721196035,0.0,165432.96693270383,0.1385984140798914,1.5464870000000002,0.460777,0.176255,565.795128,0.269783,0.0,57.45840818102796,0.0434491218798608,0.633884363502899,13.09178920580384,0.0434491218798608,0.633884363502899,2.181964867633973,0.0434491218798608,0.633884363502899,3.160148582380096,46.103780376861614,0.9502053582786248,1,0,0,1,0,0,0,0,0,0,0,1,0,0,1,0,0,0,0,0,0,0,0,0,0,0
59.959380644351846,9.328166753553944,5.898169483212258,0.8601821657422063,0.0,179979.26667416067,0.1354192079399987,1.432844,1.272589,1.59307,169.350558,1.134969,0.0,61.18304147382842,0.0,0.637231058255479,13.940439829479892,0.0,0.637231058255479,2.3234066382466483,0.0,0.637231058255479,0.0,49.35156236159056,0.1054563504868191,2,0,0,0,0,0,0,1,0,0,0,1,0,0,0,1,0,0,0,0,0,0,0,0,0,0
43.19804038111111,2.2856707086951897,10.735848793880544,1.866387900116918,0.0,194081.1543764988,0.138781056111808,1.462028,1.398534,1.092119,144.96658,1.136131,0.001121,44.07963304195011,0.039888304881484,0.6218631326771834,10.043460693102556,0.039888304881484,0.6218631326771834,1.6739101155170926,0.039888304881484,0.6218631326771834,2.2256479010648653,34.69809960851618,0.3274929948333724,2,0,0,1,0,0,0,0,0,0,0,1,0,0,0,0,0,1,0,0,0,0,0,0,0,0
1.83055,6.803101271462383,9.233524256187092,1.834588047411802,0.0,167683.94036645684,0.1387182551143552,0.974978,0.518185,1.2166290000000002,489.675251,1.077747,0.0,47.55218558909674,0.0399365251308476,0.6249833253173711,10.834675197515711,0.0399365251308476,0.6249833253173711,1.805779199585952,0.0399365251308476,0.6249833253173711,2.403884879500876,37.61939629820564,0.3063689742503018,3,0,0,1,0,0,0,0,0,0,0,1,0,0,1,0,0,0,0,0,0,0,0,0,0,0
19.387734846944443,0.4111333719546274,6.351607985919614,0.6964447858522265,0.0,74970.80447673112,0.1227619483155741,0.6446,1.162479,0.073641,159.21838799999998,1.134775,0.0620159999999999,19.78340290504535,0.0,0.6000322410122704,4.507610788491346,0.0,0.6000322410122704,0.7512684647485575,0.0,0.6000322410122704,0.0,15.026176683497496,0.846709671567928,0,0,0,0,0,1,0,0,0,0,0,0,1,0,0,1,0,0,0,0,0,0,0,0,0,0
57.18444181828704,0.3966229245316782,5.369813716668877,0.4650292122106758,0.0,170143.8662507494,0.1358060106563625,1.434421,1.37206,0.90028,142.049021,1.189945,0.0,58.35147124315004,0.0091678949843734,0.6346868074561076,13.295271928818996,0.0091678949843734,0.6346868074561076,2.215878654803165,0.0091678949843734,0.6346868074561076,0.677164760178338,46.879631637571855,0.5852587059870172,1,0,0,0,0,0,1,0,0,0,0,0,1,0,0,0,0,0,0,0,1,0,0,0,0,0
13.630760808935188,2.167333125496368,5.715138143200955,1.1361914444312775,0.0,157152.64548673562,0.1338510320340986,0.783013,1.206547,0.606436,160.981101,0.3705719999999999,0.0798649999999999,13.908939600954271,0.0281243864935389,0.5947538594996454,3.169125478698442,0.0281243864935389,0.5947538594996454,0.5281875797830736,0.0281243864935389,0.5947538594996454,0.495165054496871,10.47138672052533,0.7573339520243298,2,0,0,0,0,0,0,0,0,1,1,0,0,0,0,0,0,0,0,1,0,0,0,0,0,0
71.25867147074074,2.760919028906513,6.644881963158111,1.1828217141919857,0.0,155070.63758992805,0.1315566023155082,1.211531,1.309169,2.669767,148.606208,4.750962,0.0,72.71293007218442,0.0520785324414424,0.6475910090577598,16.567503054421767,0.0520785324414424,0.6475910090577598,2.761250509070294,0.0520785324414424,0.6475910090577598,4.793395807185557,59.60536678100283,0.4036484138559104,1,0,0,0,0,0,1,0,0,0,0,1,0,0,1,0,0,0,0,0,0,0,0,0,0,0
30.708944540972222,0.9881060019457084,3.861237353272289,1.00207757642515,0.0,237491.1198478717,0.1124683720745342,1.160515,1.388837,0.1854309999999999,141.61451599999998,0.01348,0.0,31.335657694869614,0.03478397790427,0.6104122885085712,7.1397701076918105,0.03478397790427,0.6104122885085712,1.1899616846153016,0.03478397790427,0.6104122885085712,1.3797200314862206,24.212241171451367,0.4364225119490538,3,0,0,1,0,0,0,0,0,0,1,0,0,0,1,0,0,0,0,0,0,0,0,0,0,0
32.503618654722224,2.031447739981348,7.575592322315243,0.9601814192261912,0.0,81983.67088672811,0.1156179538215521,1.111846,1.323409,1.967167,131.256867,1.135946,0.0,33.16695781094104,0.0,0.6120577666018648,7.557028361986567,0.0,0.6120577666018648,1.2595047269977608,0.0,0.6120577666018648,0.0,25.69632167435804,0.2414189587546198,0,0,0,0,0,0,1,0,0,0,0,1,0,0,0,1,0,0,0,0,0,0,0,0,0,0
41.32037496828704,1.5082197428035506,5.22763252830048,0.8368710621083669,0.0,208888.1130095923,0.1290961354434919,1.368711,1.458847,0.8876940000000001,120.858072,0.013489,0.014542,42.16364792682351,0.039108259155625,0.6201415625716887,9.606907122567382,0.039108259155625,0.6201415625716887,1.6011511870945634,0.039108259155625,0.6201415625716887,2.0872745190743647,33.09801330261124,0.8422555576283473,2,0,0,0,0,0,0,0,0,1,1,0,0,0,1,0,0,0,0,0,0,0,0,0,0,0
26.49308837782407,4.0036010639273005,6.962199336904988,1.266523001934413,0.0,188961.9022594425,0.1371943897587789,0.874265,1.242146,1.070628,156.042901,1.137054,0.0,27.03376365084089,0.0331056192588728,0.6065469076531901,6.159591717913113,0.0331056192588728,0.6065469076531901,1.0265986196521857,0.0331056192588728,0.6065469076531901,1.1328727677963228,20.75600727170222,0.6337979788013284,3,0,0,0,0,0,1,0,0,0,0,0,1,0,0,0,1,0,0,0,0,0,0,0,0,0
2.027831,0.8435798348854485,3.811477147703834,0.7841879609677431,0.0,170228.24314298562,0.1387625995407001,1.143579,0.508405,0.019745,504.90762300000006,0.010431,2e-06,52.676952858607336,0.0417536901181349,0.6295880824520445,12.002343689302936,0.0417536901181349,0.6295880824520445,2.0003906148838224,0.0417536901181349,0.6295880824520445,2.784122994969485,41.98073637932573,0.8984706134536206,1,0,0,0,1,0,0,0,0,0,1,0,0,0,1,0,0,0,0,0,0,0,0,0,0,0
25.89025587412037,3.386882406916264,9.92302661090732,1.7361980086322024,0.0,175710.665636241,0.1371792706725694,1.0528879999999998,1.289815,1.610105,142.412427,0.0,0.0,26.41862844297997,0.0328674705170879,0.6059941902148708,6.019434328780246,0.0328674705170879,0.6059941902148708,1.0032390547967076,0.0328674705170879,0.6059941902148708,1.0991310018373974,20.26523462011544,0.35264380418038,3,0,0,1,0,0,0,0,0,0,1,0,0,0,0,0,0,0,0,0,0,1,0,0,0,0
42.50758332175926,0.4820972995506488,2.1290586802313367,0.364064797580385,0.0,234442.2884536121,0.1269926221983181,1.442574,1.472596,0.20513,124.941541,8.272225,0.0004599999999999,43.37508502220333,0.039600945693584,0.6212300751450003,9.882930764552658,0.039600945693584,0.6212300751450003,1.6471551274254426,0.039600945693584,0.6212300751450003,2.1742966916694515,34.108743452866015,0.1303548674327599,1,0,0,0,1,0,0,0,0,0,0,0,1,0,1,0,0,0,0,0,0,0,0,0,0,0
42.410234018796295,4.219899552617427,6.276593377550157,1.2693888184835584,0.0,173115.78850044965,0.1398390214934909,1.455947,1.268088,1.373885,162.77858700000002,0.370002,0.0,43.27574899877173,0.0395604788365398,0.6211408187478663,9.86029724022647,0.0395604788365398,0.6211408187478663,1.6433828733710782,0.0395604788365398,0.6211408187478663,2.16710044607762,34.025739449397754,0.6968398497415513,2,0,0,0,0,0,0,0,1,0,1,0,0,0,0,0,0,0,0,1,0,0,0,0,0,0
176.86499771268518,6.44482016005962,11.9486192307598,2.802591259459512,0.0,227087.1167753297,0.1297112634713701,2.334629,1.563884,0.75438,111.755821,0.013491,0.0,180.47448746192364,0.1069107580386871,0.7444180012191622,41.12076929512184,0.1069107580386871,0.7444180012191622,6.853461549186973,0.1069107580386871,0.7444180012191622,24.423625647085807,170.06133826260498,0.1264371442825475,3,0,0,0,1,0,0,0,0,0,0,0,1,0,1,0,0,0,0,0,0,0,0,0,0,0
20.562087186296296,1.355151987690434,4.476069762838258,1.0536821369501612,0.0,220992.2662526229,0.1263873147860848,0.938965,1.234412,0.436952,146.863654,0.920369,0.098597,20.981721618669688,0.0307826252702329,0.6011089663260233,4.780645432101954,0.0307826252702329,0.6011089663260233,0.7967742386836589,0.0307826252702329,0.6011089663260233,0.8175600938124753,15.96493796701128,0.6983458459272992,3,0,0,0,1,0,0,0,0,0,1,0,0,0,1,0,0,0,0,0,0,0,0,0,0,0
12.90461239949074,0.9654433952747205,12.120854950637268,12.794289247595149,0.0,200618.8474033273,0.1304601573293729,0.728313,1.099015,0.289599,188.545861,153.413928,0.0,13.16797183621504,0.027849427875147,0.5940880777339943,3.0002973804034268,0.027849427875147,0.5940880777339943,0.500049563400571,0.027849427875147,0.5940880777339943,0.4642031416640999,9.902449463078948,0.2071921275844895,0,0,0,0,0,0,0,0,0,1,0,0,1,0,1,0,0,0,0,0,0,0,0,0,0,0
43.86726592407408,6.371616694567015,7.797684196087954,1.4381695188206731,0.0,189886.9534060252,0.1319010859306195,1.284592,1.356511,1.721377,141.186917,4.749803,0.0,44.76251624905518,0.0401674049883867,0.6224767237252635,10.199054335227762,0.0401674049883867,0.6224767237252635,1.6998423892046268,0.0401674049883867,0.6224767237252635,2.2759419221203068,35.270410709380684,0.0746006395959413,2,0,0,0,1,0,0,0,0,0,0,0,1,0,1,0,0,0,0,0,0,0,0,0,0,0
236.2110573824074,40.41216498098785,8.604165070348506,3.544482746284357,0.0,259752.3891168316,0.1474261314516587,2.448491,1.500583,3.479764,125.275106,0.0,0.0,241.03169120653817,0.2821099649871437,0.7988304654998107,54.91861318629984,0.2821099649871437,0.7988304654998107,9.153102197716638,0.2821099649871437,0.7988304654998107,86.07271135071964,243.7258963123108,0.0592307078118317,2,0,0,0,0,0,1,0,0,0,0,1,0,0,0,0,0,0,0,0,0,0,0,1,0,0
31.057049762916662,1.0403678353598935,9.484400204903215,1.7568929082483982,0.0,163997.77755920263,0.1248361864875403,1.182461,1.0558459999999998,0.291215,171.802074,69.33160699999999,0.102801,31.69086710501701,0.0279388548392736,0.6107314548198709,7.220703897345647,0.0279388548392736,0.6107314548198709,1.2034506495576076,0.0279388548392736,0.6107314548198709,1.1207677668073204,24.49950553360788,0.972628485336928,1,0,0,0,0,0,1,0,0,0,1,0,0,0,0,0,1,0,0,0,0,0,0,0,0,0
29.33948627643517,0.4284743411149338,6.937659371099312,1.0378467290521525,0.0,62808.91583295864,0.0935903382476428,1.163787,1.245051,1.320542,143.128771,0.0,0.481827,29.93825130248488,0.0013694526157167,0.6091566769428217,6.821373714490225,0.0013694526157167,0.6091566769428217,1.136895619081704,0.0013694526157167,0.6091566769428217,0.0518974893116113,23.084918578355428,0.3571311532040986,3,0,0,0,1,0,0,0,0,0,0,1,0,0,0,0,0,0,0,0,0,0,1,0,0,0
27.08866550722222,0.2646664619731674,2.586606632033698,0.2052326198640487,0.0,137476.41590789868,0.1302158235788917,0.800427,1.279954,0.283352,169.94128999999998,107.153185,0.001517,27.64149541553288,0.0133365418070468,0.6070929728757187,6.298062246577112,0.0133365418070468,0.6070929728757187,1.049677041096185,0.0133365418070468,0.6070929728757187,0.466635391415884,21.241718514615705,0.1314328024925264,0,0,0,0,0,0,1,0,0,0,0,0,0,1,0,0,0,0,1,0,0,0,0,0,0,0
95.17368351199076,0.426610122839038,3.189493125577053,0.6173992038702222,0.0,176875.2558078537,0.1374285577191151,1.394243,1.270338,0.396271,164.656038,91.728043,0.0,97.11600358366402,0.0632562715502109,0.6695179027000296,22.127697019062687,0.0632562715502109,0.6695179027000296,3.6879495031771135,0.0632562715502109,0.6695179027000296,7.776197841214568,82.30494055435861,0.2777878259223174,0,0,0,1,0,0,0,0,0,0,0,0,1,0,1,0,0,0,0,0,0,0,0,0,0,0
4.539,3.026732082275464,12.635446112790554,2.5651202007449214,0.0,170106.78417266186,0.1387290443412119,1.259595,0.40562,1.314853,524.679793,1.043076,0.0,117.90957383786846,0.0648841912001517,0.6882015493805399,26.865472520020663,0.0648841912001517,0.6882015493805399,4.477578753336776,0.0648841912001517,0.6882015493805399,9.68413586484135,102.71588785065852,0.5893842150356111,1,0,0,1,0,0,0,0,0,0,1,0,0,0,1,0,0,0,0,0,0,0,0,0,0,0
1.7596889999999998,4.211703655531081,8.63399223686694,1.6802149423592383,0.0,167770.4537245204,0.1387568926103681,1.322978,0.482545,1.136624,470.286124,4.938893,0.0,45.711429847363945,0.0392838209770559,0.6233293510607519,10.415262496867737,0.0392838209770559,0.6233293510607519,1.7358770828112888,0.0392838209770559,0.6233293510607519,2.273062818644428,36.06743785166639,0.1171572530979814,2,0,0,1,0,0,0,0,0,0,0,0,1,0,1,0,0,0,0,0,0,0,0,0,0,0
68.74958483370371,0.5288040482168861,7.6357238870158755,1.983523850246585,0.0,205052.0215265288,0.1358056107370687,2.07923,1.548539,0.970623,95.449163,1.136556,0.0,70.15263758541195,0.0509478560415002,0.6452905094496202,15.984145272625508,0.0509478560415002,0.6452905094496202,2.664024212104251,0.0509478560415002,0.6452905094496202,4.524210734978617,57.30231803382918,0.6366711036732315,1,0,0,0,0,0,0,1,0,0,1,0,0,0,0,0,0,0,0,0,1,0,0,0,0,0
6.899326358055554,0.3788176278056207,3.154290628376053,0.3661955540700496,0.0,99419.22659997002,0.1120441862665635,0.623645,1.1843290000000002,0.461563,170.736596,1.137043,0.170349,7.040128936791382,0.0051202295405121,0.5885820270535751,1.604080010914492,0.0051202295405121,0.5885820270535751,0.2673466684857487,0.0051202295405121,0.5885820270535751,0.0456292103179416,5.245181468778737,0.6417077978539181,3,0,0,0,0,0,0,0,0,1,1,0,0,0,0,0,0,0,0,0,0,1,0,0,0,0
38.32077411328704,8.257029302686238,7.683439832225406,1.6314053726282052,0.0,152068.2029563849,0.1347762673056954,1.342277,1.355161,1.448389,141.374877,0.0,0.023197,39.10283072784392,0.0378714036427773,0.6173913264938896,8.909505735458108,0.0378714036427773,0.6173913264938896,1.484917622576351,0.0378714036427773,0.6173913264938896,1.8745304886954115,30.55917535788555,0.2863836166328396,3,0,0,0,0,0,0,0,0,1,1,0,0,0,0,0,1,0,0,0,0,0,0,0,0,0
11.571991070462962,0.5203116200238966,8.448052279383159,7.777890531136263,0.0,184870.8432909922,0.1298189591303717,0.738113,1.049381,0.004919,175.565087,125.758372,0.198863,11.808154153533636,0.0273465664996269,0.5928662407515746,2.6904655033367777,0.0273465664996269,0.5928662407515746,0.4484109172227962,0.0273465664996269,0.5928662407515746,0.4087499655663973,8.86158982686149,0.0484507567595524,0,0,0,0,0,0,1,0,0,0,1,0,0,0,1,0,0,0,0,0,0,0,0,0,0,0
32.77054005680555,4.432212873471441,4.797553564433,0.6373622157662321,0.0,135981.13663444246,0.1346921351441233,1.095122,1.302868,0.8390299999999999,153.987576,1.136718,0.0,33.439326588577096,0.0127138128541101,0.6123024981196341,7.619087070815034,0.0127138128541101,0.6123024981196341,1.2698478451358388,0.0127138128541101,0.6123024981196341,0.5381535952084031,25.917700260283617,0.3990966382819814,2,0,0,0,0,0,1,0,0,0,0,0,0,1,0,0,0,0,0,1,0,0,0,0,0,0
1.143486,0.3706554129398126,3.7764760230084975,0.9495567465357356,0.0,167233.70557928656,0.1388403181906798,0.826657,0.31249,0.551146,538.734842,28.944957,0.000515,29.704328475340134,0.033607944857909,0.6089464902649473,6.768074842482562,0.033607944857909,0.6089464902649473,1.1280124737470936,0.033607944857909,0.6089464902649473,1.2636727005575306,22.89664122877912,0.7247373447571642,0,0,0,1,0,0,0,0,0,0,0,1,0,0,1,0,0,0,0,0,0,0,0,0,0,0
16.192213428240738,4.303717759158686,7.973844447010141,1.4411251520653137,0.0,171033.68557966128,0.1258562005413093,0.851692,1.188543,1.218941,168.19801,1.134771,0.0,16.52266676351096,0.0290996311381477,0.5971023717670175,3.764658249913889,0.0290996311381477,0.5971023717670175,0.6274430416523148,0.0290996311381477,0.5971023717670175,0.6086120357426604,12.488257610643624,0.1414591304310941,1,0,0,0,0,0,0,0,0,1,0,0,1,0,1,0,0,0,0,0,0,0,0,0,0,0
41.71578013921297,1.1177685117835907,10.663179014512387,2.5682881072842534,0.0,193756.4506145084,0.13769928937693,1.4152790000000002,1.389082,0.987767,122.791301,0.370098,0.0,42.56712259103364,0.0392721520622105,0.6205040966617215,9.698838058716523,0.0392721520622105,0.6205040966617215,1.616473009786087,0.0392721520622105,0.6205040966617215,2.116079128159278,33.43427082384568,0.9331885909179476,1,0,0,1,0,0,0,0,0,0,0,0,0,1,0,0,0,0,1,0,0,0,0,0,0,0
33.98318040652778,1.4714361892329704,8.495208580145162,1.562496032074487,0.0,183152.8632906175,0.139384189937755,1.165099,1.119065,1.543635,132.73515700000002,0.3703869999999999,1.201753,34.676714700538554,0.0361030281368739,0.6134143284598749,7.901023602654353,0.0361030281368739,0.6134143284598749,1.316837267109059,0.0361030281368739,0.6134143284598749,1.5847270968707512,26.92556159648801,0.2944893371401638,1,0,0,0,0,0,0,0,1,0,1,0,0,0,0,0,0,0,1,0,0,0,0,0,0,0
29.163371611712964,0.5494348830956635,4.496075908057124,0.9666081233490572,0.0,125639.91164568346,0.1096520045821329,1.14764,1.170826,0.345234,135.040557,1.136742,0.103819,29.7585424609316,0.020499634634788,0.6089952031574208,6.780427396161629,0.020499634634788,0.6089952031574208,1.1300712326936049,0.020499634634788,0.6089952031574208,0.7722015793834479,22.94026533121996,0.9085664839697856,3,0,0,0,1,0,0,0,0,0,0,0,1,0,0,0,0,1,0,0,0,0,0,0,0,0
1.09944,4.901110811485089,7.182515745826191,1.5506280774978711,0.0,166816.30465002998,0.1385896340798702,0.980253,0.273577,0.57117,562.913091,1.113408,0.013368,28.56014581632653,0.0332022349870646,0.6079184078203439,6.507374996125032,0.0332022349870646,0.6079184078203439,1.0845624993541718,0.0332022349870646,0.6079184078203439,1.2003299653905124,21.97751692630137,0.8257172638522864,3,0,1,0,0,0,0,0,0,0,1,0,0,0,1,0,0,0,0,0,0,0,0,0,0,0
65.98276693537036,0.6634089006937379,6.672453650467688,0.6613426813118749,0.0,172875.762496253,0.1341898294089795,1.945244,1.484134,1.431594,106.816797,1.137141,0.0,67.32935401568405,0.0099420594238883,0.6427537044637126,15.34086547192801,0.0099420594238883,0.6427537044637126,2.5568109119880016,0.0099420594238883,0.6427537044637126,0.8473322007543584,54.77998950978439,0.6791834500566305,1,0,0,0,0,0,0,1,0,0,0,1,0,0,0,0,0,0,0,0,1,0,0,0,0,0
34.53894207833333,23.082636001727565,5.346400899566906,1.3291243292587838,0.0,159115.5071942446,0.128908285634409,1.252002,1.284373,1.393818,154.779097,1.136451,0.0,35.243818447278905,0.0363282710653808,0.6139238881894334,8.030237114569877,0.0363282710653808,0.6139238881894334,1.3383728524283127,0.0363282710653808,0.6139238881894334,1.6206923923187582,27.38863551366575,0.2016112930390935,3,0,0,1,0,0,0,0,0,0,1,0,0,0,0,1,0,0,0,0,0,0,0,0,0,0
105.40075730328704,0.963648627559058,8.735637113630629,3.130884384937424,0.0,176950.25513339328,0.1309004867677208,2.862072,1.508726,0.4348869999999999,103.751354,2.404152,0.0,107.55179316661943,0.0682578381472287,0.6788947727140026,24.50547186074873,0.0682578381472287,0.6788947727140026,4.084245310124788,0.0682578381472287,0.6788947727140026,9.292725177735864,92.42575971751332,0.7591592601432625,1,0,0,1,0,0,0,0,0,0,1,0,0,0,0,0,1,0,0,0,0,0,0,0,0,0
23.07957478305556,0.2145129044671996,3.383224618806542,0.1394447503472975,0.0,65578.16524280576,0.1033386247103019,0.99289,1.245706,0.1004169999999999,133.02271100000002,1.135259,0.0,23.550586513322,0.0012705279204512,0.6034171684998152,5.365956420756911,0.0012705279204512,0.6034171684998152,0.8943260701261517,0.0012705279204512,0.6034171684998152,0.0378755414027571,17.988390165036325,0.9745494392063742,2,0,0,0,0,0,1,0,0,0,0,0,0,1,0,0,0,0,0,0,0,0,1,0,0,0
106.715151095463,3.071596512977454,13.443067108126852,13.311522221679596,0.0,275513.85067258694,0.1447225272101606,2.0144740000000003,1.464289,0.320184,121.52886399999998,68.269891,0.00134,108.893011321901,0.1350641239216431,0.6800998974630676,24.81106587081289,0.1350641239216431,0.6800998974630676,4.135177645135481,0.1350641239216431,0.6800998974630676,18.61713819668624,93.74446308160702,0.2939567056452605,0,0,0,0,0,0,0,0,0,1,1,0,0,0,0,0,0,0,0,0,0,0,0,1,0,0
199.35854191148147,3.54117009022253,6.945749772824258,1.3493056293014145,0.0,182079.0352780276,0.1378115430134806,3.072298,1.519324,0.8947700000000001,122.886183,1.135854,0.0,203.4270835831444,0.0963339827749056,0.7650415974119626,46.35047474046327,0.0963339827749056,0.7650415974119626,7.725079123410544,0.0963339827749056,0.7650415974119626,24.806254640313824,197.00022909026023,0.3357493502384662,2,0,0,0,0,0,1,0,0,0,1,0,0,0,0,0,1,0,0,0,0,0,0,0,0,0
37.258536400046296,1.77638334679089,7.255722370650843,0.7084466808562656,0.0,83133.67994042266,0.1227304132865201,1.249886,1.328114,0.721612,129.488437,1.13585,0.0,38.01891469392479,0.0,0.6164173954199322,8.662537525198054,0.0,0.6164173954199322,1.4437562541996751,0.0,0.6164173954199322,0.0,29.665215661166723,0.680251342312013,2,0,0,1,0,0,0,0,0,0,0,1,0,0,0,1,0,0,0,0,0,0,0,0,0,0
63.97437749777776,9.401718521861437,8.938308598040392,1.8382535908433744,0.0,209403.63151978416,0.1218801760684243,1.62558,1.438143,2.09546,136.106267,1.134455,0.0,65.27997703854874,0.0488180561543624,0.6409122777684472,14.873918818909836,0.0488180561543624,0.6409122777684472,2.478986469818306,0.0488180561543624,0.6409122777684472,4.033976689649829,52.960428830947095,0.4655325931416066,1,0,0,1,0,0,0,0,0,0,1,0,0,0,1,0,0,0,0,0,0,0,0,0,0,0
1.577541,2.254648369850872,12.484521541092322,2.5281590757896004,0.0,174757.66072766786,0.1386757995977962,1.15659,0.324602,1.042109,559.0950280000001,1.0704360000000002,0.0,40.97977242162698,0.0376060467965499,0.6190778149140045,9.337163336573235,0.0376060467965499,0.6190778149140045,1.5561938894288725,0.0376060467965499,0.6190778149140045,1.9507433410122403,32.11350375500508,0.252879598718399,1,1,0,0,0,0,0,0,0,0,1,0,0,0,1,0,0,0,0,0,0,0,0,0,0,0
22.36971914398148,9.234259552235226,8.73198148901228,1.4241050461785112,0.0,180221.1637065348,0.1351748750471382,0.922203,1.358639,1.376322,139.26959499999998,0.013489,0.0,22.8262440244709,0.0314858921026303,0.6027663250433078,5.200916360006027,0.0314858921026303,0.6027663250433078,0.8668193933343378,0.0314858921026303,0.6027663250433078,0.9097527296997489,17.41631800654695,0.870663990110571,2,0,0,1,0,0,0,0,0,0,0,0,1,0,1,0,0,0,0,0,0,0,0,0,0,0
25.800772924351858,0.4152659089516679,1.971308285097996,0.2665507035861484,0.0,224423.10091614208,0.1185180099962426,1.050016,1.407332,0.3512659999999999,140.337831,0.84172,0.040343,26.32731931056312,0.0328321596102104,0.6059121462201202,5.9986297163308375,0.0328321596102104,0.6059121462201202,0.9997716193884728,0.0328321596102104,0.6059121462201202,1.094155379384031,20.19245892112116,0.3041887919823933,2,0,0,1,0,0,0,0,0,0,1,0,0,0,1,0,0,0,0,0,0,0,0,0,0,0
40.46210237412037,1.4260406564179655,8.956361298366701,1.0281625963229355,0.0,111886.70369641788,0.1147139919408076,1.219081,1.017261,0.278541,191.732436,115.556237,0.086013,41.28785956542895,0.0,0.6193546404553248,9.407360407312924,0.0,0.6193546404553248,1.5678934012188208,0.0,0.6193546404553248,0.0,32.369401792805306,0.6554835017951081,0,0,0,1,0,0,0,0,0,0,0,0,1,0,0,1,0,0,0,0,0,0,0,0,0,0
4.540624,1.5322351016872506,4.735615658817245,0.8776842192065516,0.0,169943.07430305754,0.1376249333151238,1.3614389999999998,0.461472,0.142299,622.206277,0.716309,0.0,117.9517604754346,0.0648991499439707,0.6882394553399922,26.8750846652889,0.0648991499439707,0.6882394553399922,4.479180777548149,0.0648991499439707,0.6882394553399922,9.689834163608293,102.75829795697004,0.1312422993748042,1,0,1,0,0,0,0,0,0,0,0,1,0,0,1,0,0,0,0,0,0,0,0,0,0,0
0.796488,0.4292737620768787,2.379503764122796,0.2677498004026264,0.0,164575.23647332133,0.1389537652154906,0.6894060000000001,0.325011,0.2232829999999999,632.71614,139.581639,0.0,20.69036365873016,0.0304117292250871,0.6008471724582788,4.714260074141049,0.0304117292250871,0.6008471724582788,0.7857100123568413,0.0304117292250871,0.6008471724582788,0.7964933381745392,15.736387976558916,0.380030487906859,0,0,0,1,0,0,0,0,0,0,0,1,0,0,1,0,0,0,0,0,0,0,0,0,0,0
88.38237313,0.377570427078709,4.367612045445888,1.1475490923408125,0.0,187175.15962230216,0.1349494981822921,1.405327,1.410728,0.400854,129.284535,11.757241,0.0,90.18609503061224,0.0600082844535172,0.663291171967856,20.54873051330405,0.0600082844535172,0.663291171967856,3.424788418884009,0.0600082844535172,0.663291171967856,6.850522587783436,75.72106413678385,0.5191497090863418,0,0,0,1,0,0,0,0,0,0,0,1,0,0,0,0,0,0,0,0,0,0,0,0,1,0
80.1775121736574,4.326776329561961,8.381263349839537,1.6167804623107545,0.0,170707.71435663968,0.1116993586651141,1.42174,1.434706,2.60135,132.128206,7.112952000000001,0.0,81.81378793230347,0.056162306711021,0.6557684028708126,18.64111623774003,0.056162306711021,0.6557684028708126,3.1068527062900047,0.056162306711021,0.6557684028708126,5.816267153220835,67.91252790528861,0.7105671768444228,2,0,0,0,1,0,0,0,0,0,0,1,0,0,1,0,0,0,0,0,0,0,0,0,0,0
45.799002968564814,3.598041032286857,15.278425111473322,3.5810073116700427,0.0,252947.35161870503,0.1419089069272831,1.534793,1.374515,0.289548,111.383679,1.134493,0.0,46.73367649853552,0.0737571993497541,0.6242478703442291,10.648179455362524,0.0737571993497541,0.6242478703442291,1.7746965758937538,0.0737571993497541,0.6242478703442291,4.363221637784058,36.92835193362905,0.0923163060289585,2,0,0,0,0,0,1,0,0,0,1,0,0,0,0,0,0,0,0,0,0,0,0,1,0,0
104.1605465312037,0.3483376403828319,1.1073681197935443,0.1109879628020367,0.0,167222.98540542566,0.1307750870998529,1.613156,1.174795,0.317676,183.476682,105.712326,0.0,106.28627197061604,0.0405865446747107,0.6777576639537576,24.2171252591277,0.0405865446747107,0.6777576639537576,4.03618754318795,0.0405865446747107,0.6777576639537576,5.46049686790363,91.18523468501073,0.9302957446445598,0,0,0,0,0,0,0,0,1,0,0,0,1,0,0,0,0,1,0,0,0,0,0,0,0,0
31.008655143425926,0.5754842949714021,4.19432827723112,0.4900255807155041,0.0,129609.31597534473,0.1186793178534336,1.190245,1.202906,1.685656,147.152664,0.0,0.344997,31.641484840230536,0.0124607826365102,0.6106870833734923,7.209452242077844,0.0124607826365102,0.6106870833734923,1.2015753736796404,0.0124607826365102,0.6106870833734923,0.4990856517601841,24.459552013527794,0.91188662008642,2,0,0,0,1,0,0,0,0,0,1,0,0,0,0,0,0,0,0,1,0,0,0,0,0,0
46.47902247189814,0.3211981018187759,2.180086481485436,0.4026949243079558,0.0,175649.3283966577,0.1232243549141237,1.5325959999999998,1.449886,0.306455,145.00468899999998,7.119897999999999,0.001851,47.42757395091647,0.0412620721222383,0.6248713580221169,10.806282672360714,0.0412620721222383,0.6248713580221169,1.8010471120601188,0.0412620721222383,0.6248713580221169,2.477164527779124,37.51409182582728,0.1450798883914783,1,0,0,0,1,0,0,0,0,0,1,0,0,0,1,0,0,0,0,0,0,0,0,0,0,0
42.55103919523148,5.256738607546122,5.222258255636092,0.7956512210895118,0.0,209882.1370653477,0.1312391663180123,1.129935,1.315143,1.474542,163.489381,1.13466,0.0,43.4194277502362,0.0316952108994757,0.6212699184164197,9.893034170939892,0.0316952108994757,0.6212699184164197,1.648839028489982,0.0316952108994757,0.6212699184164197,1.742010024909223,34.14580295705933,0.1993036271767384,2,0,0,1,0,0,0,0,0,0,1,0,0,0,0,0,1,0,0,0,0,0,0,0,0,0
23.358537560740743,1.0138674388757998,4.244787206180948,1.92544117455574,0.0,273946.48320406175,0.1457116658167301,1.00044,1.300781,1.273767,146.141545,1.135572,0.0,23.835242408919125,0.0624698062189767,0.6036729403616861,5.430814726082838,0.0624698062189767,0.6036729403616861,0.905135787680473,0.0624698062189767,0.6036729403616861,1.8847885752753344,18.2135327458554,0.0269054982598279,3,0,0,0,0,0,1,0,0,0,1,0,0,0,0,0,0,0,0,0,0,0,0,0,0,1
21.29579645949073,3.260727617094557,6.967620075463677,1.1111810713363208,0.0,120000.31350232314,0.1331850900906596,0.721712,0.89643,0.040956,166.783949,1.136766,1.23734,21.730404550500754,0.0110911253951183,0.6017816804007614,4.951231416569792,0.0110911253951183,0.6017816804007614,0.8252052360949652,0.0110911253951183,0.6017816804007614,0.3050818250079165,16.553113121757843,0.0381765264925494,3,0,0,0,0,0,1,0,0,0,0,1,0,0,0,0,0,0,0,1,0,0,0,0,0,0
44.80224182625,7.765510543358983,7.627864478017501,2.024199638435309,0.0,243613.6084569844,0.132751686672727,1.473853,1.428445,4.395887999999999,122.659174,0.0,0.0,45.71657329209184,0.0730049175821842,0.6233339726001432,10.41643442098295,0.0730049175821842,0.6233339726001432,1.7360724034971582,0.0730049175821842,0.6233339726001432,4.224727424467151,36.07176359977875,0.9764647378567368,2,0,0,0,1,0,0,0,0,0,0,1,0,0,0,0,0,0,0,0,0,0,0,0,0,1
10.960197543055555,58.757084111229695,6.176247046148177,1.415461849537399,0.0,168646.86003072542,0.1384582532395561,0.637355,1.186416,1.764339,173.630661,4.759586,0.0,11.183875043934242,0.0271164623051392,0.5923053072432262,2.548224693554637,0.0271164623051392,0.5923053072432262,0.4247041155924395,0.0271164623051392,0.5923053072432262,0.3838824380433291,8.385150055781418,0.1578990524735843,2,0,0,0,0,0,0,0,0,1,1,0,0,0,1,0,0,0,0,0,0,0,0,0,0,0
1.2091610000000002,4.551702365029058,8.316791667069177,1.6342030935150256,0.0,170982.56472946642,0.1387823663955684,0.906401,0.404228,1.963592,580.469836,1.404502,0.0,31.41036752839191,0.0342128805108107,0.610479417535286,7.156792601405751,0.0342128805108107,0.610479417535286,1.1927987669009583,0.0342128805108107,0.610479417535286,1.3603027228474964,24.272636548483483,0.7507526745708801,3,0,0,0,1,0,0,0,0,0,0,0,1,0,1,0,0,0,0,0,0,0,0,0,0,0
27.72319254078704,0.524242344377138,2.247703401447772,0.1283959035071537,0.0,199979.2476393885,0.1354648337054023,0.876009,1.241532,0.513299,159.012466,124.558819,0.010775,28.288971980394937,0.0067186003291368,0.6076747499935442,6.445588552495049,0.0067186003291368,0.6076747499935442,1.0742647587491747,0.0067186003291368,0.6076747499935442,0.2405851853904097,21.76011895665933,0.4488244974418939,0,0,0,1,0,0,0,0,0,0,0,0,0,1,0,0,0,0,0,0,1,0,0,0,0,0
57.95918850685185,3.134038252939137,7.303939291041532,1.4329685707458204,0.0,210165.4115988459,0.1314210639618855,1.839297,1.430573,1.685819,147.458578,1.134683,0.0,59.14202908862434,0.0610220881526962,0.6353971473970016,13.475399032851117,0.0610220881526962,0.6353971473970016,2.2458998388085187,0.0610220881526962,0.6353971473970016,4.568316598196655,47.56794503061062,0.9427157536988012,2,0,0,0,1,0,0,0,0,0,0,0,1,0,0,0,0,0,0,0,0,0,0,0,0,1
35.45373021972222,3.809538243771743,10.195483609069166,1.8545118772583329,0.0,178514.4707921163,0.1383573882621255,1.098665,1.291288,2.417493,133.905258,0.371197,0.0,36.17727573441043,0.0366998760472757,0.6147626275656398,8.242923585055541,0.0366998760472757,0.6147626275656398,1.3738205975092566,0.0366998760472757,0.6147626275656398,1.6806348546594678,28.15245201095293,0.2036113730076746,3,0,0,1,0,0,0,0,0,0,0,1,0,0,0,0,0,0,1,0,0,0,0,0,0,0
87.0819300224537,3.1792234922770404,11.307210448834535,1.875709165772088,0.0,169213.4376686151,0.138952026085602,1.406898,1.377666,2.178378,146.38505,0.372407,0.0,88.8591122678099,0.0593930142844839,0.6620988381459952,20.246380010387067,0.0593930142844839,0.6620988381459952,3.374396668397844,0.0593930142844839,0.6620988381459952,6.680519650922279,74.472803786331,0.296472349578276,2,0,0,0,0,0,0,0,1,0,1,0,0,0,0,0,0,0,1,0,0,0,0,0,0,0
23.30133466226852,1.842240528808795,8.362680157311528,1.4882109336001124,0.0,175827.92245578536,0.1390181199180708,0.774112,1.068817,0.1305609999999999,151.84556899999998,0.370866,0.373319,23.77687210435563,0.0318499598082879,0.6036204928919267,5.417515163017738,0.0318499598082879,0.6036204928919267,0.9029191938362896,0.0318499598082879,0.6036204928919267,0.9585980011272516,18.16735096083474,0.7547696518147641,2,0,0,0,0,0,0,0,1,0,1,0,0,0,1,0,0,0,0,0,0,0,0,0,0,0
48.08454770462964,5.589561898931325,6.521072365397172,0.7568771466791487,0.0,176285.71272669366,0.1236446163208364,1.489424,1.361544,1.847604,115.795822,1.136464,0.0,49.06586500472412,0.0083878583836768,0.6263434116826947,11.179564178291573,0.0083878583836768,0.6263434116826947,1.8632606963819285,0.0083878583836768,0.6263434116826947,0.5209588951040895,38.90136871420436,0.922567702174725,3,0,0,0,1,0,0,0,0,0,0,0,1,0,0,0,0,0,0,0,1,0,0,0,0,0
51.76768119157407,0.3762162129084269,7.334778563867656,0.7074330992264142,0.0,113336.38304668764,0.1191143122383301,1.403566,1.335848,0.941376,156.136492,1.137157,0.0,52.82416448119803,0.008701042969824,0.6297203565112909,12.035885577994488,0.008701042969824,0.6297203565112909,2.005980929665748,0.008701042969824,0.6297203565112909,0.5818042088556422,42.106900872798846,0.5348396649048355,1,0,0,0,0,0,0,1,0,0,0,0,0,1,0,0,0,0,0,0,1,0,0,0,0,0
29.60933528569444,1.092045563873913,7.461351896075608,0.8169050035145071,0.0,96832.31780669214,0.1150215342194199,1.181865,1.0745049999999998,0.166597,183.440113,74.732199,0.050115,30.213607434382084,0.0,0.6094040926880153,6.884113086314905,0.0,0.6094040926880153,1.147352181052484,0.0,0.6094040926880153,0.0,23.30670382959682,0.1225374778319241,0,0,0,1,0,0,0,0,0,0,0,1,0,0,0,1,0,0,0,0,0,0,0,0,0,0
42.57153244546296,3.365980958481201,10.696100380209138,1.650233379513811,0.0,186879.42483513188,0.1390023846849263,1.309269,1.441252,2.201467,129.696742,1.136207,0.0,43.44033923006424,0.0317020280539219,0.6212887080083895,9.89779881191337,0.0317020280539219,0.6212887080083895,1.6496331353188949,0.0317020280539219,0.6212887080083895,1.7432238644852966,34.1632813110035,0.9936850165042432,2,0,0,0,0,0,1,0,0,0,0,1,0,0,0,0,1,0,0,0,0,0,0,0,0,0
40.70657030203704,0.4062529363506418,3.537302371981047,0.6761965340347313,0.0,168486.99664643285,0.1385773959741603,1.288014,1.200901,0.2681989999999999,156.799262,101.894817,0.006139,41.53731663473168,0.038854233999657,0.6195787851158054,9.464198726900888,0.038854233999657,0.6195787851158054,1.5773664544834811,0.038854233999657,0.6195787851158054,2.042912177523684,32.57675971837669,0.4453501452675017,0,0,0,0,0,0,0,1,0,0,0,1,0,0,0,1,0,0,0,0,0,0,0,0,0,0
0.962148,1.1532731090518211,4.905469186586156,0.9246951751500296,0.0,164958.43929856116,0.1384459217603829,0.8596739999999999,0.281925,0.1158589999999999,561.301692,1.204458,0.052359,24.9937124143991,0.0319376316272142,0.60471386041571,5.694769917204858,0.0319376316272142,0.60471386041571,0.9491283195341428,0.0319376316272142,0.60471386041571,1.0104303545412776,19.131701671178902,0.6713295769012895,2,1,0,0,0,0,0,0,0,0,1,0,0,0,1,0,0,0,0,0,0,0,0,0,0,0
52.14511340018519,3.503721155604232,10.219702043693417,2.254559232962789,0.0,202778.768697542,0.1279768196316503,1.653823,1.436588,1.032076,133.16121,0.013489,0.0,53.20929938794407,0.0436666562872476,0.6300664117790493,12.123637835227765,0.0436666562872476,0.6300664117790493,2.020606305871293,0.0436666562872476,0.6300664117790493,2.9411040350108983,42.43720549194821,0.4879020601232043,3,0,0,0,0,0,1,0,0,0,0,1,0,0,1,0,0,0,0,0,0,0,0,0,0,0
117.32492678828702,8.0432420897541,6.534921831364255,1.1886866108404932,0.0,166435.1059277578,0.1283231949706157,1.557256,1.352133,1.95483,149.034762,1.136183,0.0,119.71931304927249,0.074256920796628,0.6898276543541628,27.27781816312537,0.074256920796628,0.6898276543541628,4.5463030271875615,0.074256920796628,0.6898276543541628,11.2531487935779,104.53885177426751,0.3005340907922321,2,0,0,1,0,0,0,0,0,0,1,0,0,0,0,0,0,0,0,0,0,1,0,0,0,0
33.11757606569444,4.137325906067443,10.018169443098476,1.6017260211263058,0.0,198294.1535896283,0.1375705545111525,1.073221,1.355038,1.704835,147.546354,1.135605,0.0,33.79344496499433,0.028602392378334,0.6126206841043963,7.699772270505036,0.028602392378334,0.6126206841043963,1.283295378417506,0.028602392378334,0.6126206841043963,1.2235105983600056,26.20577642113809,0.916979974189187,2,0,0,1,0,0,0,0,0,0,0,1,0,0,0,0,1,0,0,0,0,0,0,0,0,0
56.54701263500001,1.5570750673897833,5.027686593058012,0.8089622162657676,0.0,187690.87981489807,0.1402954061111386,1.932942,1.464085,0.72609,131.728342,1.135229,6e-06,57.701033301020416,0.0455628532744589,0.6341023694519659,13.147070878713512,0.0455628532744589,0.6341023694519659,2.191178479785585,0.0455628532744589,0.6341023694519659,3.3278781190874183,46.31438219747321,0.4643034715656663,1,0,0,0,0,0,0,0,1,0,0,0,1,0,1,0,0,0,0,0,0,0,0,0,0,0
28.367266119490747,1.204488703244024,9.395011436453254,1.4523411699050337,0.0,95863.63158067295,0.1113675907968903,0.988832,1.186047,0.392611,180.678164,142.904795,0.006268,28.9461899178477,0.0067697914434662,0.6082652800268836,6.595334411661502,0.0067697914434662,0.6082652800268836,1.0992224019435834,0.0067697914434662,0.6082652800268836,0.248050213704804,22.28729407100125,0.0373825972991334,0,0,0,0,0,0,1,0,0,0,0,1,0,0,0,0,0,0,0,0,0,0,0,0,1,0
4.57227,0.8138196003808678,3.407870932448682,0.5249419161598745,0.0,165503.95664718226,0.1388869059207342,1.749787,0.368221,0.158636,659.0517639999999,1.093608,0.0,118.77382841411564,0.0651906428053597,0.6889781080449353,27.06239128422888,0.0651906428053597,0.6889781080449353,4.510398547371479,0.0651906428053597,0.6889781080449353,9.80119268705026,103.58552858988756,0.0252413797852985,1,1,0,0,0,0,0,0,0,0,0,1,0,0,1,0,0,0,0,0,0,0,0,0,0,0
6.0410010000000005,2.5839223401437845,6.884217394341667,2.335510046504956,0.0,171385.4120203837,0.1379667246441761,2.155981,0.387125,0.524774,676.549574,0.279258,0.0,156.92704416482428,0.0787191962339389,0.7232599169934195,35.75552905021313,0.0787191962339389,0.7232599169934195,5.959254841702187,0.0787191962339389,0.7232599169934195,15.63692504306684,143.6696720717386,0.5017793602401077,2,0,1,0,0,0,0,0,0,0,0,0,1,0,1,0,0,0,0,0,0,0,0,0,0,0
1.370277,3.6695512130106094,11.96115690912846,4.152878934530903,0.0,174481.76731115108,0.1385534028712508,1.281128,0.248658,0.4359949999999999,560.326266,0.730733,0.0,35.595676825255104,0.0356969279056018,0.6142400434977965,8.110407377906226,0.0356969279056018,0.6142400434977965,1.351734562984371,0.0356969279056018,0.6142400434977965,1.608425708078778,27.676316558833168,0.2875571127877971,2,0,1,0,0,0,0,0,0,0,0,0,1,0,1,0,0,0,0,0,0,0,0,0,0,0
1.085371,0.4045041834564803,2.5776538492964325,0.3040790998106666,0.0,164588.33108513188,0.1389372249444325,0.961466,0.355618,0.253759,555.4566110000001,129.552502,0.0,28.19467549371693,0.0330726447365785,0.6075900217713694,6.424103277049428,0.0330726447365785,0.6075900217713694,1.0706838795082378,0.0330726447365785,0.6075900217713694,1.1803449190719213,21.68456138868882,0.9282702970537052,0,0,0,1,0,0,0,0,0,0,0,0,1,0,1,0,0,0,0,0,0,0,0,0,0,0
50.95120973638888,0.4279906836916788,6.137929304326467,7.393874523736876,0.0,205281.9037395084,0.138573577024525,1.398742,1.218782,0.6715770000000001,165.52881000000002,159.212331,0.000752,51.99103034325396,0.0431565987462759,0.6289717604943239,11.846057546564191,0.0431565987462759,0.6289717604943239,1.9743429244273647,0.0431565987462759,0.6289717604943239,2.8401975125686936,41.3935314998864,0.6700661598649891,0,0,0,0,1,0,0,0,0,0,0,0,1,0,0,0,0,0,0,1,0,0,0,0,0,0
24.90922743819445,0.2262991937301713,2.6659328017017536,0.0948411396367372,0.0,128673.82966127098,0.1267490013897848,0.832306,1.291943,0.161489,140.05436,94.889331,0.0372959999999999,25.41757901856576,0.0,0.6050947172755519,5.791347118154223,0.0,0.6050947172755519,0.9652245196923706,0.0,0.6050947172755519,0.0,19.468408595022847,0.6411977432680271,0,0,0,1,0,0,0,0,0,0,1,0,0,0,0,1,0,0,0,0,0,0,0,0,0,0
35.640486100092595,0.4964653197095263,2.463180729024988,0.3210334039563469,0.0,213922.72356489807,0.1294352383725791,1.269814,1.251393,0.308036,148.242168,1.576016,0.076977,36.36784295927816,0.0367758704626948,0.6149338579342002,8.28634396540515,0.0367758704626948,0.6149338579342002,1.3810573275675246,0.0367758704626948,0.6149338579342002,1.6929861793392935,28.30863034897982,0.7172101486070976,1,0,0,1,0,0,0,0,0,0,0,0,1,0,1,0,0,0,0,0,0,0,0,0,0,0
30.07892347671296,0.7018184790508353,2.823129029868604,0.3394106048509943,0.0,175764.22002398083,0.1383234404331202,0.940915,1.329424,0.379936,165.85470700000002,13.035213,0.004888,30.69277905787037,0.0345317295408594,0.6098346427668683,6.993291430907173,0.0345317295408594,0.6098346427668683,1.165548571817862,0.0345317295408594,0.6098346427668683,1.341613601624979,23.693063230732648,0.8532243994854887,1,0,0,0,0,1,0,0,0,0,1,0,0,0,0,0,0,0,0,1,0,0,0,0,0,0
57.79898475069447,0.7793960164633872,7.719613892854833,0.8714498724582955,0.0,194244.5811038669,0.1364477551598057,1.997008,1.537491,0.412139,96.434575,1.135378,3.5e-05,58.97855586805558,0.0092213305591196,0.6352502618041239,13.438151969936714,0.0092213305591196,0.6352502618041239,2.2396919949894523,0.0092213305591196,0.6352502618041239,0.6884313412137276,47.425497539255005,0.0450713351341728,1,0,0,0,0,0,0,1,0,0,0,1,0,0,0,0,0,0,0,0,1,0,0,0,0,0
4.39612,10.121504966589471,7.707237401454568,3.054828494001064,0.0,167069.25466501797,0.1378061868053832,1.743209,0.388557,0.681465,657.996572,0.971862,0.0,114.19798099584278,0.0635681164976532,0.6848665718641946,26.01979313829329,0.0635681164976532,0.6848665718641946,4.336632189715548,0.0635681164976532,0.6848665718641946,9.189051341443696,99.00048070688013,0.200061006608443,3,0,1,0,0,0,0,0,0,0,0,0,1,0,1,0,0,0,0,0,0,0,0,0,0,0
7.898989650092592,4.525540592144433,14.88196109296035,3.67379217582355,0.0,273571.67035746406,0.1459737636095328,0.650684,0.973029,0.047383,197.894585,123.501032,0.008848,8.060193520502645,0.0509055728138694,0.5894985856839772,1.8364997894816155,0.0509055728138694,0.5894985856839772,0.3060832982469358,0.0509055728138694,0.5894985856839772,0.5193781875339567,6.014522380601855,0.9432314386257884,0,0,0,0,0,0,1,0,0,0,0,0,1,0,0,0,0,0,0,0,0,0,0,1,0,0
72.48526250509259,10.032590814059873,9.232609202250016,2.8714026561458046,0.0,283637.5318869904,0.1421394895860474,1.585194,1.420875,2.706229,111.860857,0.0,0.0,73.9645535766251,0.1031629948010737,0.648715630325205,16.85268309340825,0.1031629948010737,0.648715630325205,2.808780515568041,0.1031629948010737,0.648715630325205,9.658740324163432,60.736660753395874,0.438399496308454,2,0,0,0,1,0,0,0,0,0,0,0,1,0,0,0,0,0,0,0,0,0,0,1,0,0
43.33291397083334,0.2210388436055869,1.9182523874927768,0.1067801156132627,0.0,120564.07939898082,0.1252467690183104,1.482402,1.292802,0.210302,162.04644299999998,62.032815,0.0,44.21725915391157,0.0,0.6219867938675642,10.074818541397573,0.0,0.6219867938675642,1.6791364235662618,0.0,0.6219867938675642,0.0,34.813356018674256,0.7354468209389912,0,0,0,1,0,0,0,0,0,0,0,0,0,1,0,1,0,0,0,0,0,0,0,0,0,0
53.86440799351853,1.3898858141413124,7.914547847615157,0.5495684364859721,0.0,58201.45402662245,0.102747449302952,1.333285,1.414533,2.798641,130.916865,1.136233,0.0,54.96368162603932,0.0,0.6316427768514451,12.52337049707225,0.0,0.6316427768514451,2.087228416178708,0.0,0.6316427768514451,0.0,43.946091757278765,0.0394494958311499,0,0,0,1,0,0,0,0,0,0,0,1,0,0,0,1,0,0,0,0,0,0,0,0,0,0
56.81655615481481,1.347919139001581,6.416930841885025,0.8893738105285653,0.0,45004.13175865557,0.0974938549431894,1.6755919999999995,1.430614,1.52345,122.68268799999998,1.136519,0.0,57.97607770899471,0.0018271905078751,0.634349505103863,13.209739224834236,0.0018271905078751,0.634349505103863,2.201623204139039,0.0018271905078751,0.634349505103863,0.1340928340173489,46.55328633235936,0.1563029915186369,0,0,0,0,0,0,1,0,0,0,0,1,0,0,0,0,0,0,0,0,0,0,1,0,0,0
5.92149,2.459314602742092,5.7351712465858,1.243247703253794,0.0,170219.93667565947,0.1382602826475525,1.5099479999999998,0.3901929999999999,0.915757,622.561706,4.579716,0.0,153.8225076856576,0.0776183745390179,0.7204703978307939,35.048166308124515,0.0776183745390179,0.7204703978307939,5.8413610513540855,0.0776183745390179,0.7204703978307939,15.113231663387776,140.28425735141278,0.9994479750840664,2,0,0,1,0,0,0,0,0,0,0,0,1,0,1,0,0,0,0,0,0,0,0,0,0,0
35.63086318259259,0.9680030997708547,7.981831990843482,0.7386539148198044,0.0,177346.29365257794,0.1354324791928847,1.201395,1.454183,0.7928069999999999,120.87701,1.134775,0.0,36.35802365570672,0.0,0.6149250349953621,8.284106655730646,0.0,0.6149250349953621,1.380684442621774,0.0,0.6149250349953621,0.0,28.30058097322489,0.9946923649515058,1,0,0,0,0,0,1,0,0,0,1,0,0,0,0,1,0,0,0,0,0,0,0,0,0,0
41.69549054861111,0.691211256763632,7.464380311165496,0.9742230802988836,0.0,158460.5759704736,0.1258623703009933,1.402943,1.453814,0.5871569999999999,113.600049,1.135669,0.0,42.5464189271542,0.0157054949316926,0.6204854937986158,9.694120768212349,0.0157054949316926,0.6204854937986158,1.615686794702058,0.0157054949316926,0.6204854937986158,0.845838692179866,33.41700728782032,0.5281031000434616,1,0,0,0,0,0,0,1,0,0,1,0,0,0,0,0,0,0,1,0,0,0,0,0,0,0
31.73587276592592,3.0289001750717346,8.430220337508679,1.637554011828036,0.0,141005.12981489807,0.1270759215386365,1.094863,1.326928,2.899127,153.91996899999998,0.369719,0.0,32.38354363869992,0.0238806350291793,0.6113538454656811,7.37852893033669,0.0238806350291793,0.6113538454656811,1.2297548217227816,0.0238806350291793,0.6113538454656811,0.9789108690978418,25.060511308006188,0.2204784127797701,3,0,0,0,0,0,1,0,0,0,0,0,1,0,0,0,0,0,0,0,0,0,1,0,0,0
16.23806230236111,0.5405624535301035,1.4389197586251676,0.1441568056081267,0.0,195732.7262065348,0.1395319107410719,0.540304,0.840209,0.011642,205.081714,155.215893,0.172419,16.56945132893991,0.0291171634168099,0.5971444091025924,3.775318024315422,0.0291171634168099,0.5971444091025924,0.6292196707192369,0.0291171634168099,0.5971444091025924,0.6107030659134465,12.524500282245551,0.0447026563378678,0,0,0,0,0,0,0,0,1,0,0,0,1,0,1,0,0,0,0,0,0,0,0,0,0,0
0.873382,1.4627585542573631,7.986246732213228,1.982015818071594,0.0,171923.93450239807,0.1389204979979162,0.760613,0.362738,0.196961,480.374262,0.0,0.0,22.6878386027022,0.0311200036383985,0.602641963619686,5.169380947451133,0.0311200036383985,0.602641963619686,0.8615634912418555,0.0311200036383985,0.602641963619686,0.893728632738596,17.307143804834134,0.9676491237348374,2,0,0,0,1,0,0,0,0,0,0,1,0,0,1,0,0,0,0,0,0,0,0,0,0,0
5.47731,0.411749363017025,4.0506126041606745,0.9102759552087716,0.0,166178.80137140286,0.1388963584562571,2.04129,0.436758,0.269246,582.719847,55.536872,0.0,142.28404667942178,0.0735270107277371,0.7101027444628608,32.41914987632395,0.0735270107277371,0.7101027444628608,5.40319164605399,0.0735270107277371,0.7101027444628608,13.242684337447724,127.8940405573914,0.243607786849455,0,1,0,0,0,0,0,0,0,0,0,0,1,0,1,0,0,0,0,0,0,0,0,0,0,0
40.600310890277775,5.820834308219471,8.156505587003785,1.4807409548359238,0.0,202256.48238908872,0.1392226846312447,1.330752,1.353361,1.476574,130.44887,1.136178,0.0,41.428888663548754,0.0388103067142702,0.6194813593308585,9.439493619542754,0.0388103067142702,0.6194813593308585,1.5732489365904587,0.0388103067142702,0.6194813593308585,2.035275792232507,32.486612993496166,0.3567576069975647,3,0,0,0,0,0,1,0,0,0,0,0,1,0,1,0,0,0,0,0,0,0,0,0,0,0
14.37648600027778,0.5619766112568853,3.8519754249700826,0.5945347162316458,0.0,164612.58694919065,0.1350789569336161,0.785326,1.181669,0.998604,179.291962,109.982413,6e-06,14.669883673752835,0.0284074541768077,0.5954375905773771,3.342505140855077,0.0284074541768077,0.5954375905773771,0.5570841901425128,0.0284074541768077,0.5954375905773771,0.5275114534699163,11.05696226424024,0.9236141056680408,0,0,0,0,0,0,1,0,0,0,0,0,0,1,0,1,0,0,0,0,0,0,0,0,0,0
224.89672120087968,3.3673499370936297,13.063668798771408,2.657452367764297,0.0,293258.3178207434,0.1382201880448871,3.2791120000000005,1.512941,0.440076,130.348332,4.725214,0.0,229.4864502049793,0.2457549171505637,0.78845672010268,52.28805194543831,0.2457549171505637,0.78845672010268,8.714675324239717,0.2457549171505637,0.78845672010268,71.38914374341982,229.0381440969936,0.525799697728399,1,0,0,1,0,0,0,0,0,0,1,0,0,0,0,0,0,0,0,0,0,0,0,1,0,0
161.37220236750002,2.8852806251397807,8.125724848511693,1.3812613788840296,0.0,193608.27070218825,0.1360957686670964,2.19119,1.468095,1.015954,143.247172,1.1370209999999998,0.0,164.66551261989798,0.0979810962332263,0.7302131630543569,37.51872439440714,0.0979810962332263,0.7302131630543569,6.253120732401189,0.0979810962332263,0.7302131630543569,20.42292080797947,152.20370229891498,0.4750365754566169,2,0,0,0,0,1,0,0,0,0,0,0,0,1,0,0,0,1,0,0,0,0,0,0,0,0
26.557495735694445,0.6183855507156546,7.823244768366825,5.796760107258812,0.0,217823.245260042,0.1316677213286896,1.033053,1.227988,0.284451,171.420976,146.64228799999998,0.0,27.09948544458617,0.0331310906204927,0.606605960656524,6.17456630382976,0.0331310906204927,0.606605960656524,1.0290943839716264,0.0331310906204927,0.606605960656524,1.1365006430801383,20.808492913178075,0.6713797497375501,0,0,0,0,1,0,0,0,0,0,0,0,1,0,1,0,0,0,0,0,0,0,0,0,0,0
62.20080761314815,13.014596247558686,6.511808736147069,1.3211902285651338,0.0,211833.19542491008,0.1255455582851557,1.904509,1.514946,0.714084,91.40321,0.0134849999999999,0.0,63.47021185015117,0.0480343902162093,0.6392861494537163,14.461567256996467,0.0480343902162093,0.6392861494537163,2.410261209499412,0.0480343902162093,0.6392861494537163,3.859180915336251,51.36155359328453,0.6187323355653797,3,0,0,0,0,0,0,0,0,1,0,0,1,0,1,0,0,0,0,0,0,0,0,0,0,0
44.07754449166668,0.105519695060073,1.786207622046665,0.1291971273487992,0.0,68816.9041680718,0.1076327870941633,1.493277,1.41932,0.1992799999999999,153.061093,25.390968,1e-06,44.97708621598641,0.0,0.6226695212776503,10.247943694781714,0.0,0.6226695212776503,1.707990615796952,0.0,0.6226695212776503,0.0,35.45045663616691,0.4934322825614731,0,0,0,0,1,0,0,0,0,0,1,0,0,0,0,1,0,0,0,0,0,0,0,0,0,0
15.66962281861111,3.971653518916892,6.077326532176358,1.5239929942775974,0.0,149131.26658985313,0.1315474228607379,0.790813,1.193904,2.3880790000000003,171.362899,0.370632,0.0,15.989411039399092,0.0288999846941623,0.5966232255012313,3.643156945685869,0.0288999846941623,0.5966232255012313,0.6071928242809781,0.0288999846941623,0.5966232255012313,0.5849287776041823,12.075511377457318,0.418983928595261,2,0,0,0,0,0,1,0,0,0,0,0,1,0,0,0,0,1,0,0,0,0,0,0,0,0
21.77225816300926,2.7149318542411858,9.355104695692908,2.078022842998985,0.0,179345.82184877098,0.1375183113080134,0.722614,1.052327,0.656151,165.537452,0.370888,0.0,22.216589962254343,0.0312529887504742,0.6022185325787843,5.06200783950099,0.0312529887504742,0.6022185325787843,0.843667973250165,0.0312529887504742,0.6022185325787843,0.8789048559040953,16.935749627814385,0.5127700637376558,2,0,0,0,0,1,0,0,0,0,0,0,1,0,0,0,1,0,0,0,0,0,0,0,0,0
1.173157,2.1272966784538982,6.0736621349549695,0.9449658640068498,0.0,166585.33837305155,0.1390350946097922,0.956401,0.287776,0.5499470000000001,560.975853,5.20569,0.015796,30.47509185171013,0.0338812458972276,0.609639044281517,6.9436918143137,0.0338812458972276,0.609639044281517,1.1572819690522833,0.0338812458972276,0.609639044281517,1.3070051655296056,23.51747578590887,0.4237838812801905,1,0,0,1,0,0,0,0,0,0,0,0,1,0,1,0,0,0,0,0,0,0,0,0,0,0
40.34313969296296,0.350785515344829,2.2928554774474184,0.3823460219003599,0.0,144896.93476468825,0.131435935338624,1.228385,1.330815,0.198212,156.853583,0.379745,5e-06,41.166469074452,0.0387040522884244,0.6192455674574673,9.3797018144321,0.0387040522884244,0.6192455674574673,1.5632836357386837,0.0387040522884244,0.6192455674574673,2.0168470526422766,32.26854873699912,0.979059154099152,0,0,0,0,0,0,1,0,0,0,0,0,0,1,0,0,0,1,0,0,0,0,0,0,0,0
45.91190677574073,0.4578428317031128,6.687388001586036,2.8527166960622483,0.0,169547.10293015587,0.1304289523503191,1.15296,1.1206200000000002,0.502383,176.014603,102.059617,0.0001409999999999,46.84888446504157,0.0410236410350973,0.6243513881583738,10.674429371781622,0.0410236410350973,0.6243513881583738,1.7790715619636035,0.0410236410350973,0.6243513881583738,2.432799771124828,37.02552664483541,0.2199087945581648,0,0,0,0,0,0,1,0,0,0,0,0,1,0,0,0,0,1,0,0,0,0,0,0,0,0
136.6319615069907,5.529061293716339,8.710579654867415,1.4443077909574806,0.0,195953.6053469724,0.1323901487054299,2.271058,1.461343,2.634123,123.410502,1.135618,0.0,139.42036888468442,0.0843528325680805,0.7075296440539555,31.766666328155942,0.0843528325680805,0.7075296440539555,5.2944443880259895,0.0843528325680805,0.7075296440539555,14.886712700138997,124.86587844411638,0.3329903004431743,2,0,0,1,0,0,0,0,0,0,0,0,1,0,0,0,0,1,0,0,0,0,0,0,0,0
1.924218,1.3050239606441068,5.28556450036504,1.2118962518602825,0.0,171029.4617243705,0.1381925825092146,1.565161,0.433485,0.0305279999999999,566.7264690000001,1.066698,0.0,49.98539862329932,0.0407993056825947,0.6271696402249931,11.389078167334022,0.0407993056825947,0.6271696402249931,1.89817969455567,0.0407993056825947,0.6271696402249931,2.5814804532890383,39.68268920389557,0.4120581169250806,1,1,0,0,0,0,0,0,0,0,1,0,0,0,1,0,0,0,0,0,0,0,0,0,0,0
150.5272252599074,0.4077954611761107,3.3910704982652367,0.4970329940247593,0.0,164711.35911270982,0.1384113211926224,1.924813,1.329383,0.4384939999999999,157.965048,58.583133,0.0,153.5992094488851,0.0919115063614112,0.7202697576661067,34.997288228859894,0.0919115063614112,0.7202697576661067,5.832881371476648,0.0919115063614112,0.7202697576661067,17.870297109327776,140.04160173095448,0.6162033407218639,0,0,0,0,0,0,0,0,0,1,0,0,1,0,0,0,0,0,0,1,0,0,0,0,0,0
28.78927432953704,6.622510070709302,9.364912825522662,1.5332399142160118,0.0,178206.49947541967,0.1377824210434508,0.959898,1.334375,0.266007,143.485558,0.371216,0.010057,29.37681054034392,0.0340169491410917,0.6086522055748151,6.693450502863171,0.0340169491410917,0.6086522055748151,1.1155750838105285,0.0340169491410917,0.6086522055748151,1.2649486963017296,22.63324117485292,0.9114432141966872,3,0,0,0,0,1,0,0,0,0,1,0,0,0,0,0,1,0,0,0,0,0,0,0,0,0
19.941663582083333,0.8003830103208122,10.339773595476036,6.21019643759556,0.0,180594.2711518285,0.1223911124525024,0.918629,1.083712,0.444477,185.108777,101.043195,0.014551,20.3486363082483,0.0305422024203534,0.6005401201820503,4.636398146183157,0.0305422024203534,0.6005401201820503,0.7727330243638594,0.0305422024203534,0.6005401201820503,0.7866989482337636,15.468572777337044,0.0296710673882671,0,0,0,1,0,0,0,0,0,0,1,0,0,0,1,0,0,0,0,0,0,0,0,0,0,0
14.247162135462965,7.659949338407539,5.277510393151848,1.2721047685157767,0.0,188807.9024842626,0.1274258250312553,0.795385,1.223405,0.408458,155.114033,1.135871,0.122946,14.53792054639078,0.0283583139366218,0.5953190177485485,3.312437592848532,0.0283583139366218,0.5953190177485485,0.552072932141422,0.0283583139366218,0.5953190177485485,0.5218619175192589,10.955317189599748,0.3207677737170264,3,0,0,0,1,0,0,0,0,0,0,1,0,0,0,0,0,0,0,0,1,0,0,0,0,0
115.17753965347224,0.2070859098534504,3.046641684693398,0.1901322034515923,0.0,105367.47903552158,0.1267325578780054,2.707162,1.522229,0.305548,115.945734,36.540487,7.7e-05,117.52810168721658,0.0261192791564268,0.6878587852090147,26.77855481480884,0.0261192791564268,0.6878587852090147,4.463092469134806,0.0261192791564268,0.6878587852090147,3.885758603409277,102.33257880315232,0.5169820410401701,0,0,0,0,0,1,0,0,0,0,0,0,0,1,0,0,0,0,0,1,0,0,0,0,0,0
282.86148489009264,0.3889602206164984,2.048639821491653,0.0980894214225758,0.0,162048.5618630096,0.1329828089447044,2.701923,1.289652,0.305494,164.012614,158.151811,0.0,288.6341682551966,0.0,0.8416027192023418,65.76474719738655,0.0,0.8416027192023418,10.960791199564426,0.0,0.8416027192023418,0.0,307.4877226054173,0.3239170647122558,0,0,0,0,0,1,0,0,0,0,1,0,0,0,0,1,0,0,0,0,0,0,0,0,0,0
39.45286707949074,1.6538028541586096,6.048470310741763,1.5908644469521886,0.0,287999.0304256595,0.1524483304497578,1.361371,1.447022,1.255198,113.667205,1.135579,0.0,40.25802763213341,0.0812741639722255,0.6184293055683008,9.172715156688623,0.0812741639722255,0.6184293055683008,1.528785859448104,0.0812741639722255,0.6184293055683008,4.141693087306834,31.514865914037635,0.982879011136243,3,0,0,0,0,0,0,0,0,1,1,0,0,0,0,0,0,0,0,0,0,0,0,1,0,0
46.52423490967593,1.0960905626237536,5.417658826430067,0.8997440738715142,0.0,171049.7304968525,0.1267428206865021,1.574979,1.255403,0.5448430000000001,153.56998000000002,1.135862,0.136073,47.47370909150605,0.0412810982399452,0.6249128118299909,10.816794476545684,0.0412810982399452,0.6249128118299909,1.80279907942428,0.0412810982399452,0.6249128118299909,2.4807175301532176,37.55307472958487,0.9354489113798468,3,0,0,0,0,0,1,0,0,0,1,0,0,0,1,0,0,0,0,0,0,0,0,0,0,0
125.1172497073611,3.757093487311896,8.833793592681701,1.1000995824662902,0.0,136576.21364470923,0.1299867485192039,1.9947580000000005,1.480206,1.803338,132.389136,1.134696,0.0,127.670662966695,0.0313098866632955,0.6969721807954644,29.08951814431025,0.0313098866632955,0.6969721807954644,4.848253024051708,0.0313098866632955,0.6969721807954644,5.059941756601289,112.63658277405082,0.849207230678556,2,0,0,0,0,0,1,0,0,0,0,0,1,0,0,0,0,0,1,0,0,0,0,0,0,0
58.51225168856482,0.9155087846027558,4.872610483809913,0.9222115618433598,0.0,153944.9096972422,0.1276119177718814,1.208166,1.318826,1.6660689999999998,158.699878,6.229569000000001,0.0,59.70637927404574,0.0464173525501283,0.6359042329691083,13.603985151048397,0.0464173525501283,0.6359042329691083,2.267330858508066,0.0464173525501283,0.6359042329691083,3.508116526905134,48.06017634889205,0.1530352331880227,3,0,0,0,0,0,1,0,0,0,0,1,0,0,1,0,0,0,0,0,0,0,0,0,0,0
47.31491796425926,0.3294384222772482,5.991191530113312,1.4935063176589618,0.0,129214.4308022332,0.1287864057851924,1.506583,1.248202,0.626214,143.46915,43.088907,0.080461,48.28052853495843,0.0282352683367567,0.6256377633045161,11.000626754800654,0.0282352683367567,0.6256377633045161,1.8334377924667755,0.0282352683367567,0.6256377633045161,1.725586934968346,38.23559732122944,0.7404819689092932,0,0,0,0,0,0,1,0,0,0,1,0,0,0,0,0,0,0,0,0,0,0,1,0,0,0
35.40902693101852,0.6900566533114091,3.8159667567955218,1.1668586941074124,0.0,197762.5504908573,0.1342800976418191,1.276176,1.320217,2.045832,151.183065,0.0,0.0149259999999999,36.13166013369237,0.0602680199843149,0.6147216405799266,8.232530157043831,0.0602680199843149,0.6147216405799266,1.372088359507305,0.0602680199843149,0.6147216405799266,2.756434955701073,28.11508024589836,0.8793852033709859,2,0,0,1,0,0,0,0,0,0,1,0,0,0,0,0,0,0,0,0,0,0,0,1,0,0
21.874826243981484,0.7814352088552013,4.722577918919442,0.8435794285161318,0.0,92689.58411552008,0.1160752054223482,0.971009,1.219805,2.516961,159.665411,0.0,0.0,22.32125126936886,0.006258587966419,0.6023125739030659,5.085854719603032,0.006258587966419,0.6023125739030659,0.8476424532671718,0.006258587966419,0.6023125739030659,0.1768348285947961,17.018190259228653,0.3289824030420154,3,0,0,0,0,0,1,0,0,0,0,1,0,0,0,0,0,0,0,0,0,0,1,0,0,0
45.6084284701389,3.123344004297142,8.13853662419948,4.432350802478744,0.0,165740.64965527577,0.1352909226461852,1.23758,1.357207,1.869897,131.800267,0.37149,0.0,46.539212724631525,0.0408962179754117,0.6240731388094631,10.603871253713512,0.0408962179754117,0.6240731388094631,1.7673118756189183,0.0408962179754117,0.6240731388094631,2.409212389861501,36.76439564909127,0.5926626233480612,2,0,0,0,0,0,1,0,0,0,0,1,0,0,0,0,0,0,0,0,1,0,0,0,0,0
13.250935599675929,5.754456633858258,4.16576421918343,0.7317109902699789,0.0,133205.65916329436,0.1287916461340815,0.769249,1.209043,0.190649,162.181954,1.137043,0.105223,13.521362856812171,0.0099890316874144,0.5944056101677314,3.0808168534508744,0.0099890316874144,0.5944056101677314,0.5134694755751457,0.0099890316874144,0.5944056101677314,0.1709687620680071,10.173637897724984,0.4228659558653493,2,0,0,0,0,0,1,0,0,0,0,1,0,0,0,0,0,0,0,0,0,0,1,0,0,0
26.65767081601852,0.392880164319091,2.438241905302738,0.3252852265175869,0.0,164569.42091951438,0.1384129435788813,0.911248,1.23699,0.455329,170.256999,61.633614,0.0,27.201704914304607,0.0331707176036108,0.6066978079166501,6.197856815917505,0.0331707176036108,0.6066978079166501,1.0329761359862508,0.0331707176036108,0.6066978079166501,1.1421519899356336,20.89014524443566,0.3836154271082258,0,0,0,0,0,0,0,0,0,1,0,0,1,0,0,0,0,1,0,0,0,0,0,0,0,0
45.445017074814814,3.5577236965691728,8.942116699630407,1.3959927263019754,0.0,104292.53043502696,0.1280396676821102,1.556031,1.340676,0.818217,140.25758100000002,1.135586,0.224513,46.37246640287226,0.0,0.6239233122369727,10.565878420907604,0.0,0.6239233122369727,1.7609797368179338,0.0,0.6239233122369727,0.0,36.62387700592126,0.7934625759208922,2,0,0,0,0,0,1,0,0,0,1,0,0,0,0,1,0,0,0,0,0,0,0,0,0,0
36.61321540611112,1.8132210862722329,8.612894362397045,1.4906104835960792,0.0,190937.26679593825,0.1285205535965857,1.299847,1.420998,0.795741,116.972929,1.136278,0.0,37.36042388378686,0.0371724074129697,0.615825721672299,8.512501644407132,0.0371724074129697,0.615825721672299,1.4187502740678553,0.0371724074129697,0.615825721672299,1.7579454401637584,29.1234303800203,0.1412391848540999,1,0,0,0,0,0,0,0,0,1,0,0,1,0,1,0,0,0,0,0,0,0,0,0,0,0
26.975761700046306,0.6443083215531685,4.122937949727193,0.6367403644023182,0.0,116064.38255957734,0.1115435691510173,1.036404,1.24055,2.00026,162.16884199999998,1.137027,0.0,27.52628744902684,0.0066593263034332,0.6069894550615741,6.2718123301580135,0.0066593263034332,0.6069894550615741,1.0453020550263354,0.0066593263034332,0.6069894550615741,0.2320335823356568,21.1495774918393,0.1021414461949427,2,0,0,0,1,0,0,0,0,0,0,0,1,0,0,0,0,0,0,0,0,0,0,0,1,0
51.649660436203696,0.3726359634019202,2.41139727287727,0.2041646117250696,0.0,185921.3950089928,0.1387676398495404,1.158742,1.251762,0.313026,166.894329,72.194937,0.0,52.70373513898336,0.0347638161481785,0.6296121471344307,12.008445981034184,0.0347638161481785,0.6296121471344307,2.001407663505697,0.0347638161481785,0.6296121471344307,2.3192189350555874,42.00368587703755,0.7895220692265573,0,0,0,0,0,0,1,0,0,0,0,1,0,0,0,0,1,0,0,0,0,0,0,0,0,0
77.81803899203703,1.255385474621249,10.966018417184587,2.256751939261274,0.0,165610.67382344123,0.1310149291865259,2.1471150000000003,1.537696,0.971345,106.957288,1.136556,0.0,79.40616223677249,0.0550721297372068,0.6536050789546072,18.09254329445449,0.0550721297372068,0.6536050789546072,3.015423882409081,0.0550721297372068,0.6536050789546072,5.535527175490168,65.69654549145321,0.781663593160126,1,0,0,0,0,0,1,0,0,0,0,0,0,1,0,1,0,0,0,0,0,0,0,0,0,0
18.523352463888887,7.425252453922082,6.341572158914104,2.1119035460966096,0.0,160165.58518809953,0.1190747091863795,0.8475659999999999,1.245747,3.17325,150.430275,0.0,0.0,18.901380065192743,0.0203512147623813,0.5992397170299776,4.30664355915784,0.0203512147623813,0.5992397170299776,0.7177739265263066,0.0203512147623813,0.5992397170299776,0.4869190443191524,14.337288154103998,0.3701068415025927,2,0,0,0,1,0,0,0,0,0,0,0,1,0,0,0,0,0,0,0,0,1,0,0,0,0
15.396642542546294,1.2656169392222123,6.426742041425453,2.7121125528280685,0.0,161951.9821642686,0.1244617213162301,0.760467,1.242146,2.650657,171.192137,1.134994,0.0,15.710859737292138,0.02303666815793,0.5963729387997491,3.5796895603956767,0.02303666815793,0.5963729387997491,0.5966149267326127,0.02303666815793,0.5963729387997491,0.4581340028402311,11.860166572910844,0.0635146526497311,3,0,0,0,0,0,1,0,0,0,1,0,0,0,0,0,1,0,0,0,0,0,0,0,0,0
46.504505383055566,0.5288502594692815,3.1962482869196283,0.4753815167956501,0.0,162870.6393791217,0.1222826156327478,1.535007,1.390391,0.609158,149.21406299999998,7.111242999999999,0.025361,47.45357692148527,0.0412727954203375,0.6248947224712621,10.812207399832086,0.0412727954203375,0.6248947224712621,1.802034566638681,0.0412727954203375,0.6248947224712621,2.4791668003084983,37.536063013443325,0.1786940430945421,2,0,0,0,0,0,0,0,0,1,0,0,1,0,1,0,0,0,0,0,0,0,0,0,0,0
38.67964783814815,4.032966419804296,16.183747007978333,4.327593549550008,0.0,235247.0853005096,0.1247208128890974,0.751578,0.951219,0.129306,205.158374,156.596506,0.0,39.46902840627362,0.0380187804998689,0.617720366093889,8.992943181176269,0.0380187804998689,0.617720366093889,1.4988238635293778,0.0380187804998689,0.617720366093889,1.8994485158496337,30.86180085632082,0.5453504231364327,0,0,0,0,0,0,1,0,0,0,0,0,1,0,1,0,0,0,0,0,0,0,0,0,0,0
15.444298895879628,37.06852836363304,5.459850548554382,1.5559676776972893,0.0,153689.79662207735,0.1332801054779002,0.839073,0.8942209999999999,0.32114,181.593087,0.370589,0.450768,15.759488669264927,0.0288140105977821,0.5964166333539946,3.5907695702122617,0.0288140105977821,0.5964166333539946,0.5984615950353769,0.0288140105977821,0.5964166333539946,0.5748026247238327,11.897748323422045,0.2481221781918052,3,0,0,0,0,0,0,0,0,1,0,0,1,0,0,0,0,0,0,1,0,0,0,0,0,0
80.12972853305554,0.4782169885415253,5.214549288475256,1.87265186154728,0.0,194357.8158910372,0.1372082916934856,2.53357,1.581315,0.615406,79.127051,1.161328,0.0,81.7650291153628,0.0449121268543058,0.6557245916110269,18.63000663388013,0.0449121268543058,0.6557245916110269,3.105001105646688,0.0449121268543058,0.6557245916110269,4.648406784652134,67.86751939839873,0.0966966390135698,1,0,0,0,0,0,1,0,0,0,0,0,0,1,0,0,1,0,0,0,0,0,0,0,0,0
33.85006338111111,0.4481063908238491,3.143980872145088,0.3838831217740651,0.0,144755.65133205935,0.1174270215866377,1.256946,1.39923,0.966233,120.147722,1.136723,0.002202,34.54088100113379,0.021629481431065,0.6132922778059487,7.870074152157066,0.021629481431065,0.6132922778059487,1.3116790253595108,0.021629481431065,0.6132922778059487,0.9456979040843664,26.81475390710071,0.4980843030051798,2,0,0,0,0,0,1,0,0,0,0,0,0,1,0,0,0,1,0,0,0,0,0,0,0,0
1.237956,1.389697981109436,12.676258640609484,2.765182440229457,0.0,171574.1584232614,0.1390834441430848,1.1308129999999998,0.258315,0.443229,593.170417,0.933604,0.223543,32.15837505839003,0.0344781126710742,0.6111515247412151,7.32722469684836,0.0344781126710742,0.6111515247412151,1.2212041161413931,0.0344781126710742,0.6111515247412151,1.4034937703567527,24.878025253335352,0.6729250169267708,1,1,0,0,0,0,0,0,0,0,1,0,0,0,1,0,0,0,0,0,0,0,0,0,0,0
42.77094068032408,1.0845891114333266,10.797659280488816,2.9202072987739416,0.0,186743.07707583933,0.1390708000611344,1.4434049999999998,1.413019,1.272674,111.7684,1.136832,0.0,43.64381702073886,0.0397104802287822,0.6214715389076445,9.944160840168347,0.0397104802287822,0.6214715389076445,1.6573601400280575,0.0397104802287822,0.6214715389076445,2.193818902418531,34.333405224914216,0.1738797228472098,2,0,0,0,0,0,0,0,1,0,1,0,0,0,0,1,0,0,0,0,0,0,0,0,0,0
44.84809070037037,64.5690028959041,5.51844068454038,1.897202765484222,0.0,165443.4664268585,0.1197026506227126,1.183023,1.349924,3.957573000000001,155.892199,0.0,0.0,45.76335785752079,0.0275318228749196,0.6233760099357182,10.427094195384482,0.0275318228749196,0.6233760099357182,1.7378490325640803,0.0275318228749196,0.6233760099357182,1.5948717249301585,36.111113193014816,0.205522754750138,3,0,0,0,1,0,0,0,0,0,0,1,0,0,0,0,0,0,0,0,0,0,0,0,1,0
18.17142862388889,0.8793605194389106,5.621096745383539,0.6348429111410959,0.0,93643.96951345174,0.1041827860960571,0.88728,1.212398,0.172595,160.944191,1.135267,0.0,18.542274106009067,0.0059717792081852,0.5989170495524723,4.224821948204598,0.0059717792081852,0.5989170495524723,0.7041369913674328,0.0059717792081852,0.5989170495524723,0.1401650214920708,14.057321645017918,0.2422405442047009,3,0,0,0,1,0,0,0,0,0,0,1,0,0,0,0,0,0,0,0,0,0,1,0,0,0
37.99980653699074,1.359373394962695,7.05864284478789,1.444743350684214,0.0,199479.6851393885,0.1370976007313465,1.306828,1.312934,1.185005,127.024909,1.137126,0.1360309999999999,38.77531279284769,0.0377397319270891,0.6170970418037574,8.834881395838714,0.0377397319270891,0.6170970418037574,1.4724802326397857,0.0377397319270891,0.6170970418037574,1.852366974925448,30.28877318921734,0.1456007098414231,1,0,0,0,0,0,0,1,0,0,0,0,0,1,0,1,0,0,0,0,0,0,0,0,0,0
90.39941810185184,0.2530385239554538,3.6645827653596728,0.886779103633597,0.0,165557.11269109714,0.1283805324948377,2.58082,1.629966,0.249354,82.777925,1.13614,0.0,92.24430418556312,0.0609668404204682,0.665140534639854,21.01768956126754,0.0609668404204682,0.665140534639854,3.502948260211257,0.0609668404204682,0.665140534639854,7.118789586048548,77.6650959537554,0.8107083844955614,1,0,0,1,0,0,0,0,0,0,1,0,0,0,0,0,0,0,0,1,0,0,0,0,0,0
88.40719414736111,0.2404779311743,6.080000780755095,0.2110592343931575,0.0,85728.75736285972,0.1249300000353825,2.866305,1.593549,0.777593,84.14435300000001,1.609698,0.0,90.21142259934808,0.0,0.6633139295481922,20.5545013517502,0.0,0.6633139295481922,3.4257502252916985,0.0,0.6633139295481922,0.0,75.74492811962806,0.5411197148900071,1,0,0,0,0,0,1,0,0,0,0,1,0,0,0,1,0,0,0,0,0,0,0,0,0,0
29.1656373250926,3.202099588563402,11.371386198688754,1.8482489584447097,0.0,173667.1717063849,0.1388228469007878,0.977099,1.310233,0.335644,142.518232,0.371834,0.408644,29.7608544133598,0.0341669613389809,0.6089972805160362,6.780954170132612,0.0341669613389809,0.6089972805160362,1.1301590283554352,0.0341669613389809,0.6089972805160362,1.287136660957347,22.94212582730353,0.8529033013420037,2,0,0,0,0,1,0,0,0,0,0,0,0,1,0,0,0,0,0,0,1,0,0,0,0,0
48.45459725166668,2.262869429531144,11.23345178380001,2.3479946262830738,0.0,181685.10167491008,0.1368663689965824,1.515598,1.508276,2.253661,102.77354,0.37214,0.0,49.44346658333335,0.042095844683233,0.6266826980291225,11.26559998101266,0.042095844683233,0.6266826980291225,1.8775999968354435,0.042095844683233,0.6266826980291225,2.634638594800788,39.22198106121025,0.6433273137177546,1,0,0,0,0,0,1,0,0,0,0,0,0,1,1,0,0,0,0,0,0,0,0,0,0,0
41.01931512078704,4.125560101130597,5.503638654304066,0.6991396962309913,0.0,91747.51878887515,0.1165855550419369,1.14149,1.348901,2.948718,152.889611,1.135292,0.0,41.85644400080309,0.0077967209570052,0.6198655306280416,9.536911291322223,0.0077967209570052,0.6198655306280416,1.5894852152203705,0.0077967209570052,0.6198655306280416,0.4130924229452898,32.84223654526673,0.8802845199548026,2,0,0,0,0,0,1,0,0,0,0,0,1,0,0,0,0,0,0,0,1,0,0,0,0,0
36.74539050574074,4.525142050761399,8.674274115253695,1.5465793908357048,0.0,169358.59078986812,0.129888469634725,1.12066,1.2320799999999998,2.466181,172.30431399999998,1.1350049999999998,0.0,37.49529643442933,0.0223358290519835,0.6159469087052277,8.543232098983896,0.0223358290519835,0.6159469087052277,1.423872016497316,0.0223358290519835,0.6159469087052277,1.0601120650795692,29.23431889844669,0.1868354963221417,3,0,0,0,0,0,0,1,0,0,0,1,0,0,0,0,0,1,0,0,0,0,0,0,0,0
34.17759898046297,4.759829493163587,7.108336617906603,1.1732212193578266,0.0,205239.65227817747,0.1361669642533615,1.014129,1.345832,2.46185,150.17885,1.136472,0.0,34.87510100047242,0.036181778876405,0.6135925845019544,7.946225544411437,0.036181778876405,0.6135925845019544,1.3243709240685726,0.036181778876405,0.6135925845019544,1.5972698641663123,27.087472604615908,0.9228975723027232,2,0,0,1,0,0,0,0,0,0,0,0,0,1,0,0,1,0,0,0,0,0,0,0,0,0
542.1602125258333,10.935961082684909,10.489085753187002,2.670077729282333,0.0,321931.90113534173,0.1460958474116931,4.234225,1.425908,0.390237,127.390772,22.724396,0.0,553.2247066590136,0.8600693339120509,1.0793452556743235,126.05119898559802,0.8600693339120509,1.0793452556743235,21.008533164266336,0.8600693339120509,1.0793452556743235,602.2931708353259,755.8486866509185,0.837646466373339,1,0,0,0,1,0,0,0,0,0,0,0,1,0,0,0,0,0,0,0,0,0,0,1,0,0
81.99509799574074,1.850654217979605,8.855692124766984,1.1836620452020952,0.0,104548.4552186376,0.1084745746972463,2.381884,1.5768950000000002,0.398278,90.95183,3.49719,0.0325839999999999,83.66846734259259,0.0114013849214778,0.6574348879613396,19.063701419831222,0.0114013849214778,0.6574348879613396,3.1772835699718702,0.0114013849214778,0.6574348879613396,1.20751443286455,69.6285689281954,0.2533558105425938,1,0,0,1,0,0,0,0,0,0,0,0,1,0,0,0,0,0,0,0,0,1,0,0,0,0
70.1675904624537,1.4259308095601535,8.319889130352212,1.5147091197452958,0.0,154582.7659950165,0.1072274234270949,2.112826,1.426277,0.070563,104.870877,1.135885,0.408668,71.5995821045446,0.0412686994316546,0.6465906325083964,16.313828833946868,0.0412686994316546,0.6465906325083964,2.718971472324478,0.0412686994316546,0.6465906325083964,3.7402805484867487,58.60204946875235,0.7587010522621735,3,0,0,0,1,0,0,0,0,0,0,1,0,0,0,0,1,0,0,0,0,0,0,0,0,0
88.37040812675927,3.9350386909443698,11.614650083674515,2.6124915038939003,0.0,173060.0790617506,0.1342184041722787,2.103148,1.508849,3.0472900000000003,110.055516,0.371245,0.0,90.17388584363192,0.0600026137503099,0.6632802016470786,20.545948673232587,0.0600026137503099,0.6632802016470786,3.4243247788720974,0.0600026137503099,0.6632802016470786,6.848947902075929,75.70956099451243,0.389312841372079,2,0,0,0,0,0,1,0,0,0,0,1,0,0,0,0,0,0,0,0,0,1,0,0,0,0
61.08022141601853,0.3708389632636122,2.186659732167956,0.1771158406095539,0.0,145730.99445443644,0.1277015703044635,1.428311,1.205401,0.147771,146.068631,56.370548,0.1100859999999999,62.32675654695768,0.019016523012955,0.6382587205601379,14.201033137281495,0.019016523012955,0.6382587205601379,2.3668388562135827,0.019016523012955,0.6382587205601379,1.5003015192380589,50.35518467129671,0.4990925976956466,0,0,0,0,0,0,0,0,1,0,0,0,1,0,0,0,0,0,1,0,0,0,0,0,0,0
30.291722332222218,2.8547842962850485,9.925340256816764,1.2502081840158366,0.0,194481.5230065947,0.1365989431988993,1.027884,1.302459,0.225653,132.27037,1.135629,0.22009,30.90992074716553,0.0,0.6100297510889506,7.042766752518728,0.0,0.6100297510889506,1.1737944587531213,0.0,0.6100297510889506,0.0,23.86831805009187,0.7205614723095487,1,0,0,0,0,0,1,0,0,0,1,0,0,0,0,1,0,0,0,0,0,0,0,0,0,0
32.65664340893519,1.148848676567169,6.300638471004203,0.9620707123685512,0.0,189310.9476356415,0.1387641880152036,1.11543,1.259372,0.199099,169.458822,1.134626,0.029057,33.32310551932162,0.0284535871544688,0.612198070002276,7.592606320858091,0.0284535871544688,0.612198070002276,1.2654343868096816,0.0284535871544688,0.612198070002276,1.2002049204450378,25.823216310646693,0.4021138641189722,1,0,0,0,0,0,0,0,1,0,0,0,1,0,0,0,1,0,0,0,0,0,0,0,0,0
28.094489503055552,0.474108413397837,1.815000575366352,0.1873304715259469,0.0,167426.62786645684,0.1390153930591736,0.956419,1.088294,0.018383,186.308309,131.958098,0.0271079999999999,28.66784643168934,0.0337404912345668,0.6080151800542658,6.531914376840609,0.0337404912345668,0.6080151800542658,1.0886523961401011,0.0337404912345668,0.6080151800542658,1.2243888876485087,22.06390608852106,0.968515421250996,0,0,0,0,0,1,0,0,0,0,1,0,0,0,0,0,0,0,1,0,0,0,0,0,0,0
51.13674365898148,3.878606169629726,6.777554676687117,1.2329690899494454,0.0,187135.5021732614,0.1371119380426063,0.944106,1.158919,1.96112,177.79003500000002,0.370029,0.0,52.18035067243008,0.0432357435659761,0.6291418704896986,11.889193824097992,0.0432357435659761,0.6291418704896986,1.981532304016332,0.0432357435659761,0.6291418704896986,2.855767418804932,41.55549800615324,0.6923139364894375,2,0,0,0,0,0,1,0,0,0,0,0,0,1,0,0,0,0,1,0,0,0,0,0,0,0
20.83684948412037,1.4881876529835396,5.860513353233429,0.8516129967477396,0.0,157690.83573141487,0.1352387395122354,0.6963239999999999,1.250002,0.756174,176.35502,1.134347,0.0,21.26209131032691,0.0,0.6013608869050681,4.844527133998536,0.0,0.6013608869050681,0.8074211889997559,0.0,0.6013608869050681,0.0,16.185050744094596,0.7273210135317749,2,0,0,0,0,0,1,0,0,0,0,1,0,0,0,1,0,0,0,0,0,0,0,0,0,0
216.1420301594445,1.4751663293769892,10.253365377156284,1.8952499296453644,0.0,165028.48227667867,0.1356023466236871,2.094741,1.3628129999999998,1.225151,156.84186699999998,0.371578,0.0,220.55309199943315,0.1309136295620108,0.7804298297542507,50.25260324037717,0.1309136295620108,0.7804298297542507,8.375433873396194,0.1309136295620108,0.7804298297542507,36.54861491743024,217.88128106441923,0.7845730511566378,1,0,0,0,0,0,1,0,0,0,0,0,1,0,0,0,1,0,0,0,0,0,0,0,0,0
19.15322078342593,5.1511892794991,7.11521397620368,1.3223736852907737,0.0,178039.9142311151,0.1309115681037914,0.8997940000000001,1.240018,0.1103519999999999,146.095133,6.234634,0.430231,19.544102840230536,0.0302373743955216,0.5998172227250324,4.453086723090502,0.0302373743955216,0.5998172227250324,0.7421811205150836,0.0302373743955216,0.5998172227250324,0.7480536136767464,14.839100615543668,0.0659633805419439,3,0,0,1,0,0,0,0,0,0,0,1,0,0,1,0,0,0,0,0,0,0,0,0,0,0
96.88671557171295,0.4229016026004041,2.389213558581236,0.4319526146856143,0.0,151101.71346672662,0.1347901312817486,2.10636,1.515559,0.081308,131.4006,0.3713059999999999,0.0,98.86399548133976,0.0640847810008313,0.6710885258598482,22.52597365397615,0.0640847810008313,0.6710885258598482,3.7543289423293578,0.0640847810008313,0.6710885258598482,8.01984493580866,83.98290251669242,0.517392194703797,0,0,0,0,0,0,0,0,0,1,1,0,0,0,0,0,0,0,0,0,0,0,0,0,0,1
60.385996653518525,0.2192071785958265,2.2719927533067388,0.1354775031318338,0.0,111205.26442595923,0.1254216587211159,1.268516,1.199387,0.037449,168.617783,98.807874,0.000579,61.61836393216176,0.0168634777963,0.6376222085439652,14.039627225049514,0.0168634777963,0.6376222085439652,2.339937870841585,0.0168634777963,0.6376222085439652,1.3153163443219589,49.73321176872252,0.9754133413978372,0,0,0,0,0,0,0,1,0,0,0,0,1,0,0,0,0,0,0,1,0,0,0,0,0,0
28.878935481481488,7.6132011141994305,7.272223855665834,1.386937049510096,0.0,153530.67676483814,0.1184031084823093,1.029379,1.371528,2.561866,151.11256799999998,1.135623,0.0,29.468301511715804,0.0068105340637678,0.608734412957322,6.714296546973221,0.0068105340637678,0.608734412957322,1.119049424495537,0.0068105340637678,0.608734412957322,0.2540441408188899,22.70679648301732,0.8342888039400304,1,0,0,1,0,0,0,0,0,0,1,0,0,0,0,0,0,0,0,0,1,0,0,0,0,0
331.15654027939814,3.118570093628314,8.489000380468026,0.6981831353774174,0.0,127237.18555155877,0.1310666802493359,4.104965,1.690565,1.66514,88.41404,1.13531,0.0,337.91483701979405,0.0,0.8858828785073956,76.99325400451004,0.0,0.8858828785073956,12.832209000751671,0.0,0.8858828785073956,0.0,378.92780823981343,0.8534012987855776,2,0,0,0,0,1,0,0,0,0,0,0,1,0,0,1,0,0,0,0,0,0,0,0,0,0
22.89617928657407,0.5155063271522522,3.831466068752664,0.3049531884545045,0.0,109670.66926146582,0.1128604407969424,0.993833,1.073155,1.1649770000000002,138.514812,0.0,0.334924,23.3634482516062,0.0063382986216566,0.6032490191575157,5.323317323150779,0.0063382986216566,0.6032490191575157,0.8872195538584631,0.0063382986216566,0.6032490191575157,0.1874487491775967,17.84047752141622,0.0775212174189519,2,0,0,0,1,0,0,0,0,0,1,0,0,0,0,0,0,0,0,0,0,0,0,0,1,0
29.012230709074075,0.4576542860240959,3.7177579974670776,0.1404318496120347,0.0,101699.99071680156,0.1203308141113614,0.966211,1.378771,0.354552,130.750187,19.306637,2.8000000000000003e-05,29.604317050075583,0.0,0.6088566269990043,6.745287429131146,0.0,0.6088566269990043,1.1242145715218574,0.0,0.6088566269990043,0.0,22.81618306799764,0.8942322759283379,0,0,0,0,0,0,0,1,0,0,0,0,0,1,0,1,0,0,0,0,0,0,0,0,0,0
74.4834689612037,0.3672404499005356,8.283855206103063,4.279385700500269,0.0,154356.75181729617,0.1307671503018704,1.509075,1.402831,0.766201,142.33603100000002,79.452516,0.0,76.00353975633031,0.0363292380665354,0.6505477205772554,17.317262222961336,0.0363292380665354,0.6505477205772554,2.886210370493556,0.0363292380665354,0.6505477205772554,3.4951274553254645,62.58725258770063,0.2517055517244583,0,0,0,0,0,0,0,0,0,1,1,0,0,0,0,0,0,0,0,0,0,0,1,0,0,0
133.6761729298148,0.5363170086479873,2.5568606458979546,0.2767529918564309,0.0,221323.0208333333,0.1380623781995521,1.791866,1.324759,0.325173,159.548839,106.161781,0.0,136.40425809164776,0.0827765527424068,0.7048195780230883,31.079451210755185,0.0827765527424068,0.7048195780230883,5.179908535125864,0.0827765527424068,0.7048195780230883,14.292499068622975,121.69669826418682,0.6196899300944352,0,0,0,0,0,0,0,0,1,0,1,0,0,0,1,0,0,0,0,0,0,0,0,0,0,0
45.48737827777777,0.3921008014636074,1.3212055201581914,0.0777752449025781,0.0,179380.0703125,0.1317586307224038,1.528808,1.134041,0.598188,180.275982,115.884253,0.047479,46.41569212018141,0.0081690849162566,0.6239621518407465,10.575727318522343,0.0081690849162566,0.6239621518407465,1.762621219753724,0.0081690849162566,0.6239621518407465,0.4799667473121372,36.66029763858984,0.3484911247451313,0,0,0,0,0,0,0,1,0,0,1,0,0,0,0,0,0,0,0,0,1,0,0,0,0,0
1.984069,0.5938894250553003,7.956859094633473,5.84029246398585,0.0,176637.9282449041,0.1388597911674913,1.6897509999999998,0.387657,0.222702,559.622931,0.016888,0.0,51.54014766576908,0.041350596185249,0.6285666288821234,11.743324784605612,0.041350596185249,0.6285666288821234,1.9572207974342684,0.041350596185249,0.6285666288821234,2.6977415613358504,41.008122620708,0.3340957235427676,1,0,0,0,1,0,0,0,0,0,0,0,1,0,1,0,0,0,0,0,0,0,0,0,0,0
44.24790577185184,3.890501408839969,7.533577938445752,1.01817180970304,0.0,184622.77819619305,0.13435205174007,1.179761,1.323122,3.09117,149.750091,1.1350129999999998,0.0,45.15092425699167,0.0,0.6228257199726347,10.287552362352532,0.0,0.6228257199726347,1.7145920603920886,0.0,0.6228257199726347,0.0,35.5964011491022,0.4782588976020946,2,0,0,0,0,0,0,1,0,0,0,0,1,0,0,1,0,0,0,0,0,0,0,0,0,0
6.588069,3.526876583373804,10.41084418879996,1.9124059196856384,0.0,169088.3613796463,0.1387876471955713,1.890997,0.403492,0.949884,657.731451,1.0790110000000002,0.0,171.1382260860261,0.0837582664701264,0.736029090285077,38.99351986770215,0.0837582664701264,0.736029090285077,6.498919977950357,0.0837582664701264,0.736029090285077,18.14460904270648,159.44647197354382,0.4374334623864856,2,1,0,0,0,0,0,0,0,0,0,0,1,0,1,0,0,0,0,0,0,0,0,0,0,0
23.08107677282408,2.9692703539804874,5.857581605728296,1.06963533148777,0.0,151024.26254309053,0.1282314524697743,0.992818,1.210475,0.106459,153.908569,1.136467,0.428851,23.552119155942933,0.0063527570886068,0.6034185456251894,5.36630563046801,0.0063527570886068,0.6034185456251894,0.8943842717446682,0.0063527570886068,0.6034185456251894,0.1893935340754808,17.989601882873732,0.1842337241660989,3,0,0,0,0,0,1,0,0,0,0,1,0,0,0,0,0,0,0,0,1,0,0,0,0,0
28.562270214861112,2.3807870575564083,7.443474952551386,1.2373647981410405,0.0,158015.89915879795,0.1308718014606754,1.107734,1.240468,1.123773,147.751878,1.136161,0.0,29.14517368863379,0.0230191681493498,0.6084440729144481,6.6406724860178254,0.0230191681493498,0.6084440729144481,1.1067787476696374,0.0230191681493498,0.6084440729144481,0.8492375365578072,22.44709896824222,0.9130323793127252,3,0,0,0,0,0,1,0,0,0,0,1,0,0,0,0,0,0,0,0,0,0,0,0,1,0
21.318097188935187,1.2651748627209836,4.101794447544381,0.6989511200707021,0.0,243405.0722047362,0.1287547183319104,0.941421,1.344154,0.403246,147.617636,0.013478,0.0,21.75316039687264,0.0310762498331796,0.6018021272114019,4.956416292958323,0.0310762498331796,0.6018021272114019,0.8260693821597204,0.0310762498331796,0.6018021272114019,0.855704616651195,16.57101038026428,0.4213113035685253,2,0,0,1,0,0,0,0,0,0,0,0,1,0,1,0,0,0,0,0,0,0,0,0,0,0
26.080244851111114,0.4167867409739849,7.634382525222193,7.857511834274951,0.0,198423.332790018,0.136272502460068,1.00954,1.326396,0.335383,146.515084,80.599852,0.0,26.61249474603175,0.0435334818134421,0.6061683849041519,6.063606397830019,0.0435334818134421,0.6061683849041519,1.010601066305003,0.0435334818134421,0.6061683849041519,1.4664994380211376,20.41981387148392,0.6101767850463291,0,0,0,0,0,0,0,0,0,1,1,0,0,0,0,0,0,0,0,0,0,0,0,1,0,0
14.798612,0.6818250043929623,4.094804352421841,1.8975319523605512,0.0,174658.28366681654,0.1389653364317022,2.174046,0.307048,0.001317,781.575882,0.0563269999999999,0.0,384.423448845994,0.1593859815882429,0.9276722614915908,87.59015290161888,0.1593859815882429,0.9276722614915908,14.598358816936477,0.1593859815882429,0.9276722614915908,77.55912498716006,451.4164179257723,0.7651742761809087,1,0,0,0,1,0,0,0,0,0,0,1,0,0,1,0,0,0,0,0,0,0,0,0,0,0
32.03912195444445,3.335843103395092,7.04213116437697,0.9441076452783544,0.0,179918.15516336932,0.1390805290185576,1.083298,1.234494,0.148286,151.805844,1.135286,0.484342,32.692981586167804,0.0070636418826988,0.6116318847446194,7.449033779126841,0.0070636418826988,0.6116318847446194,1.241505629854473,0.0070636418826988,0.6116318847446194,0.2923183721548805,25.31148094363158,0.8811019396422439,2,0,0,0,0,0,0,0,1,0,0,0,1,0,0,0,0,0,0,0,1,0,0,0,0,0
57.74203642675925,0.9426596051068614,9.926871680527285,3.9740494958502497,0.0,173957.53791029676,0.131596054408333,1.802772,1.2112120000000002,0.206869,134.894744,71.52372700000001,0.2009,58.92044533342781,0.0460818738749427,0.6351980477454449,13.424911594958234,0.0460818738749427,0.6351980477454449,2.237485265826372,0.0460818738749427,0.6351980477454449,3.436917127228457,47.37487575707032,0.9905381589865958,1,0,0,0,0,0,1,0,0,0,0,1,0,0,0,1,0,0,0,0,0,0,0,0,0,0
59.489105102083336,1.2503729050965615,6.212182646460956,0.9873099121615756,0.0,167707.4804968525,0.1346077332608133,2.097451,1.308883,0.727428,154.200089,1.1796799999999998,0.019947,60.70316847151361,0.0187375672404885,0.6367998779667091,13.831101677053733,0.0187375672404885,0.6367998779667091,2.3051836128422885,0.0187375672404885,0.6367998779667091,1.439784431576827,48.93135477829424,0.213575892079911,1,0,0,0,0,0,0,0,1,0,1,0,0,0,0,0,0,0,1,0,0,0,0,0,0,0
58.92346593824075,1.9602136529035128,10.036281793809335,1.8572124248500064,0.0,168298.42511615707,0.130831371823089,2.023483,1.541583,1.133131,87.62496,1.13564,0.0,60.12598565126608,0.0279580627097304,0.6362812618872321,13.69959166737708,0.0279580627097304,0.6362812618872321,2.28326527789618,0.0279580627097304,0.6362812618872321,2.1278557940790512,48.42663040810277,0.2469107730948069,1,0,0,0,0,1,0,0,0,0,0,0,0,1,0,0,0,1,0,0,0,0,0,0,0,0
42.49905507476852,27.09034154226454,6.2517469798346506,2.097189633251666,0.0,251168.12895308752,0.1344279830815266,1.399563,1.36359,3.965442,140.869683,0.0,0.0,43.36638272935564,0.0650585284138545,0.6212222558738079,9.88094796365065,0.0650585284138545,0.6212222558738079,1.6468246606084416,0.0650585284138545,0.6212222558738079,3.571332965827688,34.10147102305981,0.2763962216348051,3,0,0,1,0,0,0,0,0,0,0,1,0,0,0,0,0,0,0,0,0,0,0,0,0,1
1.218719,3.427681850872452,6.16572146106967,1.435694618905477,0.0,172776.54149805155,0.1386792105343416,1.108494,0.2497219999999999,0.771483,578.427044,0.0,0.19047,31.658655632983752,0.0343009197185828,0.6107025118459048,7.213364574603893,0.0343009197185828,0.6107025118459048,1.2022274291006487,0.0343009197185828,0.6107025118459048,1.3745835509686544,24.47344369206036,0.7026690776836337,2,1,0,0,0,0,0,0,0,0,1,0,0,0,1,0,0,0,0,0,0,0,0,0,0,0
0.888868,6.705382050370141,8.025232387103623,1.4943381010485497,0.0,167723.49801408872,0.1387838027317175,0.754011,0.363842,0.500346,509.927925,1.059705,0.0,23.090118325207865,0.0312626459455296,0.603003424018749,5.261039618401791,0.0312626459455296,0.603003424018749,0.8768399364002986,0.0312626459455296,0.603003424018749,0.9137445494194418,17.62458279885874,0.6876635166421908,3,1,0,0,0,0,0,0,0,0,1,0,0,0,1,0,0,0,0,0,0,0,0,0,0,0
80.86521982800926,1.1611118350955223,7.551137418198071,0.849326575188328,0.0,123317.59142685852,0.125264296125022,1.51929,1.429223,2.321028,130.268068,1.1371129999999998,0.0,82.51553043674414,0.0,0.6563989395633277,18.80100693495436,0.0,0.6563989395633277,3.1335011558257264,0.0,0.6563989395633277,0.0,68.56089452681563,0.8150827403722816,1,0,0,1,0,0,0,0,0,0,0,0,0,1,0,1,0,0,0,0,0,0,0,0,0,0
45.69875151587963,0.9856017404894748,10.277619452213498,2.003774107788964,0.0,181577.5371327937,0.1401654148487736,1.557064,1.278154,0.3149969999999999,103.095045,1.136835,0.4652439999999999,46.63137909783636,0.040934130183188,0.6241559530607789,10.62487118684879,0.040934130183188,0.6241559530607789,1.770811864474798,0.040934130183188,0.6241559530607789,2.4162214463448457,36.84209223208676,0.4170208275362125,1,0,0,0,0,0,0,0,1,0,0,0,1,0,0,1,0,0,0,0,0,0,0,0,0,0
21.03119168569444,0.3449295805655509,1.4816384902960962,0.0898904040929296,0.0,141364.67153776978,0.126885786393492,0.701411,1.158019,0.060873,185.732969,170.960012,1.1e-05,21.46039967928004,0.0123858936206776,0.6015390729238235,4.8897113193296295,0.0123858936206776,0.6015390729238235,0.8149518865549381,0.0123858936206776,0.6015390729238235,0.3364635790946683,16.340846743859284,0.1383892771551708,0,0,0,0,0,0,0,0,1,0,1,0,0,0,0,0,0,0,1,0,0,0,0,0,0,0
24.348196073472224,54.72396068214227,4.835495649195975,1.487871081851941,0.0,154576.67369229617,0.1332739149745133,1.05229,1.181055,1.366527,178.91207,0.370591,0.0,24.84509803415533,0.0322603784814604,0.6045803259366296,5.660908412845519,0.0322603784814604,0.6045803259366296,0.9434847354742528,0.0322603784814604,0.6045803259366296,1.014572488596,19.01374362964196,0.8101100772131279,3,0,0,0,0,0,0,0,0,1,0,0,1,0,0,0,0,0,0,0,0,1,0,0,0,0
10.873845860092594,6.32166807578622,6.399009205454545,2.056985050368366,0.0,254824.85798860912,0.1401004115347382,0.7142149999999999,1.193658,1.7880080000000005,163.382432,0.0,0.425871,11.095761081727137,0.0530846840169554,0.5922261342047642,2.52814809457074,0.0530846840169554,0.5922261342047642,0.4213580157617899,0.0530846840169554,0.5922261342047642,0.7455885708241986,8.317974293026499,0.4303626184697824,3,0,0,0,1,0,0,0,0,0,0,0,1,0,0,0,0,0,0,0,0,0,0,1,0,0
43.6481790775,1.6631816922903633,9.992553213517445,1.4797005363219649,0.0,139923.18061488308,0.1304319244530275,1.2160540000000002,1.374925,1.39865,128.89101599999998,1.136526,0.0,44.53895824234694,0.0160303889578543,0.6222758501494959,10.148117067876518,0.0160303889578543,0.6222758501494959,1.6913528446460862,0.0160303889578543,0.6222758501494959,0.9037681321550044,35.08293431016372,0.8396980088764218,1,0,0,0,0,0,1,0,0,0,0,0,0,1,0,0,0,0,1,0,0,0,0,0,0,0
30.34678680458333,4.187756038684068,8.933828539127926,1.3494363883130556,0.0,190489.835918765,0.1373543792026792,1.014129,1.230402,0.234051,152.10891,1.137072,0.557894,30.96610898426871,0.03463891534976,0.6100802379056349,7.055569135656162,0.03463891534976,0.6100802379056349,1.175928189276027,0.03463891534976,0.6100802379056349,1.3577625668576294,23.9136849824487,0.1261382750971019,3,0,0,0,0,0,1,0,0,0,0,0,0,1,0,0,0,0,0,0,1,0,0,0,0,0
32.26885001666667,0.2046533078848601,1.5943122381786647,0.1132921158990485,0.0,101083.98143360313,0.1281652508004249,0.906232,1.186702,0.366851,176.108562,83.867122,0.014461,32.92739797619048,0.0,0.6118425149035464,7.502445108499096,0.0,0.6118425149035464,1.2504075180831824,0.0,0.6118425149035464,0.0,25.50174935061053,0.8020400625543207,0,0,0,0,0,0,1,0,0,0,1,0,0,0,0,1,0,0,0,0,0,0,0,0,0,0
33.260468753333335,10.070980652344884,7.221308653303187,1.4279576737246067,0.0,188769.43552345625,0.128361874275642,1.160102,1.328155,3.063446,144.161428,0.0,0.0,33.93925382993198,0.0358107086667699,0.6127516977438088,7.732994543528805,0.0358107086667699,0.6127516977438088,1.2888324239214672,0.0358107086667699,0.6127516977438088,1.5384667484446186,26.32447519550492,0.075054816129588,2,0,0,0,1,0,0,0,0,0,1,0,0,0,0,0,1,0,0,0,0,0,0,0,0,0
21.408751181574075,2.58727996455108,12.168315178484654,2.0239515218803352,0.0,159421.68716276978,0.1321897359846307,0.8424969999999999,1.156382,1.938557,149.22503600000002,1.136822,0.0,21.84566447099396,0.0211091577472356,0.6018852448971221,4.977493170606218,0.0211091577472356,0.6018852448971221,0.8295821951010361,0.0211091577472356,0.6018852448971221,0.5837260473561945,16.643776088689314,0.5168050495225356,0,0,0,0,0,0,1,0,0,0,0,1,0,0,0,0,0,0,0,0,0,0,0,0,1,0
8.434639933472221,0.2583160066633201,2.6521554412029915,0.2300622187894311,0.0,129276.7157805006,0.1191889414434238,0.6626380000000001,1.220541,0.4121609999999999,171.839279,1.135239,0.116514,8.606775442318593,0.0157029543197066,0.5899897059381864,1.961037442553604,0.0157029543197066,0.5899897059381864,0.3268395737589338,0.0157029543197066,0.5899897059381864,0.1710782298869639,6.42773280036652,0.1006710933577694,2,0,0,0,0,0,1,0,0,0,0,1,0,0,0,0,0,1,0,0,0,0,0,0,0,0
332.39237236944444,0.2376148022657675,1.872011502297948,0.1961360584846217,0.0,139708.3354597572,0.1203655597153041,3.09171,1.58692,0.214823,123.008118,1.915933,0.0,339.1758901729025,0.0761927121196581,0.8870159725970581,77.28058257104107,0.0761927121196581,0.8870159725970581,12.880097095173513,0.0761927121196581,0.8870159725970581,32.71231766819337,380.8283950673292,0.1052648339042918,1,0,0,1,0,0,0,0,0,0,0,1,0,0,0,0,0,0,0,1,0,0,0,0,0,0
18.84958973310185,30.45118950826409,7.5957217816826255,1.5882947703631376,0.0,165824.88286870503,0.1338496119391432,0.905266,1.255935,0.18344,140.26384299999998,0.371228,0.2704539999999999,19.23427523785904,0.0301201947905962,0.5995388333294734,4.382493092170413,0.0301201947905962,0.5995388333294734,0.7304155153617353,0.0301201947905962,0.5995388333294734,0.7333419200256397,14.597082197524031,0.3631844906184157,2,0,0,0,0,0,1,0,0,0,1,0,0,0,0,0,0,0,0,1,0,0,0,0,0,0
64.5725512874537,3.682948712822345,8.61962518417578,1.2809988326020092,0.0,135047.2931373651,0.1301507071482477,2.229146,1.474969,0.535802,99.678246,1.136157,0.0,65.89035845658542,0.0196333055705225,0.6414607237839957,15.012993066057437,0.0196333055705225,0.6414607237839957,2.5021655110095726,0.0196333055705225,0.6414607237839957,1.637526002189124,53.50136332398507,0.3482758440869048,2,0,0,0,0,1,0,0,0,0,0,0,1,0,0,0,0,0,1,0,0,0,0,0,0,0
22.319771619814816,0.2338234110415982,2.1871453204886806,0.1467949400881497,0.0,114278.03071605216,0.129029562031265,0.741704,1.152617,0.392442,181.726889,100.450029,0.019733,22.775277163076343,0.0,0.602720529789339,5.189303657409799,0.0,0.602720529789339,0.8648839429016332,0.0,0.602720529789339,0.0,17.37611027573216,0.8700650192600253,0,0,0,1,0,0,0,0,0,0,0,1,0,0,0,1,0,0,0,0,0,0,0,0,0,0
0.980059,0.3574443918337925,2.354519828189192,0.2598562604017395,0.0,164680.47114808153,0.1389933862060094,0.705425,0.567409,1.281253,367.542958,158.305529,0.0,25.45898634632464,0.0321026107285331,0.6051319230017631,5.800781699162576,0.0321026107285331,0.6051319230017631,0.9667969498604292,0.0321026107285331,0.6051319230017631,1.0345568711634188,19.501323247376025,0.7267332801136518,0,0,1,0,0,0,0,0,0,0,0,0,1,0,1,0,0,0,0,0,0,0,0,0,0,0
1.03298,5.93330305371639,8.405300880221725,1.4313975817007984,0.0,172520.81336181055,0.1382192177095001,0.8760690000000001,0.282702,1.005628,604.255242,5.273912,0.257522,26.83371482331821,0.0325900686605805,0.6063671577801961,6.114010972401618,0.0325900686605805,0.6063671577801961,1.019001828733603,0.0325900686605805,0.6063671577801961,1.1069779854561743,20.596308088733903,0.9931408244015436,3,0,1,0,0,0,0,0,0,0,0,0,1,0,1,0,0,0,0,0,0,0,0,0,0,0
21.429855410694444,1.546678716973435,11.548092599681242,4.950124470735911,0.0,252297.406268735,0.1380324712295612,0.972114,1.138869,0.0610039999999999,183.663054,110.752563,0.035949,21.8671993986678,0.0511296947134889,0.6019045946756849,4.9823998629876,0.0511296947134889,0.6019045946756849,0.8303999771645999,0.0511296947134889,0.6019045946756849,1.415269910750474,16.66071872246522,0.3463993751190283,0,0,0,0,1,0,0,0,0,0,0,0,1,0,0,0,0,0,0,0,0,0,0,1,0,0
6.547937124583335,1.261020815058006,10.113962810388283,4.205365080770543,0.0,222476.57383468223,0.132105972072918,0.619636,1.144393,0.094982,187.58777,112.239324,0.000745,6.681568494472791,0.0336599400356952,0.5882598497393386,1.5223826949431676,0.0336599400356952,0.5882598497393386,0.2537304491571945,0.0336599400356952,0.5882598497393386,0.2846850567953735,4.975314529850206,0.6878414741641137,0,0,0,0,1,0,0,0,0,0,0,0,1,0,0,0,0,0,0,0,0,0,0,0,0,1
1.08923,5.061594155766695,9.096515258725027,1.6886794216913,0.0,168272.8764238609,0.138645686066265,0.871758,0.373212,0.8617379999999999,552.5511309999999,1.114374,0.0,28.29492071192365,0.0331081901752469,0.6076800951072847,6.446943959678808,0.0331081901752469,0.6076800951072847,1.074490659946468,0.0331081901752469,0.6076800951072847,1.1858147037011426,21.76488621427196,0.8292929290570764,3,0,1,0,0,0,0,0,0,0,0,0,1,0,1,0,0,0,0,0,0,0,0,0,0,0
1.055101,1.848831887439572,7.876183751103976,1.900398026696212,0.0,168214.56907598922,0.1385592785384729,0.955894,0.34191,0.145143,528.308176,0.913565,0.005271,27.40835189819539,0.0327938262788193,0.6068834864310855,6.2449409388293295,0.0327938262788193,0.6068834864310855,1.040823489804888,0.0327938262788193,0.6068834864310855,1.1377528237192018,21.055286275072,0.3985911046635786,2,0,1,0,0,0,0,0,0,0,0,0,1,0,1,0,0,0,0,0,0,0,0,0,0,0
57.89299912722222,0.9567125280626672,5.564988979046865,0.8279602468656979,0.0,117110.21635660222,0.1103140769048417,1.6417389999999998,1.373492,2.362251,147.331313,1.135279,5.2e-05,59.07448890532879,0.0164746819964003,0.635336460516105,13.46001013032808,0.0164746819964003,0.635336460516105,2.243335021721346,0.0164746819964003,0.635336460516105,1.2319410364749022,47.509084415075336,0.6647483255718074,3,0,0,0,1,0,0,0,0,0,0,0,1,0,0,0,0,0,0,0,0,1,0,0,0,0
23.54656631379629,0.5638030032388313,8.140064148880024,7.451900576444553,0.0,198631.4670263789,0.132160599068772,1.01413,1.274389,0.655096,166.576267,114.365781,0.000274,24.027108483465607,0.0319459773944888,0.6038453377856483,5.4745310468655815,0.0319459773944888,0.6038453377856483,0.9124218411442634,0.0319459773944888,0.6038453377856483,0.9716069170477524,18.36538916229204,0.6246813930849359,0,0,0,0,0,0,0,0,0,1,1,0,0,0,1,0,0,0,0,0,0,0,0,0,0,0
81.82756249291667,4.85172432818287,8.547455613847545,1.4788349195064114,0.0,203192.1993405276,0.1297063688329941,1.453091,1.356348,1.6782689999999998,143.291404,1.464928,0.0,83.49751274787415,0.0569288968160413,0.6572812801293473,19.02474974002196,0.0569288968160413,0.6572812801293473,3.1707916233369926,0.0569288968160413,0.6572812801293473,6.016988971670667,69.47006590701167,0.3732397299428778,1,0,0,0,0,0,1,0,0,0,0,0,1,0,1,0,0,0,0,0,0,0,0,0,0,0
23.75078600740741,3.566234562322676,14.433911600273005,3.947396178611463,0.0,288822.57851843524,0.1321764069942118,0.7263029999999999,1.075733,0.363265,193.910532,127.521184,0.0,24.235495925925928,0.0576467918119988,0.6040325801543222,5.522011729957806,0.0576467918119988,0.6040325801543222,0.920335288326301,0.0576467918119988,0.6040325801543222,1.7684792254460722,18.530416627160257,0.647110861191413,0,0,0,1,0,0,0,0,0,0,1,0,0,0,0,0,0,0,0,0,0,0,0,0,0,1
1.218169,0.9550318331357172,7.173789257625882,1.423369293447307,0.0,161315.71148081534,0.1392179497783418,0.861692,0.626004,0.02104,357.388756,0.0,1e-06,31.644368286517384,0.0342958536415505,0.6106896742364845,7.210109229839404,0.0342958536415505,0.6106896742364845,1.2016848716399005,0.0342958536415505,0.6106896742364845,1.3737602827009174,24.46188475988942,0.8750615014328472,2,1,0,0,0,0,0,0,0,0,1,0,0,0,1,0,0,0,0,0,0,0,0,0,0,0
60.74573593180555,3.2696102643184526,7.1731732411922025,1.260495148116736,0.0,195226.4123576139,0.1368099486084579,2.093455,1.481147,0.273767,102.292835,1.135835,0.0,61.98544482837301,0.0379155482063368,0.637952041741638,14.123265910262203,0.0379155482063368,0.637952041741638,2.3538776517103672,0.0379155482063368,0.637952041741638,2.97495205250811,50.05536846395471,0.1333368951539317,2,0,0,0,0,0,1,0,0,0,0,0,0,1,0,0,1,0,0,0,0,0,0,0,0,0
31.004658323194448,4.670669034230623,6.808584524859056,1.7364961950899027,0.0,205626.3641430605,0.1208459768953512,1.067927,1.362649,2.029374,151.976043,1.017031,0.0,31.63740645223924,0.0349025496863284,0.6106834188195305,7.208522989117799,0.0349025496863284,0.6106834188195305,1.2014204981862997,0.0349025496863284,0.6106834188195305,1.397754621070695,24.45625257574244,0.1164311300087491,3,0,0,0,1,0,0,0,0,0,0,1,0,0,1,0,0,0,0,0,0,0,0,0,0,0
27.53152337185185,3.82392538108414,7.490374362726006,1.0347048297202843,0.0,131422.74256220023,0.1298105693388757,0.864176,1.256344,2.706815,166.871442,1.134409,0.0,28.0933911957672,0.0067033867422086,0.6074990147911327,6.401025842073539,0.0067033867422086,0.6074990147911327,1.0668376403455897,0.0067033867422086,0.6074990147911327,0.238380843146059,21.60342718173475,0.6181047017324958,3,0,0,0,0,0,1,0,0,0,0,0,1,0,0,0,0,0,0,0,1,0,0,0,0,0
54.40156026666666,0.9713837047703832,10.5938623574712,3.978116854775152,0.0,217002.9973583633,0.1369628000566713,1.896181,1.381553,1.0120870000000002,87.183981,1.136842,0.442005,55.51179619047618,0.0446355903637052,0.6321352742310286,12.648257359855332,0.0446355903637052,0.6321352742310286,2.108042893309222,0.0446355903637052,0.6321352742310286,3.1364579684956846,44.418942415093206,0.3098380811976484,2,0,0,1,0,0,0,0,0,0,0,0,0,1,1,0,0,0,0,0,0,0,0,0,0,0
1.150811,0.325419098639088,3.543904794777612,0.5726085583940684,0.0,164872.92256819544,0.1389682868080173,0.969062,0.458035,0.8658959999999999,431.166806,171.307536,0.0,29.894609953278536,0.03367541579293,0.6091174638813194,6.811430115936881,0.03367541579293,0.6091174638813194,1.1352383526561467,0.03367541579293,0.6091174638813194,1.274320784992558,23.0497835423573,0.7498981074774508,0,0,0,1,0,0,0,0,0,0,0,0,1,0,1,0,0,0,0,0,0,0,0,0,0,0
32.43317788032407,3.858539538417789,9.32647467459992,1.3232276939945542,0.0,186193.185907524,0.1346111308327681,0.974924,1.2480790000000002,2.893002,149.231287,1.134429,0.0,33.095079469718435,0.0070953805643381,0.6119931817559261,7.540651018416859,0.0070953805643381,0.6119931817559261,1.256775169736143,0.0070953805643381,0.6119931817559261,0.2972432704362857,25.63792782928888,0.5533174602623647,2,0,0,1,0,0,0,0,0,0,0,0,0,1,0,0,0,0,0,0,1,0,0,0,0,0
29.516568324398147,2.1356730784157767,8.99591522994373,1.201021579100931,0.0,135959.31920713428,0.1295027199337522,0.886078,1.315266,2.462762,144.050084,1.136801,0.0,30.118947269794027,0.0068613997309478,0.609319037690328,6.862544947548006,0.0068613997309478,0.609319037690328,1.1437574912580009,0.0068613997309478,0.609319037690328,0.2615925780929072,23.23044046414763,0.3378044071740702,1,0,0,0,0,0,1,0,0,0,0,0,0,1,0,0,0,0,0,0,1,0,0,0,0,0
21.470154559907403,8.548832179259339,7.844926786651428,1.4004969925617428,0.0,197699.49977517987,0.133228538857161,0.709203,1.169066,0.699539,167.822118,1.136763,0.0,21.90832097949735,0.0249083156382441,0.6019415436497078,4.991769337100662,0.0249083156382441,0.6019415436497078,0.8319615561834436,0.0249083156382441,0.6019415436497078,0.6907587013433991,16.693074112875838,0.7990715314073001,3,0,0,0,0,0,0,1,0,0,0,1,0,0,0,0,1,0,0,0,0,0,0,0,0,0
33.17757928407408,0.5499024724217055,2.665333164967507,0.3867689300712635,0.0,168775.40049835132,0.1229293684093214,1.2235790000000002,1.311706,0.37278,129.63221399999998,7.112562,0.018605,33.8546727388511,0.0357772242292558,0.6126756990960398,7.713722902523036,0.0357772242292558,0.6126756990960398,1.285620483753839,0.0357772242292558,0.6126756990960398,1.5331977440328484,26.255614288535742,0.7622262799407683,2,0,0,0,0,0,1,0,0,0,1,0,0,0,1,0,0,0,0,0,0,0,0,0,0,0
46.06518610449075,6.715526350968176,8.809930027245903,1.5785175783456944,0.0,197269.52068345324,0.1386949028507125,1.5475290000000002,1.4520959999999998,1.000107,134.22136799999998,1.134997,0.0,47.00529194335791,0.0410880436572136,0.6244919249698654,10.710066518739776,0.0410880436572136,0.6244919249698654,1.785011086456629,0.0410880436572136,0.6244919249698654,2.444753781631348,37.15750031579505,0.0741677918294277,3,0,0,0,0,1,0,0,0,0,0,0,1,0,1,0,0,0,0,0,0,0,0,0,0,0
51.37589097907408,0.3098802456198979,3.4279766717403053,1.6790300353611116,0.0,158171.77720792117,0.122847745574707,1.51905,1.447963,0.252854,129.075372,0.013486,0.0,52.4243785500756,0.0433378231425152,0.6293611368585994,11.944795112675452,0.0433378231425152,0.6293611368585994,1.9907991854459084,0.0433378231425152,0.6293611368585994,2.8758967670372764,41.764387953647024,0.3576261024250952,1,0,0,0,0,0,1,0,0,0,0,0,1,0,1,0,0,0,0,0,0,0,0,0,0,0
58.93947867662038,0.7093408122051248,9.073327110253937,1.1208324489547763,0.0,115764.99180343225,0.1188342367484272,1.881504,1.347346,0.64775,148.351415,46.242917,0.004147,60.14232518022488,0.0093207524216305,0.6362959434441874,13.70331459802592,0.0093207524216305,0.6362959434441874,2.283885766337653,0.0093207524216305,0.6362959434441874,0.7095844595773041,48.44090828035228,0.895139836205351,0,0,0,0,0,0,1,0,0,0,0,0,0,1,0,0,0,0,0,0,0,0,1,0,0,0
223.7639408834259,0.2599715683028566,1.5284143692012029,0.1734166348205624,0.0,117388.9331253747,0.1193893607035815,2.296539,1.187234,0.229884,183.362439,85.966318,0.0,228.3305519218632,0.0543193030812717,0.7874181108183517,52.02468271637388,0.0543193030812717,0.7874181108183517,8.67078045272898,0.0543193030812717,0.7874181108183517,15.699691712098398,227.5843187802849,0.2409675480143466,0,0,0,0,0,0,0,1,0,0,0,0,1,0,0,0,0,0,1,0,0,0,0,0,0,0
42.62631688583333,5.970760497257864,8.824912377684523,1.5781182864015335,0.0,198291.36059277577,0.1280591718459443,1.290192,1.368255,4.214885,128.526028,0.0,0.0,43.496241720238096,0.0396503179883261,0.6213389380728855,9.910536088155515,0.0396503179883261,0.6213389380728855,1.6517560146925856,0.0396503179883261,0.6213389380728855,2.183088374056376,34.21001093748643,0.5125272302361618,1,0,0,0,1,0,0,0,0,0,0,0,1,0,0,0,0,1,0,0,0,0,0,0,0,0
57.87286228134258,0.9353436610753016,6.782671481299458,0.8696618265242314,0.0,91750.54371346672,0.1164399331582964,1.608234,1.417602,0.443643,129.536122,8.349649000000001,0.091182,59.0539411034108,0.0092277607908994,0.6353179976996477,13.455328352675878,0.0092277607908994,0.6353179976996477,2.2425547254459794,0.0092277607908994,0.6353179976996477,0.689791952230556,47.49117926340744,0.7002175100694159,0,0,0,0,0,0,1,0,0,0,0,0,1,0,0,0,0,0,0,0,1,0,0,0,0,0
193.8145703886112,1.7998537015285996,10.40455688389657,1.9904066861676368,0.0,191618.80129646283,0.1213289913174202,4.132184,1.586675,0.43618,80.872922,9.346591,0.0,197.7699697842971,0.1170288778429932,0.7599585109502844,45.06151210275124,0.1170288778429932,0.7599585109502844,7.510252017125206,0.1170288778429932,0.7599585109502844,29.297212196074643,190.24933132652805,0.2158250391727398,1,0,0,0,1,0,0,0,0,0,1,0,0,0,1,0,0,0,0,0,0,0,0,0,0,0
75.66825885657407,2.704745607982151,5.408076227997705,1.2510724262082034,0.0,173721.47647819246,0.1263098076378984,1.728768,1.461261,1.5685870000000002,108.830012,1.136763,0.0,77.21250903732049,0.0540849889985926,0.6516340157453036,17.592723578123653,0.0540849889985926,0.6516340157453036,2.932120596353942,0.0540849889985926,0.6516340157453036,5.28612367321166,63.68898396172113,0.6022283552190314,3,0,0,0,0,0,0,0,0,1,0,0,1,0,1,0,0,0,0,0,0,0,0,0,0,0
24.075063052685184,2.4008752585029143,7.481121596100805,0.9442249449322836,0.0,126574.88129496404,0.1246126459585391,0.798986,1.325659,0.587608,144.501336,1.137095,0.0,24.566390870086924,0.0,0.6043298991884992,5.5974055147033495,0.0,0.6043298991884992,0.9329009191172248,0.0,0.6043298991884992,0.0,18.792663946765693,0.1995947310351576,2,0,0,0,0,0,0,1,0,0,1,0,0,0,0,1,0,0,0,0,0,0,0,0,0,0
109.09012786638893,10.216886369294846,12.551363027924827,2.7310662341060685,0.0,185887.8184389988,0.1355288396064612,1.766845,1.486549,1.684447,117.801542,0.0134949999999999,0.0,111.3164570065193,0.0700946989766328,0.6822774361140678,25.36324336857401,0.0700946989766328,0.6822774361140678,4.227207228095669,0.0700946989766328,0.6822774361140678,9.876827272173747,96.13760365026565,0.1959517452162132,3,0,0,0,0,0,1,0,0,0,0,0,1,0,1,0,0,0,0,0,0,0,0,0,0,0
27.74671522800926,0.4804418956061347,2.3642838793121084,0.2529000587386193,0.0,180237.7574565348,0.1381425687627826,0.8990090000000001,1.065217,0.327081,184.621936,76.414785,0.042812,28.31297472245843,0.0336023403289783,0.6076963171773705,6.451057531699389,0.0336023403289783,0.6076963171773705,1.0751762552832314,0.0336023403289783,0.6076963171773705,1.204281281455454,21.779355021739207,0.5071754594565856,0,0,0,0,0,1,0,0,0,0,0,0,1,0,1,0,0,0,0,0,0,0,0,0,0,0
115.25080620523148,1.426852529283336,7.395170832709443,1.0736927513024217,0.0,96032.53803207434,0.1076182577071144,1.818724,1.52002,1.6515259999999998,108.051824,0.1452,0.001097,117.602863474726,0.0146400931047653,0.6879259609179456,26.795589146140102,0.0146400931047653,0.6879259609179456,4.465931524356683,0.0146400931047653,0.6879259609179456,2.1793884438696147,102.40767450956056,0.6191374978652067,0,0,0,1,0,0,0,0,0,0,0,0,1,0,0,0,0,0,0,0,0,0,0,0,1,0
58.230692250601855,38.98110137125857,6.481729749867099,2.4454586594510705,0.0,163132.63514969274,0.1231773203457716,1.640313,1.447267,1.505435,125.01686200000002,0.01348,0.0,59.419073725103935,0.0462946278883655,0.6356460803142177,13.538523127238872,0.0462946278883655,0.6356460803142177,2.2564205212064783,0.0462946278883655,0.6356460803142177,3.482004946297528,47.80949532818208,0.5180134435474697,3,0,0,0,0,0,1,0,0,0,0,0,1,0,1,0,0,0,0,0,0,0,0,0,0,0
52.36323286351851,4.189760561127939,7.164638323749569,2.511028518994077,0.0,217221.55039718223,0.1265124104720511,1.063444,1.271811,1.215843,157.92025,0.920742,0.0,53.43187026889644,0.0437600362891751,0.6302663983927115,12.17435018784982,0.0437600362891751,0.6302663983927115,2.0290583646416365,0.0437600362891751,0.6302663983927115,2.95972225565241,42.62824358704299,0.8046808459867999,3,0,0,1,0,0,0,0,0,0,0,0,1,0,1,0,0,0,0,0,0,0,0,0,0,0
19.268568506157408,6.6448131651043605,6.809552708403956,1.7024269628581954,0.0,233292.02508618103,0.1341884736802509,0.638634,1.011532,0.450798,172.464048,1.137046,0.0,19.661804598119804,0.0302819209222586,0.5999229812855486,4.479904845141221,0.0302819209222586,0.5999229812855486,0.7466508075235367,0.0302819209222586,0.5999229812855486,0.7536673569989437,14.931099280959415,0.5458203496659028,3,0,0,0,0,0,0,1,0,0,1,0,0,0,1,0,0,0,0,0,0,0,0,0,0,0
1.315373,9.611330907693583,10.124372293623232,2.1293461571494454,0.0,175658.91617955634,0.138961836320462,1.0438379999999998,0.40165,0.473951,565.227603,0.0,0.006448,34.169435970001885,0.0351912044630908,0.6129585233021257,7.785441107089037,0.0351912044630908,0.6129585233021257,1.2975735178481729,0.0351912044630908,0.6129585233021257,1.522105832416235,26.511958245872016,0.0044294556131878,3,0,1,0,0,0,0,0,0,0,1,0,0,0,1,0,0,0,0,0,0,0,0,0,0,0
98.8708440559259,3.402787102212151,9.676031373387618,1.69823314831983,0.0,177548.5495166367,0.1306972462031767,1.506854,1.445917,2.6455,128.87004,1.137106,0.0,100.88861638359786,0.0650490596871766,0.6729077084791542,22.98727968233875,0.0650490596871766,0.6729077084791542,3.831213280389792,0.0650490596871766,0.6729077084791542,8.307227378345981,85.93509830673328,0.4039893955500722,1,0,0,1,0,0,0,0,0,0,1,0,0,0,0,0,1,0,0,0,0,0,0,0,0,0
2.392626,1.6290662258649045,7.595575589927838,2.1183055506335746,0.0,167590.09433078536,0.138586658242938,1.511067,0.439295,0.278871,572.532559,0.33137,0.0,62.15323022987529,0.0451138347926727,0.6381028019584498,14.161495495414623,0.0451138347926727,0.6381028019584498,2.3602492492357703,0.0451138347926727,0.6381028019584498,3.549329823318412,50.20272197525576,0.5290435809079349,2,1,0,0,0,0,0,0,0,0,1,0,0,0,1,0,0,0,0,0,0,0,0,0,0,0
34.71879898875,2.4529815500588725,9.039849778731092,1.396325871669989,0.0,173373.62915917265,0.1310828082460007,1.176145,1.329424,2.340041,150.33629,1.13475,0.0,35.42734590688776,0.0145604994567176,0.6140887931177158,8.072053497771893,0.0145604994567176,0.6140887931177158,1.345342249628649,0.0145604994567176,0.6140887931177158,0.6529618364939076,27.538653280157657,0.5013617294112908,1,0,0,1,0,0,0,0,0,0,1,0,0,0,0,0,0,0,1,0,0,0,0,0,0,0
329.8121321493056,3.0217139071983685,5.1399726821936005,1.0969183971698908,0.0,117578.83211555755,0.1335121215158086,4.418647,1.536428,1.11063,123.884055,1.137023,0.0,336.54299198908734,0.0754724893243863,0.8846502345919547,76.68068171903256,0.0754724893243863,0.8846502345919547,12.780113619838758,0.0754724893243863,0.8846502345919547,32.1515662912575,376.86435039673984,0.8275463083274934,1,0,0,0,0,0,1,0,0,0,0,0,1,0,0,0,0,0,0,1,0,0,0,0,0,0
50.88970452824074,1.4191326560448114,6.9669969522124,1.0404522276039032,0.0,172168.0364208633,0.1249283282019251,1.7450330000000005,1.398821,0.492797,132.606997,1.135522,0.046209,51.92826992677627,0.0258782229435602,0.6289153683773062,11.831757704835098,0.0258782229435602,0.6289153683773062,1.971959617472516,0.0258782229435602,0.6289153683773062,1.701027020555053,41.33985697492999,0.8840051209724652,1,0,0,0,0,0,0,1,0,0,1,0,0,0,0,0,0,1,0,0,0,0,0,0,0,0
27.42989721666667,0.384740223808826,2.690717423276649,0.1862495293666561,0.0,149043.40306504795,0.1295175040029078,0.832501,1.077574,0.310011,197.761217,130.029191,0.001214,27.98969103741497,0.0133906480577556,0.6074058370878485,6.377397957892018,0.0133906480577556,0.6074058370878485,1.0628996596486695,0.0133906480577556,0.6074058370878485,0.4744305087687861,21.52038191697632,0.5498764478527072,0,0,0,0,0,0,0,0,1,0,0,0,1,0,0,0,0,0,1,0,0,0,0,0,0,0
34.71905356328704,5.047914364640947,9.234476150082742,1.6101837441217983,0.0,183302.0588654077,0.1375697416474493,1.167957,1.358557,0.3593679999999999,142.108425,1.134997,0.0,35.42760567682351,0.0218408111792378,0.6140890265287962,8.07211268585852,0.0218408111792378,0.6140890265287962,1.345352114309753,0.0218408111792378,0.6140890265287962,0.9794527166075926,27.538865673831143,0.6624645150492419,3,0,0,0,0,1,0,0,0,0,0,0,1,0,0,0,0,1,0,0,0,0,0,0,0,0
37.90227903185185,1.4579929814135717,8.341382168465667,0.9314572249385092,0.0,52681.70600784997,0.0934955504291849,1.3367209999999998,1.266124,1.511528,134.143259,0.0,0.0,38.675794930461066,0.0015079899499215,0.6170076220188672,8.812206439851888,0.0015079899499215,0.6170076220188672,1.468701073308648,0.0015079899499215,0.6170076220188672,0.0738262152662824,30.206658556624227,0.2161450807057836,1,0,0,0,1,0,0,0,0,0,0,0,1,0,0,0,0,0,0,0,0,0,1,0,0,0
35.556069183611115,0.5724442208127724,2.462813540328321,0.1593378397325674,0.0,189427.42700839328,0.1337580617597634,1.076113,1.147339,0.146944,179.029952,158.36574299999998,0.002591,36.28170324858277,0.0073483028361797,0.614856458819949,8.266717195879618,0.0073483028361797,0.614856458819949,1.3777861993132696,0.0073483028361797,0.614856458819949,0.3374796745354348,28.23802478402512,0.1464945154900956,0,0,0,0,0,0,0,1,0,0,1,0,0,0,0,0,0,0,0,0,1,0,0,0,0,0
1.984976,3.0342910284046933,10.570186378286897,2.097751066410284,0.0,169366.29166666666,0.1385451349423086,1.221413,0.408361,1.2779200000000002,569.070167,1.3948120000000002,0.0,51.5637087989418,0.0413589506068277,0.6285877992671132,11.748693144062688,0.0413589506068277,0.6285877992671132,1.958115524010448,0.0413589506068277,0.6285877992671132,2.699520108000357,41.02825093161659,0.9268293673133444,3,0,0,0,1,0,0,0,0,0,0,1,0,0,1,0,0,0,0,0,0,0,0,0,0,0
105.545279267963,10.86118026690812,5.331360347551121,1.4647374955012644,0.0,214177.4470080186,0.1358960357894428,2.533259,1.565766,3.07185,97.048325,0.0,0.0,107.69926455914592,0.1229930417765771,0.6790272801843293,24.53907293752692,0.1229930417765771,0.6790272801843293,4.089845489587819,0.1229930417765771,0.6790272801843293,16.767417905354012,92.57055530563213,0.6824122380513831,3,0,0,0,0,0,1,0,0,0,0,0,1,0,0,0,0,0,0,0,0,0,0,0,0,1
15.309145274166662,5.0613450478020905,8.957853254368551,2.227970082554028,0.0,185592.7768472721,0.1374680507990668,0.813519,1.20356,0.799134,163.014304,1.088504,0.0,15.621576810374146,0.0287624725859701,0.5962927154114255,3.559346615021957,0.0287624725859701,0.5962927154114255,0.5932244358369928,0.0287624725859701,0.5962927154114255,0.5687533857696374,11.791180323121717,0.7117506350849341,3,0,0,1,0,0,0,0,0,0,0,0,1,0,1,0,0,0,0,0,0,0,0,0,0,0
120.73072677458332,0.7710973908432381,6.035301384022482,0.6989048240567854,0.0,51590.96683902878,0.0910055969643006,2.272602,1.553204,0.2597,93.317323,51.226017,0.000162,123.19461915773807,0.0030401402817611,0.6929503211518024,28.06966006125678,0.0030401402817611,0.6929503211518024,4.678276676876129,0.0030401402817611,0.6929503211518024,0.4740872458198285,108.0604441892767,0.2168304982471216,0,0,0,0,1,0,0,0,0,0,0,0,1,0,0,0,0,0,0,0,0,0,0,0,1,0
4.739228,0.5130063456882962,6.999798837039682,4.494011837515614,0.0,174996.58833558153,0.138840380922067,2.9887490000000003,0.421496,0.084776,678.962442,6.515697,0.0,123.1108953074452,0.066728501149283,0.6928750927605987,28.05058374093688,0.066728501149283,0.6928750927605987,4.675097290156146,0.066728501149283,0.6928750927605987,10.39874116330648,107.9752822860588,0.8815638763691832,1,0,0,0,1,0,0,0,0,0,1,0,0,0,1,0,0,0,0,0,0,0,0,0,0,0
20.58512618189815,8.501993026093041,8.740535418192545,1.8051768508460595,0.0,210718.4511765588,0.1346969781197804,0.6903130000000001,1.161292,0.0547809999999999,167.186025,1.1355959999999998,0.369046,21.00523079785525,0.0307915626079817,0.6011300900287968,4.786001953941703,0.0307915626079817,0.6011300900287968,0.7976669923236172,0.0307915626079817,0.6011300900287968,0.8187137711484382,15.983387696949851,0.4340420132884141,3,0,0,0,0,0,0,1,0,0,0,0,0,1,1,0,0,0,0,0,0,0,0,0,0,0
1.819282,0.4899359018110829,3.341479553879022,0.9148592506524184,0.0,165644.9787357614,0.1388520387758454,1.436735,0.480786,0.7842779999999999,422.669261,115.971532,0.0,47.25947682549131,0.0398327350290296,0.6247203177120086,10.76798206150435,0.0398327350290296,0.6247203177120086,1.7946636769173914,0.0398327350290296,0.6247203177120086,2.3828787569624827,37.37209541433448,0.2582883013854075,0,0,0,1,0,0,0,0,0,0,0,0,1,0,1,0,0,0,0,0,0,0,0,0,0,0
50.61081812291666,0.6376462958985382,2.376636903062999,0.4361464326008618,0.0,226637.91683528177,0.1371826179129042,1.6413919999999995,1.4073719999999998,0.638083,136.556097,1.134698,0.033286,51.64369196215986,0.0706679084523844,0.6286596665387595,11.766917155935158,0.0706679084523844,0.6286596665387595,1.9611528593225265,0.0706679084523844,0.6286596665387595,4.619685690791211,41.09659008577447,0.510916669460782,1,0,0,0,0,0,0,0,0,1,0,0,1,0,0,0,0,0,0,0,0,0,0,1,0,0
53.80712872268519,0.5491657830256638,3.1201610027743185,0.5561718181740466,0.0,177049.1895421163,0.1376551288387758,1.050465,1.065176,0.411202,197.739476,79.14224499999999,0.0,54.90523339049509,0.0443797106099997,0.6315902593583615,12.51005317758116,0.0443797106099997,0.6315902593583615,2.085008862930193,0.0443797106099997,0.6315902593583615,3.084402998537557,43.89570961675211,0.5267184026218977,0,0,0,0,1,0,0,0,0,0,0,1,0,0,0,0,0,0,0,0,1,0,0,0,0,0
32.84556317287037,5.1391241539010615,4.899070562504464,0.6830496890939397,0.0,203155.47161645684,0.1297087854475712,1.166195,1.352624,2.64053,143.138932,1.137048,0.0,33.51588078864324,0.0127246183840854,0.6123712843650195,7.636529799944029,0.0127246183840854,0.6123712843650195,1.272754966657338,0.0127246183840854,0.6123712843650195,0.5398440415721323,25.97995312046373,0.0685233714774592,3,0,0,1,0,0,0,0,0,0,0,0,1,0,0,0,0,0,0,1,0,0,0,0,0,0
31.062624945277776,1.506263979904943,8.762109176718074,1.415024714218341,0.0,170956.42912544965,0.1395002674284599,0.933371,1.325577,2.325052,144.572226,0.371864,0.0,31.69655606660997,0.0349258054552307,0.610736566522531,7.222000116442779,0.0349258054552307,0.610736566522531,1.2036666860737963,0.0349258054552307,0.610736566522531,1.4013009503585236,24.504108636342124,0.4828461265352172,1,0,0,0,0,0,0,0,1,0,1,0,0,0,0,0,0,1,0,0,0,0,0,0,0,0
39.52631183342593,4.416919311745275,9.616315014928364,1.6667415614036634,0.0,202049.30970848323,0.1335257897309834,1.338352,1.170867,1.1301219999999998,137.277243,1.134985,0.0,40.33297125859789,0.030693698536349,0.6184966446649879,9.189790919680531,0.030693698536349,0.6184966446649879,1.531631819946755,0.030693698536349,0.6184966446649879,1.5670481783375094,31.576971383306564,0.2077134759688104,3,0,0,1,0,0,0,0,0,0,0,0,0,1,0,0,1,0,0,0,0,0,0,0,0,0
37.43658583125,3.9120852158223984,10.293864818499816,2.146395546069248,0.0,172790.13088279378,0.138772468683388,1.324023,1.274062,1.429972,150.090148,0.372095,0.311992,38.2005977869898,0.0375089957060305,0.616580643129544,8.703933672985016,0.0375089957060305,0.616580643129544,1.4506556121641692,0.0375089957060305,0.616580643129544,1.8137545042531664,29.814872343588863,0.9969755719314816,3,0,0,0,1,0,0,0,0,0,0,0,1,0,0,0,0,0,0,0,1,0,0,0,0,0
62.51754925212964,2.4805399719759715,5.960844860374213,1.0228662209973918,0.0,176159.31193794965,0.1375455342286782,1.108184,1.355611,3.754273,142.027152,0.0,0.0,63.79341760421392,0.0481740523209493,0.6395765595199143,14.535209074377857,0.0481740523209493,0.6395765595199143,2.422534845729642,0.0481740523209493,0.6395765595199143,3.890110680250089,51.64655006496237,0.8250701642458282,0,0,0,1,0,0,0,0,0,0,1,0,0,0,0,1,0,0,0,0,0,0,0,0,0,0
36.311697324444445,0.4648866213911728,2.31364167665692,0.2287497986063396,0.0,180230.5284210132,0.1381420945163539,0.935998,1.087271,0.345785,185.199659,76.722999,0.0,37.052752371882086,0.0370493639969339,0.6155492695887071,8.442399274606045,0.0370493639969339,0.6155492695887071,1.407066545767674,0.0370493639969339,0.6155492695887071,1.737697354068504,28.87062615033324,0.161851602431982,0,0,0,0,0,1,0,0,0,0,0,0,1,0,1,0,0,0,0,0,0,0,0,0,0,0
43.40432212847222,0.370408268640939,3.9385213871939855,1.1006651031885215,0.0,163978.12024130695,0.1354148987350132,1.246141,1.207775,0.470114,154.792797,4.0126800000000005,0.126751,44.29012462089002,0.0399742739826733,0.6220522656756082,10.09142079969646,0.0399742739826733,0.6220522656756082,1.6819034666160764,0.0399742739826733,0.6220522656756082,2.241095666230636,34.874395401873,0.0379475257691436,0,0,0,0,0,0,1,0,0,0,0,0,1,0,0,0,0,0,0,0,0,0,0,0,1,0
29.697367160601853,4.029916905956589,7.076708061803731,1.2372678241712585,0.0,156104.55161495804,0.1274045237677274,1.150537,1.334293,0.7257140000000001,144.47947,6.228409,0.112295,30.30343587816516,0.0343792065367217,0.6094848062396077,6.904580326670541,0.0343792065367217,0.6094848062396077,1.1507633877784236,0.0343792065367217,0.6094848062396077,1.3187444061110698,23.379093347592235,0.4191250855429514,3,0,0,0,0,0,1,0,0,0,0,1,0,0,1,0,0,0,0,0,0,0,0,0,0,0
29.74013568282408,0.3767382290294702,2.3640760816544364,0.1619133228074303,0.0,168371.3520121403,0.1296087266962162,0.8594930000000001,1.172749,0.543562,177.89723999999998,140.26988,0.004849,30.34707722737151,0.0137585174396404,0.6095240193011101,6.914523925223889,0.0137585174396404,0.6095240193011101,1.1524206542039812,0.0137585174396404,0.6095240193011101,0.5285199889555775,23.414268969200847,0.8305627940237582,0,0,0,1,0,0,0,0,0,0,1,0,0,0,0,0,0,0,1,0,0,0,0,0,0,0
51.98557153782408,1.9504551541605155,6.883373877985014,1.3342017380596636,0.0,169036.3433190947,0.1384804483226163,1.767929,1.475051,0.980009,115.457464,0.371759,0.0,53.046501569208246,0.0435983923981143,0.6299201330549806,12.086544661338587,0.0435983923981143,0.6299201330549806,2.0144241102230978,0.0435983923981143,0.6299201330549806,2.9275217604576325,42.297543451363154,0.8877373857457027,2,0,0,0,0,0,0,1,0,0,0,1,0,0,1,0,0,0,0,0,0,0,0,0,0,0
48.939256255277776,0.3574218448046014,4.074611719849584,0.9622488946651668,0.0,166280.47491381894,0.1389187663900766,1.555048,1.398534,0.966927,142.27158899999998,0.3736739999999999,0.0,49.93801658701814,0.0423011467679939,0.6271270660439334,11.378282260333249,0.0423011467679939,0.6271270660439334,1.896380376722208,0.0423011467679939,0.6271270660439334,2.6739688214556603,39.64238205856958,0.4794517096402224,0,0,0,0,0,0,1,0,0,0,0,0,0,1,0,0,0,0,0,0,0,1,0,0,0,0
39.918636652453706,3.292838329033886,8.300587397971027,1.107363468308529,0.0,165137.25267910672,0.1357373382976587,1.253975,1.368541,2.981494,142.957305,1.13706,0.0,40.73330270658541,0.0077057691143607,0.6188563544809481,9.281005679981488,0.0077057691143607,0.6188563544809481,1.546834279996914,0.0077057691143607,0.6188563544809481,0.3973182606611573,31.908940783501755,0.7118175267026146,2,0,0,0,0,0,0,0,1,0,0,0,1,0,0,0,0,0,0,0,1,0,0,0,0,0
26.660191103935187,7.716223455447373,10.000553913253674,2.050125797732557,0.0,215929.338935102,0.1308701433402171,1.082701,1.338098,0.067047,132.46303500000002,1.464918,0.437547,27.20427663666856,0.0331717147363606,0.6067001186863458,6.198442777975115,0.0331717147363606,0.6067001186863458,1.0330737963291856,0.0331717147363606,0.6067001186863458,1.1422943091146955,20.892199828155693,0.9397388204815867,2,0,0,0,1,0,0,0,0,0,0,0,1,0,1,0,0,0,0,0,0,0,0,0,0,0
19.792101041574075,8.1432546734524,10.306453336628792,1.9307205701331729,0.0,101885.63906531026,0.1168525682882868,0.930471,1.260109,0.635748,147.966731,1.134743,0.000423,20.196021470993955,0.0108829014859884,0.6004029911723322,4.601625145289762,0.0108829014859884,0.6004029911723322,0.7669375242149602,0.0108829014859884,0.6004029911723322,0.2782168507313088,15.349052786032171,0.7846419200666573,2,0,0,0,0,0,1,0,0,0,0,0,1,0,0,0,0,0,0,1,0,0,0,0,0,0
100.16199519287038,0.3473341403533515,3.917411627529337,1.190946838552717,0.0,166984.7710768885,0.1389974878131628,1.6460720000000002,1.403567,0.8754879999999999,142.973928,0.00151,0.0,102.20611754374528,0.0867951111612201,0.6740915227965815,23.28746982009386,0.0867951111612201,0.6740915227965815,3.881244970015643,0.0867951111612201,0.6740915227965815,11.229102953881142,87.21047773948057,0.4697768908752775,0,0,0,0,0,0,1,0,0,0,0,0,0,1,0,0,0,0,0,0,0,0,0,1,0,0
21.902651240879624,4.314052927694161,6.268090597445444,1.2435897910337654,0.0,167266.9863983813,0.1379923953784169,0.709728,1.163542,1.962729,168.042417,1.134386,0.0,22.34964412334656,0.0111754495280799,0.6023380857341506,5.092323977471367,0.0111754495280799,0.6023380857341506,0.8487206629118944,0.0111754495280799,0.6023380857341506,0.3161611643936803,17.040559314045662,0.2872583411588301,3,0,0,0,0,0,1,0,0,0,1,0,0,0,0,0,0,0,0,1,0,0,0,0,0,0
2.0438810000000003,5.112935393548412,6.9965179521117,1.3423587534067445,0.0,165744.3791966427,0.138355739075217,1.177256,0.38827,0.621607,603.2802469999999,6.237346,0.0,53.09388360548943,0.0419015274569864,0.6299627072360404,12.097340568339364,0.0419015274569864,0.6299627072360404,2.0162234280565605,0.0419015274569864,0.6299627072360404,2.816094711004377,42.33818563770803,0.5562375005874682,3,0,1,0,0,0,0,0,0,0,0,1,0,0,1,0,0,0,0,0,0,0,0,0,0,0
81.11788505601851,2.3108355152807074,16.285492041699893,4.8054086312973245,0.0,242724.84814336032,0.1185843841009717,1.355758,1.155727,0.190247,179.747053,159.838864,0.0,82.77335209797808,0.0565987673615803,0.6566306000605963,18.859751110931715,0.0565987673615803,0.6566306000605963,3.143291851821952,0.0565987673615803,0.6566306000605963,5.930214809027389,68.79938716091438,0.9390308647640504,0,0,0,0,1,0,0,0,0,0,0,1,0,0,1,0,0,0,0,0,0,0,0,0,0,0
26.027547921944443,2.66320306348572,12.342280166040508,2.499377675765424,0.0,281797.3401528777,0.1372543100526721,1.061719,1.395506,0.594277,136.792273,22.382129,0.000679,26.558722369331065,0.0592590008574475,0.6061200688105151,6.0513544638982175,0.0592590008574475,0.6061200688105151,1.0085590773163693,0.0592590008574475,0.6061200688105151,1.9922067742492429,20.376929911415584,0.10516408413119,0,0,0,1,0,0,0,0,0,0,0,0,1,0,0,0,0,0,0,0,0,0,0,0,0,1
1.022561,4.477969303977289,8.037197674492852,1.540747194910507,0.0,169680.5209457434,0.1384705060677562,0.817963,0.342483,0.6085619999999999,570.599726,0.27098,0.0,26.563060527258127,0.0324940987394905,0.6061239667755572,6.052342904944889,0.0324940987394905,0.6061239667755572,1.0087238174908149,0.0324940987394905,0.6061239667755572,1.0925857108807469,20.380389387950533,0.8200322180036885,3,0,0,1,0,0,0,0,0,0,1,0,0,0,1,0,0,0,0,0,0,0,0,0,0,0
86.02030328810186,4.228578165566606,9.780369182284788,1.6962463504118883,0.0,180241.68791217025,0.1370945598045699,1.667497,1.447472,3.26704,132.590615,0.371824,0.0,87.77581968173659,0.0588923244167672,0.6611254672586308,19.99955385153492,0.0588923244167672,0.6611254672586308,3.3332589752558195,0.0588923244167672,0.6611254672586308,6.543445631195561,73.45674658366762,0.1352854543142299,2,0,0,1,0,0,0,0,0,0,0,0,1,0,1,0,0,0,0,0,0,0,0,0,0,0
341.91580214037043,38.50559268180701,9.864348779765251,2.9855164052199403,0.0,264567.19947167265,0.1245539246274412,3.650905,1.718349,0.921592,80.611251,0.013489,0.0,348.89367565343923,0.220944233960464,0.8957476943848848,79.49476154128995,0.220944233960464,0.8957476943848848,13.249126923548324,0.220944233960464,0.8957476943848848,97.57727329227816,395.59582981270376,0.371085719392631,1,0,0,1,0,0,0,0,0,0,0,1,0,0,1,0,0,0,0,0,0,0,0,0,0,0
1.02525,0.4582462149272434,3.072789650169208,0.3765534524330132,0.0,164976.31832658872,0.1389245257960806,0.921774,0.250868,0.983915,565.910342,108.561333,0.00033,26.63291266298186,0.0325188672506539,0.606186731015069,6.068258581438904,0.0325188672506539,0.606186731015069,1.0113764302398174,0.0325188672506539,0.606186731015069,1.0962938625136285,20.436099069092165,0.7123441678314755,0,1,0,0,0,0,0,0,0,0,1,0,0,0,1,0,0,0,0,0,0,0,0,0,0,0
31.266946468703708,1.0015309081374884,8.1220505003163,1.094678918091799,0.0,108681.34526285222,0.1019631897677763,1.049221,1.214567,0.041585,169.910327,110.684185,0.038566,31.9050474170446,0.0070015623388728,0.6109239022556371,7.269504474769655,0.0070015623388728,0.6109239022556371,1.2115840791282757,0.0070015623388728,0.6109239022556371,0.2827660486267487,24.67285578439496,0.1287541988488225,0,0,0,0,1,0,0,0,0,0,0,1,0,0,0,0,0,0,0,0,0,0,0,0,1,0
22.39418375699074,3.032203600846892,7.606049086550157,1.2870624675739295,0.0,180577.95286270985,0.1321082240957722,0.990677,1.375416,1.515247,137.68527,0.0,0.000675,22.85120791529668,0.021369655086748,0.6027887558481315,5.206604335130887,0.021369655086748,0.6027887558481315,0.8677673891884811,0.021369655086748,0.6027887558481315,0.6181296600828564,17.436014163150197,0.940960769859638,1,0,0,1,0,0,0,0,0,0,0,1,0,0,0,0,0,0,0,0,0,0,0,0,1,0
39.00799807601852,5.957838068191382,8.853641274449922,1.431837453830728,0.0,205363.62005395684,0.1397592040757052,1.14008,1.341413,2.759212,149.599335,1.134993,0.0,39.80407966940665,0.0381537655675082,0.618021419705352,9.069283975307844,0.0381537655675082,0.618021419705352,1.5115473292179735,0.0381537655675082,0.618021419705352,1.9223740814391947,31.138954211837508,0.7083342536423968,3,0,0,0,0,0,1,0,0,0,0,0,1,0,1,0,0,0,0,0,0,0,0,0,0,0
27.822934844398148,2.9320742007639766,4.3252414382047215,0.565608389800687,0.0,117967.9912413819,0.1338038389577711,0.93292,1.270379,0.616754,164.270304,1.137006,8.8e-05,28.3907498412226,0.0120068399531766,0.6077662004548338,6.468778444835529,0.0120068399531766,0.6077662004548338,1.0781297408059214,0.0120068399531766,0.6077662004548338,0.4314977082205521,21.841693872232323,0.5631128034928962,2,0,0,0,0,0,1,0,0,0,0,1,0,0,0,0,0,0,0,1,0,0,0,0,0,0
36.58959088907408,2.0603132388002865,10.799716594979632,2.006110101580905,0.0,182612.88073291368,0.1298526889986271,1.315323,1.428732,0.138032,118.525219,1.168038,0.0,37.33631723374906,0.0371627625621023,0.6158040611240405,8.507008989968138,0.0371627625621023,0.6158040611240405,1.4178348316613565,0.0371627625621023,0.6158040611240405,1.7563553067103093,29.103614911339456,0.6790152912087478,1,0,0,0,0,0,1,0,0,0,0,0,0,1,0,0,0,0,0,0,1,0,0,0,0,0
60.14880955736111,1.837793475146488,10.95830170999614,1.8822327670719408,0.0,182519.1761091127,0.1378972789795278,2.047271,1.510363,1.7144529999999998,115.594081,0.370673,0.0,61.37633628302154,0.0471326781024481,0.6374047394403833,13.984481684739086,0.0471326781024481,0.6374047394403833,2.330746947456514,0.0471326781024481,0.6374047394403833,3.661811520424386,49.52097169149962,0.3689494741913272,1,0,0,0,0,1,0,0,0,0,1,0,0,0,0,0,0,1,0,0,0,0,0,0,0,0
88.12746764606482,1.4220608897346387,11.730721798446252,3.2985536120206618,0.0,182149.7538968825,0.1370080802544987,2.334902,1.555168,2.802458,81.775388,0.372155,0.0,89.92598739394369,0.0598875136265812,0.6630574574530802,20.489465482164384,0.0598875136265812,0.6630574574530802,3.4149109136940634,0.0598875136265812,0.6630574574530802,6.8170174625804805,75.47607159542537,0.9285100832837362,2,0,0,0,0,0,1,0,0,0,0,1,0,0,0,0,0,1,0,0,0,0,0,0,0,0
38.88058352023148,4.598735178117272,9.139160355218024,1.6287658467567223,0.0,192412.0512215228,0.1379124851321145,1.314872,1.0377610000000002,0.807195,127.831396,1.136481,0.0,39.67406481656274,0.038101369092904,0.6179045974596261,9.039660337951004,0.038101369092904,0.6179045974596261,1.5066100563251672,0.038101369092904,0.6179045974596261,1.9134635278375385,31.031376012740907,0.516423678008355,2,0,0,0,0,0,1,0,0,0,0,0,1,0,0,0,0,1,0,0,0,0,0,0,0,0
3.218135,34.654311958262674,9.417470569519116,1.7043994999617982,0.0,169886.29650029977,0.1377924639615509,1.51606,0.3976,0.8401719999999999,607.312546,6.278266,0.0,83.59747221915154,0.0527176387651311,0.6573710967130743,19.047525315756047,0.0527176387651311,0.6573710967130743,3.1745875526260074,0.0527176387651311,0.6573710967130743,5.57855866092066,69.56273670271443,0.7726266902441844,3,0,0,1,0,0,0,0,0,0,0,1,0,0,1,0,0,0,0,0,0,0,0,0,0,0
34.14320596050926,4.9628684272011405,9.679429216636455,2.0361596887631954,0.0,178311.4339028777,0.1275117941718879,1.237775,1.341904,0.931683,124.963003,6.232249,0.0,34.84000608215231,0.0361678442278011,0.6135610506649963,7.93822923390812,0.0361678442278011,0.6135610506649963,1.3230382056513532,0.0361678442278011,0.6135610506649963,1.595047990980922,27.05882371764586,0.7815855714788191,2,0,0,0,0,0,1,0,0,0,0,0,1,0,1,0,0,0,0,0,0,0,0,0,0,0
21.20114564662037,0.5295668604562609,1.1414012222838916,0.1397721763137433,0.0,187641.0322804257,0.1374191574984603,0.693571,1.132895,0.441064,190.001608,75.275478,0.0,21.633822088388133,0.0310307799490412,0.6016948981610794,4.929225285961853,0.0310307799490412,0.6016948981610794,0.8215375476603087,0.0310307799490412,0.6016948981610794,0.8497650287107347,16.477165035832414,0.52823689434363,0,0,0,0,0,0,0,1,0,0,0,0,1,0,1,0,0,0,0,0,0,0,0,0,0,0
55.33648525393519,6.737632068226949,8.01654840144608,1.663741092030093,0.0,172710.3209307554,0.1356111733104399,1.407755,1.364368,2.187251,141.390663,0.0,0.0,56.4658012795257,0.045038946340925,0.6329924764236922,12.865625607993197,0.045038946340925,0.6329924764236922,2.1442709346655326,0.045038946340925,0.6329924764236922,3.219190118893537,45.24357896857602,0.3489663409724853,3,0,0,1,0,0,0,0,0,0,1,0,0,0,0,1,0,0,0,0,0,0,0,0,0,0
34.98424385851852,0.8251455985813689,5.1145080388021125,0.699580552766649,0.0,120030.99541928955,0.1297367506122274,1.17999,1.4185020000000002,0.255587,106.668512,1.134926,0.0,35.698208018896445,0.0130337232868069,0.614332170851219,8.133768915697924,0.0130337232868069,0.614332170851219,1.3556281526163203,0.0130337232868069,0.614332170851219,0.588962740700213,27.76019952879373,0.0136961844943799,1,0,0,0,0,1,0,0,0,0,0,0,0,1,0,0,0,0,0,1,0,0,0,0,0,0
33.92931243449075,2.41694425650352,8.665284622773278,1.0215300469518565,0.0,158246.62960881295,0.1286547065531607,1.143734,1.229789,0.6870149999999999,140.20281599999998,1.136215,0.0,34.621747382133414,0.0,0.6133649386752683,7.888499403524069,0.0,0.6133649386752683,1.3147499005873446,0.0,0.6133649386752683,0.0,26.8807164049024,0.3345673537796088,1,0,0,0,0,0,0,1,0,0,1,0,0,0,0,1,0,0,0,0,0,0,0,0,0,0
11.054441036666663,8.48448735704239,7.1596451383128725,1.948002885642955,0.0,174395.86270046464,0.1288950586115284,0.716336,1.271279,0.637279,161.010968,1.135893,0.0,11.280041874149658,0.0271518776755144,0.5923917160251797,2.570136123223973,0.0271518776755144,0.5923917160251797,0.4283560205373287,0.0271518776755144,0.5923917160251797,0.3876890090399895,8.458485269194176,0.036809827249519,3,0,0,0,0,0,1,0,0,0,0,1,0,0,1,0,0,0,0,0,0,0,0,0,0,0
74.91474368439816,5.54757482342297,7.043172158211541,1.431519915731691,0.0,162014.1717344874,0.1306814624608563,1.386068,1.385522,2.023657,145.268705,0.369714,0.0,76.44361600448792,0.0537403759638228,0.6509431422885125,17.417532760516234,0.0537403759638228,0.6509431422885125,2.902922126752705,0.0537403759638228,0.6509431422885125,5.200137549513017,62.9879083669086,0.2715817790035975,3,0,0,0,0,0,1,0,0,0,0,0,0,1,0,0,0,0,0,0,0,0,0,0,0,1
478.4340452016668,0.5760035096026724,8.934234266944355,3.2989411236856765,0.0,185008.47317146283,0.1331137819327324,3.740467,1.530249,0.4780899999999999,116.364952,21.379132,0.0,488.1980053078232,0.4511333038428982,1.0209168137092384,111.2349885511496,0.4511333038428982,1.0209168137092384,18.53916475852493,0.4511333038428982,1.0209168137092384,278.78782160003925,630.8981671367959,0.2353839061503601,1,0,0,0,0,0,0,0,0,1,0,0,1,0,0,0,0,0,0,0,0,0,0,0,0,1
49.36108626314814,1.4604031274930465,6.621130552223261,1.4844235400859114,0.0,208786.6298523681,0.1297523542005809,1.625081,1.335643,1.122918,130.41636100000002,1.018827,0.129387,50.368455370559325,0.0424800769789447,0.6275138282041086,11.476356919874275,0.0424800769789447,0.6275138282041086,1.9127261533123792,0.0424800769789447,0.6275138282041086,2.708425141078358,40.00873702570566,0.7485960278406664,3,0,0,1,0,0,0,0,0,0,0,1,0,0,1,0,0,0,0,0,0,0,0,0,0,0
310.98878905097223,2.683573847766117,9.551801691810004,2.0209005705172496,0.0,157886.6468356565,0.1337686387612093,2.92596,1.525994,2.163425,114.099158,0.0,0.0,317.33549903160434,0.1969455548637332,0.8673917259448674,72.3042909185934,0.1969455548637332,0.8673917259448674,12.050715153098896,0.1969455548637332,0.8673917259448674,79.11115941106205,348.423020517214,0.3474076927137732,2,0,0,0,0,0,0,0,0,1,1,0,0,0,0,0,0,1,0,0,0,0,0,0,0,0
34.556940498101845,8.474919223099304,6.192681356013821,1.7575061817249231,0.0,202660.5081309952,0.1355879466525084,1.186123,1.242637,0.911541,166.93784399999998,1.137042,0.124555,35.26218418173658,0.0363355721398213,0.6139403903528158,8.03442171229441,0.0363355721398213,0.6139403903528158,1.3390702853824017,0.0363355721398213,0.6139403903528158,1.621862831826782,27.403644457250937,0.158001313987941,3,0,0,0,0,1,0,0,0,0,1,0,0,0,1,0,0,0,0,0,0,0,0,0,0,0
52.86919975587963,3.3683546727223934,8.51836103443905,1.2886981167953364,0.0,156748.6833127248,0.132129059912418,1.6620529999999998,1.42288,2.926704,129.51858700000005,1.1353209999999998,0.0,53.9481630162037,0.0263861281251309,0.6307303029149495,12.291986510021095,0.0263861281251309,0.6307303029149495,2.048664418336849,0.0263861281251309,0.6307303029149495,1.801877394254436,43.07182430495599,0.8062535727658339,2,0,0,0,0,1,0,0,0,0,0,0,1,0,0,0,0,1,0,0,0,0,0,0,0,0
83.29543927347221,5.305134927626137,9.275489159911086,1.491731532471929,0.0,191779.2958445744,0.1373531612382232,1.531122,1.33728,1.849929,147.576897,0.369737,0.18886,84.99534619742063,0.0576137548208432,0.6586271284187684,19.36602824751356,0.0576137548208432,0.6586271284187684,3.227671374585593,0.0576137548208432,0.6586271284187684,6.198608907254284,70.86106429742561,0.4396501805446832,3,0,0,0,0,0,0,1,0,0,0,0,1,0,1,0,0,0,0,0,0,0,0,0,0,0
32.6890507475,4.031010641468515,4.184635531416328,0.7913247148553244,0.0,232134.3852293165,0.1386518181442357,1.214363,1.215836,1.1822700000000002,146.487606,1.134988,0.0,33.356174232142855,0.0640440952478219,0.6122277832328072,7.600140964285714,0.0640440952478219,0.6122277832328072,1.2666901607142855,0.0640440952478219,0.6122277832328072,2.7041341767421523,25.85009697123052,0.5644845790143996,3,0,0,0,0,0,0,0,0,1,1,0,0,0,0,0,0,0,0,0,0,0,0,0,0,1
45.81880886754629,2.3124395149360173,6.463527505632213,1.209140255296831,0.0,222221.27696904977,0.1236140403976972,1.466467,1.428118,1.667241,135.20591399999998,0.01348,0.0,46.75388659953703,0.0409845390943788,0.624266029726282,10.652784288502106,0.0409845390943788,0.624266029726282,1.7754640480836843,0.0409845390943788,0.624266029726282,2.425552522978332,36.94539640729848,0.4845400237951448,3,0,0,0,0,0,0,0,0,1,1,0,0,0,1,0,0,0,0,0,0,0,0,0,0,0
71.84844430069445,6.942091417827195,9.383033320200528,2.3744954925646886,0.0,184582.1346016937,0.1378724534931085,1.650711,1.41973,1.566156,133.599538,1.135879,0.0,73.31473908234128,0.0523454626591737,0.6481317525076561,16.70462409471067,0.0523454626591737,0.6481317525076561,2.784104015785111,0.0523454626591737,0.6481317525076561,4.85784042658451,60.14887383048025,0.7013188012410159,3,0,0,0,0,1,0,0,0,0,0,0,1,0,1,0,0,0,0,0,0,0,0,0,0,0
23.53195373537037,1.871352117982128,11.906660487040057,2.5959137126410323,0.0,191793.41410933752,0.1306159891884961,1.0081,1.165957,0.049761,168.140353,78.512355,0.046866,24.01219768915344,0.0319402538725872,0.603831939989635,5.471133650693188,0.0319402538725872,0.603831939989635,0.9118556084488646,0.0319402538725872,0.603831939989635,0.9708299876333089,18.353584701336903,0.927427026204661,0,0,0,0,0,0,1,0,0,0,0,1,0,0,1,0,0,0,0,0,0,0,0,0,0,0
35.76713693226852,0.5367054175272834,6.41119107239538,0.9823325806670338,0.0,149438.396882494,0.1294148903724244,1.241024,1.224224,0.337604,138.880272,1.134489,0.391656,36.49707850231482,0.0147309728811937,0.6150499799466849,8.315790038502112,0.0147309728811937,0.6150499799466849,1.3859650064170184,0.0147309728811937,0.6150499799466849,0.6805537641270885,28.41459164678648,0.0079955206270516,1,0,0,1,0,0,0,0,0,0,0,0,1,0,0,0,0,0,1,0,0,0,0,0,0,0
98.78838736337964,0.4029506559280468,2.918562629525896,0.451541421760758,0.0,165006.40175359714,0.1384113148140678,1.443462,1.284496,0.3441849999999999,164.49308200000002,60.700208,0.0,100.80447690140778,0.0650088865905769,0.6728321066302219,22.96810866108025,0.0650088865905769,0.6728321066302219,3.8280181101800417,0.0650088865905769,0.6728321066302219,8.295173173045633,85.85378297636929,0.4428762509034341,0,0,0,0,0,0,0,0,0,1,1,0,0,0,0,0,0,0,0,1,0,0,0,0,0,0
57.55062183236111,0.4046797138824166,3.094161095379068,0.8738555051297021,0.0,214850.23388788968,0.1255796329705692,1.8171580000000005,1.501729,0.577087,100.53972,0.1882589999999999,0.012295,58.72512431873583,0.0459986171717783,0.6350225459541137,13.380408072623354,0.0459986171717783,0.6350225459541137,2.230068012103892,0.0459986171717783,0.6350225459541137,3.419334825193193,47.20478222323476,0.5983991919212881,1,0,0,0,1,0,0,0,0,0,0,1,0,0,1,0,0,0,0,0,0,0,0,0,0,0
127.29941172393518,0.3649863363098469,6.1335126044367145,1.710346297108584,0.0,182175.2845286271,0.1376474577066995,3.337858,1.602919,0.500165,72.34493499999999,1.4884959999999998,0.0,129.89735890197468,0.0794136669410544,0.6989729338941912,29.59686658526005,0.0794136669410544,0.6989729338941912,4.9328110975433415,0.0794136669410544,0.6989729338941912,13.05775391944815,114.93004817318985,0.4797705348934584,1,0,0,0,0,1,0,0,0,0,1,0,0,0,0,0,0,1,0,0,0,0,0,0,0,0
228.46705271046287,2.5170689072254464,10.267308207724591,1.2464454387017576,0.0,75092.36285034473,0.0970737862733485,3.796645,1.621742,1.6525299999999998,63.467572,22.065545,0.0,233.1296456229214,0.0277698189168544,0.7917302404815636,53.11814710395677,0.0277698189168544,0.7917302404815636,8.853024517326128,0.0277698189168544,0.7917302404815636,8.19489625708731,233.64024100305983,0.4651510179547615,1,0,0,0,1,0,0,0,0,0,0,0,1,0,0,0,0,0,0,0,1,0,0,0,0,0
6.788306402453705,3.827797348383252,4.025716318500986,0.7856681132488114,0.0,212109.75627622905,0.1369587190056161,0.629269,0.872534,1.599573,171.730546,0.0,0.0,6.926843267809904,0.0460080259019123,0.5884802364814252,1.5782680863364338,0.0460080259019123,0.5884802364814252,0.2630446810560722,0.0460080259019123,0.5884802364814252,0.4034055499796012,5.15988653710195,0.3454977153714051,3,0,0,0,0,0,1,0,0,0,0,1,0,0,0,0,0,0,0,0,0,0,0,0,0,1
35.021157166388896,4.41004676155621,9.827392399739876,1.7912055549861716,0.0,183859.9893585132,0.1316728139166637,1.235379,1.388346,2.209327,127.74576100000002,0.0,0.234308,35.73587465958051,0.0365240240261876,0.6143660154578728,8.14235118825885,0.0365240240261876,0.6143660154578728,1.357058531376475,0.0365240240261876,0.6143660154578728,1.6521746134979092,27.79102142216259,0.2143342571528862,1,0,0,0,0,0,0,0,0,1,1,0,0,0,0,0,0,1,0,0,0,0,0,0,0,0
56.46109372875001,4.840926140618267,9.104629181557709,1.3357786969315233,0.0,184254.3520870804,0.1351072397842395,1.7282259999999998,1.510731,2.790457,116.542897,1.135007,0.0,57.61336094770409,0.0182102427763821,0.6340235932123405,13.12709489947688,0.0182102427763821,0.6340235932123405,2.187849149912813,0.0182102427763821,0.6340235932123405,1.3280421392671204,46.23826598114289,0.217661340541494,2,0,0,0,0,1,0,0,0,0,1,0,0,0,0,0,0,0,1,0,0,0,0,0,0,0
20.361049674398146,1.799799718731027,6.395439919807928,1.21263796680694,0.0,169641.66356602218,0.125295279212564,0.957133,1.114768,2.676173,166.309315,0.0,0.358763,20.77658130040627,0.0208331165136594,0.600924641595854,4.733904600092568,0.0208331165136594,0.600924641595854,0.7889841000154278,0.0208331165136594,0.600924641595854,0.5478999227682059,15.803999584219952,0.8997256975660416,3,0,0,0,1,0,0,0,0,0,0,1,0,0,0,0,0,0,0,0,0,0,0,0,1,0
1.41048,1.5092313223891407,11.20353649217162,2.416601156731018,0.0,173035.7014201139,0.1388748752163182,1.27702,0.314577,1.260427,587.7351219999999,0.0,0.183779,36.64002989795918,0.0360672397145642,0.6151784260642132,8.348361242572977,0.0360672397145642,0.6151784260642132,1.3913935404288291,0.0360672397145642,0.6151784260642132,1.6727908119980954,28.53184294123069,0.4442493914976768,1,0,0,0,1,0,0,0,0,0,0,0,1,0,1,0,0,0,0,0,0,0,0,0,0,0
32.72886620509259,1.2453182488322545,7.879225366121288,1.1827071959452091,0.0,145437.640606265,0.1355649087068846,1.078745,1.431514,1.744919,124.571614,1.1353540000000002,0.0,33.396802250094474,0.0127078116980078,0.6122642887257773,7.609397981034184,0.0127078116980078,0.6122642887257773,1.2682329968390305,0.0127078116980078,0.6122642887257773,0.5372155371010193,25.883125791607004,0.0976917829096882,1,0,0,0,0,0,0,0,1,0,0,0,1,0,0,0,0,0,0,1,0,0,0,0,0,0
13.077901286851851,0.292934171194367,2.757761222567204,0.2842728046954965,0.0,87847.89157580186,0.1058477676859934,0.76684,1.195745,0.459309,159.606439,1.136739,0.0,13.344797231481484,0.0055829967085831,0.594246960656403,3.0405867109704645,0.0055829967085831,0.594246960656403,0.5067644518284107,0.0055829967085831,0.594246960656403,0.0943088088861659,10.03810784225804,0.9778186172177744,2,0,0,1,0,0,0,0,0,0,0,0,1,0,0,0,0,0,0,0,1,0,0,0,0,0
90.5962805913426,3.1538943661202627,13.84442474630525,2.782639122123627,0.0,185182.95756519784,0.1380783915341043,2.092229,1.474437,2.911312,127.252044,0.371841,0.0,92.4451842768802,0.0610606714233913,0.6653210314283051,21.063459708656247,0.0610606714233913,0.6653210314283051,3.5105766181093743,0.0610606714233913,0.6653210314283051,7.145272179500559,77.855348548954,0.2466793104910248,1,0,0,0,1,0,0,0,0,0,0,1,0,0,0,0,0,1,0,0,0,0,0,0,0,0
43.84776551453703,3.917089642380639,11.111151192113937,1.89495744436479,0.0,168505.32096822542,0.1389081621413036,1.267294,1.386791,3.359536,136.136349,0.0,0.0,44.74261787197656,0.0401592643175189,0.6224588444365071,10.194520527792127,0.0401592643175189,0.6224588444365071,1.6990867546320212,0.0401592643175189,0.6224588444365071,2.274469135922096,35.253719262854105,0.4057637804199928,3,0,0,0,0,0,1,0,0,0,1,0,0,0,0,0,0,1,0,0,0,0,0,0,0,0
36.04864545532407,2.3786218650907065,11.12053872412629,1.887532583529429,0.0,147467.22371477817,0.1204370436854928,1.298675,1.379016,0.116315,125.248977,7.275,0.0,36.78433209726946,0.0369421120673747,0.6153080859193595,8.381240224694308,0.0369421120673747,0.6153080859193595,1.3968733707823844,0.0369421120673747,0.6153080859193595,1.720115086912481,28.65024933492776,0.1914153583891197,1,0,0,0,0,0,1,0,0,0,0,0,1,0,1,0,0,0,0,0,0,0,0,0,0,0
257.88606807226853,0.3225792654180269,3.308677198503801,0.4313697861038523,0.0,148079.7201551259,0.1227537315401384,2.477549,1.482334,0.3274289999999999,141.3178,1.135611,0.0,263.14904905333526,0.1075894232879213,0.8187035750458933,59.9580111767093,0.1075894232879213,0.8187035750458933,9.99300186278488,0.1075894232879213,0.8187035750458933,35.838043577738304,272.71021168340855,0.8587609730497602,1,0,0,0,0,0,0,0,0,1,0,0,1,0,0,0,0,0,0,0,0,1,0,0,0,0
28.091663725694445,0.6133208895187012,8.955439214226153,1.9026309877848453,0.0,142802.9621833783,0.127067225835592,1.0912620000000002,1.269888,0.758785,162.866422,85.888403,0.002663,28.664962985402497,0.022892161253071,0.6080125891912737,6.53125738907905,0.022892161253071,0.6080125891912737,1.0885428981798415,0.022892161253071,0.6080125891912737,0.8306366518672751,22.061592865603284,0.0865526871502333,0,0,0,0,0,0,1,0,0,0,0,1,0,0,0,0,0,0,0,0,0,0,0,0,1,0
40.22911575782407,0.4154126177445876,5.233670305005081,0.6634473785650816,0.0,125159.84193270384,0.1241598084247369,1.088778,1.190712,0.504375,183.365592,63.242788,0.0,41.05011812022864,0.0138005376865267,0.619141022634569,9.353191470431842,0.0138005376865267,0.619141022634569,1.558865245071973,0.0138005376865267,0.619141022634569,0.7171059520944152,32.17191406611166,0.1429466787620125,0,0,0,0,0,0,1,0,0,0,1,0,0,0,0,0,0,0,0,0,0,0,1,0,0,0
40.58961875972223,0.3941337362253408,2.452783496688596,0.1738609979353505,0.0,167634.66458708033,0.1346583626896357,1.308737,1.23519,0.376804,165.087077,125.024378,0.043479,41.41797832624717,0.0155223549665871,0.6194715560654829,9.437007719904418,0.0155223549665871,0.6194715560654829,1.5728346199840697,0.0155223549665871,0.6194715560654829,0.8138032425043287,32.477543649173136,0.3159937492129583,0,0,0,0,0,0,0,0,1,0,1,0,0,0,0,0,0,0,1,0,0,0,0,0,0,0
18.718738421064817,0.4597611265073863,7.368540781293269,7.413997409155043,0.0,191039.0439523381,0.1311052206465952,0.8685860000000001,1.194313,0.291544,175.225649,134.092242,0.010533,19.100753490882468,0.0300697317200257,0.5994188600341626,4.352070415644106,0.0300697317200257,0.5994188600341626,0.7253450692740177,0.0300697317200257,0.5994188600341626,0.7270310545837727,14.492850485187745,0.7502631472508832,0,0,0,1,0,0,0,0,0,0,1,0,0,0,1,0,0,0,0,0,0,0,0,0,0,0
34.724094139120375,1.6040310030646747,10.305965828380996,2.21219242562493,0.0,179775.77540467627,0.1373764609011243,1.135631,1.4178879999999998,2.915861,127.859994,0.0,0.0,35.4327491215514,0.0364033977896538,0.6140936480681876,8.073284609973737,0.0364033977896538,0.6140936480681876,1.345547434995623,0.0364033977896538,0.6140936480681876,1.6327499506998022,27.543071100175148,0.4775068146991249,1,0,0,1,0,0,0,0,0,0,1,0,0,0,0,0,0,0,0,0,0,1,0,0,0,0
23.911753487175925,3.893312678348532,6.001044706760837,0.9566549467954704,0.0,179304.94231489807,0.1398092600152932,0.796667,0.926791,0.012452,156.951349,1.137033,1.487729,24.399748456301964,0.0320891035657912,0.604180165980441,5.559436357132093,0.0320891035657912,0.604180165980441,0.926572726188682,0.0320891035657912,0.604180165980441,0.9910962723968726,18.66056211672092,0.94007214754279,2,0,0,0,0,0,0,0,1,0,0,0,1,0,0,0,0,1,0,0,0,0,0,0,0,0
13.87927647199074,2.880770600385232,6.597450045372942,1.2262319885283637,0.0,152292.91488684053,0.1312233836387844,0.7823939999999999,1.221932,0.4484979999999999,159.532568,0.370304,0.155644,14.16252701223545,0.0282186414597019,0.5949817153963038,3.226904888863773,0.0282186414597019,0.5949817153963038,0.5378174814772955,0.0282186414597019,0.5949817153963038,0.5058826226855906,10.666385589982706,0.382339332372505,2,0,0,0,0,0,1,0,0,0,0,0,1,0,0,0,0,0,0,1,0,0,0,0,0,0
83.71910221800927,2.944363313041431,18.12083335803281,6.434412455673126,0.0,290936.3011372152,0.1177589729410424,1.319666,1.058465,0.09414,189.352189,202.331977,0.0,85.42765532449926,0.0578119289028137,0.6590155711387223,19.46452906127831,0.0578119289028137,0.6590155711387223,3.244088176879718,0.0578119289028137,0.6590155711387223,6.251566501207634,71.26348742369214,0.9309018847961767,0,0,0,1,0,0,0,0,0,0,1,0,0,0,1,0,0,0,0,0,0,0,0,0,0,0
42.52779653999999,0.4966880088801578,2.135101568498772,0.2450033991599826,0.0,187484.8626536271,0.1380750656806879,1.462226,1.104866,0.179587,187.067752,111.068513,0.066763,43.39571075510203,0.0396093495766038,0.6212486079847818,9.887630298630842,0.0396093495766038,0.6212486079847818,1.6479383831051402,0.0396093495766038,0.6212486079847818,2.1757922499038256,34.125980884958686,0.8378264539269081,0,0,0,0,0,0,0,1,0,0,0,1,0,0,0,1,0,0,0,0,0,0,0,0,0,0
9.540766296898148,-0.0725597164569069,2.989390035041517,0.4707531219692253,0.0,155403.07790017987,0.1275048380900773,0.6835680000000001,1.149671,0.135461,165.517903,0.920019,0.0,9.735475813161376,0.0265844230356344,0.5910038770823999,2.2182096789481616,0.0265844230356344,0.5910038770823999,0.3697016131580268,0.0265844230356344,0.5910038770823999,0.3276101360383156,7.283169558000383,0.5864297596737544,3,0,0,0,0,0,1,0,0,0,0,1,0,0,1,0,0,0,0,0,0,0,0,0,0,0
21.00351943351852,0.3226278742654718,2.8573696436070137,0.2908664536561897,0.0,163505.3084157674,0.1340449667698759,0.689525,1.231098,0.191512,172.844191,107.177149,0.0330569999999999,21.432162687263794,0.018572390275409,0.6015137011393871,4.8832775743132695,0.018572390275409,0.6015137011393871,0.8138795957188781,0.018572390275409,0.6015137011393871,0.5038563162961055,16.31865759675635,0.9351263629387032,0,0,0,0,0,0,1,0,0,0,0,0,0,1,0,0,0,1,0,0,0,0,0,0,0,0
32.092913554120365,0.3930741530313766,3.24496796033937,0.4022010243910965,0.0,172977.77988234413,0.1380955596014464,0.873539,1.181669,0.308736,177.920301,97.54321,0.000446,32.74787097359221,0.0353398606477294,0.6116812045059018,7.461540221831135,0.0353398606477294,0.6116812045059018,1.2435900369718558,0.0353398606477294,0.6116812045059018,1.4649432869830024,25.356021724216127,0.6349285855586004,0,0,0,0,0,0,1,0,0,0,0,1,0,0,0,1,0,0,0,0,0,0,0,0,0,0
94.08751579226852,37.957057185310255,4.757481948363123,1.2306827370354312,0.0,173943.07777840228,0.125961091378324,1.808817,1.3863,3.165511,154.70963999999998,0.0,0.0,96.0076691757842,0.0627328742002138,0.6685220309845173,21.87516512865969,0.0627328742002138,0.6685220309845173,3.645860854776615,0.0627328742002138,0.6685220309845173,7.623844345139518,81.24461011074037,0.1069357431056166,3,0,0,0,1,0,0,0,0,0,1,0,0,0,0,0,1,0,0,0,0,0,0,0,0,0
32.302352025740745,0.5404827402864428,5.8002077435418,0.5598043621444017,0.0,114980.9912601169,0.1289633736282372,1.090108,1.352747,0.1148319999999999,129.178978,1.134484,0.0,32.961583699735456,0.0070848390105274,0.6118732318017233,7.510234260699217,0.0070848390105274,0.6118732318017233,1.251705710116536,0.0070848390105274,0.6118732318017233,0.2956044481577878,25.52950727045587,0.6795851868043665,1,0,0,0,0,0,1,0,0,0,1,0,0,0,0,0,0,0,0,0,1,0,0,0,0,0
26.523102715740738,1.255190408630051,5.842287464965161,1.0938669773314496,0.0,142211.5832958633,0.1335883489687094,1.035216,1.3896959999999998,1.83208,131.837854,0.370981,0.0,27.06439052626606,0.0331174884599344,0.6065744268195659,6.166569993326444,0.0331174884599344,0.6065744268195659,1.027761665554407,0.0331174884599344,0.6065744268195659,1.134562836618702,20.78046477302623,0.2323589292703479,0,0,0,0,0,0,1,0,0,0,0,1,0,0,1,0,0,0,0,0,0,0,0,0,0,0
22.068124689953702,1.061920621841074,8.676676321372712,2.9531539681432344,0.0,198573.70194469424,0.1260993133971302,0.978325,1.353524,0.228713,155.303241,130.663002,0.0008179999999999,22.51849458158541,0.0313682673886542,0.6024898029363919,5.130796233778955,0.0313682673886542,0.6024898029363919,0.8551327056298258,0.0313682673886542,0.6024898029363919,0.8941343787659919,17.17362450997925,0.90522574679894,0,0,0,1,0,0,0,0,0,0,0,1,0,0,1,0,0,0,0,0,0,0,0,0,0,0
22.70028418032408,0.250220398733513,3.4994842997557827,0.4122821160857912,0.0,111585.73584569844,0.1199509523433747,0.946806,1.33683,0.822625,161.482594,1.134641,0.0,23.16355528604497,0.0112865364987507,0.6030694093311699,5.27777209049126,0.0112865364987507,0.6030694093311699,0.8796286817485433,0.0112865364987507,0.6030694093311699,0.3309320407300986,17.68257165109499,0.5140013384238067,2,0,0,0,0,0,1,0,0,0,0,1,0,0,0,0,0,0,0,0,0,0,0,0,1,0
17.20432541513889,0.5310707681184764,1.4121732081440712,0.1449258715825544,0.0,190485.85888788968,0.1365749976939434,0.574239,0.97266,0.059899,189.72549,113.024341,0.167842,17.5554340970805,0.0294872758124463,0.5980303441992497,3.999972325917076,0.0294872758124463,0.5980303441992497,0.6666620543195125,0.0294872758124463,0.5980303441992497,0.655268262313718,13.289471260309234,0.7738083194746006,0,0,0,0,0,1,0,0,0,0,0,0,0,1,0,0,0,0,0,0,1,0,0,0,0,0
128.4522525149074,0.2755248690251823,3.3615126446854298,0.1246045446671027,0.0,133527.64729466426,0.130820165042111,2.047154,1.4512770000000002,0.30266,128.813098,17.217207000000002,0.0,131.07372705602796,0.0,0.7000299359716528,29.86489983555068,0.0,0.7000299359716528,4.977483305925111,0.0,0.7000299359716528,0.0,116.14624399822422,0.7783464343767484,0,0,0,1,0,0,0,0,0,0,0,1,0,0,0,1,0,0,0,0,0,0,0,0,0,0
93.9953343524074,1.329059527574969,8.520996647201281,0.8292527706217137,0.0,108307.58048561151,0.115441445359509,2.733149,1.417315,0.2706639999999999,83.038319,1.177965,0.2449849999999999,95.91360648204837,0.0,0.6684375128323149,21.85373312249203,0.0,0.6684375128323149,3.642288853748672,0.0,0.6684375128323149,0.0,81.15475008055418,0.92190786748707,1,0,0,0,0,0,0,0,0,1,1,0,0,0,0,1,0,0,0,0,0,0,0,0,0,0
25.518449762777774,4.685828483790803,5.427700856892611,0.9399807653267036,0.0,135603.0310907524,0.1125951934811308,1.062459,1.334375,0.735172,134.133088,1.135907,0.0,26.039234451814057,0.0196324911157387,0.6056532933319885,5.93299012826143,0.0196324911157387,0.6056532933319885,0.9888316880435716,0.0196324911157387,0.6056532933319885,0.6471076443492131,19.96297228048729,0.0888326733871062,2,0,0,1,0,0,0,0,0,0,0,0,1,0,0,0,0,1,0,0,0,0,0,0,0,0
1.328341,4.659762452832229,8.61079397018579,1.5682738727802852,0.0,169847.10146882493,0.1389021512380035,0.8744639999999999,0.433566,1.637635,560.083568,0.8607600000000001,0.0,34.50630562268519,0.0353106533484631,0.6132612107911513,7.862196217827005,0.0353106533484631,0.6132612107911513,1.3103660363045009,0.0353106533484631,0.6132612107911513,1.5423293622515972,26.78655540012333,0.8637665245906508,3,1,0,0,0,0,0,0,0,0,0,0,1,0,1,0,0,0,0,0,0,0,0,0,0,0
150.1581940110185,3.3544517436759365,9.731062357374231,1.6507494831256728,0.0,140758.3227948891,0.1218924345962292,1.965435,1.439534,1.087502,132.56004199999998,1.136231,0.0,153.22264695001888,0.0550245577971751,0.7199314049640004,34.91148917848531,0.0550245577971751,0.7199314049640004,5.818581529747552,0.0550245577971751,0.7199314049640004,10.672162522705673,139.63265252029126,0.156253578508974,1,0,0,0,0,0,1,0,0,0,1,0,0,0,0,0,0,1,0,0,0,0,0,0,0,0
32.93835559162037,0.8914716545340541,3.7692621657602494,0.4370687409913797,0.0,194237.4136315947,0.1365246559254271,1.016049,1.415106,0.245796,153.21528500000002,1.135209,0.0,33.61056693022487,0.0285445081039493,0.6124563627038149,7.65810385751959,0.0285445081039493,0.6124563627038149,1.2763506429199316,0.0285445081039493,0.6124563627038149,1.2144267090103005,26.056969076580568,0.0164732071991884,1,0,0,0,0,0,0,0,1,0,0,0,1,0,0,0,1,0,0,0,0,0,0,0,0,0
89.12527254398147,1.183017117656964,6.322707717653087,1.3290516326753357,0.0,163981.83721148083,0.1387657532624775,1.893375,1.52452,0.632927,112.209182,0.371847,0.0,90.94415565712394,0.0603607305206127,0.6639723121825956,20.72145318769913,0.0603607305206127,0.6639723121825956,3.453575531283187,0.0603607305206127,0.6639723121825956,6.948678065878881,76.4359510267778,0.0082550117108843,2,0,0,0,0,0,0,1,0,0,1,0,0,0,0,0,0,0,0,1,0,0,0,0,0,0
54.8293473187037,5.340534973773453,7.261876962739501,1.91385066323429,0.0,172955.45611323442,0.1315756523780685,1.756571,1.432987,1.114672,133.661819,1.135886,0.0,55.948313590513976,0.0448200135059075,0.6325274982104845,12.747717020623435,0.0448200135059075,0.6325274982104845,2.1246195034372395,0.0448200135059075,0.6325274982104845,3.174182494632387,44.796008638611966,0.8197229684531906,3,0,0,0,0,0,1,0,0,0,0,1,0,0,0,0,0,0,0,1,0,0,0,0,0,0
48.17420885657407,1.3408663405788888,4.854367970848541,0.685105735949761,0.0,189368.4327038369,0.1374837357541926,1.6670200000000002,1.299758,0.605709,154.26275,1.196124,0.059097,49.15735597609599,0.0335817663377939,0.6264256190652016,11.20041022240162,0.0335817663377939,0.6264256190652016,1.866735037066936,0.0335817663377939,0.6264256190652016,2.089608660978502,38.97902170751192,0.1854418674803036,1,0,0,0,0,0,1,0,0,0,1,0,0,0,0,0,1,0,0,0,0,0,0,0,0,0
11.127941,9.417477898746371,9.797245007338857,2.901698028726829,0.0,168442.17271807554,0.138776296888181,2.322794,0.3138,0.829575,739.569692,1.105205,0.0,289.0704518622922,0.1255752505951366,0.8419947331118254,65.8641535888767,0.1255752505951366,0.8419947331118254,10.977358931479449,0.1255752505951366,0.8419947331118254,45.94948662310979,308.0959467927918,0.890191143494355,3,1,0,0,0,0,0,0,0,0,1,0,0,0,1,0,0,0,0,0,0,0,0,0,0,0
41.26561598537037,1.6865253474214952,9.16715886095445,1.537668856642515,0.0,151004.15255920263,0.1159357559427226,1.367579,1.39567,1.570509,138.760395,87.858863,0.0,42.10777141364324,0.0234513465270455,0.6200913558483008,9.5941757651339,0.0234513465270455,0.6200913558483008,1.5990292941889834,0.0234513465270455,0.6200913558483008,1.2499796694974308,33.05147476915994,0.3566137851649963,0,0,0,1,0,0,0,0,0,0,0,1,0,0,0,0,0,1,0,0,0,0,0,0,0,0
103.46998764203704,1.844644204032221,4.6778317206769255,0.942665588870037,0.0,207600.63803956835,0.1247580012829183,1.57086,1.413674,1.0427959999999998,139.67074399999998,0.01348,0.0,105.58162004289493,0.0673034313445458,0.6771245130571424,24.05657165534315,0.0673034313445458,0.6771245130571424,4.009428609223857,0.0673034313445458,0.6771245130571424,8.994943437725198,90.496079821936,0.1914968973758758,2,0,0,0,1,0,0,0,0,0,0,1,0,0,1,0,0,0,0,0,0,0,0,0,0,0
0.894533,6.568150070931414,8.65903061128063,2.028713359535455,0.0,170745.85512215228,0.138544751353544,0.803616,0.262325,0.084884,519.672494,0.94401,0.009678,23.23727799381141,0.0313148265389622,0.6031356513957793,5.294569669476019,0.0313148265389622,0.6031356513957793,0.8824282782460029,0.0313148265389622,0.6031356513957793,0.9211029488782904,17.740798480331968,0.5219309388904027,3,1,0,0,0,0,0,0,0,0,0,0,1,0,1,0,0,0,0,0,0,0,0,0,0,0
87.0606475911574,0.4724567255599322,5.828927966616423,1.3319524065624897,0.0,173030.814073741,0.1283910092975881,2.199782,1.376152,0.930114,133.794656,3.581118,0.0,88.83739550118102,0.0475063703279279,0.6620793249796761,20.24143188634504,0.0475063703279279,0.6620793249796761,3.3735719810575064,0.0475063703279279,0.6620793249796761,5.342205328667983,74.45240866629678,0.6997383556478034,1,0,0,0,0,0,0,1,0,0,0,0,1,0,0,0,1,0,0,0,0,0,0,0,0,0
5.86038,112.20305473098368,9.04376868835742,3.2205341090973048,0.0,181062.2433303357,0.1376480445337238,2.588923,0.309421,0.362851,782.094882,0.0,0.0,152.23505360827664,0.0770554873254843,0.7190440227186448,34.68646791074658,0.0770554873254843,0.7190440227186448,5.781077985124429,0.0770554873254843,0.7190440227186448,14.84879271367974,138.56165233580222,0.0590121003053553,3,1,0,0,0,0,0,0,0,0,0,1,0,0,1,0,0,0,0,0,0,0,0,0,0,0
49.60107367921296,4.759188502955494,5.643690213310919,3.168592606231177,0.0,263562.1137777278,0.1393367858956471,1.555444,1.361994,2.8513040000000003,132.277434,0.0,0.0,50.61334048899282,0.076647554381214,0.6277338648295747,11.532153529137604,0.076647554381214,0.6277338648295747,1.9220255881896005,0.076647554381214,0.6277338648295747,4.9106186930949125,40.21735169251982,0.9088701656397132,3,0,0,1,0,0,0,0,0,0,0,1,0,0,0,0,0,0,0,0,0,0,0,1,0,0
31.9445984288426,4.107105000413579,7.972674098803843,1.2429735975013934,0.0,194035.1212529976,0.122672960474837,1.146634,1.373615,2.82585,126.73237,0.0,0.0,32.59652900902305,0.028224137907641,0.6115452192104774,7.427057242562214,0.028224137907641,0.6115452192104774,1.2378428737603688,0.028224137907641,0.6115452192104774,1.1645682659001104,25.23322971939708,0.4935991030297579,1,0,0,1,0,0,0,0,0,0,0,0,1,0,0,0,1,0,0,0,0,0,0,0,0,0
14.709291292546297,1.1623776868807612,9.75400314056616,3.204763856723154,0.0,198654.1887365108,0.1289082276914045,0.7070069999999999,1.1486889999999998,0.343731,187.41095,111.732904,0.0,15.009480910761528,0.0285340104683344,0.5957427288827465,3.4198817265026262,0.0285340104683344,0.5957427288827465,0.5699802877504376,0.0285340104683344,0.5957427288827465,0.5421274499138431,11.318720401127294,0.2460560257249253,0,0,0,0,1,0,0,0,0,0,0,0,1,0,1,0,0,0,0,0,0,0,0,0,0,0
30.59395322259259,4.778106719755726,6.382289716093946,1.069124230806776,0.0,207845.1778327338,0.1359765432971558,1.07272,1.34219,2.308275,143.705112,0.3700199999999999,0.0,31.2183196148904,0.0459061348711981,0.6103068567235674,7.113034848962369,0.0459061348711981,0.6103068567235674,1.1855058081603946,0.0459061348711981,0.6103068567235674,1.8140663173333265,24.11741078019677,0.919921371002272,2,0,0,1,0,0,0,0,0,0,0,0,1,0,0,0,0,0,0,0,0,0,0,1,0,0
81.48248670796296,8.713636066454152,6.597041606903076,2.936510629076466,0.0,155375.22950389687,0.1327819332516164,1.562027,1.219886,1.862067,174.07386499999998,1.136448,0.0,83.1453945999622,0.0454146350602992,0.656964891409904,18.944520288598984,0.0454146350602992,0.656964891409904,3.15742004809983,0.0454146350602992,0.656964891409904,4.779769307217541,69.1438039678453,0.7152539175089117,3,0,0,0,0,0,0,1,0,0,0,0,1,0,0,0,1,0,0,0,0,0,0,0,0,0
62.46487778041666,0.9871231965202508,5.584087074517632,1.5228907736085302,0.0,150443.78606489807,0.1222122913266686,1.006825,1.164524,2.18908,181.989852,0.0,0.0,63.73967120450679,0.0326703305993637,0.6395282667673855,14.522963059254712,0.0326703305993637,0.6395282667673855,2.420493843209118,0.0326703305993637,0.6395282667673855,2.6359444690455445,51.59914107562185,0.41230758683736,2,0,0,1,0,0,0,0,0,0,1,0,0,0,0,0,0,0,0,0,0,0,0,0,1,0
28.972848028194445,1.3213649107683765,9.62491537341111,2.1691371218906603,0.0,164505.96316696642,0.134912693332568,1.145952,1.243701,0.242506,128.411816,0.371448,7.099999999999999e-05,29.56413064101474,0.0340900961963112,0.6088205183048709,6.73613103212994,0.0340900961963112,0.6088205183048709,1.12268850535499,0.0340900961963112,0.6088205183048709,1.2757519715348178,22.78385992417153,0.7951239367589731,2,0,0,0,0,0,1,0,0,0,0,0,1,0,0,0,0,0,0,0,1,0,0,0,0,0
44.852469382407406,0.2466086260349058,3.312869547654113,0.8334115067903373,0.0,120512.2567867581,0.1211089599850795,1.389411,1.421735,0.386765,142.255585,1.135517,0.0,45.76782590041572,0.0275330668681506,0.6233800246063005,10.428112230474468,0.0275330668681506,0.6233800246063005,1.738018705079078,0.0275330668681506,0.6233800246063005,1.5950995075012966,36.11487143794687,0.8704322659632953,1,0,0,0,0,0,1,0,0,0,0,0,1,0,0,0,0,0,0,0,0,1,0,0,0,0
47.49268736347222,0.6341775979498308,8.20466737609973,0.7612450542352754,0.0,94935.6724932554,0.1262969877704871,1.626935,1.350046,1.591152,119.28745,1.135066,0.499759,48.4619258810941,0.0,0.6258007542619395,11.041957795692326,0.0,0.6258007542619395,1.8403262992820544,0.0,0.6258007542619395,0.0,38.38925287262645,0.8729636586486303,0,0,0,0,0,0,1,0,0,0,0,1,0,0,0,1,0,0,0,0,0,0,0,0,0,0
50.64187621643519,0.6978446302010859,5.101857644476765,0.6366165506182243,0.0,94682.1631444844,0.1137414575069785,1.401936,1.353484,2.754461,152.291143,1.135284,0.0,51.67538389432162,0.0086049481515432,0.6286881426905648,11.77413810250366,0.0086049481515432,0.6286881426905648,1.9623563504172763,0.0086049481515432,0.6286881426905648,0.5628658216730739,41.12367230802909,0.5641580946069626,3,0,0,0,0,0,1,0,0,0,1,0,0,0,0,0,0,0,0,0,0,0,0,0,1,0
49.44056443361111,1.335855790608221,5.754029133908754,1.0032414905458904,0.0,205158.6370466127,0.1306988707870888,1.607275,1.350046,1.457768,128.16025,1.134961,0.0,50.44955554450113,0.0425138149935821,0.6275866991434006,11.494835440519244,0.0425138149935821,0.6275866991434006,1.9158059067532072,0.0425138149935821,0.6275866991434006,2.714940596110589,40.07781017395583,0.8990001065251998,2,0,0,1,0,0,0,0,0,0,0,0,1,0,1,0,0,0,0,0,0,0,0,0,0,0
38.73313394837962,6.121934054280929,9.36835852401148,1.6574937186652807,0.0,196436.50007494004,0.132033016264653,1.31187,1.309865,0.872624,141.940199,1.135589,0.0,39.52360606977513,0.030432607488517,0.617769405761875,9.00537859817661,0.030432607488517,0.617769405761875,1.500896433029435,0.030432607488517,0.617769405761875,1.5225397342433364,30.9069299180904,0.6993139117924756,3,0,0,0,0,0,0,1,0,0,0,1,0,0,0,0,1,0,0,0,0,0,0,0,0,0
18.56301517675926,0.5697941594808508,3.1685534384039094,0.4192357885537388,0.0,134477.03693607613,0.1128806256258087,0.868548,1.1880110000000002,1.473762,143.73987,1.13615,0.0,18.94185222118292,0.0180058230280489,0.5992760824762995,4.3158650630543365,0.0180058230280489,0.5992760824762995,0.7193108438423893,0.0180058230280489,0.5992760824762995,0.4317261252127539,14.368859486019607,0.2163975448205042,3,0,0,1,0,0,0,0,0,0,0,0,1,0,0,0,0,1,0,0,0,0,0,0,0,0
4.5064784546296295,1.6873063912673247,3.9729043516895466,0.7415051785447329,0.0,149682.91199228118,0.1261798387183417,0.575204,0.940212,0.281876,174.37848300000002,1.137037,0.164472,4.598447402683296,0.0197744416029147,0.586388102944733,1.0477475094721431,0.0197744416029147,0.586388102944733,0.1746245849120238,0.0197744416029147,0.586388102944733,0.1151034552258681,3.4132593024691045,0.8417604781575286,3,0,0,0,0,0,1,0,0,0,0,1,0,0,0,0,1,0,0,0,0,0,0,0,0,0
18.44766745402778,8.417980755261667,6.958119634244082,2.0392888023984805,0.0,174836.4707827488,0.1288987321497725,0.8388680000000001,1.302623,1.545073,156.881789,1.135896,0.0,18.82415046329365,0.0299652617685082,0.5991703239157832,4.289046941003617,0.0299652617685082,0.5991703239157832,0.714841156833936,0.0299652617685082,0.5991703239157832,0.7140134129144059,14.277053582950757,0.5266789486164444,3,0,0,0,0,0,1,0,0,0,0,1,0,0,1,0,0,0,0,0,0,0,0,0,0,0
33.37930414722222,5.334831987925285,9.669317482186736,1.5466494860408977,0.0,194153.2292978117,0.1365518795071746,1.109097,1.373861,1.292808,144.925179,1.135583,0.0,34.060514435941045,0.0071717458405797,0.6128606540361261,7.7606235423663135,0.0071717458405797,0.6128606540361261,1.2934372570610522,0.0071717458405797,0.6128606540361261,0.3092067756126175,26.423226777237648,0.1083959851885399,3,0,0,0,0,0,1,0,0,0,1,0,0,0,0,0,0,0,0,0,1,0,0,0,0,0
17.176602248055556,5.764732031942272,6.855959379701591,5.5054023694649015,0.0,228069.06444844123,0.1293278185011957,0.8557610000000001,1.17459,3.3986160000000005,175.663864,0.0,0.0,17.527145151077097,0.0389533802488906,0.5980049257325972,3.993526743283389,0.0389533802488906,0.5980049257325972,0.6655877905472314,0.0389533802488906,0.5980049257325972,0.864229809806844,13.267492575157354,0.3311400272410499,3,0,0,0,1,0,0,0,0,0,0,1,0,0,0,0,0,0,0,0,0,0,0,0,0,1
120.90259004453702,0.5266478254283361,6.662942404941403,1.871075595597283,0.0,157759.82168952338,0.1340900911308592,1.385369,1.337444,0.738899,156.537212,25.757537,0.0,123.36998984136432,0.0760920332015401,0.693107896972161,28.109617938538705,0.0760920332015401,0.693107896972161,4.684936323089784,0.0760920332015401,0.693107896972161,11.88287767478831,108.23887874484164,0.4221531510251104,0,0,0,0,0,0,0,0,0,1,1,0,0,0,0,0,0,1,0,0,0,0,0,0,0,0
145.28441541435186,3.8190406781020494,9.276864303387612,1.3181569784951153,0.0,165155.24539118705,0.1359147581336595,1.809891,1.377257,1.885989,153.261564,1.13442,0.0,148.2494034840325,0.0,0.7154627965125078,33.77834509762766,0.0,0.7154627965125078,5.629724182937943,0.0,0.7154627965125078,0.0,134.26194025062912,0.8207651897212568,2,0,0,0,0,1,0,0,0,0,0,0,1,0,0,1,0,0,0,0,0,0,0,0,0,0
70.11626823578703,1.607549410429504,9.94741990183183,1.3163372758481142,0.0,118856.53668315348,0.1180238156831807,1.821077,1.504389,1.191676,107.498567,1.134494,0.0,71.54721248549697,0.010312547569092,0.6465435768345935,16.301896515682852,0.010312547569092,0.6465435768345935,2.7169827526138084,0.010312547569092,0.6465435768345935,0.9339671293577544,58.55492490242772,0.8326323624334806,1,0,0,0,0,0,1,0,0,0,1,0,0,0,0,0,0,0,0,0,1,0,0,0,0,0
8.678802371944444,0.7933857530641327,12.49200187770011,14.310146019327268,0.0,212744.0849820144,0.1302982683626296,0.663698,1.08723,0.099381,187.973999,152.953847,0.034221,8.855920787698413,0.0262625842253312,0.5902135705053706,2.017804736437613,0.0262625842253312,0.5902135705053706,0.3363007894062688,0.0262625842253312,0.5902135705053706,0.2944042602275841,6.616309655974955,0.8282369201225086,0,0,0,0,0,0,0,0,0,1,0,0,1,0,0,0,0,0,0,0,0,1,0,0,0,0
50.83061777819444,1.621982776218181,7.899507088626889,1.71005214003922,0.0,94811.96662825988,0.1240658680026193,1.752169,1.487449,1.488353,97.569097,1.137015,0.035515,51.867977324688205,0.0086210360405001,0.628861193665552,11.818020149928955,0.0086210360405001,0.628861193665552,1.96967002498816,0.0086210360405001,0.628861193665552,0.5660198757771919,41.2883014347104,0.2079941924560042,1,0,0,0,0,1,0,0,0,0,0,0,1,0,0,0,0,0,0,0,1,0,0,0,0,0
3.048039,4.610466042296778,8.562053315645214,2.1040505090777537,0.0,173510.43665692446,0.1386943798985698,1.794564,0.314618,0.701296,657.479102,0.0,0.0,79.17888951998299,0.0511508761489764,0.6534008676003903,18.04075963746448,0.0511508761489764,0.6534008676003903,3.006793272910746,0.0511508761489764,0.6534008676003903,5.12667034360777,65.48804444049662,0.3830622622322803,3,0,0,0,1,0,0,0,0,0,1,0,0,0,1,0,0,0,0,0,0,0,0,0,0,0
44.347240756203696,18.594867285314223,8.619328023146668,2.579463711316637,0.0,154186.51963429258,0.1339045010274834,1.495345,1.414206,0.337326,140.59358799999998,0.013489,0.01645,45.25228648592214,0.0403679280891293,0.6229167969761956,10.310647553754412,0.0403679280891293,0.6229167969761956,1.7184412589590683,0.0403679280891293,0.6229167969761956,2.3123304389017507,35.68153082741747,0.1038670787093727,3,0,0,0,0,0,0,0,0,1,1,0,0,0,1,0,0,0,0,0,0,0,0,0,0,0
342.5606649001389,2.5289222875373256,9.99718366195258,1.88424898923444,0.0,168153.59299123203,0.1248916275799274,4.5331410000000005,1.572108,0.2297199999999999,80.618829,7.991636,0.0,349.5516988776928,0.2214575478669456,0.8963389479925732,79.64469088352492,0.2214575478669456,0.8963389479925732,13.274115147254152,0.2214575478669456,0.8963389479925732,97.98843302047948,396.6035468874023,0.7915212483033198,1,0,0,0,0,0,1,0,0,0,0,1,0,0,1,0,0,0,0,0,0,0,0,0,0,0
49.39731221976852,4.679222665530601,12.134273339232667,1.9996314807761488,0.0,173733.89427832735,0.1379006896659338,1.680292,1.415842,2.020144,123.525439,0.372086,0.0,50.405420632416856,0.0424954536899858,0.6275470426008455,11.484779384601309,0.0424954536899858,0.6275470426008455,1.9141298974335512,0.0424954536899858,0.6275470426008455,2.711393947100164,40.04021854294283,0.528167221716235,3,0,0,0,0,0,1,0,0,0,0,1,0,0,0,0,0,1,0,0,0,0,0,0,0,0
33.15655142731482,2.63209763733889,15.141330128951038,3.3642780786509707,0.0,177720.6254309053,0.1334663472122711,1.2237559999999998,1.458643,0.635944,115.406396,4.753254,0.000684,33.833215742157975,0.0357687310989699,0.6126564193408012,7.708833966567639,0.0357687310989699,0.6126564193408012,1.2848056610946064,0.0357687310989699,0.6126564193408012,1.531862273537575,26.238147862500423,0.1900441376340705,1,0,0,1,0,0,0,0,0,0,0,0,1,0,1,0,0,0,0,0,0,0,0,0,0,0
40.32170451694444,1.3072586900038683,10.746382139283693,1.7494994399073027,0.0,200244.4251536271,0.1360319408652879,1.370023,1.41887,1.074746,115.51091,1.1356540000000002,0.0,41.14459644586168,0.0154780799152446,0.6192259142445,9.374718177538105,0.0154780799152446,0.6192259142445,1.562453029589684,0.0154780799152446,0.6192259142445,0.8061257618601767,32.25038019039203,0.4557898866705286,1,0,0,0,0,0,0,1,0,0,0,0,1,0,0,0,0,0,1,0,0,0,0,0,0,0
34.23042319689815,5.734750120759868,6.015924126695958,0.9998487001843304,0.0,147077.3492580935,0.1247906076143399,1.090461,1.259863,2.378992,147.285581,1.136487,0.0,34.929003262140974,0.0,0.6136410173011315,7.958507072386551,0.0,0.6136410173011315,1.3264178453977582,0.0,0.6136410173011315,0.0,27.131479867208515,0.5871794525506506,2,0,0,0,0,0,1,0,0,0,1,0,0,0,0,1,0,0,0,0,0,0,0,0,0,0
56.91403274504629,0.8604782661445421,10.399855840120384,3.236804113971244,0.0,216836.6067708333,0.1265844437036868,1.113507,1.275289,0.332557,156.24277800000002,78.926388,0.033397,58.075543617394175,0.045722064024721,0.6344388782065371,13.232402343203736,0.045722064024721,0.6344388782065371,2.205400390533956,0.045722064024721,0.6344388782065371,3.361181928537945,46.63972499222073,0.5076653141325301,0,0,0,0,0,0,0,0,0,1,0,0,1,0,1,0,0,0,0,0,0,0,0,0,0,0
56.12620092527778,1.171580409689201,4.16323762031482,0.6427499345666785,0.0,199021.05762889687,0.137896014649948,1.854805,1.42464,0.273933,123.907811,4.17461,0.026511,57.27163359722223,0.0453805184039488,0.6337165409361121,13.049232971518988,0.0453805184039488,0.6337165409361121,2.174872161919831,0.0453805184039488,0.6337165409361121,3.2898942056746328,45.94174878100265,0.2407895799910429,1,0,0,0,0,0,0,1,0,0,0,1,0,0,0,0,0,1,0,0,0,0,0,0,0,0
34.05784711824074,0.4341034546172876,2.4112368234627537,0.0905924176515863,0.0,179730.8321717626,0.1376184619409289,1.133246,1.253562,0.288504,151.028043,188.751697,0.065109,34.75290522269463,0.0,0.6134827879297478,7.918383468462067,0.0,0.6134827879297478,1.319730578077011,0.0,0.6134827879297478,0.0,26.98773314516076,0.1833378061088827,0,0,0,0,0,0,0,0,1,0,1,0,0,0,0,1,0,0,0,0,0,0,0,0,0,0
9.009571067916667,1.302058539802222,10.31849571497892,5.839325788781512,0.0,180398.25551746105,0.123175718596013,0.590253,1.081461,1.4227459999999998,200.334685,221.351208,0.000303,9.193439865221093,0.0158315848178517,0.590516841522097,2.0947078173921474,0.0158315848178517,0.590516841522097,0.3491179695653578,0.0158315848178517,0.590516841522097,0.1842363582203382,6.872001356878092,0.6864102400782679,0,0,0,0,0,0,1,0,0,0,0,0,1,0,0,0,0,1,0,0,0,0,0,0,0,0
42.41731119092592,2.834382042467451,10.649889854504336,1.9460141381485567,0.0,171648.81882306654,0.1270432685204832,1.449858,1.427504,0.5120319999999999,119.38831100000002,1.136557,0.0,43.28297060298564,0.0395634203209968,0.6211473075759006,9.861942669034702,0.0395634203209968,0.6211473075759006,1.6436571115057834,0.0395634203209968,0.6211473075759006,2.167623238869961,34.03177297965998,0.6741966731049562,1,0,0,0,0,0,1,0,0,0,1,0,0,0,1,0,0,0,0,0,0,0,0,0,0,0
136.56679042550925,3.3158877827852464,12.43913535934558,2.64763620460062,0.0,170161.48433752998,0.1364101776473528,2.593628,1.510527,2.859081,114.75609,0.0,0.0,139.3538677811319,0.0572097346816714,0.7074698908173804,31.75151417797942,0.0572097346816714,0.7074698908173804,5.291919029663236,0.0572097346816714,0.7074698908173804,10.091642788130738,124.79577927100893,0.4675072904357156,2,0,0,1,0,0,0,0,0,0,1,0,0,0,0,0,0,0,0,0,0,0,1,0,0,0
0.905839,5.300592897893142,7.692178449470648,1.6681855150835692,0.0,165379.43963579138,0.1389655521947989,0.8025100000000001,0.242971,1.7046169999999998,639.766752,0.90076,0.082948,23.53097388317272,0.0314189666606479,0.6033995459632472,5.361487720216568,0.0314189666606479,0.6033995459632472,0.8935812867027612,0.0314189666606479,0.6033995459632472,0.9358466885164312,17.972884755923346,0.6027739725062959,3,0,0,0,1,0,0,0,0,0,1,0,0,0,1,0,0,0,0,0,0,0,0,0,0,0
67.10778272944445,2.7436916073449225,13.968531064278215,3.287521766815826,0.0,265014.85457883694,0.1388036814882315,1.7054650000000002,1.467685,3.083991,119.535198,0.0,0.0,68.47732931575965,0.0824988570371477,0.6437851947100894,15.6024294643503,0.0824988570371477,0.6437851947100894,2.6004049107250493,0.0824988570371477,0.6437851947100894,7.1510144322867575,55.80340605920663,0.1602579081854658,2,0,0,1,0,0,0,0,0,0,0,1,0,0,0,0,0,0,0,0,0,0,0,1,0,0
77.10940531074074,0.210400526409598,4.030288621676054,0.4059820889676218,0.0,90027.22983644335,0.0956200016908151,2.256414,1.479142,1.793868,140.905881,1.135559,0.0,78.683066643613,0.0109492179939513,0.6529553558712855,17.92778733651942,0.0109492179939513,0.6529553558712855,2.987964556086569,0.0109492179939513,0.6529553558712855,1.090529176093059,65.03358200167646,0.0915156335918615,2,0,0,0,1,0,0,0,0,0,0,1,0,0,0,0,0,0,0,0,0,1,0,0,0,0
0.542043,6.664715375831659,7.685484721506242,1.5982733729074328,0.0,167098.12070968226,0.1381478719859958,0.4720149999999999,0.330781,0.355986,493.522855,6.358574,0.0776429999999999,14.0806475284864,0.0280680238242106,0.5949081442237708,3.2082488039589263,0.0280680238242106,0.5949081442237708,0.5347081339931543,0.0280680238242106,0.5949081442237708,0.5002733547973025,10.603407456507428,0.822844119516084,3,1,0,0,0,0,0,0,0,0,0,1,0,0,1,0,0,0,0,0,0,0,0,0,0,0
36.14658027972222,4.664570445351178,8.981449411927366,1.6401608340460048,0.0,221232.24443570143,0.1381416990906357,1.240643,1.337157,0.49201,152.88206100000002,1.134713,0.0,36.88426559155329,0.0369820319533401,0.6153978791619783,8.404009881619736,0.0369820319533401,0.6153978791619783,1.4006683136032891,0.0369820319533401,0.6153978791619783,1.7266520109902652,28.732276986694966,0.3439466806827165,2,0,0,0,0,0,0,0,1,0,1,0,0,0,1,0,0,0,0,0,0,0,0,0,0,0
2.850476,6.157981224197278,8.735288145444947,1.718968470605443,0.0,181336.44866606715,0.1380191836818802,1.549307,0.525591,0.607949,567.741291,0.0,0.0,74.0467967382842,0.0493311136458289,0.6487895282732504,16.871422041634375,0.0493311136458289,0.6487895282732504,2.811903673605729,0.0493311136458289,0.6487895282732504,4.623811322792266,60.81112193161603,0.0524357975270204,3,0,0,0,1,0,0,0,0,0,0,0,1,0,1,0,0,0,0,0,0,0,0,0,0,0
26.63979968351852,1.4272115257718294,9.837230943089766,1.5890413894356012,0.0,142987.25132081835,0.1247751285596717,1.082016,1.230198,0.1108079999999999,166.56092900000002,113.828883,0.007915,27.18346906481481,0.0118394220707815,0.6066814224588081,6.193701812236287,0.0118394220707815,0.6066814224588081,1.0322836353727145,0.0118394220707815,0.6066814224588081,0.4073880551979456,20.87557680962893,0.3121478050001904,0,0,0,0,0,0,1,0,0,0,0,1,0,0,0,0,0,0,0,0,0,1,0,0,0,0
1.569228,0.4384186174943864,4.200478828067688,1.741624859489983,0.0,167194.5306504796,0.1388424131795942,1.478741,0.227095,0.410897,556.4303309999999,137.440972,0.0602049999999999,40.76382567403628,0.037529475344969,0.6188837802828918,9.287960280160164,0.037529475344969,0.6188837802828918,1.5479933800266938,0.037529475344969,0.6188837802828918,1.936512646329572,31.93426649612705,0.8355254355096389,0,0,1,0,0,0,0,0,0,0,0,1,0,0,1,0,0,0,0,0,0,0,0,0,0,0
73.98144797416667,0.1429565009355044,2.3444764625540166,0.1228940930637381,0.0,112952.47415973472,0.1134154882183749,1.920483,1.472186,0.224958,140.118965,3.910358,3.8e-05,75.49127344302721,0.0190332910018984,0.6500874339267633,17.20054331613278,0.0190332910018984,0.6500874339267633,2.866757219355464,0.0190332910018984,0.6500874339267633,1.8187941462595247,62.121428147393885,0.8918404133819481,1,0,0,0,0,0,0,0,0,1,0,0,1,0,0,0,0,0,0,0,0,1,0,0,0,0
66.24635341101852,1.8617106981986435,7.789058294227655,1.2795404373027153,0.0,173824.34659772183,0.138194366378321,1.324339,1.242964,2.029197,153.464927,0.371565,0.0,67.59831980716176,0.0498277771189381,0.642995378296329,15.402148816821668,0.0498277771189381,0.642995378296329,2.5670248028036107,0.0498277771189381,0.642995378296329,4.263637991096153,55.01950280582558,0.6869888159981815,1,0,0,0,0,0,1,0,0,0,0,0,0,1,0,0,0,0,1,0,0,0,0,0,0,0
34.17734440592593,0.4493401714509054,2.490993203590814,0.2879998790060016,0.0,192686.64399730216,0.1376159957808842,1.0988870000000002,1.235272,0.312127,173.083203,119.234268,2.8000000000000003e-05,34.87484123053666,0.0217090054366052,0.6135923510908741,7.946166356324809,0.0217090054366052,0.6135923510908741,1.324361059387468,0.0217090054366052,0.6135923510908741,0.9583520479423592,27.08726053742524,0.5229812642847348,0,0,0,0,0,1,0,0,0,0,0,0,1,0,0,0,0,1,0,0,0,0,0,0,0,0
465.69933584819455,1.7107969867668564,11.757898306675097,2.761046969633308,0.0,177069.9459494904,0.127183291712682,5.630191,1.65644,0.312127,70.465357,44.782204,0.0,475.2034039267292,0.2233251018134443,1.009240774530284,108.27419329976108,0.2233251018134443,1.009240774530284,18.04569888329351,0.2233251018134443,1.009240774530284,134.33525134687605,607.0818372638475,0.2264344224498267,1,0,0,0,0,0,1,0,0,0,0,0,1,0,0,0,0,0,0,0,0,1,0,0,0,0
14.313326057638887,1.2331406047357787,3.8469776020919104,0.4760791124414197,0.0,108413.2529694994,0.1146762756367238,0.803467,1.22226,0.8574729999999999,155.477497,1.135873,0.100228,14.605434752692744,0.0056766904258342,0.595379681288337,3.327820576562903,0.0056766904258342,0.595379681288337,0.5546367627604838,0.0056766904258342,0.595379681288337,0.1049500400326053,11.007315301437728,0.9075088413920082,3,0,0,1,0,0,0,0,0,0,0,1,0,0,0,0,0,0,0,0,0,0,0,0,1,0
99.94458853824074,3.6953682439218607,9.778164286693508,2.035928877780764,0.0,264192.8527615408,0.1397074571937966,2.828995,1.518219,0.578254,109.785888,6.757906,0.005134,101.984274018613,0.1180313604876851,0.6738921897339443,23.23692319411435,0.1180313604876851,0.6738921897339443,3.872820532352392,0.1180313604876851,0.6738921897339443,15.237142545273128,86.99545029978444,0.9524079288012576,1,0,0,0,0,0,1,0,0,0,0,0,0,1,0,0,0,0,0,0,0,0,0,0,0,1
86.05892224537037,2.539841858174304,6.017826660645666,0.9733694633133978,0.0,81245.45280182104,0.1072776583994892,1.406373,1.324064,2.471553,147.698161,1.137078,0.0,87.81522678099017,0.0023564205211004,0.6611608757195231,20.00853268427624,0.0023564205211004,0.6611608757195231,3.334755447379373,0.0023564205211004,0.6611608757195231,0.2619362056352083,73.49366106332656,0.943125495696561,2,0,0,0,0,0,1,0,0,0,0,0,0,1,0,0,0,0,0,0,0,0,1,0,0,0
14.213889243472222,3.2492951398416103,3.1186949403451787,0.5003918675924662,0.0,176094.18871777577,0.1327595281229316,0.770752,1.268906,1.652253,162.08465900000002,0.0,0.0,14.50396861578798,0.0283456743971402,0.595288510920344,3.304701709926375,0.0283456743971402,0.595288510920344,0.5507836183210625,0.0283456743971402,0.595288510920344,0.5204111036069204,10.92917199965548,0.3512910886718462,2,0,0,1,0,0,0,0,0,0,0,1,0,0,0,1,0,0,0,0,0,0,0,0,0,0
1.75088,7.659333060971267,8.969722074284542,2.1522496082514024,0.0,169231.3454923561,0.1390822298413843,1.21672,0.389498,0.67088,550.5181110000001,0.0,0.0,45.48259851095994,0.0392026808450969,0.6231237392400528,10.36312371135796,0.0392026808450969,0.6231237392400528,1.7271872852263266,0.0392026808450969,0.6231237392400528,2.257012396747902,35.87504665127015,0.0494369115535183,3,0,1,0,0,0,0,0,0,0,1,0,0,0,1,0,0,0,0,0,0,0,0,0,0,0
2.513416,4.253274962770568,7.728180247245075,1.4428471621277807,0.0,168746.98950839328,0.1387250188657705,1.576484,0.384915,1.2864,619.675353,1.041787,0.0,65.29099128382465,0.046226437419456,0.6409221743982549,14.876428393782833,0.046226437419456,0.6409221743982549,2.479404732297138,0.046226437419456,0.6409221743982549,3.8204682565012256,52.97018240790685,0.4413485874921156,2,0,0,1,0,0,0,0,0,0,0,0,1,0,1,0,0,0,0,0,0,0,0,0,0,0
12.907972783379629,0.650778303418657,3.5028450935007,0.4412751368624415,0.0,154389.16976731116,0.1274289690779982,0.766437,1.208716,0.535837,155.464494,1.135835,0.247215,13.171400799366968,0.0167104192532969,0.5940911587602552,3.001078663146904,0.0167104192532969,0.5940911587602552,0.5001797771911506,0.0167104192532969,0.5940911587602552,0.2786071259628263,9.90507944733123,0.7098026275865648,2,0,0,0,0,0,1,0,0,0,0,1,0,0,0,0,0,1,0,0,0,0,0,0,0,0
52.12169254277777,2.1334330553917003,8.376658844433242,0.9236049880798486,0.0,77685.07016730365,0.118247376553875,1.256671,1.375702,2.603712,140.974261,1.137062,0.0,53.18540055385487,0.0,0.6300449379596552,12.118192531258073,0.0,0.6300449379596552,2.0196987552096783,0.0,0.6300449379596552,0.0,42.41669923077583,0.8651153249779137,2,0,0,0,0,1,0,0,0,0,0,0,0,1,0,1,0,0,0,0,0,0,0,0,0,0
24.11653324476852,2.308039967533496,10.270722631642,1.8614496112727432,0.0,193153.4756444844,0.1296193595412823,1.037754,1.22582,0.010472,127.738009,1.135956,0.8467889999999999,24.60870739262094,0.0321694360153855,0.6043679218534916,5.607047254014898,0.0321694360153855,0.6043679218534916,0.9345078756691496,0.0321694360153855,0.6043679218534916,1.0020863770737516,18.826219425796168,0.9016315703812762,1,0,0,0,0,0,1,0,0,0,0,0,1,0,0,0,0,0,0,0,0,1,0,0,0,0
20.52153346254629,0.6968108616429839,3.182699239511284,0.945461593729129,0.0,294877.5980028477,0.1437209579084131,0.960518,0.89197,0.380272,150.230075,1.135844,0.96609,20.940340267904386,0.0603031146244945,0.6010717839409201,4.771216769902265,0.0603031146244945,0.6010717839409201,0.7952027949837107,0.0603031146244945,0.6010717839409201,1.598440176520705,15.932465419188828,0.8586744815391875,3,0,0,0,0,0,1,0,0,0,0,0,0,1,0,0,0,0,0,0,0,0,0,0,0,1
56.3552161787963,0.174291989920165,2.996920124804088,0.2543228280415638,0.0,112837.13679369004,0.1121046423233098,1.1758620000000002,1.245787,1.829175,173.535397,0.0,0.0,57.5053226314248,0.01623626050532,0.6339265175440141,13.102478574248687,0.01623626050532,0.6339265175440141,2.1837464290414474,0.01623626050532,0.6339265175440141,1.1818625299826475,46.144492298714056,0.7493626647254029,1,0,0,1,0,0,0,0,0,0,0,1,0,0,0,0,0,0,0,1,0,0,0,0,0,0
27.42694415203704,4.81794706237116,7.391073994213443,1.3807243220240093,0.0,202793.0965602518,0.1278570005201178,1.095608,1.3227950000000002,0.41972,142.791683,7.121989999999999,0.120054,27.986677706160243,0.0334754489039829,0.6074031295193162,6.376711376087144,0.0334754489039829,0.6074031295193162,1.0627852293478572,0.0334754489039829,0.6074031295193162,1.1859070880314,21.51796914375976,0.580226951594317,2,0,0,1,0,0,0,0,0,0,0,0,1,0,1,0,0,0,0,0,0,0,0,0,0,0
93.28563145805556,1.603331556994852,6.691871492125148,1.002538111176994,0.0,110868.49411720624,0.1100380809740911,1.968854,1.510895,1.7156049999999998,109.275671,1.136185,0.0,95.18941985515872,0.0222580312084802,0.6677868094224557,21.688728574593124,0.0222580312084802,0.6677868094224557,3.61478809576552,0.0222580312084802,0.6677868094224557,2.681935541586392,80.46359364031773,0.6579663916355563,2,0,0,0,0,0,1,0,0,0,0,0,0,1,0,0,0,0,0,1,0,0,0,0,0,0
0.929989,5.612995387267151,8.737825674976376,1.482163760444815,0.0,169111.2557891187,0.1386146252032378,0.799509,0.402673,0.8404360000000001,525.802781,5.020568,0.0,24.158318278013983,0.0316414134976114,0.6039632337223438,5.504426949420908,0.0316414134976114,0.6039632337223438,0.9174044915701512,0.0316414134976114,0.6039632337223438,0.9675991620779034,18.46928611200371,0.2362758890553576,3,1,0,0,0,0,0,0,0,0,0,0,1,0,1,0,0,0,0,0,0,0,0,0,0,0
233.39828878013893,0.4028938491638901,1.987482012175828,0.1499316078885424,0.0,193613.274992506,0.1382401529654896,2.07284,1.306632,0.400973,165.079778,49.669692,0.0,238.16151916340704,0.0568312194772534,0.7962515298138961,54.26464993596616,0.0568312194772534,0.7962515298138961,9.044108322661026,0.0568312194772534,0.7962515298138961,17.132923502040125,240.04616959071444,0.97743888437459,0,0,0,1,0,0,0,0,0,0,0,1,0,0,0,0,0,0,1,0,0,0,0,0,0,0
40.75949634828704,1.2904108994298702,3.6709941311134138,0.6048896394902282,0.0,213572.26644934053,0.1241119146990261,1.313833,1.371651,1.405818,124.987617,0.013487,0.0,41.59132280437453,0.0388761187944024,0.6196273112794146,9.47650393011065,0.0388761187944024,0.6196273112794146,1.5794173216851084,0.0388761187944024,0.6196273112794146,2.046720514125573,32.62167028079594,0.7219367649902093,3,0,0,0,0,0,1,0,0,0,0,0,1,0,1,0,0,0,0,0,0,0,0,0,0,0
121.0629465454167,4.642013478050415,7.953540652204189,1.4136274192544769,0.0,146091.96804743705,0.118475599701313,1.687856,1.463266,2.070309,119.04051,1.135637,0.0,123.5336189238946,0.0457047996338076,0.693254922611687,28.14690051430509,0.0457047996338076,0.693254922611687,4.691150085717515,0.0457047996338076,0.693254922611687,7.146935823994627,108.40542965446352,0.0254215617872873,1,0,0,1,0,0,0,0,0,0,0,0,1,0,0,0,0,1,0,0,0,0,0,0,0,0
41.17053239578704,13.510895930605828,11.013154103029832,2.364906910655024,0.0,198412.8565741157,0.11700612478119,1.441314,1.351192,0.0931309999999999,126.730172,7.60745,0.261783,42.01074734263983,0.0390462021962104,0.6200041768097821,9.572069014778696,0.0390462021962104,0.6200041768097821,1.595344835796449,0.0390462021962104,0.6200041768097821,2.076405234372946,32.97068205485715,0.1295867027499886,1,0,0,1,0,0,0,0,0,0,0,0,1,0,1,0,0,0,0,0,0,0,0,0,0,0
1.829644,1.6072266948023002,10.204916767650944,2.3302085485389763,0.0,169314.0154563849,0.1391120691844027,1.571481,0.40251,0.957495,547.346056,0.0,0.0,47.52865043291761,0.039928179920318,0.6249621782734894,10.829312756867305,0.039928179920318,0.6249621782734894,1.804885459477884,0.039928179920318,0.6249621782734894,2.402193045386628,37.59950494298154,0.2680502597128205,1,0,0,0,1,0,0,0,0,0,0,1,0,0,1,0,0,0,0,0,0,0,0,0,0,0
99.38370991824074,0.3777834214895463,3.920533821737166,0.6458217996201641,0.0,165486.29183528177,0.1389549530738835,1.931242,1.437979,0.628764,137.933186,0.373636,0.0,101.41194889616402,0.0652991228281832,0.6733779384416703,23.106520001657625,0.0652991228281832,0.6733779384416703,3.851086666942937,0.0652991228281832,0.6733779384416703,8.38241937622285,86.44122668487462,0.5907651957049523,1,0,0,0,0,0,1,0,0,0,1,0,0,0,0,0,0,0,0,1,0,0,0,0,0,0
70.64122638861112,4.933213949775238,10.545047392948067,1.9420300507717,0.0,171560.6559502398,0.1384252902986906,1.212016,1.286051,1.930205,158.276938,0.372093,0.0,72.08288407001135,0.0517995506309688,0.6470248938234273,16.423948269116508,0.0517995506309688,0.6470248938234273,2.7373247115194177,0.0517995506309688,0.6470248938234273,4.72640633292508,59.037241027703175,0.399849058713477,3,0,0,0,0,0,0,1,0,0,0,1,0,0,0,1,0,0,0,0,0,0,0,0,0,0
74.85303481662037,0.5847078845512381,5.750215908177465,0.1740397500673786,0.0,195754.0292266187,0.1350020262227355,2.52372,1.55259,0.597321,92.261397,6.559336999999999,0.000611,76.3806477720616,0.0,0.6508865634426305,17.40318556831783,0.0,0.6508865634426305,2.900530928052972,0.0,0.6508865634426305,0.0,62.93055359731542,0.8362222720427915,0,0,0,1,0,0,0,0,0,0,1,0,0,0,0,1,0,0,0,0,0,0,0,0,0,0
30.52962223708333,3.898148248521544,9.428363037338071,1.7369287763711074,0.0,192473.86565122905,0.1374477583655922,1.021146,1.361708,0.696516,154.56246399999998,0.369706,0.0,31.152675752125848,0.0347121294227487,0.6102478737435576,7.098078019471712,0.0347121294227487,0.6102478737435576,1.1830130032452852,0.0347121294227487,0.6102478737435576,1.3688300159148337,24.06437232804719,0.4321242838801823,3,0,0,1,0,0,0,0,0,0,1,0,0,0,0,1,0,0,0,0,0,0,0,0,0,0
28.14308778217593,0.3769453932269871,3.92252720974618,1.0584401240308794,0.0,163977.4204698741,0.135427935857424,1.119997,1.158591,0.650597,157.441926,3.322179,0.07969,28.717436512424417,0.0337598087811548,0.6080597382295087,6.543213382577715,0.0337598087811548,0.6080597382295087,1.0905355637629524,0.0337598087811548,0.6080597382295087,1.227209070056207,22.10369231438902,0.861290999669059,0,0,0,0,0,0,1,0,0,0,0,0,1,0,0,0,0,0,0,1,0,0,0,0,0,0
55.12190437666667,0.6819042709591292,5.702626646851464,0.7055484210129837,0.0,91555.74198141487,0.1099414887884966,1.413698,1.297549,3.535395,149.995697,0.0,0.0,56.24684120068028,0.0,0.6327957342240472,12.815735969775254,0.0,0.6327957342240472,2.1359559949625417,0.0,0.6327957342240472,0.0,45.05412807008591,0.5139443437188634,2,0,0,0,1,0,0,0,0,0,0,0,1,0,0,1,0,0,0,0,0,0,0,0,0,0
26.023271069722224,0.4767903508328133,2.3487526475668523,0.281143848790968,0.0,183854.6782823741,0.1369991218336194,0.793995,1.196686,0.399982,172.09646999999998,113.37747,0.001652,26.55435823441044,0.0329199784763691,0.6061161475043648,6.050360104042883,0.0329199784763691,0.6061161475043648,1.008393350673814,0.0329199784763691,0.6061161475043648,1.106542913329856,20.373449762647667,0.2120519435712154,0,0,0,0,0,0,1,0,0,0,1,0,0,0,0,1,0,0,0,0,0,0,0,0,0,0
50.6612493387037,1.929482585806355,13.541221762732636,2.9931166160592646,0.0,174412.0745091427,0.1216140068728003,1.236367,1.258636,0.268468,171.572958,104.089928,0.000222,51.69515238643235,0.0258197971646069,0.628705905273781,11.778642315895976,0.0258197971646069,0.628705905273781,1.9631070526493293,0.0258197971646069,0.628705905273781,1.6895675303938338,41.1405665561747,0.6467255028259437,0,0,0,0,1,0,0,0,0,0,0,0,1,0,0,0,0,1,0,0,0,0,0,0,0,0
52.61009379208334,0.4236069736863783,5.40871537846627,1.5941900406524143,0.0,184454.26699265587,0.1369000812657445,1.798067,1.4252129999999998,0.573126,137.351753,0.370708,2.4e-05,53.683769175595245,0.0438657937273566,0.6304927371173475,12.23174487545208,0.0438657937273566,0.6304927371173475,2.03862414590868,0.0438657937273566,0.6304927371173475,2.980862209067962,42.84459059024929,0.5987300318848344,1,0,0,0,0,0,1,0,0,0,0,0,0,1,0,0,1,0,0,0,0,0,0,0,0,0
15.468992625972222,4.926375032614747,6.0570244291703474,1.5813658533336448,0.0,156304.1740295264,0.132107451182904,0.823392,1.148485,0.079916,168.207841,0.369725,0.7533449999999999,15.78468635303288,0.0288234295400232,0.5964392742287906,3.5965108146150864,0.0288234295400232,0.5964392742287906,0.5994184691025144,0.0288234295400232,0.5964392742287906,0.5759098669721641,11.917223889027882,0.7163241691436026,3,0,0,0,0,0,1,0,0,0,0,1,0,0,0,0,1,0,0,0,0,0,0,0,0,0
35.55889496097222,0.7017166996173722,3.5225811496341257,0.5687921189432807,0.0,157647.35585281774,0.1318001236489636,1.283322,1.216654,0.38072,149.339332,0.370253,0.099615,36.28458669486961,0.0367426640790636,0.6148590496829411,8.267374183641177,0.0367426640790636,0.6148590496829411,1.3778956972735292,0.0367426640790636,0.6148590496829411,1.6875852913636151,28.240387966260528,0.0741161649548773,1,0,0,1,0,0,0,0,0,0,1,0,0,0,0,0,0,0,0,1,0,0,0,0,0,0
7.825952215416666,1.8686367917975648,10.17016090877908,1.487492342218221,0.0,113498.80441584231,0.1089123836193653,0.644217,1.049259,0.076907,177.087422,111.261101,0.0003109999999999,7.985665525935373,0.0092623921299056,0.5894316200450187,1.8195187274283129,0.0092623921299056,0.5894316200450187,0.3032531212380521,0.0092623921299056,0.5894316200450187,0.0936283107841555,5.958232617835118,0.5571640040165619,0,0,0,0,1,0,0,0,0,0,1,0,0,0,0,0,0,0,0,1,0,0,0,0,0,0
242.96135580648144,0.1904644320497838,3.340734444647956,0.1241939740000868,0.0,73524.82623510566,0.1037636699436379,2.846833,1.61274,0.949694,104.935019,1.136725,0.0,247.91975082294027,0.0059371132804911,0.8050195937069365,56.48804449130285,0.0059371132804911,0.8050195937069365,9.414674081883806,0.0059371132804911,0.8050195937069365,1.863199550768272,252.6332368093776,0.8267424586566927,2,0,0,0,0,0,0,0,0,1,0,0,1,0,0,0,0,0,0,0,0,0,0,0,1,0
48.00748799226852,6.4796777223225694,8.152403211707977,1.552265394648774,0.0,195991.749981265,0.1371134291771504,1.487932,1.318458,2.809146,156.971485,0.369726,0.0,48.98723264517197,0.0419067129743018,0.6262727581486663,11.16164794446956,0.0419067129743018,0.6262727581486663,1.8602746574115927,0.0419067129743018,0.6262727581486663,2.59859987071718,38.8346446870408,0.9606980291229912,3,0,0,0,0,0,0,1,0,0,0,0,0,1,0,0,1,0,0,0,0,0,0,0,0,0
38.16838579541667,0.3465745437273876,3.306584710125729,0.1927638387026118,0.0,155196.58194694246,0.1358118055464266,1.294293,1.329956,0.204901,151.036193,69.65460999999999,7.000000000000001e-06,38.94733244430272,0.0075617745048056,0.6172516066211793,8.874075746803152,0.0075617745048056,0.6172516066211793,1.4790126244671915,0.0075617745048056,0.6172516066211793,0.3727986651993887,30.430763955512703,0.4054000300763599,0,0,0,0,0,0,1,0,0,0,0,1,0,0,0,0,0,0,0,0,1,0,0,0,0,0
315.9526615762963,0.5804616549282337,3.973069665815047,0.2959261332913268,0.0,110859.30785371702,0.1190799314716308,2.709658,1.407863,1.081759,151.83760800000002,1.137018,0.0,322.4006750778533,0.0401431318754839,0.8719429385777036,73.45838166330836,0.0401431318754839,0.8719429385777036,12.243063610551392,0.0401431318754839,0.8719429385777036,16.38249723594345,355.8417620592644,0.2408580749071647,2,0,0,0,0,0,1,0,0,0,0,0,1,0,0,0,0,0,0,0,0,0,1,0,0,0
56.27843649842592,1.5245715775649895,9.472550224057205,1.4813872890220845,0.0,187468.41722871704,0.1386809901689454,1.909865,1.552099,0.4952029999999999,95.243879,1.135653,0.0,57.42697601880196,0.0181785820453803,0.6338561207621741,13.084627447321964,0.0181785820453803,0.6338561207621741,2.180771241220328,0.0181785820453803,0.6338561207621741,1.3214442976909888,46.07650664098762,0.0584489771021194,1,0,0,0,0,0,1,0,0,0,0,1,0,0,0,0,0,0,1,0,0,0,0,0,0,0
1.118388,4.055161685966473,7.249770579578207,1.2514830113029023,0.0,170963.9254533873,0.1385533628846815,0.963148,0.402387,0.644233,563.089612,0.914532,0.0,29.05235789058956,0.0333767659463517,0.6083606751354315,6.619524582665976,0.0333767659463517,0.6083606751354315,1.103254097110996,0.0333767659463517,0.6083606751354315,1.2274351259542449,22.37254691214588,0.5684823699466228,2,0,0,0,1,0,0,0,0,0,0,1,0,0,1,0,0,0,0,0,0,0,0,0,0,0
6.169256,9.65391091877322,7.412375585066615,1.54590080253226,0.0,166052.77757793764,0.1386726838972071,1.67013,0.356559,0.61363,638.824919,1.050287,0.0,160.25872347581253,0.0799005593426241,0.7262535308047218,36.514645855248425,0.0799005593426241,0.7262535308047218,6.08577430920807,0.0799005593426241,0.7262535308047218,16.20855904462324,147.3271693247676,0.2822663062321474,2,0,1,0,0,0,0,0,0,0,0,1,0,0,1,0,0,0,0,0,0,0,0,0,0,0
42.88649206268519,2.915698557734775,7.826898586264045,0.7773665386995823,0.0,137629.49738646584,0.1257896808018501,1.461024,1.314202,0.6397229999999999,141.488701,1.134397,0.416556,43.76172659457672,0.0079517135337829,0.621577484197025,9.971026312688366,0.0079517135337829,0.621577484197025,1.6618377187813942,0.0079517135337829,0.621577484197025,0.4404819159795002,34.43203027946208,0.0181311358600978,2,0,0,0,0,0,0,1,0,0,0,0,0,1,0,0,0,0,0,0,1,0,0,0,0,0
23.24492094486111,3.2116161584854126,8.287691656062357,1.5303824008654634,0.0,212388.1131032674,0.140053735264271,0.774574,1.299185,0.240617,148.612584,1.13525,0.069184,23.71930708659297,0.0318278824711026,0.6035687689965163,5.404399083021183,0.0318278824711026,0.6035687689965163,0.9007331805035304,0.0318278824711026,0.6035687689965163,0.955614326896294,18.121813898361097,0.5474971728379919,2,0,0,0,0,0,1,0,0,0,0,0,0,1,1,0,0,0,0,0,0,0,0,0,0,0
33.32087929097222,2.421685218811035,9.204159773225122,1.7887340817663024,0.0,165061.05418165468,0.1355292838718965,1.11936,1.225697,2.477466,155.792674,0.371548,0.0,34.00089723568594,0.0358351178958352,0.6128070861931808,7.747039876485404,0.0358351178958352,0.6128070861931808,1.291173312747567,0.0358351178958352,0.6128070861931808,1.5423115962088398,26.37467185184111,0.7457551634541469,1,0,0,0,0,0,1,0,0,0,1,0,0,0,0,0,0,0,0,0,0,1,0,0,0,0
28.93690210356481,1.3109575196993437,13.65641054661154,5.322566587862065,0.0,226290.78353567145,0.1388240580578788,0.977485,1.327705,0.547521,146.27435,52.450786,0.008739,29.527451126086547,0.0613363855722462,0.6087875606603225,6.7277736742982,0.0613363855722462,0.6087875606603225,1.121295612383033,0.0613363855722462,0.6087875606603225,2.292540667386459,22.75436068805965,0.3980627369135224,0,0,0,0,0,0,1,0,0,0,0,1,0,0,0,0,0,0,0,0,0,0,0,1,0,0
50.21984254893519,1.2431182891344852,4.946695119356938,0.6321047360805585,0.0,203040.9599070744,0.1354187985690091,1.741168,1.35422,0.513165,161.114996,1.139431,0.001481,51.24473729483183,0.0257070230743944,0.6283011938015253,11.676016092493327,0.0257070230743944,0.6283011938015253,1.9460026820822207,0.0257070230743944,0.6283011938015253,1.6675311950373726,40.75586027644099,0.4714945790564802,1,0,0,0,0,0,0,1,0,0,0,0,0,1,0,0,0,1,0,0,0,0,0,0,0,0
300.6030389507408,0.5133353716177906,9.59429063614038,4.903254289421247,0.0,177331.73853417265,0.1362218679927236,3.985077,1.657013,0.4510149999999999,69.46639499999999,0.382929,0.0,306.73779484769466,0.189158610119148,0.8578693708044991,69.8896241425127,0.189158610119148,0.8578693708044991,11.648270690418784,0.189158610119148,0.8578693708044991,73.44568980304085,333.0898216050017,0.9325081009618488,1,0,0,1,0,0,0,0,0,0,0,0,1,0,0,0,0,0,0,0,0,1,0,0,0,0
26.49191733495371,0.3479395470173239,3.518613968821738,0.5117720490236648,0.0,167634.1178057554,0.1392852887511253,0.855361,1.347059,0.4626979999999999,143.135818,4.169121,0.001065,27.03256870913644,0.0331051561919204,0.6065458339622203,6.159319452714631,0.0331051561919204,0.6065458339622203,1.026553242119105,0.0331051561919204,0.6065458339622203,1.1328068473225104,20.755053078258456,0.4377193062507722,1,0,0,0,0,0,0,0,1,0,0,0,1,0,0,0,0,0,0,1,0,0,0,0,0,0
25.12823791240741,0.3371883177285572,2.5736619296977272,0.1494680234997106,0.0,154048.22560701438,0.1366064825789819,0.828974,1.265224,0.260117,161.924429,78.773042,0.003889,25.64105909429328,0.0116264530404975,0.6052955208279953,5.8422666290794805,0.0116264530404975,0.6052955208279953,0.97371110484658,0.0116264530404975,0.6052955208279953,0.3773602145169924,19.64609901147045,0.2684662067505163,0,0,0,0,0,0,0,0,1,0,1,0,0,0,0,0,0,0,0,1,0,0,0,0,0,0
12.10178613949074,0.5024612682114402,2.3795342045150503,0.4950981796573964,0.0,216405.32817183752,0.1222562973948119,0.74121,1.315716,0.091997,147.169878,0.013497,0.016308,12.348761366827285,0.0275462135622481,0.5933519925509353,2.813641830416344,0.0275462135622481,0.5933519925509353,0.4689403050693905,0.0275462135622481,0.5933519925509353,0.4305843263795749,9.274888813345544,0.26192733283923,2,0,0,0,1,0,0,0,0,0,0,0,1,0,1,0,0,0,0,0,0,0,0,0,0,0
184.19040547337963,0.1760823435598997,3.578727213884715,0.1048842133905032,0.0,99360.61317820744,0.1242248177242507,2.578298,1.554963,0.342699,118.133296,20.365711,0.0,187.9493933401833,0.0,0.7511344283979549,42.82391240662404,0.0,0.7511344283979549,7.137318734437339,0.0,0.7511344283979549,0.0,178.7028609295202,0.728988213007514,0,0,0,0,0,0,0,0,1,0,1,0,0,0,0,1,0,0,0,0,0,0,0,0,0,0
227.0036564417593,1.0301778879668786,9.848259078512946,1.587452322459049,0.0,103758.21863758992,0.1093425427963264,2.235629,1.220787,0.3015239999999999,169.175462,147.461468,0.0,231.63638412424416,0.0275793608811015,0.7903885002271571,52.777910306789806,0.0275793608811015,0.7903885002271571,8.796318384464966,0.0275793608811015,0.7903885002271571,8.086561305007573,231.75029651392785,0.7085811165975491,0,0,0,0,0,0,1,0,0,0,0,0,0,1,0,0,0,0,0,0,0,0,1,0,0,0
60.56839930930554,1.7356120022080783,10.362054457767403,2.236571671865541,0.0,180110.1835843825,0.1386075020908451,1.935525,1.541092,2.353066,92.718304,0.371568,0.0,61.8044890911281,0.0473166244816976,0.6377894475830513,14.082035489117796,0.0473166244816976,0.6377894475830513,2.3470059148529656,0.0473166244816976,0.6377894475830513,3.701746584314032,49.89652019694091,0.367699009576958,1,0,0,1,0,0,0,0,0,0,0,0,0,1,0,0,0,1,0,0,0,0,0,0,0,0
210.10639883319448,0.8044078464416577,9.53662922856905,2.25378521712278,0.0,184677.69526566248,0.1281681884553649,2.099489,1.302418,0.380335,164.734793,99.963634,0.0,214.39428452366784,0.0762587303438563,0.7748959564730512,48.84933065096229,0.0762587303438563,0.7748959564730512,8.141555108493714,0.0762587303438563,0.7748959564730512,20.695488519942284,210.29527109914312,0.0403948120527356,0,0,0,1,0,0,0,0,0,0,0,1,0,0,0,0,0,1,0,0,0,0,0,0,0,0
33.823536714351846,82.99483834882435,5.7691799542315,2.283518837009974,0.0,325661.6620016487,0.1524722390502191,1.056346,1.261254,2.838056,155.797239,1.135328,0.0,34.513812973828415,0.0764014060613168,0.613267956371374,7.863906753530524,0.0764014060613168,0.613267956371374,1.3106511255884206,0.0764014060613168,0.613267956371374,3.337852961693432,26.792677910181727,0.6915851750831153,3,0,0,0,0,0,1,0,0,0,0,0,0,1,0,0,0,0,0,0,0,0,0,1,0,0
32.0896295425926,1.7199717812972677,5.7286410623317146,0.8230359746183423,0.0,157085.9720286271,0.1349628708845705,1.081101,1.285642,0.587383,150.963334,1.136914,0.010108,32.74451994142102,0.0126158583233369,0.611678193502965,7.460776695513649,0.0126158583233369,0.611678193502965,1.2434627825856082,0.0126158583233369,0.611678193502965,0.5229116765147444,25.35330228467117,0.2122852149791967,2,0,0,1,0,0,0,0,0,0,0,0,0,1,0,0,0,0,0,1,0,0,0,0,0,0
0.655122,43.44566839890514,10.241160974799872,2.042104850570075,0.0,174138.3433190947,0.1363975599193744,0.5830960000000001,0.263102,0.215047,567.070114,5.1897470000000006,0.018386,17.018099984977322,0.0291096000510011,0.5975475333795016,3.87754176872901,0.0291096000510011,0.5975475333795016,0.6462569614548349,0.0291096000510011,0.5975475333795016,0.6270760559375179,12.872308441555612,0.1222723803659291,3,0,1,0,0,0,0,0,0,0,0,0,1,0,1,0,0,0,0,0,0,0,0,0,0,0
39.8622738499537,0.7567783966481828,5.751587261684793,1.2739833169560923,0.0,171262.39186151078,0.1358272616240046,1.3352190000000002,1.415229,0.464467,128.669433,0.6259170000000001,0.015717,40.6757896428099,0.0385055999351795,0.618804677267754,9.267901437602257,0.0385055999351795,0.618804677267754,1.5446502396003758,0.0385055999351795,0.618804677267754,1.982589472194375,31.861226433582324,0.1570599025951843,2,0,0,1,0,0,0,0,0,0,1,0,0,0,0,0,1,0,0,0,0,0,0,0,0,0
2.088274,0.7593472508503665,8.823996802314008,4.527559410753868,0.0,173258.61829286572,0.1385202354056944,1.91278,0.282129,0.365454,593.464579,0.953509,0.241641,54.247080281273625,0.0423104335618857,0.6309988890451328,12.360094241302852,0.0423104335618857,0.6309988890451328,2.0600157068838083,0.0423104335618857,0.6309988890451328,2.905338590084952,43.32892074864024,0.6255889260347639,1,0,0,0,1,0,0,0,0,0,0,1,0,0,1,0,0,0,0,0,0,0,0,0,0,0
43.71138993504629,6.130856142055502,5.652642729185182,0.9460202327592196,0.0,193422.08545038968,0.1246874073087025,1.4811379999999998,1.48573,1.437555,115.12191,0.0,0.0,44.60345911739417,0.0401023462433541,0.6223338061207522,10.162813469786014,0.0401023462433541,0.6223338061207522,1.6938022449643355,0.0401023462433541,0.6223338061207522,2.2641814698443468,35.137013264150994,0.436950893697642,3,0,0,0,1,0,0,0,0,0,1,0,0,0,1,0,0,0,0,0,0,0,0,0,0,0
56.73241927032407,0.6773994878756342,8.075857555837654,1.87719672861145,0.0,190208.26382643884,0.1315862836954976,1.176972,1.204788,0.303191,172.443442,66.254837,0.088702,57.890223745228646,0.0456432600134672,0.6342723627418003,13.190177562203996,0.0456432600134672,0.6342723627418003,2.198362927033999,0.0456432600134672,0.6342723627418003,3.3446816894193216,46.47869492979449,0.8965602475552407,0,0,0,1,0,0,0,0,0,0,0,1,0,0,0,0,0,0,0,1,0,0,0,0,0,0
2.561735,6.694969236136054,11.16799271421181,2.697175444173012,0.0,176690.73772856715,0.139063985424219,1.566603,0.36462,0.8495790000000001,659.24582,0.0,0.0,66.54617363638509,0.0466715061033167,0.642049993397501,15.162419309556096,0.0466715061033167,0.642049993397501,2.527069884926016,0.0466715061033167,0.642049993397501,3.931405251927752,54.0835067643924,0.171085876060349,3,0,0,1,0,0,0,0,0,0,0,0,1,0,1,0,0,0,0,0,0,0,0,0,0,0
56.80395471523148,2.091234495456842,7.415050500302578,1.229771943972837,0.0,144055.9753072542,0.1351314464704595,1.946953,1.4757870000000002,1.33903,119.481579,1.135257,0.155645,57.96321909717498,0.0163057233171648,0.6343379512553846,13.206809414546196,0.0163057233171648,0.6343379512553846,2.201134902424366,0.0163057233171648,0.6343379512553846,1.1963698900895463,46.54211348135312,0.373667145096703,2,0,0,0,0,0,0,0,1,0,0,0,1,0,0,0,0,0,0,1,0,0,0,0,0,0
41.20327068125,1.8081065736514488,9.50123578124195,2.0795958109325072,0.0,195453.059371253,0.1365397702232539,1.395459,1.233267,0.0594149999999999,106.884392,1.136414,0.3088869999999999,42.04415375637755,0.0390597582505281,0.6200341934747179,9.579680602718934,0.0390597582505281,0.6200341934747179,1.5966134337864888,0.0390597582505281,0.6200341934747179,2.0787778247748614,32.99849742362352,0.6961946182049562,2,0,0,0,0,0,1,0,0,0,1,0,0,0,0,0,0,0,1,0,0,0,0,0,0,0
21.204658775231483,2.7923310331875184,13.509071665702104,3.863649695039653,0.0,293388.9681504796,0.1444936755696217,0.87721,1.167634,0.414446,178.653128,89.31971800000001,0.006826,21.637406913501515,0.0608230053257264,0.6016981192339885,4.930042081557307,0.0608230053257264,0.6016981192339885,0.8216736802595511,0.0608230053257264,0.6016981192339885,1.665888754347863,16.479983601208055,0.1098748601335821,0,0,0,1,0,0,0,0,0,0,0,1,0,0,0,0,0,0,0,0,0,0,0,1,0,0
1.374729,0.9521389464966112,4.077608945558397,0.6745070258347536,0.0,168129.91020308752,0.1379524770436241,1.075547,0.3880659999999999,0.054836,540.957503,1.048373,0.0,35.71132640065193,0.035737935496416,0.6143439581107778,8.136757914072591,0.035737935496416,0.6143439581107778,1.3561263190120982,0.035737935496416,0.6143439581107778,1.6155051637948812,27.770933684003065,0.1866387238662136,1,0,0,1,0,0,0,0,0,0,0,1,0,0,1,0,0,0,0,0,0,0,0,0,0,0
8.805300459398149,74.60774497591335,3.5203131720316496,0.8727035126526007,0.0,162257.90803919366,0.1302243415042936,0.658207,1.1572,2.4972380000000003,175.61623899999998,0.0,0.0,8.985000468773622,0.0263097568785241,0.5903295524712071,2.047215296682597,0.0263097568785241,0.5903295524712071,0.3412025494470995,0.0263097568785241,0.5903295524712071,0.2992318707428606,6.714064943904707,0.4022884702977698,3,0,0,1,0,0,0,0,0,0,1,0,0,0,1,0,0,0,0,0,0,0,0,0,0,0
127.97640179027776,0.4976976167240874,4.496844684763206,0.3194248667902511,0.0,89123.70068944844,0.1154006527696582,2.120922,1.541256,0.24623,116.008923,1.136762,0.0,130.58816509212016,0.0159536481344211,0.6995936439802227,29.754265464027377,0.0159536481344211,0.6995936439802227,4.959044244004563,0.0159536481344211,0.6995936439802227,2.637161565062516,115.64386111074336,0.8875516477307827,1,0,0,0,0,0,0,1,0,0,0,0,1,0,0,0,0,0,0,0,1,0,0,0,0,0
53.05330806106483,2.377418795649668,8.660106924226245,1.1551351390010731,0.0,122122.8925172362,0.1337563433289099,1.827879,1.409459,0.147039,112.00586,1.136495,0.192247,54.13602863373963,0.0157279437014315,0.630899105808274,12.334791334269788,0.0157279437014315,0.630899105808274,2.055798555711631,0.0157279437014315,0.630899105808274,1.0777827981905608,43.23338235068031,0.7619249186294151,2,0,0,0,0,0,1,0,0,0,0,0,0,1,0,0,0,0,0,1,0,0,0,0,0,0
16.614832617175924,4.837339152535089,5.0045205134567885,0.9008140030810587,0.0,188037.53947467025,0.137311446866829,0.545855,1.0558459999999998,0.374849,171.26574,0.369678,0.0,16.953910833852984,0.0292613386712923,0.5974898575015419,3.8629163925234646,0.0292613386712923,0.5974898575015419,0.6438193987539107,0.0292613386712923,0.5974898575015419,0.6279672490028656,12.822518693940085,0.1610738152380206,2,0,0,0,0,0,0,1,0,0,0,0,1,0,0,0,0,1,0,0,0,0,0,0,0,0
25.56205838097222,0.3413588630495597,3.658110023688355,0.5457342096941649,0.0,167638.32908048562,0.139282420724273,0.854518,1.35201,0.153882,141.913763,4.190543,0.0,26.08373304180839,0.0327380100542212,0.605693276650056,5.943129047500646,0.0327380100542212,0.605693276650056,0.9905215079167742,0.0327380100542212,0.605693276650056,1.0809234361700568,19.99840725741551,0.6347613495561808,0,0,0,0,0,0,0,0,1,0,0,0,1,0,0,0,0,0,0,1,0,0,0,0,0,0
31.66016229861111,1.3959635368925776,10.321955385825618,2.0939912218555845,0.0,232133.8751405126,0.1251904824726301,1.200409,1.405531,0.102756,132.39033899999998,12.449141,0.006294,32.30628805980725,0.0351657813663,0.6112844290103786,7.360926393373804,0.0351657813663,0.6112844290103786,1.2268210655623004,0.0351657813663,0.6112844290103786,1.438070712237839,24.997887152005173,0.7334607815741898,0,0,0,1,0,0,0,0,0,0,0,1,0,0,1,0,0,0,0,0,0,0,0,0,0,0
207.40477747379632,0.5729253042659028,4.954925224363661,1.0957240029204665,0.0,197293.66080260792,0.1369164823342284,2.4963490000000004,1.413756,0.181123,107.447603,34.387754,0.0,211.63752803448605,0.1254048833276737,0.7724189280648267,48.22120891924998,0.1254048833276737,0.7724189280648267,8.03686815320833,0.1254048833276737,0.7724189280648267,33.595417102432926,206.92763612998408,0.9549979791046416,1,0,0,0,0,0,1,0,0,0,1,0,0,0,0,0,0,1,0,0,0,0,0,0,0,0
36.03925165490741,0.4492516211039728,2.2474554938663966,0.1229577958047818,0.0,184227.4521133093,0.1340818981007992,0.902685,1.083916,0.466551,187.791251,92.331792,0.025943,36.77474658664021,0.0,0.6152994730504938,8.37905618429777,0.0,0.6152994730504938,1.396509364049628,0.0,0.6152994730504938,0.0,28.642382526993885,0.8705584134451346,0,0,0,1,0,0,0,0,0,0,1,0,0,0,0,1,0,0,0,0,0,0,0,0,0,0
127.76019163597222,5.3777057489902855,5.688802492132576,0.9877027567627904,0.0,168409.7595361211,0.1349185304425889,1.620148,1.364286,1.951292,152.299443,0.0,0.0,130.36754248568593,0.079654937349828,0.6993954079496634,29.70399702205502,0.079654937349828,0.6993954079496634,4.950666170342503,0.079654937349828,0.6993954079496634,13.144833454618173,115.41577286097645,0.4778448414815134,3,0,0,0,1,0,0,0,0,0,0,1,0,0,0,0,0,0,0,1,0,0,0,0,0,0
49.60171011555556,1.3509306328759776,7.98199147286175,1.0347673033924698,0.0,139313.5807853717,0.1300071591167427,1.397132,1.445099,2.74251,120.245359,1.136523,0.0,50.6139899138322,0.0085164489963291,0.6277344483572757,11.53230149935417,0.0085164489963291,0.6277344483572757,1.9220502498923613,0.0085164489963291,0.6277344483572757,0.5456347640529983,40.21790511103819,0.2959975463114557,1,0,0,0,0,0,0,0,1,0,1,0,0,0,0,0,0,0,0,0,1,0,0,0,0,0
97.21656779935186,0.3355710513586049,3.383355596368548,0.4194855503112578,0.0,157130.02962942145,0.1352896282194758,1.588141,1.453078,0.476467,121.721817,43.248194,0.0,99.20057938709374,0.0385468450568642,0.6713909565966854,22.602663657818827,0.0385468450568642,0.6713909565966854,3.7671106096364704,0.0385468450568642,0.6713909565966854,4.84034096605755,84.30679986031177,0.751725175795008,0,0,0,0,0,0,1,0,0,0,1,0,0,0,0,0,0,1,0,0,0,0,0,0,0,0
73.78262526074074,1.6065309735224973,12.521503601714576,3.460409451159928,0.0,181429.3685364209,0.1241848077491033,1.524175,1.262073,0.337698,165.243066,104.10255,5e-06,75.28839312320484,0.0425791731644238,0.6499051398729933,17.154317420477053,0.0425791731644238,0.6499051398729933,2.8590529034128416,0.0425791731644238,0.6499051398729933,4.057870288688807,61.93710590322702,0.378969818834753,0,0,0,0,1,0,0,0,0,0,1,0,0,0,0,0,1,0,0,0,0,0,0,0,0,0
57.339426796435184,1.2505403404041446,8.833107160435592,1.1613700911581373,0.0,95891.31910877548,0.1113025539641757,1.287514,1.227293,0.300309,174.530271,145.863343,0.0,58.50961918003591,0.0091813621612892,0.6348289081218377,13.331305635957548,0.0091813621612892,0.6348289081218377,2.221884272659591,0.0091813621612892,0.6348289081218377,0.6799974729253514,47.01721222618573,0.5403162114922664,0,0,0,0,0,0,1,0,0,0,0,1,0,0,0,0,0,0,0,0,0,0,0,0,1,0
117.03631563564814,2.004505351150065,7.91197171542856,1.0566669866907226,0.0,120906.01384517386,0.1232369960569363,1.690725,1.3496780000000002,1.848167,152.01319099999998,1.136491,0.0,119.42481187311034,0.0148219179105639,0.6895630362123458,27.21071662931628,0.0148219179105639,0.6895630362123458,4.53511943821938,0.0148219179105639,0.6895630362123458,2.240638934263011,104.24169098013948,0.2182473801650736,2,0,0,1,0,0,0,0,0,0,0,0,0,1,0,0,0,0,0,0,1,0,0,0,0,0
78.45447533462963,0.2256714889882422,2.2994206950818894,0.2449889590056966,0.0,142308.31309015286,0.1204264236332701,1.758513,1.516255,0.245785,133.514939,1.134324,0.0,80.05558707615269,0.0332192968749391,0.6541886066555355,18.240513511022133,0.0332192968749391,0.6541886066555355,3.0400855851703548,0.0332192968749391,0.6541886066555355,3.366316852633237,66.29297843587243,0.4060909091971189,1,0,0,0,0,0,1,0,0,0,0,0,0,1,0,0,0,1,0,0,0,0,0,0,0,0
64.67366829356482,0.4416323772651686,2.797340214967156,0.3103704294212144,0.0,194927.4617805756,0.137826381309284,1.261497,1.271402,0.318994,162.28724,88.407478,0.0009109999999999,65.99353907506614,0.0393025122073662,0.6415534346651192,15.036502574065702,0.0393025122073662,0.6415534346651192,2.5060837623442835,0.0393025122073662,0.6415534346651192,3.283179588740618,53.59288817634865,0.0587386410405857,0,0,0,1,0,0,0,0,0,0,0,1,0,0,0,0,1,0,0,0,0,0,0,0,0,0
55.65068114754629,0.3183808852013924,2.556535550730405,0.1757213777596716,0.0,145093.66136465827,0.1330111997840787,1.6359,1.166243,0.140601,162.16696299999998,114.981704,0.043069,56.78640933423091,0.0180698997052958,0.6332805523790864,12.938675544508309,0.0180698997052958,0.6332805523790864,2.156445924084718,0.0180698997052958,0.6332805523790864,1.298892052270162,45.52117553266665,0.9039844679675554,0,0,0,0,0,0,1,0,0,0,1,0,0,0,0,0,0,0,1,0,0,0,0,0,0,0
68.98733199384259,0.7573206537740687,3.540227305117271,0.5210860628875897,0.0,99354.321108738,0.1120193956477893,1.162415,1.301313,2.635177,160.21306299999998,1.137055,0.0,70.39523672841081,0.010210930027459,0.6455084920575789,16.03942102672651,0.010210930027459,0.6455084920575789,2.673236837787752,0.010210930027459,0.6455084920575789,0.9098744765825556,57.519902669104745,0.7564015074248056,3,0,0,0,0,0,0,0,0,1,1,0,0,0,0,0,0,0,0,0,0,1,0,0,0,0
34.32705969115741,4.617728331677919,8.423543591579373,1.8625175607004325,0.0,184218.43348133992,0.12922202179329,1.128771,1.293825,2.608206,151.734248,1.135301,0.0,35.02761192975246,0.0362423516897316,0.6137296201472404,7.98097487007018,0.0362423516897316,0.6137296201472404,1.33016247834503,0.0362423516897316,0.6137296201472404,1.6069405448221872,27.212003752293576,0.9465950570166928,3,0,0,0,0,0,1,0,0,0,0,0,1,0,0,0,0,1,0,0,0,0,0,0,0,0
75.33135491425926,0.0660569368073229,1.36484002602472,0.0727964881226884,0.0,43051.36441003448,0.0991986342560616,2.081394,1.559219,0.207906,97.129999,1.136693,0.0,76.86872950434619,0.0,0.6513251195215402,17.51439406428141,0.0,0.6513251195215402,2.919065677380235,0.0,0.6513251195215402,0.0,63.37536004036357,0.5973415050168217,1,0,0,0,0,0,0,0,0,1,0,0,1,0,0,1,0,0,0,0,0,0,0,0,0,0
25.47451019768519,0.5038495822776136,2.516629072116148,0.2951763074675338,0.0,221294.7676296463,0.138059790882704,0.793308,1.222301,0.323693,169.96751799999998,106.950245,0.0,25.994398160903256,0.0327034989714608,0.6056130065795163,5.922774264509602,0.0327034989714608,0.6056130065795163,0.9871290440849336,0.0327034989714608,0.6056130065795163,1.0760857892643598,19.92727294234136,0.1232154850514457,0,0,0,0,0,0,0,0,1,0,1,0,0,0,1,0,0,0,0,0,0,0,0,0,0,0
21.879484958009257,4.522567437992965,5.458996137840856,1.0125497875453755,0.0,181916.15887290167,0.136915696664251,0.7053119999999999,1.144966,1.784173,181.865902,0.370618,0.0,22.32600505919312,0.0312947547550577,0.6023168453258367,5.086937861588306,0.0312947547550577,0.6023168453258367,0.8478229769313842,0.0312947547550577,0.6023168453258367,0.884413737959023,17.02193536200237,0.6502629145539652,3,0,0,0,0,0,1,0,0,0,0,0,1,0,1,0,0,0,0,0,0,0,0,0,0,0
127.62625997203703,2.0112043850713497,11.932918139212996,2.5855886044262126,0.0,192677.6302832733,0.1313452618442279,2.618709,1.619573,1.118741,93.790656,1.135961,0.0,130.23087752248676,0.079584781205021,0.69927261038028,29.672858169680527,0.079584781205021,0.69927261038028,4.94547636161342,0.079584781205021,0.69927261038028,13.119488473120247,115.27453883197956,0.6859838136133859,1,0,0,0,0,0,0,0,0,1,1,0,0,0,0,1,0,0,0,0,0,0,0,0,0,0
37.36008618287037,0.9601632194767752,11.653774151699148,5.862606847886559,0.0,199790.25652915167,0.1263382312812679,1.328544,1.246074,0.090075,163.737608,106.657312,0.0065829999999999,38.122536921296295,0.0374776869215571,0.6165105030998923,8.686147652953586,0.0374776869215571,0.6165105030998923,1.4476912754922642,0.0374776869215571,0.6165105030998923,1.808537346065625,29.75056255290202,0.8157722007483427,0,0,0,0,1,0,0,0,0,0,0,1,0,0,1,0,0,0,0,0,0,0,0,0,0,0
446.7783888723611,2.8906247913122747,17.154793487750084,5.772248428216655,0.0,267696.38498576137,0.1352870333180439,3.168989,1.308637,0.307586,116.431774,82.643849,0.0027949999999999,455.8963151758787,0.5604257879638312,0.9918927760749824,103.87510978690908,0.5604257879638312,0.9918927760749824,17.312518297818176,0.5604257879638312,0.9918927760749824,323.4127236231,572.40539450906,0.4648501612460691,1,0,0,0,1,0,0,0,0,0,0,1,0,0,0,0,0,0,0,0,0,0,0,1,0,0
1.473235,5.494372081985291,10.679012497552009,2.524439965220664,0.0,174682.16942071344,0.1380790282103369,1.190612,0.416749,0.561675,582.122756,0.7439560000000001,0.0,38.27021612977136,0.036645279103949,0.6166431972990835,8.719796080201068,0.036645279103949,0.6166431972990835,1.4532993467001778,0.036645279103949,0.6166431972990835,1.775218672713828,29.87223852606224,0.3330443797900253,3,0,1,0,0,0,0,0,0,0,0,0,1,0,1,0,0,0,0,0,0,0,0,0,0,0
82.24509019111112,0.4270669004614119,4.25700969175755,1.023240121327144,0.0,177390.69744829138,0.1373988247389416,2.039406,1.339981,0.5138050000000001,151.618988,88.99550500000001,0.001538,83.92356141950114,0.0571234218938319,0.6576640976422643,19.121824120898992,0.0571234218938319,0.6576640976422643,3.1869706868164984,0.0571234218938319,0.6576640976422643,6.068355703543146,69.865206698584,0.4822127371353503,0,0,0,1,0,0,0,0,0,0,0,1,0,0,0,0,0,0,0,0,1,0,0,0,0,0
14.542901375138888,1.272269233668165,6.038536810474716,0.9557743286914964,0.0,142886.22401453837,0.131218381360066,0.4811439999999999,1.118124,0.23196,194.731042,1.13493,0.027038,14.839695280753968,0.0113882878393836,0.5955901714006159,3.381196393083182,0.0113882878393836,0.5955901714006159,0.5635327321805302,0.0113882878393836,0.5955901714006159,0.2139224320328723,11.187818551641982,0.6435267877010858,2,0,0,0,0,0,1,0,0,0,0,0,0,1,0,0,0,0,1,0,0,0,0,0,0,0
42.095936295370365,4.421390606345033,8.295574254555095,1.2992303823109723,0.0,194518.4476169065,0.1374787810823614,1.440331,1.217063,0.26741,137.867702,1.13619,0.5905,42.95503703609221,0.0315439290977247,0.6208526494280399,9.787223628476704,0.0315439290977247,0.6208526494280399,1.6312039380794507,0.0315439290977247,0.6208526494280399,1.7151527122235857,33.757909557135974,0.3434214555552805,2,0,0,1,0,0,0,0,0,0,0,1,0,0,0,0,1,0,0,0,0,0,0,0,0,0
17.25422202439815,0.7408746509529132,8.54681829411349,4.558571372386649,0.0,201575.56285596525,0.1332258912477847,0.8555510000000001,1.139892,0.058675,159.755233,91.615724,0.237488,17.606349004487907,0.0295064201124228,0.5980760927710025,4.011573190895978,0.0295064201124228,0.5980760927710025,0.6685955318159964,0.0295064201124228,0.5980760927710025,0.6575953549017196,13.329033443755389,0.7867627426673021,0,0,0,1,0,0,0,0,0,0,0,1,0,0,0,0,0,0,0,0,1,0,0,0,0,0
26.834829236342586,3.2182252967386225,7.821511346373341,1.0186637444175977,0.0,173516.31081384892,0.1362017574463245,0.8733139999999999,1.139155,2.13635,160.272081,1.134738,0.0,27.382478812594474,0.0,0.6068602386874805,6.239045805401273,0.0,0.6068602386874805,1.0398409675668787,0.0,0.6068602386874805,0.0,21.03460459248856,0.7616589746142393,2,0,0,0,0,0,1,0,0,0,0,0,1,0,0,1,0,0,0,0,0,0,0,0,0,0
82.97966501773148,0.8111684934841358,7.30258256582905,0.8728245374538915,0.0,56537.22518079286,0.0970700558775263,2.433735,1.4712040000000002,1.594522,84.834363,1.271754,0.047061,84.67312756911376,0.0022986478099041,0.6583376053146758,19.292611344861363,0.0022986478099041,0.6583376053146758,3.21543522414356,0.0022986478099041,0.6583376053146758,0.2463717711955386,70.56139751690432,0.7999979444965277,0,0,0,1,0,0,0,0,0,0,0,0,1,0,0,0,0,0,0,0,0,0,1,0,0,0
302.971116751713,0.3760509178203216,5.841848550082968,2.4082675247455385,0.0,149278.3040786121,0.131023082104947,2.213359,1.185843,0.369419,178.64836699999998,51.740499,0.0,309.1542007670541,0.1909220848974675,0.8600405840152211,70.44019764312624,0.1909220848974675,0.8600405840152211,11.74003294052104,0.1909220848974675,0.8600405840152211,74.71438552564076,336.5634928841216,0.8545814262775675,0,0,0,0,0,0,1,0,0,0,1,0,0,0,0,0,0,0,0,0,0,1,0,0,0,0
32.63474999875,0.3164121438916638,4.204934950069272,1.1555757747708464,0.0,187885.53261765587,0.1380195606062166,1.110317,1.309415,0.170736,126.474402,0.37071,0.301925,33.30076530484694,0.035558155697793,0.6121779966493641,7.587516145408164,0.035558155697793,0.6121779966493641,1.2645860242346938,0.035558155697793,0.6121779966493641,1.4988782247663464,25.805057963559303,0.1784120845326955,0,0,0,1,0,0,0,0,0,0,0,0,0,1,0,1,0,0,0,0,0,0,0,0,0,0
22.19900145944445,2.548932020041011,6.703399029281214,1.0404994695735492,0.0,180178.77536720625,0.1381366352418915,0.734122,1.16432,1.026907,176.48786299999998,0.37087,0.071721,22.65204230555556,0.0314192964043777,0.6026097995728108,5.161224829113924,0.0314192964043777,0.6026097995728108,0.860204138185654,0.0314192964043777,0.6026097995728108,0.9009002928642472,17.278914776791982,0.8011727850198497,2,0,0,1,0,0,0,0,0,0,0,0,1,0,0,0,0,0,1,0,0,0,0,0,0,0
35.55433807675926,0.337261597958686,3.792707924648441,0.6948751762902422,0.0,165705.62145908273,0.138924352127871,1.196307,1.220541,0.288716,142.424565,0.43095,0.27907,36.27993681301965,0.0367408097437837,0.6148548716246025,8.266314716890554,0.0367408097437837,0.6148548716246025,1.3777191194817588,0.0367408097437837,0.6148548716246025,1.68728386830842,28.23657707812391,0.58426459527579,0,0,0,0,0,0,1,0,0,0,0,1,0,0,0,0,0,0,1,0,0,0,0,0,0,0
11.191274850324072,0.4516400686628241,1.84305069086363,0.2280739658920885,0.0,201480.4938923861,0.1258025068244774,0.717907,1.296362,1.53681,163.421571,2.512265,0.00446,11.4196682146164,0.0272033179420505,0.5925171744808793,2.601949719786015,0.0272033179420505,0.5925171744808793,0.4336582866310025,0.0272033179420505,0.5925171744808793,0.3932314749809352,8.564999422827364,0.1567293723565144,1,0,0,1,0,0,0,0,0,0,0,0,1,0,1,0,0,0,0,0,0,0,0,0,0,0
92.55767556939816,1.129726871883841,10.161876756224416,2.9229063564639013,0.0,200052.3489208633,0.1322227725379473,2.635359,1.591299,0.8580549999999999,87.827565,0.037968,0.00113,94.44660772387569,0.0619982206818602,0.667119370438134,21.519480240883063,0.0619982206818602,0.667119370438134,3.586580040147177,0.0619982206818602,0.667119370438134,7.412052694073331,79.75590061363208,0.7415079987433248,1,0,0,1,0,0,0,0,0,0,0,1,0,0,1,0,0,0,0,0,0,0,0,0,0,0
54.8451054825463,3.5366301390764523,12.352880923868083,2.635941141657978,0.0,180647.6977105816,0.1368486232859053,1.698945,1.424967,1.689917,121.103381,0.0134949999999999,0.236153,55.96439334953704,0.044826811436612,0.6325419463563595,12.751380763185654,0.044826811436612,0.6325419463563595,2.1252301271976086,0.044826811436612,0.6325419463563595,3.175576339043144,44.80990670375831,0.7714886394895848,3,0,0,1,0,0,0,0,0,0,0,0,1,0,1,0,0,0,0,0,0,0,0,0,0,0
2.974398,9.05523909882104,10.467609816032065,2.0566290145297703,0.0,176938.77210731414,0.1383435367037066,1.580375,0.3446929999999999,1.818275,707.450815,0.8746870000000001,0.0,77.2659177361111,0.0504725652785488,0.6516820050634279,17.604892648734175,0.0504725652785488,0.6516820050634279,2.934148774789029,0.0504725652785488,0.6516820050634279,4.936467185750446,63.73773189029716,0.7668985699025463,3,0,0,0,1,0,0,0,0,0,1,0,0,0,1,0,0,0,0,0,0,0,0,0,0,0
131.0908412189352,0.7267488935868517,4.1639263801437485,1.237311886225959,0.0,218375.3323965828,0.1272607108296679,2.229696,1.520674,0.458887,115.232551,0.013491,0.0,133.76616450911754,0.0814069194431423,0.7024491717963773,30.478366597014123,0.0814069194431423,0.7024491717963773,5.07972776616902,0.0814069194431423,0.7024491717963773,13.784166301787169,118.941685409883,0.2855109765304252,2,0,0,0,0,0,1,0,0,0,1,0,0,0,1,0,0,0,0,0,0,0,0,0,0,0
1.348607,5.563604943758007,7.412516683697414,1.709591687583237,0.0,166000.8225232314,0.1387838335167304,1.061778,0.424073,1.236338,524.187017,1.04144,0.0,35.03275537448035,0.0354973244705294,0.6137342416866318,7.982146794185397,0.0354973244705294,0.6137342416866318,1.3303577990308992,0.0354973244705294,0.6137342416866318,1.5741380818033093,27.21620449867085,0.5091037560567805,3,1,0,0,0,0,0,0,0,0,1,0,0,0,1,0,0,0,0,0,0,0,0,0,0,0
18.12858372930556,0.4800391256702032,1.496924212081827,0.1323605138960359,0.0,191948.9414905576,0.1374564348972387,0.589396,1.078597,0.159822,193.506061,152.78978899999998,0.0,18.498554825822,0.0298424072915211,0.5988777664676458,4.214860593225265,0.0298424072915211,0.5988777664676458,0.7024767655375441,0.0298424072915211,0.5988777664676458,0.6987865916667257,14.023257211351352,0.0836780542067715,0,0,0,0,0,1,0,0,0,0,0,0,1,0,0,0,0,0,0,0,1,0,0,0,0,0
29.62822471634259,0.6595170476453768,3.781319624228443,0.4358219637644948,0.0,150188.68053057554,0.1258148300758511,0.961046,1.374147,0.332615,132.08928,19.17598,0.0017649999999999,30.232882363614888,0.0137406349443419,0.6094214117901788,6.888504842342632,0.0137406349443419,0.6094214117901788,1.1480841403904385,0.0137406349443419,0.6094214117901788,0.5258468352831219,23.322235256355167,0.1234930591276675,0,0,0,0,0,0,0,1,0,0,0,0,0,1,0,0,0,0,1,0,0,0,0,0,0,0
39.860746402731486,2.1457359973761103,6.683054341972589,1.205622489646756,0.0,187335.8378297362,0.1372700314298808,1.358975,1.235026,0.571446,143.553205,1.136124,0.0,40.6742310231954,0.0385049700282174,0.6188032768012717,9.267546309082496,0.0385049700282174,0.6188032768012717,1.544591051513749,0.0385049700282174,0.6188032768012717,1.9824810714796617,31.859933466487664,0.3838467695471502,2,0,0,0,0,1,0,0,0,0,0,0,0,1,0,0,0,0,0,1,0,0,0,0,0,0
2.304727,1.7589243639001455,10.660977994795326,1.950119634326413,0.0,169832.70166366905,0.1389247660907052,1.280604,0.382501,1.485613,600.678116,1.052592,0.0,59.8698784716081,0.0443041927834697,0.636051141903094,13.641238132771466,0.0443041927834697,0.636051141903094,2.273539688795244,0.0443041927834697,0.636051141903094,3.357578022441811,48.20291717400733,0.1853177277429357,1,0,0,1,0,0,0,0,0,0,1,0,0,0,1,0,0,0,0,0,0,0,0,0,0,0
26.5592013850926,0.3640684437194316,2.4748151585352507,0.2273106965944349,0.0,188803.78005095923,0.1364176368041575,0.868555,1.152004,0.079324,174.32385,160.803007,0.086354,27.10122590315571,0.0265054121840466,0.6066075245107625,6.174962864010162,0.0265054121840466,0.6066075245107625,1.029160477335027,0.0265054121840466,0.6066075245107625,0.9092774218431698,20.809882982683845,0.6776889916439737,0,0,0,0,0,0,0,1,0,0,0,1,0,0,0,0,1,0,0,0,0,0,0,0,0,0
116.34827703439817,4.014341101229048,10.524695885838936,1.8100134623136448,0.0,217032.7669270833,0.1282459754738018,2.633166,1.558646,0.394238,92.679964,4.155419,0.0,118.72273166775324,0.0737587834218794,0.6889321960854263,27.050748987589344,0.0737587834218794,0.6889321960854263,4.508458164598223,0.0737587834218794,0.6889321960854263,11.084612977640152,103.53406614319748,0.862128517455647,1,0,0,1,0,0,0,0,0,0,0,1,0,0,1,0,0,0,0,0,0,0,0,0,0,0
5.719042431990741,0.6969223956552912,1.4935477273069695,0.2458268613409367,0.0,179582.81898231414,0.1361107868577936,0.61017,1.046967,0.601951,198.156891,171.871849,0.015595,5.835757583664021,0.0251646485988309,0.5874998632616496,1.3296662848854732,0.0251646485988309,0.5874998632616496,0.2216110474809121,0.0251646485988309,0.5874998632616496,0.1858921378491997,4.339882003076895,0.413490137854032,0,0,0,0,0,0,0,0,0,1,1,0,0,0,0,0,0,1,0,0,0,0,0,0,0,0
49.68439592518519,1.9766130893350504,7.318297797255664,1.4506653124908748,0.0,165146.04428956835,0.1386429416797429,1.193434,1.410932,3.153619,141.664875,0.372148,0.0,50.69836318896448,0.0426173700298961,0.6278102602761803,11.55152578989064,0.0426173700298961,0.6278102602761803,1.9252542983151064,0.0426173700298961,0.6278102602761803,2.734975827764766,40.2898134041014,0.0087744151399035,0,0,0,0,0,0,0,0,0,1,1,0,0,0,0,0,0,0,0,0,0,0,0,0,0,1
7.2890036018981474,60.290273566040206,5.673604457498454,1.35881278347626,0.0,167941.74524130695,0.1385350646339446,0.6346310000000001,1.199959,1.485872,178.15454499999998,0.372368,0.0,7.4377587774470895,0.0257456483565032,0.5889393093942995,1.694679215114527,0.0257456483565032,0.5889393093942995,0.2824465358524211,0.0257456483565032,0.5889393093942995,0.242392306385631,5.544795592191238,0.3861763752674718,2,0,0,0,0,0,0,0,0,1,1,0,0,0,1,0,0,0,0,0,0,0,0,0,0,0
17.176373130972223,2.102298829052374,5.653081729257707,0.9839342278685216,0.0,186349.3086218525,0.1381081517080037,0.560875,1.01587,0.573647,188.791306,1.1370049999999998,0.006462,17.52691135813492,0.0235812419822358,0.5980047156626249,3.993473474005425,0.0235812419822358,0.5980047156626249,0.6655789123342374,0.0235812419822358,0.5980047156626249,0.5231725796675669,13.267310940715827,0.1418981764255207,2,0,0,0,0,0,1,0,0,0,0,1,0,0,0,0,1,0,0,0,0,0,0,0,0,0
1.835017,4.579947440744304,9.198696721943731,3.4393607649585896,0.0,174120.54837380096,0.1388483891527143,1.6576560000000002,0.3689159999999999,0.440392,504.410418,0.0,0.0,47.6682248193972,0.0399776708873989,0.6250875900469729,10.86111451581202,0.0399776708873989,0.6250875900469729,1.8101857526353369,0.0399776708873989,0.6250875900469729,2.412233675463804,37.717488321739616,0.3114656020626093,3,0,0,0,1,0,0,0,0,0,0,1,0,0,1,0,0,0,0,0,0,0,0,0,0,0
30.51531514810185,3.785966332010228,10.564714572412504,1.5694944488344718,0.0,192578.3398718525,0.1372919196097685,0.989691,1.309988,1.518608,137.55358700000002,1.136452,0.0,31.138076681736585,0.034706398805424,0.6102347560408408,7.094751649003272,0.034706398805424,0.6102347560408408,1.182458608167212,0.034706398805424,0.6102347560408408,1.367962667531929,24.052578009443693,0.2695900232854769,3,0,0,0,0,1,0,0,0,0,0,0,1,0,1,0,0,0,0,0,0,0,0,0,0,0
39.18378179384259,3.0239037724135875,6.798370094893934,0.7503296063958312,0.0,111512.61162320145,0.127242729353676,1.339011,1.366332,0.690141,134.207572,1.136432,0.0,39.983450810043465,0.0,0.6181825900563483,9.110153349123827,0.0,0.6181825900563483,1.5183588915206376,0.0,0.6181825900563483,0.0,31.287434406510464,0.369896497547288,2,0,0,1,0,0,0,0,0,0,0,0,1,0,0,1,0,0,0,0,0,0,0,0,0,0
32.747170114305554,2.323613646290571,7.307753025484885,0.8517954471014101,0.0,74088.14928057554,0.1057768664021286,1.166,1.3338020000000002,1.016589,142.075379,1.136211,0.098049,33.415479708475054,0.0014241397666567,0.6122810709824561,7.61365360446267,0.0014241397666567,0.6122810709824561,1.268942267410445,0.0014241397666567,0.6122810709824561,0.0602383714870246,25.898311016832448,0.5665166473583361,1,0,0,0,0,0,1,0,0,0,0,0,0,1,0,0,0,0,0,0,0,0,1,0,0,0
3.299175,11.852940527369364,9.483956103702242,2.4883374147277944,0.0,172052.1053469724,0.1387023551644181,1.864136,0.376854,0.820973,673.702794,0.95813,0.0,85.7026477784864,0.0534641021882168,0.6592626601084034,19.52718556978171,0.0534641021882168,0.6592626601084034,3.2545309282969512,0.0534641021882168,0.6592626601084034,5.800019137506018,71.51969057313732,0.5129007745839865,3,0,1,0,0,0,0,0,0,0,0,1,0,0,1,0,0,0,0,0,0,0,0,0,0,0
16.54327171481481,32.037794524388346,4.465206715128691,1.1899622646595935,0.0,168353.92651191546,0.1262096632584679,0.8518370000000001,1.149876,1.894524,173.198679,0.0,0.4818439999999999,16.88088950491307,0.0292339412600838,0.5974242456468495,3.846278621372599,0.0292339412600838,0.5974242456468495,0.641046436895433,0.0292339412600838,0.5974242456468495,0.6246771293729038,12.765889466228494,0.8577806657814683,3,0,0,0,1,0,0,0,0,0,1,0,0,0,1,0,0,0,0,0,0,0,0,0,0,0
19.035098198240743,0.5189683660328817,8.63202429446671,8.251786666451027,0.0,193908.5295638489,0.1328600999012553,0.905068,1.261173,0.7756569999999999,167.73003,110.20525,2e-05,19.423569590041573,0.0301917737288903,0.59970891998374,4.425623450895548,0.0301917737288903,0.59970891998374,0.7376039084825913,0.0301917737288903,0.59970891998374,0.7423190102150504,14.74492144439601,0.0524884496262386,0,0,0,0,0,0,0,0,0,1,1,0,0,0,0,0,0,0,0,0,0,1,0,0,0,0
1.194654,5.580623502639844,8.310224402722694,1.929919903083957,0.0,168246.1628072542,0.1388725637853574,0.946309,0.3563949999999999,0.8437,497.27566,0.930122,0.0,31.03351928259637,0.0340792558207971,0.6101408080809912,7.070928444135881,0.0340792558207971,0.6101408080809912,1.1784880740226469,0.0340792558207971,0.6101408080809912,1.338733218545876,23.968122193266296,0.9058262664485156,3,0,0,0,1,0,0,0,0,0,1,0,0,0,1,0,0,0,0,0,0,0,0,0,0,0
95.84089791611112,2.1834250081071467,8.843695335250965,1.7773064727977597,0.0,194970.92481639687,0.1217794406095997,1.558021,1.417602,1.938962,138.164249,7.121938,0.0,97.79683460827668,0.0635785277537098,0.6701296498005748,22.282823075303543,0.0635785277537098,0.6701296498005748,3.713803845883924,0.0635785277537098,0.6701296498005748,7.870606029578851,82.95766902234072,0.6584815614778862,3,0,0,1,0,0,0,0,0,0,0,0,1,0,1,0,0,0,0,0,0,0,0,0,0,0
27.241410229444444,1.0242007594171474,5.6702803919355365,0.8684065055361183,0.0,131864.6526622452,0.1184318831963218,0.937214,1.266328,2.486641,159.562869,1.135582,0.0,27.797357376984127,0.0119244729019321,0.6072330195239415,6.333575098553346,0.0119244729019321,0.6072330195239415,1.0555958497588906,0.0119244729019321,0.6072330195239415,0.4195808035280648,21.366421841534407,0.9087209535704884,3,0,0,0,0,0,1,0,0,0,0,0,0,1,0,0,0,0,0,0,0,1,0,0,0,0
11.113324127083333,24.017172204647704,5.014367508659546,1.466392617788818,0.0,173148.84239171163,0.1237364454235104,0.720267,1.200778,0.553325,166.823815,1.135296,0.1376339999999999,11.340126660289116,0.0184375663458206,0.5924457040080695,2.583826327660811,0.0184375663458206,0.5924457040080695,0.4306377212768018,0.0184375663458206,0.5924457040080695,0.2646637185684686,8.504315598475523,0.944221133679078,3,0,0,0,0,0,0,0,0,1,1,0,0,0,0,0,0,0,0,0,0,1,0,0,0,0
40.87716069930556,0.972944682950882,3.525068282223434,0.4982410258383488,0.0,188867.2480702937,0.1369639184477804,1.394016,1.418911,0.2982599999999999,138.615149,3.714443,3e-06,41.71138846867914,0.0389247854573277,0.6197351938807623,9.503860663749675,0.0389247854573277,0.6197351938807623,1.583976777291613,0.0389247854573277,0.6197351938807623,2.0551985408488487,32.72153850591476,0.4067669139095381,1,0,0,0,0,1,0,0,0,0,1,0,0,0,0,0,0,0,0,0,1,0,0,0,0,0
38.873048113935184,1.186246334541616,4.603505443326004,2.082125975359544,0.0,259649.03823815947,0.1527751675612635,1.027355,1.277867,2.096176,148.94688100000002,1.135572,0.0,39.66637562646447,0.0807683344467145,0.6178976884916471,9.03790837058684,0.0807683344467145,0.6178976884916471,1.5063180617644734,0.0807683344467145,0.6178976884916471,4.055426699857326,31.02501494991621,0.6399957822785999,3,0,0,0,0,0,1,0,0,0,0,1,0,0,0,0,0,0,0,0,0,0,0,1,0,0
3.04201297287037,0.797566901150939,4.008160682319166,0.7319168212602465,0.0,179704.0679706235,0.1361172826027127,0.5478529999999999,0.980639,0.730036,201.384187,176.144152,0.056509,3.104094870275888,0.0241811649921433,0.585045382363789,0.7072621223413416,0.0241811649921433,0.585045382363789,0.1178770203902235,0.0241811649921433,0.585045382363789,0.0950134559612746,2.298780215536751,0.3060031493835577,0,0,0,0,0,0,0,0,0,1,1,0,0,0,0,0,0,0,0,0,0,0,0,0,1,0
64.6398862525,1.152106920627953,7.944687877627586,1.0299657828373303,0.0,85559.40769727968,0.1063484525580486,1.803238,1.48082,0.939399,114.476929,3.327662,0.0,65.95906760459184,0.0098226292288291,0.6415224610147539,15.028648314970292,0.0098226292288291,0.6415224610147539,2.504774719161715,0.0098226292288291,0.6415224610147539,0.8201157789356704,53.562308070805415,0.4250526941296815,0,0,0,0,0,0,0,0,0,1,1,0,0,0,0,0,0,0,0,0,0,0,0,0,1,0
267.6876968972685,0.2728090348611061,2.9578085931942617,0.1833217528512437,0.0,93071.28285652728,0.1087474621010484,2.517628,1.4434209999999998,1.149083,145.001128,1.134369,0.0,273.1507111196617,0.0330767397579119,0.8276903684623496,62.236870888024185,0.0330767397579119,0.8276903684623496,10.372811814670696,0.0330767397579119,0.8276903684623496,11.43662656505522,286.1825477625134,0.996600023663158,2,0,0,0,0,0,1,0,0,0,0,0,0,1,0,0,0,0,0,0,0,0,0,0,1,0
21.881827043750004,0.9505346408850855,4.37608706922554,0.6164785955521128,0.0,168446.47131669664,0.1185859923186204,0.961133,1.357043,2.058559,155.995008,0.0,0.0,22.32839494260205,0.0187774003114473,0.6023189927077762,5.087482391985276,0.0187774003114473,0.6023189927077762,0.8479137319975459,0.0187774003114473,0.6023189927077762,0.530720519176374,17.023818165328443,0.8346342595840662,2,0,0,1,0,0,0,0,0,0,1,0,0,0,0,0,0,1,0,0,0,0,0,0,0,0
148.72639044236112,0.4777613642047063,2.205074957806429,0.2839771758595245,0.0,205829.2742805756,0.1360518978260975,2.366133,1.266083,0.294753,171.080892,88.003998,0.0,151.7616229003685,0.0909180818015517,0.718618631024668,34.57859762286877,0.0909180818015517,0.718618631024668,5.763099603811462,0.0909180818015517,0.718618631024668,17.465665373660695,138.04902492499332,0.6811112372349203,0,0,0,0,0,1,0,0,0,0,1,0,0,0,1,0,0,0,0,0,0,0,0,0,0,0
57.658739638240746,0.3670589433406754,2.0066968524198736,0.1588542300323359,0.0,171370.34078986812,0.1280574341364901,1.854598,1.267228,0.451006,170.72378899999998,1.418895,0.00168,58.83544861044975,0.0164382927022468,0.6351216756399474,13.405545253013866,0.0164382927022468,0.6351216756399474,2.234257542168977,0.0164382927022468,0.6351216756399474,1.2242459816792088,47.30084646645172,0.8599945672637707,1,0,0,0,0,0,1,0,0,0,0,0,0,1,0,0,0,0,0,1,0,0,0,0,0,0
42.23282102393518,1.39802791131772,5.321439858534925,0.8416149362528639,0.0,190092.1699640288,0.1364947038410093,1.432818,1.395056,0.509324,126.10544099999998,1.13582,0.080922,43.0947153305461,0.0394867614506159,0.6209781545659555,9.819049062656074,0.0394867614506159,0.6209781545659555,1.6365081771093457,0.0394867614506159,0.6209781545659555,2.154013600049967,33.874527591781906,0.6054971366275003,2,0,0,0,0,1,0,0,0,0,1,0,0,0,0,0,0,0,1,0,0,0,0,0,0,0
34.417229992175926,4.102357750888065,9.274962292586585,1.6824967156497124,0.0,188054.35444769185,0.1379258980711015,1.17532,1.265224,1.52244,154.711149,0.369706,0.117694,35.11962244099584,0.0362789092395031,0.613812294351908,8.001939290353482,0.0362789092395031,0.613812294351908,1.333656548392247,0.0362789092395031,0.613812294351908,1.6127868291930454,27.28715952820305,0.3229692391213623,3,0,0,0,0,0,0,1,0,0,0,1,0,0,0,1,0,0,0,0,0,0,0,0,0,0
147.3915543148611,2.7582104867167896,7.983020717291523,1.2899530478518644,0.0,86698.01432291667,0.1142465415314661,1.749397,1.510158,2.279642,113.638535,1.137103,0.0,150.39954521924602,0.0180368757857212,0.7173947633658491,34.26825080944846,0.0180368757857212,0.7173947633658491,5.711375134908076,0.0180368757857212,0.7173947633658491,3.433845462466469,136.57702044669912,0.4058587900064885,1,0,0,0,0,0,1,0,0,0,0,0,1,0,0,0,0,0,0,0,1,0,0,0,0,0
46.511786214814826,1.004489871094839,9.98772433850405,2.902154320721432,0.0,177043.4360761391,0.1378649346869912,1.598749,1.356552,0.14206,110.576388,0.371283,0.472008,47.46100634164778,0.041275859371112,0.6249013980281608,10.81390017910962,0.041275859371112,0.6249013980281608,1.80231669651827,0.041275859371112,0.6249013980281608,2.479739016923179,37.54234077812545,0.5542568281779084,2,0,0,0,0,0,1,0,0,0,0,0,0,1,0,0,0,1,0,0,0,0,0,0,0,0
18.83955949634259,0.7100792840230379,2.0367074776038847,0.210959678949069,0.0,166855.23139613308,0.1388769139774697,0.61817,1.180728,0.121026,181.532336,5.075099,0.005625,19.2240403023904,0.0301163258409793,0.5995296369329068,4.380161081557306,0.0301163258409793,0.5995296369329068,0.7300268469262176,0.0301163258409793,0.5995296369329068,0.7328575464897568,14.589091016298337,0.0086979244246938,1,0,0,0,0,1,0,0,0,0,0,0,0,1,0,0,0,1,0,0,0,0,0,0,0,0
93.32089003143516,2.2650019138408224,5.836693228577539,1.8233651072858907,0.0,202717.98432816248,0.1196424105702687,2.694815,1.518055,0.4166829999999999,77.405565,0.841384,0.346754,95.22539799126038,0.0623643572150917,0.6678191368570872,21.696926124590973,0.0623643572150917,0.6678191368570872,3.616154354098495,0.0623643572150917,0.6678191368570872,7.517304729463599,80.4979026498685,0.8249843034844945,3,0,0,0,1,0,0,0,0,0,0,0,1,0,1,0,0,0,0,0,0,0,0,0,0,0
88.92713718180555,0.4368639093080013,2.782267975435554,0.26226532471766,0.0,202164.58884142688,0.1335862502634382,2.104971,1.39612,0.405036,146.66989099999998,49.453454,0.000216,90.74197671612812,0.04821333019779,0.6637906483387426,20.67538709987729,0.04821333019779,0.6637906483387426,3.445897849979548,0.04821333019779,0.6637906483387426,5.537940362297287,76.24515893156679,0.6331779315478618,1,0,0,1,0,0,0,0,0,0,0,0,0,1,0,0,1,0,0,0,0,0,0,0,0,0
66.21076389074075,0.4759391040967808,1.9921589192154885,0.2063656358731736,0.0,167468.7303469724,0.1390153350625678,1.241115,1.135186,0.44601,182.800209,131.565851,0.0,67.56200397014362,0.0498119097891339,0.6429627474272931,15.393874322311204,0.0498119097891339,0.6429627474272931,2.5656457203852003,0.0498119097891339,0.6429627474272931,4.259990439156843,54.98715404346485,0.5042168497848979,0,0,0,0,0,1,0,0,0,0,0,0,0,1,0,1,0,0,0,0,0,0,0,0,0,0
92.11346845972224,1.4739891110564307,9.708378954185283,1.445422579916261,0.0,129582.84754383992,0.115370039870556,1.354479,1.298285,0.5037550000000001,154.550534,178.379124,0.0,93.99333516298188,0.0123570923245958,0.6667120914439941,21.41620294852752,0.0123570923245958,0.6667120914439941,3.569367158087919,0.0123570923245958,0.6667120914439941,1.4702333170957564,79.32467477001008,0.1114289941649102,0,0,0,1,0,0,0,0,0,0,0,1,0,0,0,0,0,0,0,0,0,1,0,0,0,0
15.76577562125,2.800989805365638,10.956791950930224,2.080314215710409,0.0,192130.444516262,0.1265634592774389,0.8480479999999999,0.921431,1.149097,135.926493,0.0,1.709638,16.087526144132653,0.0289366921520384,0.5967113848662875,3.665512286004908,0.0289366921520384,0.5967113848662875,0.6109187143341512,0.0289366921520384,0.5967113848662875,0.5892655588868817,12.151405069035446,0.982504197461184,1,0,0,0,1,0,0,0,0,0,1,0,0,0,0,0,1,0,0,0,0,0,0,0,0,0
10.987335188703703,0.3335205575742153,3.864406310111213,0.628068020804037,0.0,158543.74570968226,0.1216618959262645,0.720729,0.99226,1.270089,171.468118,0.0,0.36332,11.211566519085412,0.0217013272743362,0.5923301888643938,2.5545341435890814,0.0217013272743362,0.5923301888643938,0.4257556905981801,0.0217013272743362,0.5923301888643938,0.307982119352739,8.40626495407035,0.1412155536615219,3,0,0,1,0,0,0,0,0,0,0,0,1,0,0,0,1,0,0,0,0,0,0,0,0,0
48.44469430217592,0.5489523277508555,9.19546915301316,5.438941292339663,0.0,193104.9251817296,0.1284128381587047,1.263006,1.089317,1.466484,192.741543,177.34736999999998,0.0,49.43336153283257,0.0420916528896882,0.626673618338096,11.263297564442864,0.0420916528896882,0.626673618338096,1.877216260740477,0.0420916528896882,0.626673618338096,2.633837841532221,39.213396884044855,0.6129515565131877,0,0,0,0,1,0,0,0,0,0,1,0,0,0,0,0,1,0,0,0,0,0,0,0,0,0
35.64687592097222,4.381373167037964,9.410934316740333,1.4797403397891733,0.0,115066.19168727518,0.134639369873263,1.033381,1.3045870000000002,1.342827,142.30336,1.136164,0.0,36.37436318466553,0.0131299142832459,0.6149397165523175,8.287829586379488,0.0131299142832459,0.6149397165523175,1.381304931063248,0.0131299142832459,0.6149397165523175,0.6045471781295118,28.31397542601174,0.6829204977335375,3,0,0,0,0,0,1,0,0,0,1,0,0,0,0,0,0,0,0,1,0,0,0,0,0,0
32.32796222416667,1.7697047102365562,7.239684829894873,1.2669313181218484,0.0,164747.79886091128,0.1355806737959528,1.063764,1.237236,1.828173,155.926274,0.3715699999999999,0.0,32.98771655527211,0.0354345113071186,0.6118967129564086,7.516188582213898,0.0354345113071186,0.6118967129564086,1.2526980970356494,0.0354345113071186,0.6118967129564086,1.479624829460526,25.55072826342874,0.5224813130383016,0,0,0,0,0,0,1,0,0,0,0,0,0,1,0,0,0,1,0,0,0,0,0,0,0,0
55.6417455812963,1.5869328864186787,13.693719340171173,2.651782013529496,0.0,172643.5334232614,0.1386211927202965,1.775764,1.448986,2.729407,120.711009,0.371262,0.0,56.77729140948602,0.0451708853691865,0.6332723596501655,12.9365980426677,0.0451708853691865,0.6332723596501655,2.1560996737779496,0.0451708853691865,0.6332723596501655,3.2464310402921464,45.513277601810486,0.0573255958736907,1,0,0,0,0,1,0,0,0,0,0,0,1,0,0,0,0,0,0,1,0,0,0,0,0,0
40.57414062787037,2.4564078120018937,9.084576217962397,1.3702092276488562,0.0,138165.1310701439,0.1124082950057743,1.4330200000000002,1.023726,1.228492,162.69440500000002,22.636236,0.28206,41.40218431415343,0.0232796941282425,0.6194573646717962,9.433409084237493,0.0232796941282425,0.6194573646717962,1.5722348473729149,0.0232796941282425,0.6194573646717962,1.2200382114868515,32.46441517329299,0.4981462184334626,0,0,0,0,1,0,0,0,0,0,1,0,0,0,0,0,0,1,0,0,0,0,0,0,0,0
0.492984,0.3549152774204739,1.6262522420580152,0.1692362105210336,0.0,164353.50567670862,0.1389199814779295,0.380299,0.4308659999999999,0.711646,397.873119,147.97377600000002,1e-06,12.806242200680272,0.0276161389639791,0.5937630528045772,2.9178779697752515,0.0276161389639791,0.5937630528045772,0.4863129949625419,0.0276161389639791,0.5937630528045772,0.4476695749624816,9.625156283583197,0.4818704880860573,0,0,0,1,0,0,0,0,0,0,0,1,0,0,1,0,0,0,0,0,0,0,0,0,0,0
1.28009,2.2890713981015507,10.18328120897142,1.8709257137861184,0.0,168781.4601693645,0.1390527253992837,1.054902,0.319569,0.981133,534.773303,1.079556,0.0,33.252889705687835,0.0348662110159445,0.6121349789872517,7.576607781042798,0.0348662110159445,0.6121349789872517,1.2627679635071327,0.0348662110159445,0.6121349789872517,1.467597809327143,25.76614802690712,0.9959120802106264,1,0,1,0,0,0,0,0,0,0,1,0,0,0,1,0,0,0,0,0,0,0,0,0,0,0
16.614527127731485,2.8387435576040967,9.054862952060835,1.550528268876979,0.0,154115.8675059952,0.1281005847368309,0.8543959999999999,1.165261,0.064426,158.199083,1.136231,0.084364,16.953599109930085,0.0292612216994856,0.5974895774082455,3.862845366819513,0.0292612216994856,0.5974895774082455,0.6438075611365854,0.0292612216994856,0.5974895774082455,0.6279531926074254,12.822276921191056,0.2309575400608251,1,0,0,0,0,0,1,0,0,0,1,0,0,0,0,0,0,0,0,0,0,1,0,0,0,0
27.46594497111111,4.263109436423944,9.93785712130064,1.728424852843479,0.0,160207.8673186451,0.135341411371597,0.805465,1.267801,2.172026,162.76838700000002,1.135293,0.0,28.02647446031746,0.0200945509479975,0.607438888096829,6.385778990958408,0.0200945509479975,0.607438888096829,1.0642964984930678,0.0200945509479975,0.607438888096829,0.7128853404248109,21.549836054999258,0.1544566617761538,3,0,0,0,0,0,1,0,0,0,1,0,0,0,0,0,0,1,0,0,0,0,0,0,0,0
1.577027,5.802879903528044,9.954535512901325,1.9133148639322184,0.0,168657.82760041967,0.1388407945632934,1.2321959999999998,0.396495,1.1713790000000002,552.046858,0.902424,0.0,40.96642024692933,0.037601312317287,0.6190658175844734,9.334121068920608,0.037601312317287,0.6190658175844734,1.555686844820101,0.037601312317287,0.6190658175844734,1.949862230665848,32.102418283132195,0.0383338051327014,3,0,1,0,0,0,0,0,0,0,0,0,1,0,1,0,0,0,0,0,0,0,0,0,0,0
20.26428589287037,0.9014159150207214,4.270450918794536,0.5841496285202977,0.0,138528.83286964177,0.1231514367339708,0.951441,1.241982,1.818881,172.844315,1.1370360000000002,0.007897,20.67784274782691,0.0109481768864124,0.6008359220442049,4.7114072083656255,0.0109481768864124,0.6008359220442049,0.7852345347276041,0.0109481768864124,0.6008359220442049,0.2865628861172538,15.726570523133743,0.5656719377714161,2,0,0,0,0,0,1,0,0,0,1,0,0,0,0,0,0,0,0,0,0,1,0,0,0,0
21.894835802592592,3.23788093577186,6.077901986577242,1.0263541753915288,0.0,191888.02246327937,0.1389279771658728,0.725123,1.13535,0.214638,162.060958,1.135849,0.062175,22.34166918631897,0.0313007352698256,0.6023309200139831,5.090506903211917,0.0313007352698256,0.6023309200139831,0.8484178172019861,0.0313007352698256,0.6023309200139831,0.8852033831480903,17.034276146384258,0.3538965882980388,2,0,0,0,0,0,0,0,1,0,1,0,0,0,0,1,0,0,0,0,0,0,0,0,0,0
74.5906193838426,0.3020443470357991,6.885985902173342,3.688387970701396,0.0,191951.6151453837,0.1384325807900737,2.608947,1.514659,0.522744,77.648798,48.044805,0.041099,76.11287692228836,0.0535923623459843,0.6506459633009838,17.342174488622664,0.0535923623459843,0.6506459633009838,2.890362414770444,0.0535923623459843,0.6506459633009838,5.163378328119731,62.68675458824244,0.7652369499868136,1,0,0,0,0,0,0,1,0,0,0,0,0,1,0,0,0,0,0,1,0,0,0,0,0,0
30.8222047525,0.4551005762972706,1.9420883649830625,0.2053596752045823,0.0,179896.0721672662,0.1382628845796882,0.889893,1.140465,0.3875119999999999,186.627609,153.623535,0.0,31.45122933928572,0.0348293785235007,0.6105161330982284,7.166102887432188,0.0348293785235007,0.6105161330982284,1.1943504812386978,0.0348293785235007,0.6105161330982284,1.3866161666929295,24.30567457899527,0.1409029644861454,0,0,0,1,0,0,0,0,0,0,0,0,1,0,0,0,0,0,1,0,0,0,0,0,0,0
103.27149587550925,0.3495314486092515,2.878256054805051,0.4074837664763133,0.0,174215.53238346823,0.1185866830696305,2.825079,1.6434689999999998,0.237377,80.62338000000001,7.120217,2e-06,105.37907742398905,0.0672055821452544,0.6769425224377769,24.01042270420003,0.0672055821452544,0.6769425224377769,4.001737117366671,0.0672055821452544,0.6769425224377769,8.964635752163318,90.29820061210243,0.1780748177424634,1,0,0,0,1,0,0,0,0,0,0,1,0,0,1,0,0,0,0,0,0,0,0,0,0,0
27.411593307453703,0.500317304468841,1.651341117829156,0.1719519713942667,0.0,190335.7111061151,0.1330299616503201,0.927645,1.121151,0.131363,185.122412,152.675896,0.004389,27.97101357903439,0.0267754885211882,0.6073890548311698,6.373142334463532,0.0267754885211882,0.6073890548311698,1.0621903890772553,0.0267754885211882,0.6073890548311698,0.9480222190018166,21.505427215746217,0.4910075600814735,0,0,0,0,0,0,0,1,0,0,0,0,0,1,0,0,1,0,0,0,0,0,0,0,0,0
25.83236562439815,1.8451074033046515,7.742362430627398,1.1211031560989306,0.0,48406.17738309353,0.1038484628350257,0.991011,1.306673,2.8851720000000003,136.80174499999998,1.134456,0.0,26.35955675958995,0.0,0.6059411125351943,6.005974957881255,0.0,0.6059411125351943,1.0009958263135423,0.0,0.6059411125351943,0.0,20.21815082131713,0.037820619421349,1,0,0,0,0,0,1,0,0,0,0,0,1,0,0,1,0,0,0,0,0,0,0,0,0,0
106.14510779212962,7.862724047842072,8.670828723221375,1.508732191235613,0.0,90764.86894390738,0.11237917078449,2.2965310000000003,1.5235379999999998,2.78126,102.879011,1.135337,0.0,108.31133448176492,0.0137254088470542,0.6795772433719002,24.678531907237574,0.0137254088470542,0.6795772433719002,4.113088651206262,0.0137254088470542,0.6795772433719002,1.8817941120661583,93.17204824436664,0.3593814992957914,1,0,0,0,0,0,1,0,0,0,0,1,0,0,0,0,0,0,0,0,1,0,0,0,0,0
54.42622853930556,5.054239417151582,7.570546434937621,1.4071041971659488,0.0,190120.3430942745,0.1370639839439655,1.0666870000000002,1.317844,2.193094,155.259852,1.137049,0.0,55.53696789725057,0.0446462187870802,0.6321578917647165,12.653992685449497,0.0446462187870802,0.6321578917647165,2.1089987809082493,0.0446462187870802,0.6321578917647165,3.138627366470508,44.44067410244388,0.3611804390815946,3,0,0,0,0,1,0,0,0,0,1,0,0,0,0,0,0,1,0,0,0,0,0,0,0,0
1.669214,3.877070601323811,10.988219429263108,2.431337236929283,0.0,168403.60130020982,0.1389518830952026,1.406356,0.368221,1.270094,552.948096,0.757786,0.0494,43.36116135364701,0.0384504513052435,0.6212175643110924,9.879758283109446,0.0384504513052435,0.6212175643110924,1.6466263805182408,0.0384504513052435,0.6212175643110924,2.1104509154015365,34.097107647864384,0.9427070496184896,3,0,1,0,0,0,0,0,0,0,1,0,0,0,1,0,0,0,0,0,0,0,0,0,0,0
118.8438966784259,1.1243343088123725,7.587449660404123,1.1259900238588274,0.0,134318.55193345324,0.1125296324455766,3.3131690000000003,1.4077,1.986517,140.745879,40.672804,0.024925,121.2692823249244,0.0267871635547406,0.6912203482474143,27.630975719603025,0.0267871635547406,0.6912203482474143,4.605162619933837,0.0267871635547406,0.6912203482474143,4.111974809878193,106.10607032955474,0.1038709816459125,0,0,0,1,0,0,0,0,0,0,1,0,0,0,0,0,0,0,0,0,0,0,0,0,1,0
26.137422292129628,4.231784073854808,9.36005612814741,1.5417273003849197,0.0,175230.11351543764,0.1384035798607112,0.870492,1.23253,0.8300280000000001,166.09515,0.37239,0.0,26.670839073601663,0.0329650577495262,0.6062208090328033,6.076900042086455,0.0329650577495262,0.6062208090328033,1.0128166736810755,0.0329650577495262,0.6062208090328033,1.1129186712526593,20.466351444028483,0.2756282165792691,3,0,0,1,0,0,0,0,0,0,0,0,0,1,0,0,1,0,0,0,0,0,0,0,0,0
47.67055859250001,1.7083160597071658,11.962516368436011,2.771563339290573,0.0,210078.40478866905,0.1366411187112045,1.60449,1.489986,0.642841,101.87757,1.13683,0.0,48.64342713520409,0.0417643560210616,0.6259638385837949,11.083312511818654,0.0417643560210616,0.6259638385837949,1.847218751969776,0.0417643560210616,0.6259638385837949,2.5715967202015646,38.543071356232254,0.8070129483940434,1,0,0,0,0,1,0,0,0,0,0,0,0,1,1,0,0,0,0,0,0,0,0,0,0,0
18.39173742824074,3.9873436487835945,9.214922091943755,1.2818877526896175,0.0,74254.9372002398,0.1063753939200219,0.89625,1.333843,0.378893,137.349321,1.136537,0.0,18.76707900840892,0.0059887436205651,0.5991190435014256,4.276043318371653,0.0059887436205651,0.5991190435014256,0.7126738863952754,0.0059887436205651,0.5991190435014256,0.1422673730231034,14.232549904852704,0.0027397301459159,0,0,0,0,0,0,1,0,0,0,0,0,1,0,0,0,0,0,0,0,1,0,0,0,0,0
28.122238127592595,4.842901290463601,9.711400140675424,1.6253779799246388,0.0,191245.00350344725,0.1379600929127608,0.918188,1.220828,2.146175,145.59454499999998,1.137063,0.0,28.69616135468632,0.0270012166336232,0.6080406218620262,6.538365878282959,0.0270012166336232,0.6080406218620262,1.089727646380493,0.0270012166336232,0.6080406218620262,0.9807990750522712,22.08662252551457,0.0790640810789246,3,0,0,0,0,0,1,0,0,0,0,0,1,0,0,0,1,0,0,0,0,0,0,0,0,0
21.345896728379632,101.26710755190403,7.10468322195881,3.6310179833885576,0.0,240769.4556073891,0.1301160544710908,0.92252,1.257981,2.528189,145.094828,0.0,0.0,21.781527273856767,0.0559567091493991,0.6018276157013784,4.962879632017997,0.0559567091493991,0.6018276157013784,0.8271466053363328,0.0559567091493991,0.6018276157013784,1.5428134006239351,16.59332231083514,0.4068741041122883,3,0,0,0,1,0,0,0,0,0,0,1,0,0,0,0,0,0,0,0,0,0,0,0,0,1
118.92866999925924,0.9406910859923856,6.629436866270838,0.7054979136521867,0.0,113915.53552158271,0.1118652381681852,3.314601,1.4077,0.8486549999999999,140.808092,41.807304,0.024925,121.35578571352984,0.0,0.6912980741371779,27.65068535244984,0.0,0.6912980741371779,4.608447558741639,0.0,0.6912980741371779,0.0,106.19369740400914,0.8810301993058177,0,0,0,1,0,0,0,0,0,0,1,0,0,0,0,1,0,0,0,0,0,0,0,0,0,0
25.400556294675926,1.7087986089056917,6.366913531895736,1.179105914468102,0.0,173638.0720361211,0.1387927541844278,0.8510409999999999,1.251762,0.223678,145.39775,0.369977,0.097915,25.91893499456728,0.0326743542663994,0.6055452006606685,5.905580125344442,0.0326743542663994,0.6055452006606685,0.9842633542240736,0.0326743542663994,0.6055452006606685,1.0720056509117328,19.86719834455198,0.0437331331124186,2,0,0,0,0,1,0,0,0,0,0,0,1,0,0,0,0,0,0,1,0,0,0,0,0,0
41.57388029226852,5.243014859352752,8.975786212536928,2.30219040428706,0.0,209382.8954961032,0.136624190938487,1.226996,1.414165,2.076627,141.192266,1.134984,0.0,42.42232682884543,0.0392133126676939,0.6203739933255225,9.665846619230605,0.0392133126676939,0.6203739933255225,1.6109744365384338,0.0392133126676939,0.6203739933255225,2.1057214759881244,33.313554811356056,0.4115453771825951,3,0,0,0,0,1,0,0,0,0,0,0,0,1,1,0,0,0,0,0,0,0,0,0,0,0
48.7194056850926,0.4755681062059151,3.017456720487105,0.2588871182065358,0.0,169995.2868517686,0.1356202184939555,1.686652,1.211703,0.5221439999999999,142.440365,55.200418000000006,0.130838,49.71367927050265,0.0084415961792191,0.6269254922349248,11.327167428722124,0.0084415961792191,0.6269254922349248,1.8878612381203537,0.0084415961792191,0.6269254922349248,0.5312187404870908,39.45161119932792,0.9282249201534448,0,0,0,1,0,0,0,0,0,0,0,0,1,0,0,0,0,0,0,0,1,0,0,0,0,0
32.53775710013888,36.60949651707563,5.763748925366848,2.1933712530479155,0.0,263604.6854578837,0.1458205042822326,1.208994,1.347018,0.104617,136.472257,1.1353209999999998,0.392727,33.20179295932539,0.0696173415918934,0.6120890670277426,7.564965484403253,0.0696173415918934,0.6120890670277426,1.2608275807338754,0.0696173415918934,0.6120890670277426,2.925848812547695,25.72462591914145,0.8301306996348663,3,0,0,0,0,0,0,0,0,1,0,0,1,0,0,0,0,0,0,0,0,0,0,0,0,1
36.00714980578703,0.9101944186990496,4.728733962674221,0.7694721810823436,0.0,187728.77789643285,0.137459908690241,1.220894,1.394115,0.297017,140.446249,9.393728,0.0,36.74198959774187,0.0369252014109312,0.615270039913259,8.371592566574098,0.0369252014109312,0.615270039913259,1.3952654277623493,0.0369252014109312,0.615270039913259,1.717348564727795,28.615500514297704,0.4145738293645991,1,0,0,0,0,0,0,1,0,0,0,0,1,0,0,0,0,0,1,0,0,0,0,0,0,0
20.602539080231484,1.1773298740815774,8.373590534539531,1.1082595039328798,0.0,117646.6599782674,0.115485160837142,0.793375,1.168862,0.380816,181.890464,100.162391,0.000507,21.0229990614607,0.0061596635809079,0.6011460553466943,4.790050419066994,0.0061596635809079,0.6011460553466943,0.7983417365111657,0.0061596635809079,0.6011460553466943,0.1639172173168876,15.997332857410576,0.0840044700737602,0,0,0,1,0,0,0,0,0,0,0,1,0,0,0,0,0,0,0,0,0,0,0,0,1,0
63.172747738101855,1.402481710596336,9.958976410561617,1.700619796483065,0.0,164690.8587380096,0.135791788766567,1.562725,1.465885,2.467392,119.353392,0.371867,0.0,64.46198748785903,0.0484633554499973,0.640177289617466,14.687541452929906,0.0484633554499973,0.640177289617466,2.4479235754883173,0.0484633554499973,0.640177289617466,3.9544863451106287,52.236835991560255,0.9525310429690786,1,0,0,0,0,0,1,0,0,0,1,0,0,0,1,0,0,0,0,0,0,0,0,0,0,0
77.73420759699074,5.795373264834177,8.026194957806338,1.6475982473050947,0.0,218796.028027578,0.1383295492123928,1.896332,1.397757,2.321356,139.975291,1.13441,0.0,79.32061999692932,0.0550335259937243,0.6535282166858409,18.0730526575282,0.0550335259937243,0.6535282166858409,3.0121754429213663,0.0550335259937243,0.6535282166858409,5.525687851189037,65.61805485190946,0.2574689471508311,3,0,0,1,0,0,0,0,0,0,0,0,1,0,1,0,0,0,0,0,0,0,0,0,0,0
36.18316264069445,3.088213595554983,9.504154379133412,1.9723318415008289,0.0,172146.7056167566,0.1387874369712756,1.298711,1.29538,2.501779,150.406871,0.372077,0.0,36.92159453132086,0.0369969466620928,0.6154314203342277,8.412515209668044,0.0369969466620928,0.6154314203342277,1.4020858682780073,0.0369969466620928,0.6154314203342277,1.7290965361451844,28.76292324482943,0.4970638356972003,3,0,0,0,1,0,0,0,0,0,0,0,1,0,0,0,0,0,0,0,0,0,0,0,0,1
0.8851479999999999,0.4360995926588273,2.2629883713859447,0.2821157292085443,0.0,164638.44791666666,0.1389012849874062,0.803855,0.337532,0.574272,519.352888,163.774426,0.16793,22.99348390910808,0.031228380842693,0.6029165950968508,5.239021650176525,0.031228380842693,0.6029165950968508,0.8731702750294207,0.031228380842693,0.6029165950968508,0.9089231296379254,17.548294972017306,0.119974264317067,0,0,0,0,1,0,0,0,0,0,0,1,0,0,1,0,0,0,0,0,0,0,0,0,0,0
62.75147779421295,2.9350902468180484,12.327943335334174,2.023301166310299,0.0,196636.02038369305,0.1370704237291281,1.550438,1.46568,2.733118,122.277917,1.135336,0.0,64.03212019817649,0.0386218248337771,0.6397910409616675,14.589597007179451,0.0386218248337771,0.6397910409616675,2.431599501196575,0.0386218248337771,0.6397910409616675,3.130427000037136,51.85718586908095,0.710038943087745,1,0,0,0,0,0,1,0,0,0,1,0,0,0,0,0,1,0,0,0,0,0,0,0,0,0
43.85601372953704,0.6119923004858213,4.053786680852767,0.6414460967198836,0.0,172466.07838729018,0.1359906183372584,1.513708,1.274103,0.60577,164.51514699999998,72.12674,0.0025859999999999,44.75103441789494,0.0401627075711284,0.6224664069555111,10.196438221798848,0.0401627075711284,0.6224664069555111,1.6994063702998077,0.0401627075711284,0.6224664069555111,2.2750920364954688,35.260779242594275,0.4044628410327122,0,0,0,1,0,0,0,0,0,0,0,1,0,0,0,0,0,0,0,0,0,1,0,0,0,0
15.340228825138889,1.53164479425914,9.411602091160324,5.268159464108858,0.0,247578.0411233513,0.12704418356613,0.810179,1.309988,0.126737,158.751506,153.58549399999998,0.0,15.653294719529477,0.0287743235971785,0.5963212149043388,3.5665734803991214,0.0287743235971785,0.5963212149043388,0.5944289133998535,0.0287743235971785,0.5963212149043388,0.5701429969895532,11.815685727095556,0.4766342290696802,0,0,0,1,0,0,0,0,0,0,0,1,0,0,1,0,0,0,0,0,0,0,0,0,0,0
0.901684,4.558960543547888,9.075182380722008,1.5656030802703875,0.0,169634.21194919065,0.1389224025950157,0.794251,0.332704,0.8715379999999999,531.493316,0.0,0.0,23.42303947486773,0.0313806947514312,0.6033025636593529,5.336895070223028,0.0313806947514312,0.6033025636593529,0.8894825117038377,0.0313806947514312,0.6033025636593529,0.93041930621715,17.887569321369526,0.2070814440409818,2,0,0,0,1,0,0,0,0,0,0,1,0,0,1,0,0,0,0,0,0,0,0,0,0,0
1.433599,9.758981396540175,11.271148500968511,2.046047646936467,0.0,167774.81903851917,0.1382513761841993,0.96987,0.367689,0.8756790000000001,511.445114,5.694102,0.0,37.240592012424415,0.0362801899598544,0.6157180491409237,8.48519818004607,0.0362801899598544,0.6157180491409237,1.4141996966743446,0.0362801899598544,0.6157180491409237,1.7102477878837934,29.02494261106712,0.1999867678172402,3,0,1,0,0,0,0,0,0,0,0,1,0,0,1,0,0,0,0,0,0,0,0,0,0,0
70.69873477652779,2.139444403511157,7.195932824262898,0.6123614492747995,0.0,98746.77073497452,0.1133262525788314,1.414461,1.406309,2.215044,136.79386599999998,1.134483,0.0,72.14156609849775,0.0,0.6470776213864832,16.43731885788556,0.0,0.6470776213864832,2.7395531429809266,0.0,0.6470776213864832,0.0,59.09011771406541,0.5618972811026164,0,0,0,0,0,0,0,0,0,1,1,0,0,0,0,1,0,0,0,0,0,0,0,0,0,0
36.249326562870365,4.07201900956728,5.148293322510571,0.855390775332348,0.0,199600.0996702638,0.1347877773270904,1.223595,1.288874,0.653816,148.489643,1.1370129999999998,0.114742,36.98910873762282,0.0296191409203365,0.6154920838740162,8.427898193382415,0.0296191409203365,0.6154920838740162,1.404649698897069,0.0296191409203365,0.6154920838740162,1.3868172458446864,28.81835900957222,0.67350702159296,2,0,0,0,0,1,0,0,0,0,0,0,0,1,0,0,1,0,0,0,0,0,0,0,0,0
218.5099297582408,4.214763179814501,10.337763729141198,3.078658978537404,0.0,240723.0568420264,0.1387145466191305,2.232999,1.420671,0.8182729999999999,128.008453,1.136465,0.0,222.9693160798376,0.2383618422478992,0.7826008795772164,50.80313530933008,0.2383618422478992,0.7826008795772164,8.467189218221677,0.2383618422478992,0.7826008795772164,67.27516069056227,220.88099099090027,0.7267349764915638,3,0,0,0,0,0,1,0,0,0,0,0,1,0,0,0,0,0,0,0,0,0,0,1,0,0
18.21205872,8.674754165916992,9.658174474748204,2.302676039062244,0.0,275302.2960881295,0.135621625688865,0.893109,1.204501,0.8913059999999999,150.175871,1.135356,0.0,18.5837333877551,0.0537741622478265,0.5989543019608996,4.234268366830276,0.0537741622478265,0.5989543019608996,0.7057113944717125,0.0537741622478265,0.5989543019608996,1.264967967548727,14.089629188721924,0.5997299236301042,1,0,0,0,1,0,0,0,0,0,0,1,0,0,0,0,0,0,0,0,0,0,0,1,0,0
19.19211977268518,3.65716539655658,8.46308751758054,1.6385008724187489,0.0,143403.36324377998,0.1256772296713124,0.8987719999999999,1.221073,1.193998,153.016168,1.135018,0.0,19.583795686413453,0.0205262500354856,0.5998528879381131,4.462130662727116,0.0205262500354856,0.5998528879381131,0.7436884437878525,0.0205262500354856,0.5998528879381131,0.5088378315230228,14.870122024411485,0.7072352254861975,2,0,0,0,0,0,1,0,0,0,1,0,0,0,0,0,0,0,0,0,0,0,0,0,1,0
55.938146714768514,4.52351152811119,9.24446068336066,1.4779542861796684,0.0,192900.79511390888,0.1376539387291284,1.925796,1.232325,0.270221,107.230403,1.136456,0.0,57.07974154568216,0.0362392867326096,0.6335441201710418,13.00551073192758,0.0362392867326096,0.6335441201710418,2.16758512198793,0.0362392867326096,0.6335441201710418,2.618391291768644,45.77536030018945,0.1975432749686515,3,0,0,0,0,0,1,0,0,0,0,0,0,1,0,0,1,0,0,0,0,0,0,0,0,0
24.96034600523148,0.4618704504818081,2.162898952440678,0.2608029153421342,0.0,167730.3303357314,0.1390540727215419,0.843908,1.167593,0.0752309999999999,177.98327,139.763459,0.016119,25.46974082166478,0.0325010141092889,0.6051415862204904,5.803232085948936,0.0325010141092889,0.6051415862204904,0.967205347658156,0.0325010141092889,0.6051415862204904,1.0478384883605822,19.509872609426584,0.0202475451060244,0,0,0,0,0,0,1,0,0,0,0,1,0,0,0,1,0,0,0,0,0,0,0,0,0,0
92.93994469421295,0.482888890256127,2.460128567201628,0.2621443981675507,0.0,192075.2739058753,0.1387783080089292,1.914422,1.359048,0.300431,161.23378300000002,79.79644499999999,6.8e-05,94.83667825940095,0.0621815141051281,0.6674698605164195,21.60835707176225,0.0621815141051281,0.6674698605164195,3.601392845293707,0.0621815141051281,0.6674698605164195,7.464668666924611,80.12737267043408,0.8350693455556133,0,0,0,0,0,0,1,0,0,0,0,1,0,0,1,0,0,0,0,0,0,0,0,0,0,0
22.340875848935184,0.361385903698649,5.926610253125929,3.7684300671950233,0.0,159312.42777652878,0.1330065404375394,0.982751,1.091772,0.022257,179.45798100000002,172.94770400000002,0.121443,22.796812090750187,0.0213555418505202,0.6027398795679018,5.194210349791182,0.0213555418505202,0.6027398795679018,0.8657017249651968,0.0213555418505202,0.6027398795679018,0.6162509805853934,17.393098448241588,0.8554631129682281,0,0,0,0,1,0,0,0,0,0,0,0,1,0,0,0,0,0,0,0,0,0,1,0,0,0
106.60733877902776,0.7638210984442731,3.855140672313224,1.4154047598655848,0.0,256487.35441022183,0.1197240431603196,2.988862,1.592894,0.997114,98.523464,0.01348,0.000561,108.78299875410995,0.0688566697029614,0.6800010478705304,24.78599971612632,0.0688566697029614,0.6800010478705304,4.13099995268772,0.0688566697029614,0.6800010478705304,9.48156330950559,93.63614321935871,0.7218112480046696,1,0,0,1,0,0,0,0,0,0,1,0,0,0,1,0,0,0,0,0,0,0,0,0,0,0
4.532489,22.289261062654088,7.318111319050229,2.5260106147907906,0.0,172263.93274130695,0.1379545162514531,2.135232,0.351567,0.631888,680.4668389999999,0.971629,0.0,117.7404376327003,0.0648242180591385,0.6880495754261102,26.82693515681779,0.0648242180591385,0.6880495754261102,4.471155859469631,0.0648242180591385,0.6880495754261102,9.661306080355146,102.54589635906817,0.6359131295870823,2,0,0,0,1,0,0,0,0,0,0,1,0,0,1,0,0,0,0,0,0,0,0,0,0,0
73.30911662185186,0.4915804528503967,9.355014309322806,4.696966326208138,0.0,189353.37430680456,0.1373550243836512,2.536275,1.563229,0.457348,82.212772,0.370594,0.0,74.80522104270598,0.0530084603962374,0.6494709952635026,17.04422757935073,0.0530084603962374,0.6494709952635026,2.8407045965584543,0.0530084603962374,0.6494709952635026,5.01937923680262,61.49850805254755,0.2167534864447634,1,0,0,0,0,0,0,1,0,0,0,0,0,1,0,0,0,0,1,0,0,0,0,0,0,0
57.52679365569444,4.412197144483205,12.123307454500267,2.068162330048833,0.0,174059.72939148682,0.1379455835055962,1.901358,1.465926,2.524354,119.386789,0.372096,0.0,58.70080985274943,0.0459882562445237,0.6350006986769909,13.37486806771506,0.0459882562445237,0.6350006986769909,2.229144677952509,0.0459882562445237,0.6350006986769909,3.4171492218598787,47.183614265064655,0.1552639583016462,3,0,0,0,0,0,1,0,0,0,0,1,0,0,0,0,0,0,0,0,1,0,0,0,0,0
23.152637675185183,4.8418917412952265,8.26650564504756,1.1744563738219171,0.0,146499.9201326439,0.1322832675985724,0.749898,1.217186,2.011764,170.711719,1.134995,0.0,23.625140484882845,0.006358355279573,0.6034841574798817,5.382943401618876,0.006358355279573,0.6034841574798817,0.8971572336031459,0.006358355279573,0.6034841574798817,0.1901481477629234,18.0473392415992,0.4563593116351565,3,0,0,0,0,0,1,0,0,0,1,0,0,0,0,0,0,0,0,0,1,0,0,0,0,0
21.82645708194445,40.96884339433208,5.355173405983465,1.0264942828985713,0.0,204860.37707958632,0.1305875975451023,0.968907,1.238545,0.102234,135.002876,1.135872,0.459331,22.27189498157597,0.0413287205025674,0.6022682257977954,5.074608983143892,0.0413287205025674,0.6022682257977954,0.8457681638573152,0.0413287205025674,0.6022682257977954,1.165150535134289,16.979309716086817,0.1350094523930585,3,0,0,0,0,0,1,0,0,0,0,0,1,0,0,0,0,0,0,0,0,0,0,0,0,1
1.334599,1.380911165004154,13.12579044506704,2.577567535338642,0.0,169447.72023006596,0.1390234817632382,1.196125,0.27591,0.5270199999999999,589.720458,1.324167,0.352081,34.66886964847884,0.0353682960940415,0.6134072794452476,7.899236122438216,0.0353682960940415,0.6134072794452476,1.3165393537397023,0.0353682960940415,0.6134072794452476,1.552125122750796,26.91916077533585,0.4156588512452278,1,0,1,0,0,0,0,0,0,0,0,0,1,0,1,0,0,0,0,0,0,0,0,0,0,0
2.335745,0.4412595536068475,2.981651039861089,0.4367879982010352,0.0,164817.0566921463,0.1388727001470627,1.513186,0.432953,0.765597,498.461474,172.523797,0.005208,60.67563285832389,0.0445899011059928,0.6367751363921897,13.824827739871266,0.0445899011059928,0.6367751363921897,2.3041379566452105,0.0445899011059928,0.6367751363921897,3.4247094540458125,48.90725872030585,0.1492274038948581,0,1,0,0,0,0,0,0,0,0,0,0,1,0,1,0,0,0,0,0,0,0,0,0,0,0
79.32807331592592,3.493380769551229,9.24251195852705,1.2452346545329196,0.0,161368.8729578837,0.1335043237417293,1.7232610000000002,1.476237,1.444299,111.674335,1.136194,0.0,80.9470135876795,0.0334614097102048,0.6549895801189376,18.44362334909153,0.0334614097102048,0.6549895801189376,3.073937224848589,0.0334614097102048,0.6549895801189376,3.428609096803628,67.11322840718498,0.6426555873526429,2,0,0,0,0,0,1,0,0,0,0,1,0,0,0,0,0,1,0,0,0,0,0,0,0,0
28.14308778217593,0.3961040816790194,3.9421420817752537,1.3328832254992973,0.0,174202.0974970024,0.1368190265959687,1.119997,1.158591,0.650597,157.441926,3.322179,0.07969,28.717436512424417,0.0446135873042961,0.6080597382295087,6.543213382577715,0.0446135873042961,0.6080597382295087,1.0905355637629524,0.0446135873042961,0.6080597382295087,1.6217567860792774,22.10369231438902,0.7803452150088552,0,0,0,0,0,0,1,0,0,0,0,0,1,0,0,0,0,0,0,0,0,0,0,1,0,0
121.8115993439352,2.8462523716530925,6.988881672600762,0.9757699337508752,0.0,139682.89255470622,0.1268454370595854,1.595776,1.300699,2.29798,161.043149,1.136492,0.0,124.29755035095428,0.0153121767787319,0.6939413379168429,28.32096083945793,0.0153121767787319,0.6939413379168429,4.720160139909655,0.0153121767787319,0.6939413379168429,2.4091975495407,109.18380808902194,0.1696840769379043,2,0,0,1,0,0,0,0,0,0,0,0,0,1,0,0,0,0,0,0,1,0,0,0,0,0
28.92137305680555,37.41310189810874,6.242195448429465,1.1988590250341156,0.0,180055.35130020982,0.1326995841640648,1.147254,1.24902,0.5308510000000001,151.331234,0.369703,0.0,29.511605160005665,0.0340695810876083,0.6087733225844199,6.7241632010139485,0.0340695810876083,0.6087733225844199,1.120693866835658,0.0340695810876083,0.6087733225844199,1.272719019018093,22.74161763045084,0.2134968594827415,3,0,0,1,0,0,0,0,0,0,0,1,0,0,0,0,0,0,0,0,0,0,0,0,1,0
1.350542,3.339689298213529,8.061292737507992,1.899047482213814,0.0,165361.4513826439,0.138627480420706,1.127077,0.3352,1.02754,551.226217,6.119115,0.0,35.083020857048375,0.035515147850634,0.6137794067306837,7.99359968894773,0.035515147850634,0.6137794067306837,1.3322666148246216,0.035515147850634,0.6137794067306837,1.57718819339867,27.25726041513842,0.1362505745192649,2,1,0,0,0,0,0,0,0,0,0,0,1,0,1,0,0,0,0,0,0,0,0,0,0,0
23.75669213666667,0.4684906899929046,2.262665602371847,0.2810348767778284,0.0,167731.11012440047,0.1390543429971598,0.799362,1.118492,0.219888,178.884929,139.380751,0.037969,24.241522588435377,0.0320283103980353,0.6040379952913868,5.523384893567554,0.0320283103980353,0.6040379952913868,0.9205641489279256,0.0320283103980353,0.6040379952913868,0.9828038101055608,18.535190768518195,0.0568683037695452,0,0,0,0,0,0,1,0,0,0,0,0,1,0,0,1,0,0,0,0,0,0,0,0,0,0
26.37040890842593,1.4080964296841794,6.651902918049472,1.1515339876321866,0.0,178552.2909547362,0.1381700859545803,0.8803639999999999,1.362322,0.550345,134.84071699999998,0.370979,0.0,26.90858051880197,0.0330571174179598,0.6064344268535591,6.131068978967536,0.0330571174179598,0.6064344268535591,1.0218448298279226,0.0330571174179598,0.6064344268535591,1.125974817418561,20.6560627903323,0.2625423872628328,0,0,0,0,0,0,0,1,0,0,0,0,0,1,0,1,0,0,0,0,0,0,0,0,0,0
65.95993159939813,0.7463764234555426,4.262837506026673,0.6886528029644804,0.0,170582.7404638789,0.1307792228510339,1.290714,1.367968,0.523636,139.962592,1.136702,0.0,67.30605265244708,0.0497001236017388,0.6427327674898032,15.33555630055756,0.0497001236017388,0.6427327674898032,2.5559260500929266,0.0497001236017388,0.6427327674898032,4.234328020217423,54.759247455850286,0.2632643477611488,2,0,0,0,0,0,1,0,0,0,0,0,1,0,0,0,0,0,0,0,0,1,0,0,0,0
104.8801523750463,1.083662815874429,6.255642402658074,1.4888356407340482,0.0,163035.6784322542,0.1346368892230004,1.908161,1.485239,2.074574,116.507949,0.370986,0.0,107.02056364800644,0.0680000300683939,0.6784174470546431,24.3844322235964,0.0680000300683939,0.6784174470546431,4.064072037266066,0.0680000300683939,0.6784174470546431,9.21190069114038,91.90457920560692,0.1006320938464478,1,0,0,0,0,0,0,0,0,1,0,0,1,0,0,0,1,0,0,0,0,0,0,0,0,0
37.90202445731481,101.3281306634418,4.085715684959356,1.145202137869325,0.0,230340.20318120503,0.1269294120532145,1.342108,1.376275,0.506853,134.82696299999998,1.017279,0.181855,38.675535160525314,0.0376996443963562,0.6170073886077868,8.81214725176526,0.0376996443963562,0.6170073886077868,1.4686912086275434,0.0376996443963562,0.6170073886077868,1.845637876443768,30.206444243549825,0.9442682759571326,3,0,0,1,0,0,0,0,0,0,0,0,1,0,1,0,0,0,0,0,0,0,0,0,0,0
39.49889415578704,2.9346736752443747,13.79900284522443,4.440193852646459,0.0,221849.37231152577,0.1291958600979486,0.981067,1.186293,0.403815,181.1362,154.189818,0.0112629999999999,40.304994036517385,0.0383558284767423,0.618471506291632,9.183416362750796,0.0383558284767423,0.618471506291632,1.5305693937917992,0.0383558284767423,0.618471506291632,1.9568752380009904,31.55378528207614,0.4151140693509318,0,0,0,0,0,0,1,0,0,0,0,1,0,0,1,0,0,0,0,0,0,0,0,0,0,0
2.355947,3.488987354923496,9.71192681703636,1.7173287319622452,0.0,169184.90194094725,0.1386951665333706,1.257076,0.474157,1.312136,548.9562950000001,5.952125,0.0,61.20042008253024,0.0447759827209135,0.6372466734567559,13.944399512475243,0.0447759827209135,0.6372466734567559,2.3240665854125404,0.0447759827209135,0.6372466734567559,3.4687455090228188,49.36679001487144,0.2374589550694414,2,0,0,0,1,0,0,0,0,0,1,0,0,0,1,0,0,0,0,0,0,0,0,0,0,0
0.584123,0.4061211309701704,2.0941286142781483,0.2345960110926228,0.0,164559.04595698442,0.138920436159884,0.5090979999999999,0.298455,0.450347,536.354072,165.4431,0.1147099999999999,15.17375941813114,0.0284556247724269,0.5958903380499734,3.4573122724855763,0.0284556247724269,0.5958903380499734,0.5762187120809293,0.0284556247724269,0.5958903380499734,0.5465554485942006,11.44543877108751,0.6874927635671841,0,0,0,1,0,0,0,0,0,0,0,0,1,0,1,0,0,0,0,0,0,0,0,0,0,0
34.96229953342592,3.228599176704169,10.431254399480292,1.9625321590929008,0.0,178596.4686188549,0.1391396750684836,1.176811,1.19239,0.833037,118.755669,1.136161,0.0,35.67581585043461,0.0365001152391199,0.614312050816091,8.12866690263067,0.0365001152391199,0.614312050816091,1.3547778171051117,0.0365001152391199,0.614312050816091,1.6483182149246651,27.741877974199607,0.2014552340891139,3,0,0,0,0,0,1,0,0,0,0,0,0,1,0,0,0,0,0,1,0,0,0,0,0,0
96.93220804148147,0.3276702270840855,3.140198404840428,0.1617978612760559,0.0,77383.31250468375,0.1050448033788936,1.957386,1.436792,2.0731040000000003,134.048193,1.137034,0.0,98.91041636885866,0.0025642733687861,0.6711302364199105,22.5365505650564,0.0025642733687861,0.6711302364199105,3.756091760842733,0.0025642733687861,0.6711302364199105,0.3210548691015313,84.02755838230874,0.6733792390763688,2,0,0,0,0,0,0,0,0,1,0,0,1,0,0,0,0,0,0,0,0,0,0,0,1,0
1.144524,8.745184144813665,7.793593747438573,1.6440524090108255,0.0,165070.59899580336,0.1386373114171359,0.96438,0.301647,0.4984659999999999,591.770259,1.095021,0.000277,29.731292594671203,0.0336175059269263,0.6089707183350899,6.774218565874451,0.0336175059269263,0.6089707183350899,1.1290364276457416,0.0336175059269263,0.6089707183350899,1.2651796266032171,22.918337478997035,0.9360796764546752,3,1,0,0,0,0,0,0,0,0,1,0,0,0,1,0,0,0,0,0,0,0,0,0,0,0
207.39963506814817,0.3968513857403533,2.551061712723556,0.2491487631087394,0.0,180651.8678244904,0.1380616330074892,2.525278,1.371406,0.2788,150.266527,108.515087,0.0,211.63228068178384,0.1003213356898619,0.7724142131610032,48.22001331990011,0.1003213356898619,0.7724142131610032,8.036668886650018,0.1003213356898619,0.7724142131610032,26.87497857352952,206.92124248390968,0.7049168080082802,0,0,0,0,0,0,1,0,0,0,1,0,0,0,0,0,1,0,0,0,0,0,0,0,0,0
40.82716226023148,0.8243853860943438,4.349073246228609,0.9954014997974002,0.0,213180.8610986211,0.1255541062272852,1.394874,1.463389,1.571643,122.849077,0.841252,0.0,41.66036965329743,0.0389041036648005,0.6196893519445773,9.492236123536124,0.0389041036648005,0.6196893519445773,1.582039353922687,0.0389041036648005,0.6196893519445773,2.0515941008934084,32.679098066105595,0.5499724199330002,3,0,0,0,1,0,0,0,0,0,1,0,0,0,1,0,0,0,0,0,0,0,0,0,0,0
4.416767,0.4134267188376374,3.3122204253427703,0.8202915081589056,0.0,166061.24724595324,0.1389288407006709,2.473862,0.357377,0.700645,685.606299,94.960115,0.0,114.73432798219012,0.0637582970294455,0.6853484957218372,26.14199878075217,0.0637582970294455,0.6853484957218372,4.356999796792029,0.0637582970294455,0.6853484957218372,9.259829573370002,99.53544188639223,0.489112620470634,0,0,0,0,1,0,0,0,0,0,1,0,0,0,1,0,0,0,0,0,0,0,0,0,0,0
27.066008373425927,23.94285833578316,5.592853703373056,1.2593810567967323,0.0,175559.2673205186,0.1272626817047739,1.080125,1.233758,0.458949,143.09673700000002,1.135566,0.380319,27.618375891250945,0.0333323783681824,0.6070721992895657,6.292794506867304,0.0333323783681824,0.6070721992895657,1.0487990844778838,0.0333323783681824,0.6070721992895657,1.1652989305340058,21.22322556089573,0.7098182531484729,3,0,0,0,1,0,0,0,0,0,1,0,0,0,0,0,0,1,0,0,0,0,0,0,0,0
35.91216804601852,2.955390771230062,13.816784913591343,2.599793428139721,0.0,209498.8650142386,0.1361076580963546,1.213719,1.350906,1.540225,140.03233799999998,1.135934,0.0,36.64506943471278,0.036886501867283,0.6151829542391725,8.349509491453544,0.036886501867283,0.6151829542391725,1.3915849152422572,0.036886501867283,0.6151829542391725,1.7110233191522146,28.535977307780016,0.9265719311171914,1,0,0,0,0,1,0,0,0,0,1,0,0,0,1,0,0,0,0,0,0,0,0,0,0,0
580.9021292957408,13.300405610379554,10.533551299600578,2.0716272103700706,0.0,285000.7802383093,0.1142927174427383,2.982921,1.303236,0.017297,165.351228,74.27519699999999,0.008431,592.7572747915723,0.4473101456726924,1.1148664541184714,135.0586195727633,0.4473101456726924,1.1148664541184714,22.50976992879388,0.4473101456726924,1.1148664541184714,335.6282821969195,836.5129127845679,0.7592467468455328,1,0,0,1,0,0,0,0,0,0,1,0,0,0,1,0,0,0,0,0,0,0,0,0,0,0
27.01934486078704,4.50461683970847,9.902853888001658,1.5739054592679158,0.0,214962.3492393585,0.1318069766197416,0.8730600000000001,1.351356,1.321564,146.422605,1.135609,0.000633,27.570760062027592,0.0266511148691722,0.6070294150385336,6.281945330588565,0.0266511148691722,0.6070294150385336,1.0469908884314274,0.0266511148691722,0.6070294150385336,0.9301158144854238,21.1851422185068,0.0469938463687507,2,0,0,1,0,0,0,0,0,0,1,0,0,0,0,0,1,0,0,0,0,0,0,0,0,0
15.541699113750004,1.6045445250950272,6.411944132057025,1.2337910357853776,0.0,168062.00177045862,0.109926132454003,0.756252,1.220868,2.043138,168.706309,7.602897,0.0,15.858876646683678,0.0288511665053458,0.5965059364333447,3.613414932155776,0.0288511665053458,0.5965059364333447,0.6022358220259624,0.0288511665053458,0.5965059364333447,0.5791735325584948,11.97457476571006,0.6339209992371799,3,0,0,0,1,0,0,0,0,0,0,0,1,0,1,0,0,0,0,0,0,0,0,0,0,0
36.248257349814814,2.522977416463893,9.270549421973652,1.3866060300410794,0.0,145046.55402240707,0.1247890683815633,1.218775,1.317067,0.318365,133.320869,1.134436,0.308133,36.988017703892666,0.0222140940696473,0.6154911035474786,8.427649603418581,0.0222140940696473,0.6154911035474786,1.4046082672364302,0.0222140940696473,0.6154911035474786,1.0400700059798162,28.81746308177541,0.721246569915762,2,0,0,0,0,0,0,1,0,0,0,0,1,0,0,0,0,1,0,0,0,0,0,0,0,0
47.48599205314815,3.816714394292671,12.44991065329499,2.14052047060548,0.0,192898.61565122905,0.1327945750287111,1.6150129999999998,1.421694,1.612501,122.787011,1.136789,0.0,48.45509393178383,0.0416864353672914,0.6257946155505257,11.040401149014036,0.0416864353672914,0.6257946155505257,1.8400668581690056,0.0416864353672914,0.6257946155505257,2.556860938485241,38.38346440317123,0.0365940258066103,2,0,0,0,0,0,0,1,0,0,0,0,1,0,1,0,0,0,0,0,0,0,0,0,0,0
61.69639362546297,1.2478004012176458,7.757720754015074,1.6082080185270424,0.0,177700.94379496403,0.1382998895766637,2.118501,1.423781,0.794466,116.386765,0.371444,0.0,62.95550369945201,0.0478122397642989,0.6388236687390686,14.344291982153624,0.0478122397642989,0.6388236687390686,2.390715330358937,0.0478122397642989,0.6388236687390686,3.8101818194435526,50.908184608354354,0.3548927777224153,2,0,0,1,0,0,0,0,0,0,1,0,0,0,0,0,0,1,0,0,0,0,0,0,0,0
35.15345955328703,0.5579949179999262,9.23039503349103,2.1605803401921864,0.0,125878.18552345624,0.1250005310995401,1.270363,1.267679,0.064314,149.074577,74.327371,0.058171,35.87087709519085,0.0130582685788433,0.6144873191963418,8.173111236878928,0.0130582685788433,0.6144873191963418,1.3621852061464876,0.0130582685788433,0.6144873191963418,0.5929260091996,27.901517852462383,0.4489347991023904,0,0,0,0,0,0,1,0,0,0,0,1,0,0,0,0,0,0,0,0,0,0,1,0,0,0
201.17666234009263,0.4282124096826969,4.62898275434828,0.9002997119077961,0.0,176674.68133618106,0.1393978752338772,3.340453,1.615808,0.234686,82.387033,2.72379,0.0,205.2823085102986,0.0972297962806583,0.7667085726657585,46.77318421753639,0.0972297962806583,0.7667085726657585,7.795530702922731,0.0972297962806583,0.7667085726657585,25.26526207149314,199.23000728033284,0.0667582285556579,1,0,0,0,0,0,1,0,0,0,1,0,0,0,0,0,1,0,0,0,0,0,0,0,0,0
88.77872022671296,0.8754473379332957,8.705256910346966,0.7352386881693376,0.0,153662.8106077638,0.1347413112898524,2.111293,1.516214,0.7783909999999999,105.553805,1.136845,0.0,90.59053084358466,0.0,0.6636545696788861,20.64088044537372,0.0,0.6636545696788861,3.4401467408956194,0.0,0.6636545696788861,0.0,76.10230349871017,0.6103856276785417,1,0,0,0,0,1,0,0,0,0,0,0,1,0,0,1,0,0,0,0,0,0,0,0,0,0
2.136927,7.402208176734065,8.840690825482925,2.454916193902636,0.0,175572.41516786572,0.137939816559676,1.936238,0.3336449999999999,0.519564,582.183856,0.943623,0.0,55.5109389496882,0.0427585787361625,0.6321345039744634,12.648062039169462,0.0427585787361625,0.6321345039744634,2.108010339861577,0.0427585787361625,0.6321345039744634,3.0045175364538648,44.41820235204793,0.0189638220515995,2,1,0,0,0,0,0,0,0,0,0,0,1,0,1,0,0,0,0,0,0,0,0,0,0,0
37.38696925398148,5.060525134027147,8.175504413440073,1.287952062894972,0.0,164676.11829286572,0.1350141214363152,1.266572,1.346609,2.166512,154.87258300000002,1.13441,0.0,38.14996862651172,0.0224932130582015,0.6165351513099795,8.692397914901402,0.0224932130582015,0.6165351513099795,1.4487329858169002,0.0224932130582015,0.6165351513099795,1.0862219904807993,29.77316035394604,0.2109493369450998,3,0,0,0,0,1,0,0,0,0,0,0,1,0,0,0,0,1,0,0,0,0,0,0,0,0
34.63099623092592,3.0512103739974026,7.329047494655033,1.2133478262155748,0.0,142847.3165280276,0.1376877651690579,1.144477,1.292679,1.444931,159.643975,1.134993,0.0,35.337751256046865,0.0129825253531697,0.6140082896360958,8.051639526694222,0.0129825253531697,0.6140082896360958,1.3419399211157037,0.0129825253531697,0.6140082896360958,0.5807256349438426,27.46540785862168,0.0416176010681155,3,0,0,0,0,0,1,0,0,0,0,1,0,0,0,0,0,0,0,1,0,0,0,0,0,0
33.328771101620376,2.064732409410984,6.1476906861046805,1.501989982539801,0.0,241998.5076438849,0.139997090813782,1.070268,1.384663,2.571879,147.036687,1.134706,0.0,34.00895010369426,0.0645089525455436,0.6128143219366724,7.748874707170844,0.0645089525455436,0.6128143219366724,1.2914791178618072,0.0645089525455436,0.6128143219366724,2.77706550425693,26.381229996928507,0.965992657516336,3,0,0,0,0,0,1,0,0,0,1,0,0,0,0,0,0,0,0,0,0,0,0,0,0,1
40.45209759481481,2.2859929294037302,5.504200850173438,0.7886179952884463,0.0,119195.48392067596,0.1154165178608837,1.396151,1.412733,0.404725,115.628943,1.136481,0.0,41.27765060695389,0.0232494358549293,0.6193454673998663,9.40503431550848,0.0232494358549293,0.6193454673998663,1.5675057192514132,0.0232494358549293,0.6193454673998663,1.2147874557323524,32.360918744724344,0.1737286612954847,3,0,0,0,0,0,1,0,0,0,0,1,0,0,0,0,0,1,0,0,0,0,0,0,0,0
0.98618,0.4573122365154523,2.221325333741643,0.2310876684258881,0.0,164713.9569094724,0.1388992919124287,0.656908,0.502063,0.6200720000000001,464.201658,163.514282,0.0,25.617991523998487,0.032158991560378,0.6052747939240584,5.837010726986997,0.032158991560378,0.6052747939240584,0.9728351211644992,0.032158991560378,0.6052747939240584,1.0428465483722826,19.62775258283096,0.0190771974500186,0,0,0,1,0,0,0,0,0,0,1,0,0,0,1,0,0,0,0,0,0,0,0,0,0,0
1.387912,4.814945294702653,7.95691550206795,1.490603001998197,0.0,171746.55167116306,0.1381362893348403,1.05523,0.437535,1.311523,570.640959,1.105205,0.0,36.05378110695389,0.0358593647573555,0.6146516639380313,8.214785568673038,0.0358593647573555,0.6146516639380313,1.3691309281121729,0.0358593647573555,0.6146516639380313,1.6365388450583702,28.051286770438946,0.8673794247778086,3,0,0,1,0,0,0,0,0,0,1,0,0,0,1,0,0,0,0,0,0,0,0,0,0,0
21.233374783009257,4.645686176469286,9.685080891890491,1.6532706165199371,0.0,191426.9936488309,0.1369373445137799,0.7035170000000001,1.232735,0.194634,162.877309,0.370016,0.0,21.666708962254344,0.0310433086639424,0.6017244480038544,4.936718497728838,0.0310433086639424,0.6017244480038544,0.8227864162881395,0.0310433086639424,0.6017244480038544,0.8514004228443913,16.50302340553501,0.042875810392599,2,0,0,0,0,0,0,1,0,0,1,0,0,0,0,1,0,0,0,0,0,0,0,0,0,0
25.91953194587963,0.7103826801339499,5.214556751205481,0.6625009820186835,0.0,95757.44317670864,0.1122928369316837,1.0610700000000002,1.1224610000000002,1.23168,147.31571,0.0,0.709006,26.44850198559146,0.0065758050732618,0.6060210324891134,6.026240958742358,0.0065758050732618,0.6060210324891134,1.0043734931237265,0.0065758050732618,0.6060210324891134,0.2201521437177583,20.289048710251272,0.5693591002055486,2,0,0,1,0,0,0,0,0,0,0,1,0,0,0,0,0,0,0,0,1,0,0,0,0,0
32.42676260199074,1.21088275710027,10.998053033860751,2.5769313210777813,0.0,125666.85176858513,0.1214621066332435,1.206138,1.218577,0.112822,169.324064,138.162734,0.012256,33.08853326733749,0.0240693245569166,0.6119872997967007,7.539159478633858,0.0240693245569166,0.6119872997967007,1.2565265797723095,0.0240693245569166,0.6119872997967007,1.0081248687644042,25.63261028925465,0.8082742588128798,0,0,0,0,0,0,1,0,0,0,0,0,1,0,0,0,0,0,0,0,0,1,0,0,0,0
105.0135494324537,2.0684370098354146,6.814736922010243,0.8534230008828554,0.0,102417.71840340228,0.1157445341116375,1.742525,1.33372,1.793151,159.704808,1.135069,0.0,107.15668309434052,0.0,0.6785397544607578,24.415446780988976,0.0,0.6785397544607578,4.069241130164829,0.0,0.6785397544607578,0.0,92.03806257678866,0.337560663145153,0,0,0,0,0,0,1,0,0,0,0,0,0,1,0,1,0,0,0,0,0,0,0,0,0,0
56.22904903824075,3.13475218922686,9.212376081114478,1.510355579267017,0.0,170918.92395458632,0.1265823365115433,1.777176,1.354916,0.25559,111.656589,1.135063,0.59009,57.37658065126608,0.0308209039241652,0.6338108390125821,13.07314495851632,0.0308209039241652,0.6338108390125821,2.178857493086053,0.0308209039241652,0.6338108390125821,2.2384785819617603,46.03278319272409,0.7019768409601939,1,0,0,0,0,0,1,0,0,0,0,0,1,0,0,0,0,0,0,0,0,0,0,0,1,0
1.306838,1.1385640394773415,9.115009108893306,1.857311982473881,0.0,167077.77602293165,0.1389741725880179,1.203942,0.275787,0.533454,540.354207,4.954133000000001,0.0,33.94772232983748,0.0351125881585987,0.6127593069450289,7.734924075152843,0.0351125881585987,0.6127593069450289,1.289154012525474,0.0351125881585987,0.6127593069450289,1.508851130493734,26.331370642017085,0.3771619624596162,1,0,0,1,0,0,0,0,0,0,0,0,1,0,1,0,0,0,0,0,0,0,0,0,0,0
57.12670431328703,10.22105929548506,11.330577741709831,2.1903419594684665,0.0,276080.99033273384,0.1279333040689964,1.784485,1.539374,0.373233,102.183793,0.013491,0.0,58.29255542172146,0.0458143976624431,0.6346338698230793,13.28184807077198,0.0458143976624431,0.6346338698230793,2.2136413451286625,0.0458143976624431,0.6346338698230793,3.380554828925007,46.828392441979005,0.2766941916567725,2,0,0,1,0,0,0,0,0,0,0,0,1,0,1,0,0,0,0,0,0,0,0,0,0,0
1.17759,0.7251767723394527,8.927835689745933,2.221690911897938,0.0,168953.92989358513,0.1391536235023174,1.06096,0.326975,0.187196,558.31431,0.0,0.021292,30.590247864229017,0.0339220784781079,0.6097425154134457,6.969929893115472,0.0339220784781079,0.6097425154134457,1.161654982185912,0.0339220784781079,0.6097425154134457,1.3135250490065182,23.610347696019986,0.27471523485342,2,0,1,0,0,0,0,0,0,0,0,0,1,0,1,0,0,0,0,0,0,0,0,0,0,0
31.34433712796296,2.203634384724733,9.225266820235218,1.9404092334943424,0.0,167812.767198741,0.1388636252326931,1.049515,1.209002,0.8560979999999999,137.178122,0.37235,0.0,31.984017477513227,0.0350388869451976,0.6109948592240699,7.287497653104279,0.0350388869451976,0.6109948592240699,1.2145829421840464,0.0350388869451976,0.6109948592240699,1.418587813225076,24.73679779252328,0.7100292244889356,2,0,0,0,0,0,0,0,1,0,0,0,1,0,0,0,0,1,0,0,0,0,0,0,0,0
29.27678456796296,5.667708458374444,5.743992533901041,1.8305585914664413,0.0,228984.80928694544,0.1399094779446399,1.141884,1.266737,0.775998,147.456703,1.135022,0.0,29.874269967309143,0.0615803349640854,0.6090991877937263,6.806795688753982,0.0615803349640854,0.6090991877937263,1.1344659481256636,0.0615803349640854,0.6090991877937263,2.328693103030907,23.033409586099378,0.3392467950266554,3,0,0,0,0,0,1,0,0,0,1,0,0,0,0,0,0,0,0,0,0,0,0,1,0,0
1.158562,1.1331119811792167,4.709080665803356,1.0174706731911758,0.0,170515.28231789568,0.1387095076681898,1.035572,0.283316,0.263772,561.59725,0.0,0.0138819999999999,30.095957630479973,0.0337468106348888,0.6092983808097151,6.857306801881513,0.0337468106348888,0.6092983808097151,1.142884466980252,0.0337468106348888,0.6092983808097151,1.2856235228246142,23.21192183945473,0.7187319021599379,2,0,0,0,1,0,0,0,0,0,1,0,0,0,1,0,0,0,0,0,0,0,0,0,0,0
1.243799,0.4475658621719415,2.616415389221636,0.3559168553520306,0.0,164888.00207958632,0.1389629662894516,1.112853,0.403737,0.323101,464.521127,122.057128,0.001682,32.31015863184996,0.0345319328312554,0.6112879068354761,7.361808295864547,0.0345319328312554,0.6112879068354761,1.2269680493107578,0.0345319328312554,0.6112879068354761,1.412319275496522,25.00102435390601,0.2693262678479206,0,1,0,0,0,0,0,0,0,0,0,0,1,0,1,0,0,0,0,0,0,0,0,0,0,0
73.77417338611112,2.635509251404724,2.6115460764589926,0.3224771157871905,0.0,169313.1089253597,0.1356497811292001,1.309691,1.328933,0.923836,154.79795,0.0001889999999999,0.0,75.27976876133788,0.0532201172949386,0.6498973906251249,17.152352376001033,0.0532201172949386,0.6498973906251249,2.858725396000172,0.0532201172949386,0.6498973906251249,5.071390029638308,61.929272512476295,0.2414330412132664,0,0,0,1,0,0,0,0,0,0,0,1,0,0,0,0,1,0,0,0,0,0,0,0,0,0
24.96940885875,0.3964089923125091,2.131082490479632,0.2771590466407849,0.0,151451.10632119305,0.1295138085953337,0.8893700000000001,1.233553,0.237664,181.009729,2.525802,0.0,25.47898863137755,0.0220543577204557,0.6051498956549517,5.805339181832859,0.0220543577204557,0.6051498956549517,0.9675565303054764,0.0220543577204557,0.6051498956549517,0.7112945944706648,19.51722444515421,0.3524749808127231,1,0,0,1,0,0,0,0,0,0,0,0,1,0,0,0,0,0,0,0,0,0,1,0,0,0
1.319042,5.031926452398872,9.554621354567349,2.110383326344067,0.0,174127.50123651078,0.1385720305377059,1.177499,0.3121219999999999,0.595354,537.356234,0.958323,0.21204,34.26474555942933,0.0352249998024207,0.613044161827514,7.807157216072505,0.0352249998024207,0.613044161827514,1.3011928693454171,0.0352249998024207,0.613044161827514,1.5278172855201226,26.589623065459985,0.3062864824689728,3,0,0,0,1,0,0,0,0,0,0,1,0,0,1,0,0,0,0,0,0,0,0,0,0,0
40.10238855328704,0.4718437527866958,3.052850545310288,0.427895149649333,0.0,189928.0536758093,0.1367515834579936,1.355872,1.363918,1.041373,150.991601,99.753774,0.000376,40.92080464621126,0.0386046581145654,0.6190248305987601,9.323727640908894,0.0386046581145654,0.6190248305987601,1.553954606818149,0.0386046581145654,0.6190248305987601,1.9996628773922869,32.06454957479225,0.8202974077415108,0,0,0,0,0,1,0,0,0,0,1,0,0,0,0,1,0,0,0,0,0,0,0,0,0,0
71.42404309000001,18.89788075259549,5.341931832494209,1.146831403033053,0.0,179998.93986997902,0.1283999419898438,1.292349,1.297508,3.021919,157.91441,0.0,0.0,72.88167662244899,0.0521533348459804,0.6477426328955691,16.605951635494705,0.0521533348459804,0.6477426328955691,2.767658605915784,0.0521533348459804,0.6477426328955691,4.811420867122845,59.757682411732354,0.3730699529420922,3,0,0,0,0,0,0,0,0,1,0,0,1,0,0,0,1,0,0,0,0,0,0,0,0,0
31.302892393333337,4.895808748489947,7.318975541231444,1.671189890491019,0.0,156957.93087717326,0.1321115573283008,1.195037,1.342722,2.251505,156.26195,0.369736,0.0,31.941726931972795,0.035022244385602,0.6109568599001854,7.277861832601396,0.035022244385602,0.6109568599001854,1.2129769721002326,0.035022244385602,0.6109568599001854,1.4160391983667304,24.70255340018643,0.1555050020525052,3,0,0,0,0,0,1,0,0,0,0,1,0,0,0,0,0,1,0,0,0,0,0,0,0,0
4.164243,5.0711012829979545,9.915058288071082,2.363295574268277,0.0,170795.7115744904,0.1390422056618926,1.661129,0.353326,0.554652,665.726179,0.0,0.0,108.1745136566043,0.0614322860539854,0.6794543057558686,24.647357542011108,0.0614322860539854,0.6794543057558686,4.107892923668517,0.0614322860539854,0.6794543057558686,8.411908438864895,93.03751781902128,0.0716564584574513,3,0,1,0,0,0,0,0,0,0,0,1,0,0,1,0,0,0,0,0,0,0,0,0,0,0
60.09427969152777,0.6391918865753878,3.764711365997077,1.1139454956677892,0.0,171876.85010116905,0.1192029950608738,1.813767,1.4685860000000002,1.113257,106.990949,1.136728,0.1711099999999999,61.32069356278344,0.0376870310710291,0.6373547427869678,13.971803596583568,0.0376870310710291,0.6373547427869678,2.328633932763928,0.0376870310710291,0.6373547427869678,2.9253099792375634,49.47219604205862,0.1021585583928769,2,0,0,0,1,0,0,0,0,0,1,0,0,0,0,0,1,0,0,0,0,0,0,0,0,0
60.23488120833333,0.9989533605549832,4.82138493306917,0.9649887598818726,0.0,210524.97358363308,0.129803456071255,1.878729,1.341126,0.15453,128.99191000000002,0.841501,0.146923,61.46416449829931,0.04717039334221,0.6374836557266569,14.00449317682769,0.04717039334221,0.6374836557266569,2.334082196137948,0.04717039334221,0.6374836557266569,3.6699858428292176,49.59797503868411,0.6271260440801064,3,0,0,0,0,0,1,0,0,0,1,0,0,0,1,0,0,0,0,0,0,0,0,0,0,0
52.22273317652778,4.483110982165348,7.424794997528588,1.7091959334677644,0.0,193126.3431317446,0.1385897225756153,1.678516,1.402544,1.460437,120.646436,1.135852,0.0,53.28850324135488,0.0436998794845984,0.6301375788174546,12.141684282840352,0.0436998794845984,0.6301375788174546,2.0236140471400583,0.0436998794845984,0.6301375788174546,2.947722999445368,42.50517520419423,0.7839386404472493,2,0,0,0,0,1,0,0,0,0,0,0,1,0,1,0,0,0,0,0,0,0,0,0,0,0
41.320400425740736,0.3854302813252099,4.232323760037228,0.9259520614032836,0.0,173265.90752398083,0.1380198895752573,1.214366,1.161415,0.408615,156.098406,3.2981260000000003,0.368996,42.16367390381708,0.0391082697011915,0.6201415859127968,9.606913041376044,0.0391082697011915,0.6201415859127968,1.6011521735626737,0.0391082697011915,0.6201415859127968,2.0872763678779376,33.09803494002927,0.2987693123952492,0,0,0,0,0,0,1,0,0,0,0,0,0,1,0,0,0,0,0,0,1,0,0,0,0,0
34.231008718333335,0.7080280647503672,4.144230975807428,1.7258778704727868,0.0,230206.6131032674,0.1426123524401828,1.267144,1.300781,0.045731,117.180264,1.136443,0.353137,34.9296007329932,0.0709587057441073,0.6136415541466164,7.958643204985792,0.0709587057441073,0.6136415541466164,1.3264405341642986,0.0709587057441073,0.6136415541466164,3.1374167850273675,27.13196769558828,0.5263652379222755,3,0,0,0,0,0,1,0,0,0,0,1,0,0,0,0,0,0,0,0,0,0,0,0,0,1
38.40997703106482,7.528536915779114,10.208516885908388,1.411390915048494,0.0,179511.18459607314,0.132099158936839,1.229247,1.377584,1.441749,128.37236399999998,1.136475,0.0,39.19385411333145,0.0151632083578767,0.6174731137364516,8.930245241012228,0.0151632083578767,0.6174731137364516,1.4883742068353711,0.0151632083578767,0.6174731137364516,0.7522842737578075,30.634368529988613,0.4205112546520758,3,0,0,0,0,1,0,0,0,0,0,0,0,1,0,0,0,0,1,0,0,0,0,0,0,0
23.322795295740743,2.0080075945785576,3.348093383032069,0.5131425441955205,0.0,158159.07213916368,0.1341008084069053,0.972839,1.322263,1.3460450000000002,145.716604,0.0,0.037917,23.798770709939536,0.031858359422212,0.603640169446002,5.4225047187204005,0.031858359422212,0.603640169446002,0.9037507864534,0.031858359422212,0.603640169446002,0.9597339127646416,18.184675929056265,0.9709628950128816,1,0,0,0,0,0,0,0,0,1,0,0,1,0,0,0,0,0,0,0,0,0,0,0,0,1
93.77566198439816,0.6895279577738948,10.508361982212936,4.660728738462325,0.0,200466.3940722422,0.1324583537680068,2.85518,1.566789,1.276423,81.83024300000001,1.1385,0.0,95.68945100448792,0.0500663008960282,0.6682361024110625,21.802659722541552,0.0500663008960282,0.6682361024110625,3.6337766204235913,0.0500663008960282,0.6682361024110625,6.064325122236006,80.94069086214347,0.91243453278782,1,0,0,0,0,0,0,1,0,0,0,0,0,1,0,0,1,0,0,0,0,0,0,0,0,0
3.344816,0.6557525489255964,9.626851786240683,7.772036757543504,0.0,176974.18613234413,0.1381818222091924,2.900694,0.459304,0.263435,535.071757,6.189851999999999,0.0003819999999999,86.88826374225245,0.0538845036824549,0.6603279716203261,19.79732591595625,0.0538845036824549,0.6603279716203261,3.2995543193260417,0.0538845036824549,0.6603279716203261,5.926494895672808,72.62626703105504,0.2210878323301386,1,0,0,1,0,0,0,0,0,0,1,0,0,0,1,0,0,0,0,0,0,0,0,0,0,0
18.705347800416664,1.589182223490388,4.601680639550555,0.7530709254584438,0.0,174212.75888039568,0.1385687882665821,0.616255,1.039929,0.055274,181.08111,1.137058,0.045117,19.087089592261904,0.0300645688255528,0.5994065826113351,4.348957122287523,0.0300645688255528,0.5994065826113351,0.7248261870479203,0.0300645688255528,0.5994065826113351,0.7263862262355093,14.482186258853275,0.7398056564427758,1,0,0,0,0,0,1,0,0,0,0,0,0,1,0,0,0,0,0,1,0,0,0,0,0,0
43.596220414490745,0.490158998208652,2.932735543885677,0.3663187107022146,0.0,177765.5270720923,0.1385275381360408,1.513708,1.274103,0.60577,164.51514699999998,72.12674,0.0025859999999999,44.485939198459945,0.0400542971630171,0.6222282109479922,10.136036779395935,0.0400542971630171,0.6222282109479922,1.689339463232656,0.0400542971630171,0.6222282109479922,2.255510162317755,35.03848906303657,0.6528138574539134,0,0,0,1,0,0,0,0,0,0,1,0,0,0,0,1,0,0,0,0,0,0,0,0,0,0
108.47652685976855,3.994602698216336,13.671900136293551,3.0859697771301087,0.0,253811.3089590828,0.1299059297040783,1.925472,1.505494,1.998876,107.296152,1.1362450000000002,0.0,110.69033353037608,0.1146616883329003,0.6817148453870487,25.220582323376828,0.1146616883329003,0.6817148453870487,4.203430387229471,0.1146616883329003,0.6817148453870487,16.06574749965161,95.51802988417872,0.280173239947922,2,0,0,1,0,0,0,0,0,0,1,0,0,0,0,0,0,0,0,0,0,0,0,0,0,1
39.839183939444446,0.4755800406781317,7.048243634706493,0.9334704785895862,0.0,135816.0917266187,0.1247805844393851,1.140192,1.244355,0.346698,173.608488,68.11989799999999,3.4e-05,40.65222850963719,0.0137430999021991,0.6187835068827643,9.262533078145182,0.0137430999021991,0.6187835068827643,1.543755513024197,0.0137430999021991,0.6187835068827643,0.7071995413354105,31.841681670623785,0.0171932516923571,0,0,0,1,0,0,0,0,0,0,0,1,0,0,0,0,0,0,0,0,0,0,1,0,0,0
0.855419,6.696851277522904,8.763072619907003,1.6634419714089492,0.0,170819.9258093525,0.1386243858032947,0.77308,0.259051,0.150109,570.4261349999999,0.887453,0.131352,22.221213867110738,0.0309545455625237,0.602222687296015,5.063061387442953,0.0309545455625237,0.602222687296015,0.8438435645738254,0.0309545455625237,0.602222687296015,0.8706931355747657,16.939391303836587,0.3918825645218402,3,1,0,0,0,0,0,0,0,0,1,0,0,0,1,0,0,0,0,0,0,0,0,0,0,0
74.83760759967593,5.514884806365418,9.341097123903053,1.6326601535296268,0.0,216022.46414118705,0.1393603150882452,1.937354,1.449395,1.992864,110.774304,1.136178,0.0,76.36490571395504,0.0537051391487903,0.65087241873116,17.399598770268238,0.0537051391487903,0.65087241873116,2.899933128378039,0.0537051391487903,0.65087241873116,5.191377072724314,62.91621631420113,0.9058949469466288,3,0,0,0,0,0,1,0,0,0,0,0,0,1,1,0,0,0,0,0,0,0,0,0,0,0
130.2543602051389,2.267969943337339,6.968358352601671,5.03450602135784,0.0,229635.638957584,0.1265952039590413,2.008929,1.501975,0.907929,106.772772,0.0134949999999999,0.0,132.9126124542234,0.0809655918402913,0.7016822296684934,30.28388638197495,0.0809655918402913,0.7016822296684934,5.047314396995824,0.0809655918402913,0.7016822296684934,13.621959911893,118.05369399739726,0.8449339663570398,3,0,0,0,0,0,0,0,0,1,0,0,1,0,1,0,0,0,0,0,0,0,0,0,0,0
11.742251,6.7043334145626,10.18650776476597,3.606888970596899,0.0,171179.82490257794,0.1391550125085192,2.088098,0.32673,0.275613,779.969,0.0,0.0,305.028378785478,0.1312336901982432,0.8563334091901156,69.50013693846334,0.1312336901982432,0.8563334091901156,11.583356156410556,0.1312336901982432,0.8563334091901156,50.6708857762099,330.6404955760789,0.8359318057644287,3,0,1,0,0,0,0,0,0,0,1,0,0,0,1,0,0,0,0,0,0,0,0,0,0,0
14.71104785685185,8.929717561895613,6.601181326438483,1.31271817165313,0.0,141992.03761053656,0.1330168221315605,0.811646,0.837058,0.058863,155.524517,1.088089,2.054347,15.011273323318216,0.0285346788120581,0.5957443394192011,3.4202901243003527,0.0285346788120581,0.5957443394192011,0.5700483540500587,0.0285346788120581,0.5957443394192011,0.5422048896720274,11.320102670685174,0.9623832050396744,3,0,0,0,0,0,1,0,0,0,0,1,0,0,1,0,0,0,0,0,0,0,0,0,0,0
24.77371741212963,4.788553745912419,6.820518202061276,1.1539387526414948,0.0,184647.09472422063,0.1333821410183712,1.035492,1.2708700000000002,0.318449,144.13503799999998,0.370307,0.293063,25.27930348176493,0.0324276001900085,0.6049704725574702,5.759841299642642,0.0324276001900085,0.6049704725574702,0.9599735499404404,0.0324276001900085,0.6049704725574702,1.0376546156817277,19.358521738338016,0.7798578520525237,3,0,0,0,1,0,0,0,0,0,0,0,1,0,0,0,0,1,0,0,0,0,0,0,0,0
5.549316999999999,10.043873307087438,6.662949932564934,1.690822852029503,0.0,165829.1664043765,0.1390430108070087,1.614904,0.452921,0.260633,636.65472,0.0,0.0,144.15457205579176,0.0741902707438542,0.7117834676292906,32.84534553169939,0.0741902707438542,0.7117834676292906,5.474224255283231,0.0741902707438542,0.7117834676292906,13.537805987067902,129.88207743352896,0.8951285454736769,2,0,1,0,0,0,0,0,0,0,1,0,0,0,1,0,0,0,0,0,0,0,0,0,0,0
46.28577494083333,7.222903812389008,4.870377812168295,0.7891506512673925,0.0,135454.23790654977,0.1123202905344734,1.042081,1.344154,3.818071,148.028846,0.0,0.0,47.23038259268707,0.02470846781889,0.624694175671007,10.761352995802117,0.02470846781889,0.624694175671007,1.793558832633686,0.02470846781889,0.624694175671007,1.4772030232471791,37.34752521565181,0.8814038534655662,2,0,0,0,1,0,0,0,0,0,1,0,0,0,0,0,0,1,0,0,0,0,0,0,0,0
0.994323,0.4967535186014015,2.7116343166044863,0.3954227509544336,0.0,165150.6884367506,0.1389493856856005,0.8209879999999999,0.498626,0.59346,460.246885,222.240894,0.0438459999999999,25.829522182681405,0.0322339971336034,0.6054648605668047,5.885207585927408,0.0322339971336034,0.6054648605668047,0.9808679309879011,0.0322339971336034,0.6054648605668047,1.0539098025302511,19.796035502334664,0.7115876048309843,0,1,0,0,0,0,0,0,0,0,0,1,0,0,1,0,0,0,0,0,0,0,0,0,0,0
31.40299110129629,0.5504482642566557,8.878554843884292,5.759544805371219,0.0,189556.03830373203,0.1292798254880116,1.065159,1.260068,0.328075,167.84366799999998,119.12431399999998,0.0,32.04386847071051,0.035062443775919,0.6110486371369874,7.301134588263153,0.035062443775919,0.6110486371369874,1.2168557647105254,0.035062443775919,0.6110486371369874,1.4221978944521942,24.78526855395511,0.7552272850419622,0,0,0,0,0,0,0,0,0,1,0,0,1,0,0,1,0,0,0,0,0,0,0,0,0,0
33.122056577546296,4.438201947177914,10.305727120497815,1.5539820930368895,0.0,211994.57443420263,0.1397515129592778,1.108397,1.297671,0.407783,149.038529,1.136485,0.17527,33.79801691586357,0.0357547998785924,0.6126247921394109,7.700813980829674,0.0357547998785924,0.6126247921394109,1.2834689968049455,0.0357547998785924,0.6126247921394109,1.529672571037954,26.20949757950027,0.262683147710436,2,0,0,1,0,0,0,0,0,0,0,1,0,0,1,0,0,0,0,0,0,0,0,0,0,0
40.556269495370366,1.7649966955756684,8.99672104471879,1.7533080546404247,0.0,181286.60988084527,0.1374040960872487,1.37604,1.470468,0.8418889999999999,116.756923,0.370969,0.0,41.38394846466364,0.0387921043478492,0.6194409792139541,9.429254080556271,0.0387921043478492,0.6194409792139541,1.5715423467593783,0.0387921043478492,0.6194409792139541,2.032114490085124,32.44925767176083,0.3686824477735423,1,0,0,0,0,0,1,0,0,0,0,0,0,1,0,0,0,0,0,0,1,0,0,0,0,0
33.792173131388886,14.480054705834789,7.94282717899167,2.082670526252948,0.0,184748.18649767688,0.1308164299427748,1.18784,1.364941,2.884439,129.083405,1.136779,0.0,34.48180931774376,0.0476079703058321,0.6132392001262723,7.856614781258072,0.0476079703058321,0.6132392001262723,1.309435796876345,0.0476079703058321,0.6132392001262723,2.077986017836089,26.766578689771933,0.8021517182763163,2,0,0,0,1,0,0,0,0,0,1,0,0,0,0,0,0,0,0,0,0,0,0,0,0,1
24.802407962453703,0.5302531296472184,4.167457854433311,0.5018848989078467,0.0,107893.00463691547,0.1148971055480216,1.0239049999999998,1.324064,1.920753,165.428914,1.134678,0.0,25.308579553524183,0.0115806813349726,0.6049967779862281,5.766511797005511,0.0115806813349726,0.6049967779862281,0.9610852995009184,0.0115806813349726,0.6049967779862281,0.3710007529748972,19.38178365226616,0.3730210814348106,3,0,0,0,0,0,1,0,0,0,1,0,0,0,0,0,0,0,0,1,0,0,0,0,0,0
34.76118564916667,3.908882009611427,10.206763720340868,1.7132136617347204,0.0,169879.34182029378,0.1387264553269894,1.026805,1.297221,2.959498,155.393551,0.3723889999999999,0.0,35.47059760119048,0.0364184531543972,0.6141276560625977,8.081908314195298,0.0364184531543972,0.6141276560625977,1.3469847190325497,0.0364184531543972,0.6141276560625977,1.63516999632586,27.57401894171988,0.6177792274952534,3,0,0,0,0,0,0,1,0,0,1,0,0,0,1,0,0,0,0,0,0,0,0,0,0,0
199.05570004222224,0.416921144552368,2.31471517617754,0.1477909678910419,0.0,180587.4708670564,0.137480519140224,3.626775,1.514414,0.3159119999999999,117.390842,96.193224,0.000294,203.1180612675737,0.0429225983218797,0.764763931590753,46.28006459261173,0.0429225983218797,0.764763931590753,7.713344098768621,0.0429225983218797,0.764763931590753,11.035892348996237,196.6295786228875,0.2257506152177247,0,0,0,0,0,0,0,1,0,0,0,0,1,0,0,0,0,0,0,1,0,0,0,0,0,0
37.603077578472224,3.6981109132012016,7.482364139968543,1.555114097875371,0.0,160601.552354991,0.135549794266121,1.089113,1.29182,2.73703,163.414551,1.134679,0.0,38.370487324971656,0.0300617287621444,0.6167332939761068,8.742642681639111,0.0300617287621444,0.6167332939761068,1.4571071136065183,0.0300617287621444,0.6167332939761068,1.4601052942210124,29.95488232835218,0.4668126882360029,3,0,0,0,0,1,0,0,0,0,0,0,1,0,0,0,1,0,0,0,0,0,0,0,0,0
117.61985138944446,4.502794144536666,5.837964634243533,1.1225267064085396,0.0,166039.68956085132,0.1323711070404064,1.358003,1.331551,1.634794,152.627956,0.370307,0.0,120.0202565198413,0.0744075841195008,0.690098061090773,27.346387561482825,0.0744075841195008,0.690098061090773,4.557731260247137,0.0744075841195008,0.690098061090773,11.30432573803058,104.84271685564518,0.5563527633215626,2,0,0,0,0,0,0,0,0,1,0,0,1,0,0,0,0,1,0,0,0,0,0,0,0,0
56.26677698462962,4.594143934101224,8.548758549655942,1.4311165006326545,0.0,222436.21269859112,0.1359695734666119,1.951995,1.302295,0.5230319999999999,129.425626,1.13647,0.544489,57.41507855574452,0.0454414040715882,0.6338454305346931,13.081916632954446,0.0454414040715882,0.6338454305346931,2.1803194388257405,0.0454414040715882,0.6338454305346931,3.302559220827302,46.06618378018874,0.056117919462012,2,0,0,1,0,0,0,0,0,0,0,0,0,1,1,0,0,0,0,0,0,0,0,0,0,0
14.828534005694443,17.037321879852303,8.637609345735692,2.778490297371249,0.0,198117.71142461032,0.1381676534561516,0.4866229999999999,1.20176,1.015578,179.733481,1.135261,0.0,15.1311571486678,0.0285793892389685,0.5958520586327924,3.4476054262787392,0.0285793892389685,0.5958520586327924,0.5746009043797898,0.0285793892389685,0.5958520586327924,0.5473914301111119,11.412571058898736,0.623274485096071,3,0,0,0,0,1,0,0,0,0,0,0,1,0,1,0,0,0,0,0,0,0,0,0,0,0
224.82635679884265,1.5484025319703192,7.745379449080506,6.762076102000632,0.0,196472.0581347422,0.121205159835964,2.174696,1.477342,2.530601,138.719298,0.0,0.0,229.4146497947374,0.1091879817223693,0.7883922052800654,52.271692358294594,0.1091879817223693,0.7883922052800654,8.711948726382431,0.1091879817223693,0.7883922052800654,31.708003276748787,228.94774895598343,0.2817800309993711,2,0,0,1,0,0,0,0,0,0,1,0,0,0,0,0,1,0,0,0,0,0,0,0,0,0
0.973069,2.399665148709889,11.19713095452288,1.9798108087740929,0.0,167169.01611211032,0.1390371129131145,0.8766440000000001,0.295673,0.139157,551.579309,5.812268,0.228429,25.277407161233945,0.0320382254949772,0.6049687686565836,5.759409226610265,0.0320382254949772,0.6049687686565836,0.9599015377683774,0.0320382254949772,0.6049687686565836,1.0251180639999578,19.35701504450988,0.4640950660530513,1,0,1,0,0,0,0,0,0,0,1,0,0,0,1,0,0,0,0,0,0,0,0,0,0,0
34.42728568638889,0.4648605379045938,1.2919262453592082,0.1384002750368713,0.0,175608.07168015587,0.1311102294021373,1.092311,1.138583,0.298755,183.6994,146.480514,0.0010949999999999,35.129883353458055,0.0217697920422745,0.6138215140895826,8.004277219775252,0.0217697920422745,0.6138215140895826,1.3340462032958753,0.0217697920422745,0.6138215140895826,0.968063614017904,27.295542012417783,0.6301101874695165,0,0,0,0,0,0,0,1,0,0,0,0,0,1,0,0,0,1,0,0,0,0,0,0,0,0
21.84035685166667,5.173819834665714,6.145456220320375,1.0700932415269262,0.0,203666.2248576139,0.1361375015130717,0.731893,1.1934129999999998,0.706137,152.99426599999998,1.1364379999999998,0.0,22.28607842006803,0.0312795122412309,0.6022809700427837,5.0778406526737285,0.0312795122412309,0.6022809700427837,0.8463067754456213,0.0312795122412309,0.6022809700427837,0.8824021047462671,16.990482188972305,0.2566810556734792,2,0,0,1,0,0,0,0,0,0,0,0,0,1,0,0,1,0,0,0,0,0,0,0,0,0
74.71380800231482,1.1123068043939788,10.43059692451422,2.830585566641901,0.0,199548.36818045564,0.1321878174958612,1.795463,1.52538,3.017139,96.594804,1.137124,0.0,76.2385795941988,0.0429188812675878,0.6507589109227754,17.370815603741498,0.0429188812675878,0.6507589109227754,2.895135933956916,0.0429188812675878,0.6507589109227754,4.14186651343413,62.801183578506496,0.8567444233776381,1,0,0,0,0,0,0,1,0,0,0,0,0,1,0,0,1,0,0,0,0,0,0,0,0,0
113.32334601296294,3.69749463976716,8.48688278838599,1.0621060913415263,0.0,187581.0293952338,0.1330400510050124,1.966352,1.4514,1.526127,138.976227,1.134976,0.0,115.63606736016628,0.0144447208741955,0.6861587356051302,26.347458385860666,0.0144447208741955,0.6861587356051302,4.39124306431011,0.0144447208741955,0.6861587356051302,2.1143426784902246,100.43632629139412,0.607719270882237,2,0,0,0,0,1,0,0,0,0,0,0,0,1,0,0,0,0,0,0,1,0,0,0,0,0
2.010683,0.459163925416178,1.850764509942606,0.1670342474300369,0.0,164389.385941247,0.1388947332112623,1.177554,0.677642,0.410293,476.442079,216.103118,0.0,52.23149937277966,0.0415957390473171,0.6291878291314237,11.90084795835486,0.0415957390473171,0.6291878291314237,1.9834746597258093,0.0415957390473171,0.6291878291314237,2.7501364784307,41.599270509669054,0.7236762609627237,0,0,0,1,0,0,0,0,0,0,1,0,0,0,1,0,0,0,0,0,0,0,0,0,0,0
2.171371,0.398109741562562,1.876101679367413,0.2394011819855772,0.0,165271.35324865108,0.1388863632969147,0.522489,0.359055,0.619713,590.940485,104.441289,0.0,56.40569051639265,0.0430758441130722,0.6329384650996943,12.851929484747693,0.0430758441130722,0.6329384650996943,2.1419882474579484,0.0430758441130722,0.6329384650996943,3.0755983946510463,45.19155845358728,0.675122590014367,0,0,0,1,0,0,0,0,0,0,1,0,0,0,1,0,0,0,0,0,0,0,0,0,0,0
62.383617588194426,4.003741278922815,8.78043590403861,2.0950946703517466,0.0,192778.8478154976,0.1371292922315266,2.095228,1.517278,2.1261650000000003,107.240221,1.135271,0.0,63.65675264101472,0.038491985430518,0.6394537619505309,14.504070222003351,0.038491985430518,0.6394537619505309,2.4173450370005587,0.038491985430518,0.6394537619505309,3.101613664825358,51.52601259474843,0.1797531202936768,2,0,0,0,0,0,1,0,0,0,0,0,0,1,0,0,1,0,0,0,0,0,0,0,0,0
21.545992314490743,0.8384899689996843,5.663281477898431,0.7027745394826793,0.0,52635.84903795714,0.0971794338937071,0.974367,1.29272,0.275509,137.068468,1.134801,0.0,21.985706443357905,0.0012465961441272,0.6020110768105503,5.009401468106864,0.0012465961441272,0.6020110768105503,0.8349002446844772,0.0012465961441272,0.6020110768105503,0.0346927808584866,16.753973177729804,0.100155183084034,0,0,0,0,0,0,0,0,0,1,1,0,0,0,0,0,0,0,0,0,0,0,1,0,0,0
6.40462,6.5586590463880725,9.496408900482765,3.588836134480629,0.0,172485.85058827937,0.1379217894600449,3.567542,0.3058619999999999,0.986029,735.2458849999999,6.046453,0.0,166.37277259164776,0.0820685087146767,0.7317471873567732,37.907720337337466,0.0820685087146767,0.7317471873567732,6.317953389556243,0.0820685087146767,0.7317471873567732,17.2835004269906,154.1048207552991,0.9386634565478604,2,0,0,0,1,0,0,0,0,0,0,0,1,0,1,0,0,0,0,0,0,0,0,0,0,0
22.675335875694444,4.686073069663928,6.256514064413752,1.2935019281985376,0.0,169265.63850794366,0.1352312813381211,0.941246,1.333761,2.0732060000000003,154.249505,0.370609,0.0,23.13809783234127,0.03160520325826,0.6030465350452936,5.271971658001808,0.03160520325826,0.6030465350452936,0.8786619430003012,0.03160520325826,0.6030465350452936,0.9256763101274076,17.6624680067499,0.199375787110402,3,0,0,0,1,0,0,0,0,0,1,0,0,0,0,0,0,1,0,0,0,0,0,0,0,0
49.42633371699074,3.559647266527446,10.146039451626566,1.617084317927738,0.0,184422.2231152578,0.1361436214056804,1.257733,1.363058,2.3419830000000004,144.380664,1.135609,0.0,50.435034405092594,0.0255046641295898,0.6275736514640078,11.491526826476791,0.0255046641295898,0.6275736514640078,1.9152544710794648,0.0255046641295898,0.6275736514640078,1.628264066919233,40.06544139660357,0.501654936234541,2,0,0,1,0,0,0,0,0,0,0,1,0,0,0,0,0,1,0,0,0,0,0,0,0,0
1.673931,4.65257248260992,7.454122147685904,1.412115181521546,0.0,166437.80378821943,0.1386996672379313,1.4401389999999998,0.36863,0.949349,546.6520419999999,1.103941,0.087794,43.48369483234127,0.0384938998240823,0.6213276643177036,9.907677303571427,0.0384938998240823,0.6213276643177036,1.6512795505952378,0.0384938998240823,0.6213276643177036,2.118806320072294,34.19952221023088,0.0597485508747767,2,1,0,0,0,0,0,0,0,0,0,0,1,0,1,0,0,0,0,0,0,0,0,0,0,0
39.18525832615741,4.454096151484574,8.323684850185037,1.3685050081434866,0.0,167694.76212155275,0.1388643104717028,1.246332,1.374679,2.4423310000000003,138.621063,0.37238,0.0,39.984957475670825,0.0382266942616666,0.6181839438406145,9.110496640026264,0.0382266942616666,0.6181839438406145,1.5184161066710438,0.0382266942616666,0.6181839438406145,1.9348009423901409,31.28868190710057,0.7060898122737371,3,0,0,0,0,0,1,0,0,0,0,1,0,0,0,0,1,0,0,0,0,0,0,0,0,0
50.432692319351865,0.5211467389151346,3.886092144236576,0.4669674914732253,0.0,138982.15540692446,0.1369276768047746,1.6782740000000005,1.46965,0.251244,138.07107299999998,1.149275,0.0,51.46193093811415,0.0153280241333744,0.6284963488058237,11.72550325172221,0.0153280241333744,0.6284963488058237,1.9542505419537013,0.0153280241333744,0.6284963488058237,0.9984933156575468,40.94131100899013,0.3947555684336692,1,0,0,0,0,0,1,0,0,0,0,1,0,0,0,0,0,0,0,1,0,0,0,0,0,0
56.57078989675927,1.3637984222073636,7.260294311624065,1.448371589112339,0.0,169230.56674348022,0.114387690038275,1.783247,1.471163,0.572448,128.218379,7.115400999999999,0.00014,57.72529581301967,0.0455731625068878,0.6341241700468725,13.15259904600448,0.0455731625068878,0.6341241700468725,2.1920998410007466,0.0455731625068878,0.6341241700468725,3.3300307428416707,46.33544974448266,0.2609097724798941,3,0,0,0,1,0,0,0,0,0,0,0,1,0,1,0,0,0,0,0,0,0,0,0,0,0
45.87545170203703,3.166217007225366,8.096325177940534,1.352272067710364,0.0,166784.8837492506,0.1300952402021673,1.526509,1.457742,0.651104,126.060224,0.37005,0.0,46.81168541024187,0.0278241507335646,0.6243179636916646,10.665953637776628,0.0278241507335646,0.6243179636916646,1.7776589396294378,0.0278241507335646,0.6243179636916646,1.6487283429706057,36.99414697759115,0.9758289747214492,1,0,0,0,1,0,0,0,0,0,0,0,1,0,0,0,0,0,0,0,0,0,1,0,0,0
19.035098198240743,0.5189683660328817,8.63202429446671,8.251786666451027,0.0,193908.5295638489,0.1328600999012553,0.905068,1.261173,0.7756569999999999,167.73003,110.20525,2e-05,19.423569590041573,0.0301917737288903,0.59970891998374,4.425623450895548,0.0301917737288903,0.59970891998374,0.7376039084825913,0.0301917737288903,0.59970891998374,0.7423190102150504,14.74492144439601,0.5474037272217737,0,0,0,0,0,0,0,0,0,1,1,0,0,0,1,0,0,0,0,0,0,0,0,0,0,0
67.54374162412036,2.0243061597970464,10.149928843088858,1.9729379828599432,0.0,190920.9409378747,0.1281137685749313,2.022602,1.4719,0.7546579999999999,115.25113799999998,1.017892,0.0,68.92218533073506,0.0504073052581743,0.6441849111852254,15.703789062699128,0.0504073052581743,0.6441849111852254,2.617298177116521,0.0504073052581743,0.6441849111852254,4.397698272185855,56.20079979236862,0.2478188000118523,1,0,0,0,0,0,0,0,0,1,0,0,1,0,1,0,0,0,0,0,0,0,0,0,0,0
49.7435845050463,1.6825124093239827,5.748555041617341,0.4224822302516415,0.0,64782.55031521658,0.1064349551745455,1.494025,1.412242,2.516712,134.881801,1.135587,0.0,50.75875969902684,0.0,0.6278645283523665,11.565287020031432,0.0,0.6278645283523665,1.927547836671905,0.0,0.6278645283523665,0.0,40.34129711162101,0.293150970400637,2,0,0,0,0,0,0,0,0,1,0,0,1,0,0,1,0,0,0,0,0,0,0,0,0,0
69.37515084356481,0.5572872206175642,10.48148813750818,6.125498678329751,0.0,159208.98486211032,0.1280377218298775,2.073496,1.336216,0.100399,113.13963400000002,109.751581,0.110665,70.79097024853552,0.0347588826818304,0.6458640704974166,16.12958815789417,0.0347588826818304,0.6458640704974166,2.688264692982361,0.0347588826818304,0.6458640704974166,3.11470256936936,57.87511923946919,0.1511151137178502,1,0,0,0,1,0,0,0,0,0,1,0,0,0,0,0,0,0,0,0,0,0,1,0,0,0
29.63069408935185,0.4110229379839177,2.84212826839168,0.5221957643683866,0.0,170842.02699715228,0.1392092863790137,0.945128,1.236008,0.704291,169.907042,60.606099,0.0,30.235402131991684,0.0453969260858179,0.6094236758776584,6.889078966782916,0.0453969260858179,0.6094236758776584,1.1481798277971524,0.0453969260858179,0.6094236758776584,1.7374611591911515,23.324265707490586,0.9001009957771648,0,0,0,0,0,0,0,0,0,1,0,0,1,0,0,0,0,0,0,0,0,0,0,1,0,0
61.96066745236112,7.481650452533786,7.525402958158681,1.5955618375496898,0.0,201029.72571005693,0.1344902028711579,1.8493580000000005,1.505616,2.596851,108.968642,0.0,0.0,63.22517086975625,0.0787466719298943,0.639065972781602,14.40573513488117,0.0787466719298943,0.639065972781602,2.400955855813528,0.0787466719298943,0.639065972781602,6.302242769863552,51.14563965337188,0.6903755382730519,2,0,0,0,0,0,1,0,0,0,0,1,0,0,0,0,0,0,0,0,0,0,0,0,0,1
115.25503214254633,0.475096875314804,4.43735785678708,1.1050634084702682,0.0,173513.60680830336,0.1385501370870238,2.46226,1.315553,0.039419,128.103075,97.405227,0.523649,117.6071756556595,0.0732026124603437,0.6879298355418797,26.79657166837812,0.0732026124603437,0.6879298355418797,4.466095278063018,0.0732026124603437,0.6879298355418797,10.897661395033944,102.4120063384086,0.303924759618109,1,0,0,0,0,1,0,0,0,0,1,0,0,0,0,0,1,0,0,0,0,0,0,0,0,0
364.2494989873612,3.086319389103128,6.398299013110374,0.8141571960146192,0.0,144379.37739808153,0.1283192210953584,3.73171,1.548662,0.8238260000000001,109.852818,1.136435,0.0,371.6831622320012,0.0956116918985008,0.91622473176032,84.68730278703825,0.0956116918985008,0.91622473176032,14.114550464506374,0.0956116918985008,0.91622473176032,44.98386834327417,431.0700071086618,0.2801247201787358,2,0,0,1,0,0,0,0,0,0,0,0,1,0,0,0,0,0,1,0,0,0,0,0,0,0
0.7908729999999999,0.3965735943626157,2.0026887712432897,0.2635478044835497,0.0,165043.9987447542,0.1389868542802133,0.570222,0.4946979999999999,0.422027,390.455694,157.99311699999998,0.0,20.544502839805368,0.030360009184112,0.6007161121366503,4.681025963499957,0.030360009184112,0.6007161121366503,0.7801709939166594,0.030360009184112,0.6007161121366503,0.7895332846829202,15.622042875580068,0.707065475032581,0,0,0,1,0,0,0,0,0,0,0,0,1,0,1,0,0,0,0,0,0,0,0,0,0,0
43.771342238518514,0.9967598123230236,5.502108419541832,1.137974088712276,0.0,188440.579642536,0.1372645781587639,1.478987,1.383804,0.41735,127.57265,1.2303110000000002,0.075653,44.66463493726379,0.0401273651896665,0.6223887744301796,10.176752264186687,0.0401273651896665,0.6223887744301796,1.6961253773644476,0.0401273651896665,0.6223887744301796,2.2687014141654744,35.18831316325948,0.3372395864537786,2,0,0,0,0,0,1,0,0,0,0,0,1,0,1,0,0,0,0,0,0,0,0,0,0,0
15.112793,0.4785181874279781,5.804004890455617,3.4373317177204203,0.0,175991.65164118705,0.1388697622241162,3.126814,0.304593,0.194944,701.241345,35.734844,0.105084,392.5849266644463,0.1622799182211215,0.9350055941558048,89.44973012607637,0.1622799182211215,0.9350055941558048,14.90828835434606,0.1622799182211215,0.9350055941558048,80.64386049867257,464.6444336867135,0.9836247044149262,1,0,0,1,0,0,0,0,0,0,0,1,0,0,1,0,0,0,0,0,0,0,0,0,0,0
32.71562832916666,0.9281105723240964,9.41458643311791,1.6110686812755302,0.0,152575.18087717326,0.1231043153851152,1.081908,1.351601,0.331581,155.88501100000002,120.999114,0.0,33.38329421343537,0.0127059055699075,0.6122521513495981,7.606320200529578,0.0127059055699075,0.6122521513495981,1.267720033421596,0.0127059055699075,0.6122521513495981,0.5369177011244934,25.87214392571189,0.1266794427773954,0,0,0,1,0,0,0,0,0,0,0,1,0,0,0,0,0,0,0,0,0,0,0,0,1,0
0.762208,0.3591836552968699,2.16294026817921,0.2316795027227424,0.0,164482.65533198442,0.1389745029506923,0.642968,0.3018929999999999,0.6035550000000001,655.901936,124.318189,0.044508,19.79987231897203,0.030095974460238,0.6000470392747659,4.511363313183501,0.030095974460238,0.6000470392747659,0.7518938855305833,0.030095974460238,0.6000470392747659,0.7542993058579189,15.039056662047544,0.81719862329814,0,1,0,0,0,0,0,0,0,0,0,1,0,0,1,0,0,0,0,0,0,0,0,0,0,0
2.208488,3.968732049996905,9.403189891248012,1.7867708526355186,0.0,168462.06139463428,0.1390693053889045,1.346372,0.340314,1.607533,613.57585,0.8745709999999999,0.0,57.36987858692366,0.0434177306243589,0.6338048170067085,13.07161790588134,0.0434177306243589,0.6338048170067085,2.1786029843135566,0.0434177306243589,0.6338048170067085,3.15299991701168,46.0269688601041,0.681773601724619,2,0,1,0,0,0,0,0,0,0,0,0,1,0,1,0,0,0,0,0,0,0,0,0,0,0
18.69771056430556,2.50571659947042,4.529747102472136,1.0600336108990995,0.0,199352.14973021584,0.1316327838231619,0.882531,1.3326559999999998,0.7823869999999999,152.303865,1.134969,0.0,19.079296494189343,0.0397264365267266,0.5993995802789239,4.347181479688711,0.0397264365267266,0.5993995802789239,0.724530246614785,0.0397264365267266,0.5993995802789239,0.9594334951278624,14.476104190676253,0.2322787027176137,2,0,0,0,0,0,0,0,0,1,0,0,1,0,0,0,0,0,0,0,0,0,0,0,0,1
437.9925124501388,0.6613985650259242,9.238305243942664,3.2748542872550104,0.0,174737.6135716427,0.1390688776505365,3.277489,1.5677709999999998,0.428856,117.456783,0.015226,0.0,446.9311351532028,0.303237790486594,0.9838372928692074,101.83241054123609,0.303237790486594,0.9838372928692074,16.972068423539344,0.303237790486594,0.9838372928692074,171.55241762471212,556.5917950735303,0.7098071171918973,1,0,0,0,0,0,1,0,0,0,1,0,0,0,1,0,0,0,0,0,0,0,0,0,0,0
115.23331693453704,0.391712019090458,3.464999818973404,0.3472813927530527,0.0,149550.77800884293,0.1265999307449487,2.950493,1.556559,0.5325770000000001,109.143375,41.183858,0.0005059999999999,117.58501728013982,0.0292766322206233,0.687909925576724,26.79152292458882,0.0292766322206233,0.687909925576724,4.4652538207648025,0.0292766322206233,0.687909925576724,4.357586462742144,102.38974745078328,0.1181753101554877,1,0,0,1,0,0,0,0,0,0,0,0,0,1,0,0,0,0,1,0,0,0,0,0,0,0
58.060661917314825,0.4463029238674566,2.6899921363777968,0.1855493253208607,0.0,189921.17133168463,0.1363581149733895,1.450293,1.247424,0.318268,164.284369,69.73444599999999,0.0,59.24557338501513,0.0092441129316705,0.6354901850536376,13.49899140418066,0.0092441129316705,0.6354901850536376,2.2498319006967766,0.0092441129316705,0.6354901850536376,0.6932566722438643,47.65820303044573,0.2289527319825473,0,0,0,0,0,0,1,0,0,0,1,0,0,0,0,0,0,0,0,0,1,0,0,0,0,0
44.9088067274537,2.429010658098353,10.668536020411576,2.186340510988121,0.0,163085.63227855216,0.1232045427482905,1.451228,1.127166,1.240193,185.404914,126.140897,0.027672,45.825312987197655,0.032482327374401,0.6234316784783867,10.441210554045036,0.032482327374401,0.6234316784783867,1.7402017590075056,0.032482327374401,0.6234316784783867,1.884193441119676,36.16323011696967,0.9626992567157688,0,0,0,0,0,0,1,0,0,0,1,0,0,0,0,0,1,0,0,0,0,0,0,0,0,0
498.9210838144445,0.7508591980957013,10.44469774598412,13.870259610440234,0.0,201171.493742506,0.1372761824291101,4.83,1.539333,0.540132,117.033206,28.386978000000003,0.0,509.1031467494331,0.361493619705093,1.039700710448768,115.99818533531386,0.361493619705093,1.039700710448768,19.33303088921897,0.361493619705093,1.039700710448768,232.9589105338047,670.0188650216318,0.7934524822547021,1,0,0,0,0,0,1,0,0,0,0,0,1,0,0,0,0,1,0,0,0,0,0,0,0,0
1.559423,3.977163852261696,10.739058495711364,2.071008041036501,0.0,175045.96897482013,0.139214072171018,1.163223,0.36106,0.576444,633.927461,0.0,0.0,40.50912125203137,0.037439161008057,0.6186549207185877,9.229926361222338,0.037439161008057,0.6186549207185877,1.5383210602037227,0.037439161008057,0.6186549207185877,1.919781661835071,31.7229964513356,0.70342639505131,2,1,0,0,0,0,0,0,0,0,0,1,0,0,1,0,0,0,0,0,0,0,0,0,0,0
36.87789655226852,3.024935139454812,7.880400411802516,0.938740194987336,0.0,100726.00918952338,0.1073965661995988,1.325269,1.246851,0.543597,108.965397,1.135363,0.0,37.63050668598828,0.0074561026969029,0.6160683991725611,8.57403949807328,0.0074561026969029,0.6160683991725611,1.429006583012213,0.0074561026969029,0.6160683991725611,0.3551606612496491,29.34552660011286,0.9340815677863769,1,0,0,1,0,0,0,0,0,0,0,0,1,0,0,0,0,0,0,0,0,1,0,0,0,0
14.462048502175929,79.8516434485392,7.72781745821452,2.391725112494233,0.0,188201.21678282373,0.1371242286061211,0.79393,1.17635,0.103518,162.797783,0.013497,0.879251,14.757192349159109,0.0284399777191082,0.59551604004149,3.3623982567704296,0.0284399777191082,0.59551604004149,0.5603997094617382,0.0284399777191082,0.59551604004149,0.5312585083628865,11.124233860635195,0.0816040004810939,3,0,0,1,0,0,0,0,0,0,0,1,0,0,1,0,0,0,0,0,0,0,0,0,0,0
47.425606972962974,4.210259551052853,7.156140880904895,1.279928074466239,0.0,228953.77879571344,0.1342302750286867,1.606703,1.387895,1.034972,124.068826,1.1355620000000002,0.095646,48.39347650302344,0.0416609512615483,0.6257392504422616,11.0263617348661,0.0416609512615483,0.6257392504422616,1.8377269558110163,0.0416609512615483,0.6257392504422616,2.5520484379358783,38.33126292822417,0.9555143233715494,2,0,0,0,0,0,0,1,0,0,0,0,0,1,1,0,0,0,0,0,0,0,0,0,0,0
243.2185779187037,2.1798362357439185,7.397504696743094,0.6560960171176947,0.0,112635.70253484712,0.1285786499365342,3.814904,1.568016,1.0168700000000002,95.573679,1.136149,0.0,248.1822223660241,0.0,0.8052554322625437,56.54784813403082,0.0,0.8052554322625437,9.424641355671804,0.0,0.8052554322625437,0.0,252.9747882926981,0.4560841779094892,2,0,0,1,0,0,0,0,0,0,0,1,0,0,0,1,0,0,0,0,0,0,0,0,0,0
0.728525,6.12208450583817,7.473960269269326,1.8562724112892608,0.0,168577.77414943045,0.1383333481866107,0.653596,0.238142,0.3762,562.769368,1.059606,0.832557,18.924889244378303,0.0297857186917311,0.5992608407327512,4.3120000809975885,0.0297857186917311,0.5992608407327512,0.7186666801662647,0.0297857186917311,0.5992608407327512,0.71353345228509,14.355626632101702,0.5755728001680472,3,0,0,0,1,0,0,0,0,0,0,1,0,0,1,0,0,0,0,0,0,0,0,0,0,0
6.545671411203703,15.705595169135991,6.913079301802089,1.4095020785892038,0.0,175744.0057891187,0.1373592799516033,0.610657,1.197586,1.465725,173.522509,0.372345,0.0,6.679256542044595,0.0254701716410526,0.5882577723807233,1.521855920972186,0.0254701716410526,0.5882577723807233,0.2536426534953643,0.0254701716410526,0.5882577723807233,0.2153440640006322,4.973575410863957,0.3271519004957925,2,0,0,1,0,0,0,0,0,0,0,1,0,0,0,0,0,0,0,0,0,1,0,0,0,0
32.71249706236111,0.2227903402073206,2.364419127825639,0.1283222180601361,0.0,107683.66262927158,0.1269182230678679,1.1174879999999998,1.263791,0.237601,154.960818,71.12416400000001,0.0257029999999999,33.38009904322562,0.0071179017977066,0.6122492803933095,7.605592187064065,0.0071179017977066,0.6122492803933095,1.2675986978440106,0.0071179017977066,0.6122492803933095,0.3007547683384841,25.86954635274973,0.5208354928205416,0,0,0,0,0,0,1,0,0,0,0,0,1,0,0,0,0,0,0,0,1,0,0,0,0,0
50.16536359800926,2.4365453614319543,9.47941144193105,2.183314837140145,0.0,173216.35206834532,0.1392474238285057,1.71164,1.383149,1.416888,112.173475,0.37089,0.0,51.18914652858088,0.0428218577400665,0.6282512438303257,11.663349841955135,0.0428218577400665,0.6282512438303257,1.943891640325856,0.0428218577400665,0.6282512438303257,2.774701709471284,40.70841136353637,0.382854619608017,2,0,0,0,0,0,0,0,1,0,0,0,1,0,0,1,0,0,0,0,0,0,0,0,0,0
53.90315423805556,5.243911572497526,9.807661651135634,1.647147384193018,0.0,186696.5942933153,0.1185110689317293,1.675569,1.528162,1.243131,103.018701,7.61178,0.0,55.00321861026077,0.0444210155158954,0.6316783020178776,12.532378923856886,0.0444210155158954,0.6316783020178776,2.088729820642814,0.0444210155158954,0.6316783020178776,3.0927833257095982,43.98017688259196,0.1675039001299264,1,0,0,1,0,0,0,0,0,0,0,0,1,0,1,0,0,0,0,0,0,0,0,0,0,0
34.975868356250004,1.0926249929898078,5.290427345737851,0.9268335660012792,0.0,171387.45404301558,0.1198837256117118,1.082956,1.336789,2.619472,143.81833999999998,1.135872,0.0,35.68966158801021,0.0292045013547135,0.6143244916266748,8.131821627647895,0.0292045013547135,0.6143244916266748,1.3553036046079825,0.0292045013547135,0.6143244916266748,1.319365531894066,27.753206596686624,0.9937265004897702,3,0,0,1,0,0,0,0,0,0,0,1,0,0,0,0,1,0,0,0,0,0,0,0,0,0
127.61381127717593,0.3755410386504029,3.6513836598224776,0.7752762218173459,0.0,187195.4851431355,0.1384353795997816,2.067947,1.451768,0.4222689999999999,126.922982,5.900114,0.000352,130.2181747726285,0.079578261479949,0.6992611965784499,29.669963872244463,0.079578261479949,0.6992611965784499,4.94499397870741,0.079578261479949,0.6992611965784499,13.1171341284784,115.26141355413912,0.3648117859748293,0,0,0,1,0,0,0,0,0,0,0,1,0,0,0,0,0,0,0,0,1,0,0,0,0,0
58.22593170675927,1.5115389215002817,7.813669631807066,0.7180740378743453,0.0,85217.97316677908,0.1040632408782303,1.814621,1.463266,0.18581,107.192864,1.1362450000000002,0.0,59.41421602730538,0.0,0.6356417155270147,13.537416310018946,0.0,0.6356417155270147,2.2562360516698243,0.0,0.6356417155270147,0.0,47.80525848391017,0.0653162640688099,1,0,0,1,0,0,0,0,0,0,1,0,0,0,0,1,0,0,0,0,0,0,0,0,0,0
1.323397,1.7866211131894043,14.272590644067998,3.0224978960961173,0.0,176445.6370278777,0.1395341258326308,1.164847,0.385897,0.8208559999999999,537.881631,0.0,0.0,34.377875366449366,0.0352651139214674,0.6131458123530157,7.83293362779859,0.0352651139214674,0.6131458123530157,1.3054889379664314,0.0352651139214674,0.6131458123530157,1.5346072040200571,26.681835846243448,0.988484976427774,1,0,0,1,0,0,0,0,0,0,0,1,0,0,1,0,0,0,0,0,0,0,0,0,0,0
214.0963964670833,6.168699536678031,15.500266980781827,4.962250687235551,0.0,330011.5198778477,0.1459060107811177,2.098216,1.355325,0.4978979999999999,149.537968,146.036509,0.0,218.46571068069727,0.2747842152623524,0.7785542550179269,49.77699737028545,0.2747842152623524,0.7785542550179269,8.296166228380908,0.2747842152623524,0.7785542550179269,75.98851755838926,215.3005172480661,0.3318382066187364,0,0,0,0,1,0,0,0,0,0,0,0,1,0,0,0,0,0,0,0,0,0,0,1,0,0
19.320858116064816,0.3587826571518854,1.7574677017095277,0.1314868147639062,0.0,179870.25691321943,0.1367227352744669,0.642921,0.989805,0.340584,195.612686,93.526131,8e-06,19.71516134292328,0.0121208481534807,0.5999709239214568,4.492062078134419,0.0121208481534807,0.5999709239214568,0.748677013022403,0.0121208481534807,0.5999709239214568,0.3024866796948686,14.972814640726924,0.0787778050203614,0,0,0,1,0,0,0,0,0,0,0,1,0,0,0,0,0,0,1,0,0,0,0,0,0,0
33.93292739291667,2.73467453906862,6.49477359259443,1.5966923482698216,0.0,148473.31201288968,0.1201156474900045,1.243862,1.388918,2.289707,143.707119,0.0,0.0,34.62543611522109,0.0288661444530991,0.6133682531126096,7.889339874354173,0.0288661444530991,0.6133682531126096,1.3148899790590287,0.0288661444530991,0.6133682531126096,1.2651934691816809,26.88372564969041,0.2118101052575899,3,0,0,0,0,0,1,0,0,0,0,0,1,0,0,0,1,0,0,0,0,0,0,0,0,0
185.3862439036574,5.262153927370799,6.091761187969638,1.4416771102294648,0.0,188659.7550022482,0.1231228593978092,2.01504,1.405163,2.60033,135.624013,0.0,0.0,189.16963663638512,0.1119519949060669,0.7522308536068911,43.10194252474597,0.1119519949060669,0.7522308536068911,7.183657087457662,0.1119519949060669,0.7522308536068911,26.80749138873308,180.1256167639157,0.4945327303091115,1,0,0,1,0,0,0,0,0,0,0,0,1,0,1,0,0,0,0,0,0,0,0,0,0,0
34.153567144166665,0.648911977486073,8.982897469179807,2.413865114859254,0.0,157896.62738871403,0.1291640024962757,1.24121,1.227415,0.199945,149.445493,125.11826299999998,0.035515,34.85057871853741,0.0245427304961737,0.6135705504959674,7.940638189033841,0.0245427304961737,0.6135705504959674,1.3234396981723069,0.0245427304961737,0.6135705504959674,1.0826941280060156,27.06745413852664,0.3085035357478275,0,0,0,0,0,0,1,0,0,0,0,1,0,0,0,0,0,0,0,0,0,0,0,0,1,0
32.06208457768518,2.423684079941514,5.522002444850455,2.238075780782768,0.0,187863.95977592925,0.1266546546787524,0.8580180000000001,1.22226,3.870891,177.038709,0.0,0.0,32.71641283437263,0.0353274514695451,0.6116529384240688,7.454372544540599,0.0353274514695451,0.6116529384240688,1.2423954240900998,0.0353274514695451,0.6116529384240688,1.4630221350175985,25.330493727644225,0.1029056821554127,3,0,0,0,1,0,0,0,0,0,0,1,0,0,0,0,0,0,0,1,0,0,0,0,0,0
46.18287591296297,11.64345781208514,6.156841141428593,1.728439365216582,0.0,200977.3967607164,0.1288525104093894,1.1867450000000002,1.323532,2.959352,156.333666,1.464509,0.0,47.12538358465609,0.0411375130344952,0.624599830912321,10.737429171187465,0.0411375130344952,0.624599830912321,1.7895715285312437,0.0411375130344952,0.624599830912321,2.453950736037186,37.25886913753729,0.958182916805444,3,0,0,0,1,0,0,0,0,0,0,0,1,0,1,0,0,0,0,0,0,0,0,0,0,0
28.072316060879626,1.036081959589494,8.223872789661947,1.6291072857465676,0.0,165234.111707509,0.1310336873721447,1.117007,1.438879,0.321444,119.731283,1.136849,3.4e-05,28.64522047028533,0.0337316784096242,0.6079948499491654,6.526759094495392,0.0337316784096242,0.6079948499491654,1.0877931824158986,0.0337316784096242,0.6079948499491654,1.2231029935144944,22.04575509062265,0.4735267891927949,1,0,0,0,0,0,1,0,0,0,0,0,0,1,0,0,0,0,0,0,0,1,0,0,0,0
69.74586228439814,4.768655140622914,10.770623552427589,2.536575290510694,0.0,177990.39131819544,0.1380341917061977,2.3158,1.56151,2.021154,105.130678,0.371198,0.0,71.1692472289777,0.0513958551577889,0.6462039637126533,16.21577784964049,0.0513958551577889,0.6462039637126533,2.702629641606748,0.0513958551577889,0.6462039637126533,4.630132053505587,58.21499956178628,0.2795282833988179,3,0,0,0,0,0,0,1,0,0,1,0,0,0,0,0,0,0,0,0,1,0,0,0,0,0
2.924085,12.228086140515993,10.191238419329236,2.1763035579265164,0.0,170222.86572616905,0.1389745858540352,1.6000530000000002,0.333031,0.8912770000000001,679.757003,0.0,0.0,75.95893725836169,0.0500091297626837,0.6505076438947557,17.30709962848747,0.0500091297626837,0.6505076438947557,2.884516604747912,0.0500091297626837,0.6505076438947557,4.80840550631514,62.54667001099549,0.1095347075955746,3,0,1,0,0,0,0,0,0,0,0,0,1,0,1,0,0,0,0,0,0,0,0,0,0,0
57.21914032768518,6.750105919311944,9.689596786773462,2.8068885926148304,0.0,180102.22789268586,0.1374639545877774,1.7844970000000002,1.436138,1.718032,113.940757,1.088334,0.0,58.38687788539304,0.0458545476374488,0.6347186213863621,13.303339265026262,0.0458545476374488,0.6347186213863621,2.21722321083771,0.0458545476374488,0.6347186213863621,3.3889922448071657,46.91042865629183,0.1100293414280001,3,0,0,0,1,0,0,0,0,0,1,0,0,0,1,0,0,0,0,0,0,0,0,0,0,0
276.2768890321759,0.8324283714488827,8.71663843184638,3.500354242124718,0.0,183798.8980253297,0.138418161290155,4.808641000000001,1.602305,0.4862689999999999,85.062335,21.338294,0.0,281.9151928899754,0.1714551759111799,0.8355655182674295,64.23384141796907,0.1714551759111799,0.8355655182674295,10.705640236328176,0.1714551759111799,0.8355655182674295,61.18458099871515,298.1754610817401,0.1082049052391065,1,0,0,0,0,0,0,1,0,0,0,0,1,0,0,0,0,0,0,0,1,0,0,0,0,0
31.868887961527776,0.3780341408878779,2.664148311534946,0.3957219219250644,0.0,195881.2364358513,0.1256266163496805,1.201525,1.389041,1.842444,132.386763,0.0,0.0,32.51927343013038,0.0352497140575242,0.611475802755175,7.409454705599328,0.0352497140575242,0.611475802755175,1.234909117599888,0.0352497140575242,0.611475802755175,1.4510064427475218,25.17056813380254,0.8935230154939682,2,0,0,0,0,0,1,0,0,0,0,0,0,1,1,0,0,0,0,0,0,0,0,0,0,0
1.911312,0.3475544961522237,3.027115260954384,0.4754091225725284,0.0,164873.6212155276,0.1389629871939583,0.93005,0.3379,0.69468,557.487745,213.961331,0.044187,49.65013954421768,0.0406804278822696,0.6268683998846659,11.312690022733142,0.0406804278822696,0.6268683998846659,1.8854483371221904,0.0406804278822696,0.6268683998846659,2.5566948368014857,39.39759940523305,0.4964615113272904,0,0,0,0,1,0,0,0,0,0,0,1,0,0,1,0,0,0,0,0,0,0,0,0,0,0
32.25138620342592,0.7855196092054426,9.284099544552593,4.085758063861792,0.0,193899.7582621403,0.1333507482739661,1.180823,1.24546,0.193025,150.46540900000002,124.672758,0.061861,32.909577758597884,0.0467859466892243,0.6118265029034329,7.49838480575648,0.0467859466892243,0.6118265029034329,1.249730800959413,0.0467859466892243,0.6118265029034329,1.9489946209856253,25.487280850723465,0.950007890513762,0,0,0,0,0,0,1,0,0,0,0,1,0,0,0,0,0,0,0,0,0,0,0,0,0,1
2.078066,0.5776644296926274,7.500792150017169,2.948945210849067,0.0,171949.5393622602,0.1382387364082199,1.744404,0.311631,0.178343,572.595863,7.148001,0.143767,53.98190713085791,0.0422164071721664,0.6307606230142897,12.299675042473954,0.0422164071721664,0.6307606230142897,2.0499458404123256,0.0422164071721664,0.6307606230142897,2.8847116093245195,43.10083718146768,0.5647304077195686,1,0,0,0,1,0,0,0,0,0,0,1,0,0,1,0,0,0,0,0,0,0,0,0,0,0
33.75452155736111,1.341245545186013,4.370008911732003,0.985966547930555,0.0,187181.06194731715,0.1234327282944171,1.242875,1.2831860000000002,0.236946,135.491489,1.135571,0.417257,34.44338934424603,0.0360104694756446,0.6132046786274854,7.847860863245931,0.0360104694756446,0.6132046786274854,1.307976810540988,0.0360104694756446,0.6132046786274854,1.5700286336945757,26.73524999199967,0.0021433303640726,3,0,0,0,0,0,0,0,0,1,0,0,1,0,1,0,0,0,0,0,0,0,0,0,0,0
27.7394089387963,0.6516857318383612,4.141786516427422,0.7351428139552796,0.0,186443.8057179257,0.1305730470257411,1.091148,1.313466,0.5682189999999999,152.73990600000002,1.559899,0.015647,28.305519325302345,0.0335994396021926,0.6076896182793639,6.449358833613193,0.0335994396021926,0.6076896182793639,1.0748931389355318,0.0335994396021926,0.6076896182793639,1.203860236682522,21.773380043028023,0.9306787226243112,1,0,0,0,0,0,0,0,0,1,1,0,0,0,0,0,0,0,0,1,0,0,0,0,0,0
1.495947,3.837834598349153,9.924623242385096,1.9211473996690709,0.0,169326.2365295264,0.1386676476441984,1.352336,0.254919,0.411451,587.044607,0.743766,0.120488,38.86020560785147,0.0368544804522353,0.6171733205448228,8.854224062548436,0.0368544804522353,0.6171733205448228,1.4757040104247392,0.0368544804522353,0.6171733205448228,1.812876820182795,30.35883814183828,0.0988232460716452,3,1,0,0,0,0,0,0,0,0,0,0,1,0,1,0,0,0,0,0,0,0,0,0,0,0
38.2689172800926,0.6166548748954023,3.094120917560385,0.458724272301157,0.0,164914.28391973922,0.1282234670196791,1.342774,1.309456,0.972153,148.624519,1.134953,0.0,39.04991559193122,0.0302800970961019,0.6173437806568179,8.897449122212176,0.0302800970961019,0.6173437806568179,1.4829081870353624,0.0302800970961019,0.6173437806568179,1.496753462934512,30.515471551711947,0.4463535869882684,2,0,0,0,0,0,1,0,0,0,0,1,0,0,0,0,1,0,0,0,0,0,0,0,0,0
146.0819465239815,1.0530808565856742,5.145149818141397,0.7418402658520843,0.0,193132.8393753747,0.1357117723986256,2.402047,1.489904,0.1819339999999999,125.58801,1.136384,0.0,149.06321073875662,0.0894667398033937,0.716194026745095,33.9637695354129,0.0894667398033937,0.716194026745095,5.660628255902149,0.0894667398033937,0.716194026745095,16.88126517648454,135.13693815005416,0.5541378228596007,1,0,0,0,0,1,0,0,0,0,1,0,0,0,1,0,0,0,0,0,0,0,0,0,0,0
20.744591671898142,0.5094072316333258,1.95975701142844,0.2414676879021189,0.0,167356.77248201438,0.1389452137892766,0.699127,0.959239,0.345177,200.375328,148.8739,0.064269,21.16795068561036,0.0308534412719147,0.6012762987295415,4.8230773714048905,0.0308534412719147,0.6012762987295415,0.8038462285674817,0.0308534412719147,0.6012762987295415,0.8267140801585664,16.111122835358547,0.0932007815303493,0,0,0,0,0,0,0,1,0,0,1,0,0,0,0,0,0,0,0,0,1,0,0,0,0,0
1.6482290000000002,1.0310667617429647,10.996426216418223,2.47772361963487,0.0,168934.11610086932,0.1389094227902609,1.513068,0.25365,0.398688,560.3616480000001,1.107336,0.367129,42.81603414347128,0.0382571574388386,0.6207277511589332,9.75555208332257,0.0382571574388386,0.6207277511589332,1.625925347220428,0.0382571574388386,0.6207277511589332,2.0734427330803458,33.64189947774813,0.260468904885607,1,0,0,0,1,0,0,0,0,0,1,0,0,0,1,0,0,0,0,0,0,0,0,0,0,0
142.18433398958334,1.667569362002311,6.476301823302711,1.2192714634559136,0.0,192880.89347272183,0.1375501151922509,2.623853,1.525584,0.445822,106.86791200000002,1.135824,0.0,145.08605509141157,0.0873437995262025,0.712620433081286,33.05758217272668,0.0873437995262025,0.712620433081286,5.5095970287877805,0.0873437995262025,0.712620433081286,16.040971278420034,130.87504735860384,0.2400774265589843,1,0,0,0,0,0,1,0,0,0,0,0,1,0,1,0,0,0,0,0,0,0,0,0,0,0
4.8918279313425925,13.79614356381716,3.4627113782530494,1.2671645510968546,0.0,169728.7728379796,0.1350533574712362,0.581625,1.13314,0.6991689999999999,176.32135300000002,0.370911,0.0,4.991661154431217,0.0248597769627258,0.5867414172970911,1.1373405161995178,0.0248597769627258,0.5867414172970911,0.1895567526999196,0.0248597769627258,0.5867414172970911,0.1570779531299524,3.707359924579501,0.4429000320818016,3,0,0,0,1,0,0,0,0,0,1,0,0,0,0,0,0,0,0,1,0,0,0,0,0,0
56.359340286296295,2.2308352373772675,12.857597543181276,2.370435070648468,0.0,176488.38384292566,0.128443170321002,1.7082959999999998,1.4743959999999998,2.064531,122.622086,1.135631,0.0,57.50953090438397,0.0363852066875893,0.6339302988035161,13.103437421252044,0.0363852066875893,0.6339302988035161,2.1839062368753406,0.0363852066875893,0.6339302988035161,2.648729327167489,46.14814444337491,0.0531232286901554,1,0,0,0,0,0,0,1,0,0,0,0,1,0,0,0,1,0,0,0,0,0,0,0,0,0
24.5081452550926,1.6174686374567109,10.265226927878471,2.009642530688279,0.0,231363.86570743404,0.1293047688526215,1.032333,1.207325,0.360023,165.602422,33.117329,0.038138,25.008311484788365,0.0531070315505542,0.6047269781184269,5.698096287673298,0.0531070315505542,0.6047269781184269,0.9496827146122162,0.0531070315505542,0.6047269781184269,1.681160996264234,19.143291939291665,0.5052092741685462,0,0,0,0,1,0,0,0,0,0,0,1,0,0,0,0,0,0,0,0,0,0,0,0,0,1
23.76458394731481,2.705538606186279,7.720803962908774,1.1960366536959184,0.0,144189.44900329737,0.1315598504381071,0.794363,1.171767,0.7270260000000001,167.898566,1.134972,0.069571,24.24957545644369,0.0128125614860616,0.6040452310348783,5.525219724252993,0.0128125614860616,0.6040452310348783,0.9208699540421652,0.0128125614860616,0.6040452310348783,0.3932900968944002,18.541570138082587,0.6890636689984345,2,0,0,1,0,0,0,0,0,0,0,1,0,0,0,0,0,0,1,0,0,0,0,0,0,0
66.16280204796297,2.213454100696428,7.845435005297764,2.319572324661328,0.0,135354.37622714328,0.133653814075805,1.996111,1.378362,1.771097,128.093615,0.371174,0.0,67.51306331424793,0.0497905288909026,0.6429187727797512,15.382723286790666,0.0497905288909026,0.6429187727797512,2.563787214465111,0.0497905288909026,0.6429187727797512,4.255077379065065,54.9435643197442,0.0781303210430757,3,0,0,0,0,0,1,0,0,0,0,0,0,1,0,0,0,1,0,0,0,0,0,0,0,0
28.8474700687037,3.868499430249349,9.971552649847895,1.7949826371469657,0.0,139490.93547193496,0.1204919534728681,1.086401,1.330365,1.546952,131.75817800000002,7.113059,0.0,29.43619394765684,0.0340401332754861,0.608705563347788,6.706980899466115,0.0340401332754861,0.608705563347788,1.1178301499110188,0.0340401332754861,0.608705563347788,1.2683695760775917,22.680981037624303,0.2197845325989296,1,0,0,0,0,0,1,0,0,0,0,0,1,0,1,0,0,0,0,0,0,0,0,0,0,0
131.2219980204167,0.5549068425199111,6.20122110643547,1.7492027358828688,0.0,169701.49664643285,0.138907162584275,2.776042,1.175122,0.1436079999999999,132.279184,67.999264,0.738314,133.89999798001705,0.0814761983102915,0.7025694251849847,30.50886029924439,0.0814761983102915,0.7025694251849847,5.084810049874064,0.0814761983102915,0.7025694251849847,13.809699733123429,119.08106913049517,0.1821144879030943,1,0,0,0,0,1,0,0,0,0,0,0,1,0,0,0,1,0,0,0,0,0,0,0,0,0
44.81955289476851,1.4204439649478997,6.046039840872053,0.9758870229303694,0.0,195708.8870466127,0.1389110745857659,1.549595,1.384377,0.636904,129.74609099999998,1.136706,0.0,45.73423764772297,0.0405655351888829,0.6233498445536085,10.420459210873588,0.0405655351888829,0.6233498445536085,1.7367432018122644,0.0405655351888829,0.6233498445536085,2.34839724890562,36.08662016264039,0.4202318922887237,2,0,0,0,0,0,1,0,0,0,0,0,1,0,1,0,0,0,0,0,0,0,0,0,0,0
0.737503,0.4254952078100017,3.032164831527417,0.5691260161588518,0.0,165730.48546163068,0.1389752667334725,0.6569649999999999,0.290476,0.343031,526.3646349999999,51.137136,0.0,19.158110692696525,0.0298684154909965,0.5994703972007086,4.36513914517136,0.0298684154909965,0.5994703972007086,0.7275231908618932,0.0298684154909965,0.5994703972007086,0.724332164799953,14.53762053995687,0.2916265767755377,0,1,0,0,0,0,0,0,0,0,0,0,1,0,1,0,0,0,0,0,0,0,0,0,0,0
19.37268949180556,5.139271078778686,5.397416066208618,1.0182585320312627,0.0,179615.28444431955,0.1190575107896356,0.8927950000000001,1.340062,0.682813,153.926109,7.12065,0.0,19.768050501842403,0.0303221462527238,0.6000184464174204,4.504112772571687,0.0303221462527238,0.6000184464174204,0.750685462095281,0.0303221462527238,0.6000184464174204,0.7587464790482243,15.014170823818464,0.6282094304243249,3,0,0,0,1,0,0,0,0,0,0,1,0,0,1,0,0,0,0,0,0,0,0,0,0,0
46.021984805555554,10.826451467381393,9.401961892628842,1.6888464912236163,0.0,181262.8299985012,0.1362500915781771,1.460226,1.436465,2.72182,124.125216,0.372112,0.0,46.96120898526077,0.0410698889632335,0.6244523151095264,10.700022300439162,0.0410698889632335,0.6244523151095264,1.7833370500731935,0.0410698889632335,0.6244523151095264,2.4413818210175537,37.12029831795997,0.2615171593090681,2,0,0,0,0,0,1,0,0,0,0,1,0,0,0,0,1,0,0,0,0,0,0,0,0,0
36.89136354527778,0.8528500010284017,7.826034162256072,0.8231813157919785,0.0,50372.46944787919,0.0979584894172079,1.322221,1.436956,0.68701,130.380986,38.273,0.000364,37.64424851558957,0.0,0.6160807466187127,8.57717054785585,0.0,0.6160807466187127,1.4295284246426416,0.0,0.6160807466187127,0.0,29.35683130555036,0.0886676153862374,0,0,0,1,0,0,0,0,0,0,0,0,1,0,0,1,0,0,0,0,0,0,0,0,0,0
14.799945285185183,2.356797455169028,8.25463113796225,1.0811364060397342,0.0,46418.10709167041,0.0909001368502204,0.811855,1.179541,0.21875,148.31795,1.136835,0.0004469999999999,15.10198498488284,0.0011427403171264,0.5958258465684667,3.4409586041505205,0.0011427403171264,0.5958258465684667,0.5734931006917533,0.0011427403171264,0.5958258465684667,0.0218451229251437,11.390067074027964,0.4448842345476188,0,0,0,0,1,0,0,0,0,0,0,0,1,0,0,0,0,0,0,0,0,0,1,0,0,0
38.417792469351845,4.492072489193018,6.007297343201489,1.371408701800614,0.0,126402.72262814749,0.1160485687033592,1.337232,1.409336,1.262353,140.50096299999998,1.134441,0.0,39.201829050359024,0.0227467377391562,0.6174802794566191,8.932062315271676,0.0227467377391562,0.6174802794566191,1.488677052545279,0.0227467377391562,0.6174802794566191,1.1287515497515874,30.6409574142105,0.001183654619791,2,0,0,0,0,0,1,0,0,0,0,0,1,0,0,0,0,1,0,0,0,0,0,0,0,0
34.804056001203705,3.613492435465815,7.612182030574881,2.4185642052611573,0.0,195093.6988627848,0.1170325279682517,1.2511,1.405081,0.133702,130.67361599999998,0.0134949999999999,0.029233,35.51434285837113,0.0364358563132447,0.6141669624885322,8.091875587983296,0.0364358563132447,0.6141669624885322,1.348645931330549,0.0364358563132447,0.6141669624885322,1.637968979046733,27.6097925039267,0.1872246531266962,3,0,0,0,1,0,0,0,0,0,0,1,0,0,1,0,0,0,0,0,0,0,0,0,0,0
1.786295,3.411286999567521,8.44763603256189,1.2811642943812218,0.0,169164.6056467326,0.138631202745066,1.028177,0.4737479999999999,1.412518,584.530897,6.024198,0.0,46.40257373842592,0.0395288901507309,0.6239503645811878,10.572738320147678,0.0395288901507309,0.6239503645811878,1.7621230533579462,0.0395288901507309,0.6239503645811878,2.3218256202752268,36.64924405265355,0.7253078744425735,2,0,0,0,1,0,0,0,0,0,0,1,0,0,1,0,0,0,0,0,0,0,0,0,0,0
47.11525515486111,0.0729150012832322,3.832094009831655,0.1191902527009411,0.0,35873.604951195295,0.0909973014351561,1.565658,1.406268,1.727798,148.839778,1.135255,0.0,48.07679097434807,0.001661201901859,0.6254546989941809,10.954205538459052,0.001661201901859,0.6254546989941809,1.8257009230765089,0.001661201901859,0.6254546989941809,0.1010952615213523,38.06310737654054,0.8146592711704566,2,0,0,0,0,0,0,0,0,1,0,0,1,0,0,0,0,0,0,0,0,0,1,0,0,0
0.519177,0.3614429102884494,1.758605940736455,0.1993981168406615,0.0,164375.63371178057,0.1389265164947338,0.4120029999999999,0.368752,0.737424,510.726144,143.722878,0.025968,13.486657593395693,0.0278574039743553,0.5943744264473938,3.0729093250775,0.0278574039743553,0.5943744264473938,0.5121515541795831,0.0278574039743553,0.5943744264473938,0.4755737580291522,10.14699287565437,0.4605366209978164,0,0,0,1,0,0,0,0,0,0,0,1,0,0,1,0,0,0,0,0,0,0,0,0,0,0
63.64225955675926,11.172589642252568,8.83593583850266,3.5068756241878445,0.0,277993.925059952,0.1409197258059498,1.134177,1.289979,2.3012200000000003,153.07779,1.134452,0.0,64.9410811803666,0.0876078063554483,0.6406077696729948,14.796702041096186,0.0876078063554483,0.6406077696729948,2.466117006849364,0.0876078063554483,0.6406077696729948,7.201703372864565,52.66045718368043,0.1842592821262481,1,0,0,1,0,0,0,0,0,0,0,0,1,0,0,0,0,0,0,0,0,0,0,1,0,0
18.229267958703705,0.5012349663592642,1.5387017744050608,0.1581701960959594,0.0,182832.12012889687,0.1381646727415011,0.5846439999999999,1.144557,0.41258,182.282075,31.467752,0.0,18.601293835411944,0.029881159056784,0.5989700805499326,4.238269481486266,0.029881159056784,0.5989700805499326,0.7063782469143776,0.029881159056784,0.5989700805499326,0.7035800250100265,14.103314515100832,0.6692380325496948,0,0,0,0,0,0,1,0,0,0,0,1,0,0,0,0,0,1,0,0,0,0,0,0,0,0
638.84418493625,2.773923976672925,10.951339802867787,1.977037678233725,0.0,158823.3537451289,0.1217519370057314,5.364688,1.584343,0.3146219999999999,112.718408,2.736393,0.0,651.8818213635204,0.4104846411032087,1.167991632949764,148.5300352473844,0.4104846411032087,1.167991632949764,24.755005874564063,0.4104846411032087,1.167991632949764,338.71832339760846,963.7879911704362,0.9143559977034806,1,0,0,0,0,0,1,0,0,0,0,1,0,0,0,0,1,0,0,0,0,0,0,0,0,0
1.48892,5.7350893946860335,10.460293967660954,2.256007801428688,0.0,176028.95387440047,0.138873314382218,1.35561,0.37178,1.095925,517.620506,0.0,0.0,38.677665273998485,0.0367897544098609,0.6170093025786458,8.812632594075604,0.0367897544098609,0.6170093025786458,1.4687720990126003,0.0367897544098609,0.6170093025786458,1.8011921602243173,30.208201615291284,0.8905562537578858,2,0,0,0,1,0,0,0,0,0,0,0,1,0,1,0,0,0,0,0,0,0,0,0,0,0
54.08514957458334,0.6265880999376447,8.649403847664667,1.6326146999137292,0.0,193391.37653627087,0.1375219880176676,1.741502,1.500379,1.205606,105.431797,1.136552,0.0,55.18892813732994,0.0444993320161083,0.631845167599235,12.574692486986567,0.0444993320161083,0.631845167599235,2.095782081164428,0.0444993320161083,0.631845167599235,3.108696755438217,44.14032601082706,0.8244105073503735,2,0,0,0,0,1,0,0,0,0,0,0,1,0,0,0,1,0,0,0,0,0,0,0,0,0
29.19880838726852,0.9365128774008304,7.413862672069376,0.919555556574028,0.0,88862.44846466577,0.1199789397079024,0.930624,1.285478,2.449039,144.406052,1.134473,0.0,29.794702435988285,0.0,0.6090276939798085,6.788666377820115,0.0,0.6090276939798085,1.1314443963033525,0.0,0.6090276939798085,0.0,22.969365718233576,0.1440435203087814,1,0,0,0,0,0,0,1,0,0,0,0,1,0,0,1,0,0,0,0,0,0,0,0,0,0
2.655734,2.91720024373034,10.383769114240469,1.7591158734808725,0.0,173560.57119304556,0.1382922258058326,1.4954379999999998,0.34281,1.005276,660.861296,1.07004,0.0,68.98798505546108,0.0475373355123324,0.6442440342118834,15.718781405041764,0.0475373355123324,0.6442440342118834,2.619796900840294,0.0475373355123324,0.6442440342118834,4.151272141647128,56.25961747377135,0.1400324260884133,1,0,0,1,0,0,0,0,0,0,0,1,0,0,1,0,0,0,0,0,0,0,0,0,0,0
14.675331049305557,3.013722659593417,4.297596820538565,0.6567122094351039,0.0,107004.81564279826,0.1181587741958151,0.780219,1.278235,1.359169,151.604074,1.137061,0.0,14.9748276013322,0.0057042179851509,0.595711591844625,3.411986035746577,0.0057042179851509,0.595711591844625,0.568664339291096,0.0057042179851509,0.595711591844625,0.1081261783899426,11.291997959479026,0.7367511056747196,3,0,0,0,0,0,1,0,0,0,1,0,0,0,0,0,0,0,0,0,1,0,0,0,0,0
28.76480971652778,2.902330330235781,9.519478238743844,1.5318453716431304,0.0,139659.3928076289,0.1206630457737606,0.949218,1.329587,1.399392,147.571087,1.135601,0.0,29.35184664951814,0.0136028816650579,0.6086297747699915,6.68776252773831,0.0136028816650579,0.6086297747699915,1.1146270879563849,0.0136028816650579,0.6086297747699915,0.5054046792712951,22.613174449847538,0.0345993051166517,2,0,0,0,0,0,0,1,0,0,0,0,0,1,0,0,0,0,1,0,0,0,0,0,0,0
30.89628594277778,1.0164830042160955,4.588470531596268,0.6799411018618005,0.0,139344.22982239208,0.1146802899809621,1.186357,1.222178,0.2595989999999999,157.376958,1.134986,0.18231,31.52682239058957,0.0124446926111718,0.6105840557226164,7.183326620640662,0.0124446926111718,0.6105840557226164,1.19722110344011,0.0124446926111718,0.6105840557226164,0.4966349539973377,24.36680389783896,0.0812677384134912,3,0,0,0,1,0,0,0,0,0,0,1,0,0,0,0,0,0,0,1,0,0,0,0,0,0
17.855476165972224,5.167072255262654,7.718600038715976,2.008907200192376,0.0,209999.5558116008,0.13025535709209,0.874869,1.225533,0.134988,155.462516,1.134425,0.5095310000000001,18.219873638747167,0.0297373572716132,0.5986273630606235,4.15136361389176,0.0297373572716132,0.5986273630606235,0.6918939356486264,0.0297373572716132,0.5986273630606235,0.6858365719481925,13.806221407165802,0.464551888447822,2,0,0,1,0,0,0,0,0,0,0,0,1,0,0,0,0,1,0,0,0,0,0,0,0,0
77.32388435819445,4.747274196976952,6.727700598234181,1.285694278830247,0.0,179654.43601993404,0.1372930952649322,1.679043,1.408968,2.61668,121.996809,0.0,0.0,78.90192281448414,0.0548447037658702,0.6531520047064984,17.977653299502716,0.0548447037658702,0.6531520047064984,2.9962755499171188,0.0548447037658702,0.6531520047064984,5.477661497870809,65.23411273604773,0.2144498470064313,2,0,0,0,1,0,0,0,0,0,0,1,0,0,0,0,0,0,0,1,0,0,0,0,0,0
69.63782085087963,2.176523096126904,7.002896251724207,1.2758844005975791,0.0,180723.75633243404,0.1217996501665321,2.093849,1.494978,1.346984,112.076652,7.120622999999999,0.0,71.05900086824452,0.0513472109629987,0.6461049040501438,16.190658425675966,0.0513472109629987,0.6461049040501438,2.698443070945994,0.0513472109629987,0.6461049040501438,4.618584187850206,58.115910047944574,0.4915273473902087,2,0,0,0,1,0,0,0,0,0,1,0,0,0,1,0,0,0,0,0,0,0,0,0,0,0
9.079943,0.3601847496821726,4.242152346123894,1.2585502341568326,0.0,168281.38697167265,0.1388487479598116,2.358068,0.379146,0.207029,625.434449,75.544558,0.0,235.8696209742536,0.1067110403588012,0.794192190533996,53.74244528527297,0.1067110403588012,0.794192190533996,8.95707421421216,0.1067110403588012,0.794192190533996,31.86062359898572,237.1212796986909,0.1745431578041504,1,0,0,1,0,0,0,0,0,0,0,0,1,0,1,0,0,0,0,0,0,0,0,0,0,0
48.49044134648148,2.279064669740572,7.011294064190176,1.3240624717671237,0.0,229149.77231339927,0.1338835693181133,1.6582290000000002,1.388755,0.449371,108.972098,1.136118,0.14624,49.48004219028723,0.0421110180763666,0.6267155623092387,11.273933663609748,0.0421110180763666,0.6267155623092387,1.8789889439349576,0.0421110180763666,0.6267155623092387,2.637537912777937,39.253053752368,0.8668354122651271,2,0,0,0,0,0,0,1,0,0,0,0,0,1,1,0,0,0,0,0,0,0,0,0,0,0
21.165505211435185,1.2407145938999076,6.237906076639391,1.021516925496735,0.0,68618.44459120205,0.1026623040589568,0.939838,1.157814,1.260905,141.268452,1.135313,0.0,21.597454297382843,0.006203385332883,0.6016622206098273,4.9209389538340655,0.006203385332883,0.6016622206098273,0.8201564923056774,0.006203385332883,0.6016622206098273,0.1695915585012624,16.448572546940024,0.6212452660401138,2,0,0,0,0,0,1,0,0,0,0,0,1,0,0,0,0,0,0,0,1,0,0,0,0,0
36.76534914944445,1.7641574522431234,6.596102521859771,0.8337077632796565,0.0,71880.18860302382,0.1079292033108876,1.335667,1.328524,1.607568,142.49854299999998,1.135051,0.0,37.51566239739229,0.0,0.6159652081339289,8.547872444975459,0.0,0.6159652081339289,1.4246454074959096,0.0,0.6159652081339289,0.0,29.2510668315088,0.6702625476407466,0,0,0,1,0,0,0,0,0,0,0,0,1,0,0,1,0,0,0,0,0,0,0,0,0,0
11.954031078194443,0.5847536724963063,2.848468022809612,0.6933602460568471,0.0,194932.7025348472,0.1339807148031193,0.750698,1.151144,1.332148,176.95200400000002,0.0,0.010864,12.197990896116782,0.0451668882012257,0.5932165207598877,2.7792890649380007,0.0451668882012257,0.5932165207598877,0.4632148441563334,0.0451668882012257,0.5932165207598877,0.697399102638577,9.15955660715846,0.7557352760556058,1,0,0,0,0,0,1,0,0,0,0,1,0,0,0,0,0,0,0,0,0,0,0,0,0,1
88.49290939398146,2.067950120432485,6.168270577629693,1.5935277505744276,0.0,204187.12318270383,0.1276899379470365,1.728063,1.495019,1.041845,115.39238600000002,0.0134949999999999,0.0,90.29888713671578,0.0600606806882404,0.6633925190589532,20.57442998051752,0.0600606806882404,0.6633925190589532,3.429071663419586,0.0600606806882404,0.6633925190589532,6.865079274457915,75.82734962765315,0.672830403501033,3,0,0,0,0,0,1,0,0,0,0,0,1,0,1,0,0,0,0,0,0,0,0,0,0,0
24.36077205560185,9.461002590064387,6.3990323692202855,1.3992732199404736,0.0,151337.05742281175,0.1333019522418507,1.05708,1.151062,1.575093,183.095699,0.37058,0.064265,24.857930668981474,0.0322653173065603,0.6045918564439999,5.663832304324893,0.0322653173065603,0.6045918564439999,0.9439720507208154,0.0322653173065603,0.6045918564439999,1.0152519248343863,19.023927152551583,0.2325773308035085,2,0,0,0,0,0,0,0,0,1,0,0,1,0,0,0,0,1,0,0,0,0,0,0,0,0
39.36829741828704,4.657231425781616,7.228379549168283,0.9198660034355786,0.0,180705.70385566543,0.1254244438535589,1.315397,1.323327,1.735313,133.141947,1.136777,0.256395,40.171732059476575,0.0,0.6183517664074014,9.153052874311118,0.0,0.6183517664074014,1.525508812385186,0.0,0.6183517664074014,0.0,31.44336896028124,0.7275170534304832,2,0,0,0,1,0,0,0,0,0,0,0,1,0,0,1,0,0,0,0,0,0,0,0,0,0
63.91982217449075,0.5234821267979894,8.23962415150887,1.0290187522947645,0.0,108287.35392311151,0.1215451360999537,1.994863,1.562206,2.079129,100.707823,1.136535,0.0,65.22430834131708,0.0097587781926443,0.6408622577739236,14.861234811945664,0.0097587781926443,0.6408622577739236,2.4768724686576102,0.0097587781926443,0.6408622577739236,0.8057083011032391,52.91113608273294,0.8596937908811264,1,0,0,0,0,0,0,1,0,0,0,1,0,0,0,0,0,0,0,0,1,0,0,0,0,0
55.12007144,0.5119928679377627,7.810869452478788,0.8931912566117531,0.0,117127.30385379196,0.1183528730766378,1.076168,1.251434,0.583802,162.214725,55.22298000000001,0.081652,56.24497085714286,0.0089890959990106,0.6327940536642686,12.815309815551537,0.0089890959990106,0.6327940536642686,2.1358849692585893,0.0089890959990106,0.6327940536642686,0.6399891677169799,45.05251026192415,0.7376333818832196,0,0,0,0,0,0,0,0,0,1,0,0,1,0,0,0,0,0,0,0,0,0,1,0,0,0
1.268337,5.070955282778477,8.913612845990297,1.5886324311046005,0.0,170180.93933603118,0.1383640174742797,1.095994,0.412616,0.456029,493.58902300000005,5.504796,0.0,32.94758210019841,0.034757953555289,0.6118606509444913,7.5070440228300175,0.034757953555289,0.6118606509444913,1.2511740038050028,0.034757953555289,0.6118606509444913,1.4496082637946426,25.518138013765142,0.7397001079653328,3,0,0,0,1,0,0,0,0,0,1,0,0,0,1,0,0,0,0,0,0,0,0,0,0,0
4.288944,4.103177359350008,11.254974657968935,2.0823631703996544,0.0,167499.95398681055,0.1388407704784429,1.520833,0.400791,0.899848,636.645521,1.368077,0.0,111.41387073242632,0.0625809130939929,0.682364965269207,25.38543890105916,0.0625809130939929,0.682364965269207,4.23090648350986,0.0625809130939929,0.682364965269207,8.825799698444722,96.23407852258228,0.327533576087152,3,1,0,0,0,0,0,0,0,0,1,0,0,0,1,0,0,0,0,0,0,0,0,0,0,0
26.712557086203702,6.717585238907263,10.088077571466387,2.098005684731389,0.0,197560.2754608813,0.1338739766777276,1.062013,1.325987,1.05897,142.832553,0.0134849999999999,0.0,27.25771131245276,0.0331924347622239,0.6067481313455781,6.210617767394299,0.0331924347622239,0.6067481313455781,1.0351029612323832,0.0331924347622239,0.6067481313455781,1.1452529170963557,20.9348929159341,0.3213893748590961,2,0,0,1,0,0,0,0,0,0,0,1,0,0,1,0,0,0,0,0,0,0,0,0,0,0
53.14034709527778,0.4465826639382959,3.1571185684604326,0.2002168486444212,0.0,139107.0607763789,0.1259569618359601,1.621133,1.454755,0.134777,131.53489,5.774067,0.0,54.22484397477325,0.0088186440779362,0.630978909056653,12.355027741087577,0.0088186440779362,0.630978909056653,2.059171290181262,0.0088186440779362,0.630978909056653,0.6053032901204474,43.30978847464513,0.7683589093132583,1,0,0,0,0,0,0,1,0,0,1,0,0,0,0,0,0,0,0,0,1,0,0,0,0,0
37.30194135861111,3.1039494416124813,6.054450513075867,0.7697170813449566,0.0,119566.05411608212,0.1303570145468632,1.030301,1.306019,1.2294,169.080736,1.134954,0.0,38.06320546797052,0.0,0.6164571920091355,8.672629093967966,0.0,0.6164571920091355,1.4454381823279945,0.0,0.6164571920091355,0.0,29.70169210335681,0.947710234338228,2,0,0,0,0,1,0,0,0,0,0,0,1,0,0,1,0,0,0,0,0,0,0,0,0,0
143.3622758299074,1.2243400886476183,3.4815569221258733,0.4885475153116871,0.0,175814.2103379796,0.1392149123535167,1.972025,1.240918,0.223909,175.946126,0.370544,0.0,146.28803656113,0.0879833653206029,0.7137004494912721,33.33145136835873,0.0879833653206029,0.7137004494912721,5.555241894726454,0.0879833653206029,0.7137004494912721,16.29229590226788,132.15928790996722,0.2265926407051572,1,0,0,0,0,0,0,0,1,0,1,0,0,0,0,0,0,1,0,0,0,0,0,0,0,0
7.020608999999999,0.9303241403554556,5.069453605930868,1.1218868952860934,0.0,171187.52351244004,0.1388729282920595,2.083017,0.364333,0.1093099999999999,686.740501,1.114702,0.0,182.3743148870465,0.0877424136693056,0.7461250531554579,41.55364136666882,0.0877424136693056,0.7461250531554579,6.925606894444803,0.0877424136693056,0.7461250531554579,20.25564883477903,172.2456270750478,0.8079452465007542,1,0,0,1,0,0,0,0,0,0,0,1,0,0,1,0,0,0,0,0,0,0,0,0,0,0
243.8551924634722,9.758014522296348,4.770263028659409,0.8161782981823388,0.0,137766.28051933454,0.1240844303112235,2.6498630000000003,1.496533,2.167534,129.187015,1.137071,0.0,248.8318290443594,0.0894163558620852,0.8058391233512282,56.69585978225911,0.0894163558620852,0.8058391233512282,9.44930996370985,0.0894163558620852,0.8058391233512282,28.1640954122076,253.82078858099908,0.8458875427611973,2,0,0,0,0,0,1,0,0,0,0,1,0,0,0,0,0,1,0,0,0,0,0,0,0,0
44.195667076851855,5.97841258615041,7.2160449016580195,1.5793944595814895,0.0,288239.4605440648,0.1472983219587116,1.428222,1.454019,1.917311,125.990375,1.134443,0.0,45.09761946617536,0.0789969617278975,0.6227778240189425,10.275406966976664,0.0789969617278975,0.6227778240189425,1.7125678278294438,0.0789969617278975,0.6227778240189425,4.509588505049039,35.55164217668227,0.0674071704226917,2,0,0,1,0,0,0,0,0,0,0,1,0,0,0,0,0,0,0,0,0,0,0,1,0,0
30.876963735416663,8.471381388122229,4.297583633761326,0.6100627233942064,0.0,187907.08914118705,0.1383388081578899,1.031958,1.114973,0.927257,159.124436,1.135834,0.070154,31.507105852465987,0.0348513346253568,0.6105663398216162,7.178834244865668,0.0348513346253568,0.6105663398216162,1.1964723741442778,0.0348513346253568,0.6105663398216162,1.3899553027099136,24.35085860596504,0.763340271003639,2,0,0,1,0,0,0,0,0,0,1,0,0,0,0,0,0,0,0,1,0,0,0,0,0,0
28.828046031527776,3.9470419612148113,8.098533317053633,1.3428186778541948,0.0,199771.08348321344,0.1372845724082107,0.961766,1.2847,0.3899289999999999,157.24067,1.136454,0.0,29.416373501558954,0.0340323946111815,0.6086877540823558,6.70246484845647,0.0340323946111815,0.6086877540823558,1.117077474742745,0.0340323946111815,0.6086877540823558,1.2672273810569097,22.665045974571697,0.0896546140532448,3,0,0,0,0,0,0,1,0,0,0,0,0,1,0,0,0,0,1,0,0,0,0,0,0,0
19.97531833587963,0.5493258952522735,1.432272781856912,0.1430019097630497,0.0,194936.00977967627,0.1373864223631166,0.673277,1.096151,0.577774,193.084652,182.703376,0.005385,20.382977893754727,0.0305552315830958,0.6005709771268755,4.644222811235254,0.0305552315830958,0.6005709771268755,0.7740371352058756,0.0305552315830958,0.6005709771268755,0.7883627973377202,15.49547462076934,0.6871035939581439,0,0,0,0,0,0,0,1,0,0,0,0,1,0,0,0,0,0,1,0,0,0,0,0,0,0
40.06432966,0.2042555484911806,2.860500842261372,0.3850042838022577,0.0,130517.66042790769,0.116101750751122,1.281814,1.305159,1.600377,173.394486,1.13495,0.0,40.88196904081632,0.0137762559429185,0.6189899356422447,9.314879021958149,0.0137762559429185,0.6189899356422447,1.5524798369930246,0.0137762559429185,0.6189899356422447,0.7129119860212147,32.032313146206505,0.9646854463653964,2,0,0,0,1,0,0,0,0,0,1,0,0,0,0,0,0,0,0,0,0,1,0,0,0,0
13.819425998333337,4.834240519457298,5.911518402808576,1.3605142057084922,0.0,199353.18476468825,0.1368914739155083,0.4527069999999999,1.074751,1.429286,186.226253,1.13707,0.0,14.101455100340138,0.0281959347041887,0.5949268404513086,3.212989769697753,0.0281959347041887,0.5949268404513086,0.5354982949496254,0.0281959347041887,0.5949268404513086,0.5032958319534676,10.619410289381454,0.0500918063192293,3,0,0,0,0,0,0,1,0,0,0,0,0,1,1,0,0,0,0,0,0,0,0,0,0,0
1.5755709999999998,6.47011975933322,10.259176695661294,2.603355573521529,0.0,174490.12998351318,0.1388401445224702,1.380794,0.397068,0.368125,546.421671,0.0,0.016279,40.92859774428382,0.0375879010297251,0.6190318329311713,9.325503283507706,0.0375879010297251,0.6190318329311713,1.554250547251284,0.0375879010297251,0.6190318329311713,1.9473671915159143,32.07101883664129,0.2150381565781627,3,0,0,0,1,0,0,0,0,0,0,0,1,0,1,0,0,0,0,0,0,0,0,0,0,0
30.30513841032408,1.4041022415355526,5.325946694083637,1.002101790847824,0.0,176263.46058153475,0.1298624267287963,1.167042,1.426972,0.5946130000000001,119.834206,1.135542,0.0,30.923610622779663,0.0346222437220959,0.6100420518528862,7.045885964683975,0.0346222437220959,0.6100420518528862,1.1743143274473289,0.0346222437220959,0.6100420518528862,1.3552465617076854,23.879370727873688,0.801579875149793,2,0,0,0,0,0,1,0,0,0,0,0,0,1,0,0,1,0,0,0,0,0,0,0,0,0
94.70844854555554,0.5419038866849826,6.745499352185274,2.0925199244376853,0.0,185833.5423598621,0.1362692009595086,2.655659,1.2189450000000002,0.298046,94.453392,2.364553,0.155772,96.64127402607708,0.0378191418515697,0.6690913439506511,22.01953079075174,0.0378191418515697,0.6690913439506511,3.669921798458623,0.0378191418515697,0.6690913439506511,4.626443102669159,81.85043027748235,0.7734563193857605,1,0,0,0,0,0,1,0,0,0,0,0,0,1,0,0,0,1,0,0,0,0,0,0,0,0
37.79428851324074,3.270436387839649,7.897953530867323,0.9184197717004544,0.0,164158.53683303358,0.1334819298067824,1.240417,1.294398,2.46138,139.252332,1.137088,0.0,38.56560052371504,0.0,0.6169086090385737,8.787098853504693,0.0,0.6169086090385737,1.4645164755841154,0.0,0.6169086090385737,0.0,30.11576072888904,0.3270706184809523,2,0,0,0,0,0,0,1,0,0,0,1,0,0,0,1,0,0,0,0,0,0,0,0,0,0
15.419274218888887,0.4915742205558635,2.204400088146722,0.378707736623373,0.0,174781.0865370204,0.1327477638348401,0.82226,1.23564,0.3075199999999999,179.327405,2.184908,0.0036299999999999,15.733953284580496,0.0288044662115191,0.5963936890447941,3.584951381296822,0.0288044662115191,0.5963936890447941,0.5974918968828036,0.0288044662115191,0.5963936890447941,0.5736811718472392,11.878013218543568,0.1827894584541245,1,0,0,1,0,0,0,0,0,0,0,0,1,0,0,1,0,0,0,0,0,0,0,0,0,0
156.94527845569445,4.576938620860056,11.036587192571991,2.117548013190857,0.0,201992.50177982613,0.1323852080235378,2.231992,1.521779,1.459305,113.374122,1.465115,0.0,160.1482433221372,0.0954854645492094,0.7261542610722399,36.48947316200594,0.0954854645492094,0.7261542610722399,6.081578860334323,0.0954854645492094,0.7261542610722399,19.35674608905582,147.2054801159542,0.5110247105598925,3,0,0,0,1,0,0,0,0,0,0,0,1,0,1,0,0,0,0,0,0,0,0,0,0,0
56.361835116759245,0.3815822914707289,1.958716874928783,0.1759848989707103,0.0,174943.12601169065,0.1322306852600128,1.870743,1.368173,0.076705,143.01106,146.603285,0.024834,57.512076649754334,0.0363860715428568,0.6339325862321037,13.104017464500988,0.0363860715428568,0.6339325862321037,2.184002910750164,0.0363860715428568,0.6339325862321037,2.648909538678772,46.1503537850098,0.0673216397082689,0,0,0,0,0,1,0,0,0,0,0,0,0,1,0,0,1,0,0,0,0,0,0,0,0,0
107.56621923023148,4.237508527094797,7.461548554811546,0.9961695571025784,0.0,141950.72697467025,0.1323313687345106,1.706709,1.365595,1.113089,141.624397,1.1358549999999998,0.0,109.76144819411375,0.0,0.680880214045857,25.00893756321579,0.0,0.680880214045857,4.168156260535965,0.0,0.680880214045857,0.0,94.60050422834357,0.1261747600182474,2,0,0,0,0,0,0,0,1,0,1,0,0,0,0,1,0,0,0,0,0,0,0,0,0,0
33.58133449981481,1.1553669810458145,5.061751638956779,1.155770691607496,0.0,184968.7925003747,0.1257274100105825,1.187052,1.2480790000000002,2.736275,147.446442,0.0,0.0,34.26666785695389,0.0359404093493537,0.6130458890695087,7.807595207913543,0.0359404093493537,0.6130458890695087,1.3012658679855904,0.0359404093493537,0.6130458890695087,1.5589342655914755,26.591189698501083,0.7008638469097742,3,0,0,0,1,0,0,0,0,0,0,0,1,0,1,0,0,0,0,0,0,0,0,0,0,0
25.38652923768518,0.4472479260475229,3.138041152942667,0.8107160968746213,0.0,218737.60729541368,0.126012135931342,1.050742,1.280895,0.215713,150.308983,0.841125,0.0,25.90462167110733,0.0326688270862432,0.6055323397101401,5.90231886177129,0.0326688270862432,0.6055323397101401,0.9837198102952148,0.0326688270862432,0.6055323397101401,1.0712324127948798,19.85580527824256,0.9017863061624102,2,0,0,1,0,0,0,0,0,0,0,0,1,0,1,0,0,0,0,0,0,0,0,0,0,0
31.151013224537035,23.9942751749814,6.621855533380303,2.125242289521997,0.0,168525.11492056356,0.125659563254824,1.153414,1.345791,1.379567,144.910417,1.135895,0.0,31.786748188303097,0.0279690194942886,0.6108176068496359,7.242550220119693,0.0279690194942886,0.6108176068496359,1.207091703353282,0.0279690194942886,0.6108176068496359,1.1253723794160673,24.57709551634341,0.6853978497960432,3,0,0,0,0,0,1,0,0,0,1,0,0,0,0,0,1,0,0,0,0,0,0,0,0,0
3.797651,0.2641906481352356,5.15126731584398,2.6591469405366364,0.0,172503.99413594123,0.1386970015023823,2.183724,0.318178,0.188863,739.235665,0.000167,0.0,98.6515556278817,0.0580555891241257,0.6708976422783205,22.47756963673254,0.0580555891241257,0.6708976422783205,3.7462616061220895,0.0580555891241257,0.6708976422783205,7.249714151883719,83.77860263017014,0.1123693953483901,0,0,1,0,0,0,0,0,0,0,0,0,1,0,1,0,0,0,0,0,0,0,0,0,0,0
89.47485429824074,0.3983663327688221,5.7427120969164,1.467197043932885,0.0,164099.92788893884,0.1294751647386333,2.943435,1.612249,0.290599,87.869314,2.568384,0.000204,91.30087173289871,0.0242107284903031,0.6642928322781615,20.8027302682554,0.0242107284903031,0.6642928322781615,3.4671217113759,0.0242107284903031,0.6642928322781615,2.798051413231907,76.77280338343346,0.6769912521502566,1,0,0,0,0,0,0,1,0,0,0,0,0,1,0,0,0,0,1,0,0,0,0,0,0,0
45.48582537310185,7.852197713989148,5.988141827731967,1.911392225064248,0.0,214228.5857688849,0.1372663418916489,1.493837,1.383763,2.153564,141.30047,1.135874,0.0,46.414107523573314,0.0671079621931846,0.6239607280331563,10.57536627119392,0.0671079621931846,0.6239607280331563,1.7625610451989864,0.0671079621931846,0.6239607280331563,3.942729332813117,36.65896243217468,0.6068113429544871,3,0,0,0,0,0,1,0,0,0,0,1,0,0,0,0,0,0,0,0,0,0,0,1,0,0
27.16025186703704,0.3855914144421652,1.7255237027466723,0.1294503915224144,0.0,179694.56276229018,0.1337022753678065,0.864923,1.21514,0.385015,187.770289,98.021909,0.0,27.71454272146636,0.0200218316370844,0.6071586080715191,6.314705936536639,0.0200218316370844,0.6071586080715191,1.0524509894227732,0.0200218316370844,0.6071586080715191,0.7023998838835247,21.300155926714133,0.8952079197175891,0,0,0,0,0,1,0,0,0,0,1,0,0,0,0,0,0,1,0,0,0,0,0,0,0,0
31.6937406800463,1.0793956162260592,5.833441820076044,0.939068414467416,0.0,176038.40066696642,0.1375744156271433,1.178714,1.41662,1.308995,124.997122,0.372169,0.0,32.34055171433296,0.0351792801628095,0.6113152159318795,7.368733301999915,0.0351792801628095,0.6113152159318795,1.2281222169999857,0.0351792801628095,0.6113152159318795,1.4401485182004448,25.02565994253617,0.8575260197727425,1,0,0,1,0,0,0,0,0,0,0,1,0,0,0,0,0,0,0,1,0,0,0,0,0,0
50.92147543046296,0.2808237008625369,2.722998379946327,0.1314723488095281,0.0,133403.18071792566,0.1307821655087619,1.760825,1.282491,0.161683,131.945122,101.050345,0.085225,51.96068921475812,0.0,0.6289444980801366,11.839144378046154,0.0,0.6289444980801366,1.9731907296743587,0.0,0.6289444980801366,0.0,41.36758176971394,0.0483058772261508,0,0,0,0,0,0,1,0,0,0,0,0,1,0,0,1,0,0,0,0,0,0,0,0,0,0
37.506542914027776,4.37755608101257,9.55343805400016,1.3470271308359196,0.0,181453.6151828537,0.1361939638888807,1.255615,1.415638,0.650353,130.888917,1.136193,0.0,38.27198256533447,0.022522579999921,0.6166447844944299,8.720198559190132,0.022522579999921,0.6166447844944299,1.4533664265316883,0.022522579999921,0.6166447844944299,1.091118720358643,29.873694229335765,0.4230573468987683,3,0,0,0,0,0,0,0,1,0,0,0,1,0,0,0,0,1,0,0,0,0,0,0,0,0
5.531625,0.4602432852740482,3.3749516453388497,0.6850783636244081,0.0,166238.79037395085,0.138966221746495,1.565299,0.4372899999999999,0.317289,544.61125,122.725331,0.0,143.6949870854592,0.0740273088622991,0.7113705167458977,32.7406299688388,0.0740273088622991,0.7113705167458977,5.456771661473133,0.0740273088622991,0.7113705167458977,13.465004039163755,129.3928825528838,0.3129535905759978,0,0,0,1,0,0,0,0,0,0,0,0,1,0,1,0,0,0,0,0,0,0,0,0,0,0
45.18947515453704,2.510351906220118,7.588856458092193,1.4927404528613284,0.0,222113.7434240108,0.1236089535182614,1.5092450000000002,1.413101,1.143325,133.771795,0.01348,0.013966,46.11170934136433,0.0407205017949225,0.6236890141944961,10.506465419551366,0.0407205017949225,0.6236890141944961,1.7510775699252277,0.0407205017949225,0.6236890141944961,2.376825244306294,36.40426144549197,0.5106004334084472,3,0,0,0,0,0,0,0,0,1,1,0,0,0,1,0,0,0,0,0,0,0,0,0,0,0
39.73259358078704,9.346066540665475,5.8428528080169535,0.7920681872813822,0.0,144071.63333708033,0.1201562142575816,1.381007,1.441416,0.153583,115.36051,1.136469,0.0,40.5434628375378,0.0230712788255744,0.6186857776634128,9.237751026274434,0.0230712788255744,0.6186857776634128,1.539625171045739,0.0230712788255744,0.6186857776634128,1.184037386935632,31.75147320861993,0.2603142165305667,3,0,0,0,0,0,0,0,0,1,0,0,1,0,0,0,0,1,0,0,0,0,0,0,0,0
89.28231957587964,1.369604754790985,5.459596408070992,1.007163236324164,0.0,228778.19038519185,0.1331740232180062,2.2681310000000003,1.527794,1.283247,119.554738,1.134958,0.0,91.10440773048944,0.0798652837953973,0.6641163034780766,20.757966318339363,0.0798652837953973,0.6641163034780766,3.45966105305656,0.0798652837953973,0.6641163034780766,9.210227061274848,76.58724366143309,0.0536189250146469,2,0,0,1,0,0,0,0,0,0,0,0,1,0,0,0,0,0,0,0,0,0,0,0,0,1
376.2939549411111,0.2795473932773232,3.5610035194767464,1.2933566575999451,0.0,175529.73850607013,0.1218693045903738,3.420457,1.684387,0.267888,89.375393,1.136116,0.0,383.973423409297,0.2490450358764056,0.9272679001359556,87.48761546034615,0.2490450358764056,0.9272679001359556,14.581269243391024,0.2490450358764056,0.9272679001359556,121.0464240614616,450.6914304212064,0.731911751448495,1,0,0,0,0,0,0,0,0,1,1,0,0,0,1,0,0,0,0,0,0,0,0,0,0,0
86.30817617458335,1.2997562044816051,4.5457678687372365,0.8983757693132908,0.0,209408.60264913068,0.1388296540871227,3.02569,1.630416,0.190203,85.72035100000001,1.364609,0.008385,88.06956752508505,0.059027951217716,0.6613894085083146,20.0664837398928,0.059027951217716,0.6613894085083146,3.3444139566487987,0.059027951217716,0.6613894085083146,6.5804634628304655,73.73199895316338,0.7422991182804339,1,0,0,1,0,0,0,0,0,0,0,1,0,0,1,0,0,0,0,0,0,0,0,0,0,0
31.71591412222222,0.537147514039664,8.33296389545468,0.7100355612288276,0.0,116719.992206235,0.1292481247416074,1.080512,1.260232,0.531449,145.977684,1.136541,0.022028,32.36317767573696,0.0,0.6113355460369799,7.373888584345129,0.0,0.6113355460369799,1.228981430724188,0.0,0.6113355460369799,0.0,25.04400113403601,0.1036024092780445,1,0,0,1,0,0,0,0,0,0,0,1,0,0,0,1,0,0,0,0,0,0,0,0,0,0
19.455477131250003,1.9097453366766284,5.0329655714744,0.91124123363472,0.0,162705.64617056356,0.125416281483442,0.790508,1.130194,1.172685,163.571962,1.135862,0.0,19.85252768494898,0.0242833117053218,0.6000943517007572,4.523360738342806,0.0242833117053218,0.6000943517007572,0.7538934563904676,0.0242833117053218,0.6000943517007572,0.6102343264710729,15.080240165469355,0.2846221687425945,3,0,0,0,1,0,0,0,0,0,1,0,0,0,0,0,1,0,0,0,0,0,0,0,0,0
116.11506130101854,0.4412931296751082,12.777851432919215,0.5628163176689217,0.0,105714.13306073892,0.1226599254607439,3.874504,1.5841379999999998,0.932134,64.726485,3.828664,0.0,118.48475642961075,0.0,0.6887183681946981,26.996526781430298,0.0,0.6887183681946981,4.499421130238383,0.0,0.6887183681946981,0.0,103.29446595461744,0.3875547136446049,1,0,0,0,0,0,0,1,0,0,0,0,1,0,0,1,0,0,0,0,0,0,0,0,0,0
24.39628520351852,4.482123663242486,6.027497628895785,1.262211138110081,0.0,180805.30804106715,0.1327573533038155,0.8703770000000001,1.183715,2.068519,170.086699,1.136448,0.0,24.89416857501889,0.0426570487927552,0.6046244172897117,5.672089042409368,0.0426570487927552,0.6046244172897117,0.9453481737348948,0.0426570487927552,0.6046244172897117,1.3441921057717172,19.05268628934513,0.3790162402779392,3,0,0,0,0,0,0,0,0,1,0,0,1,0,0,0,0,0,0,0,0,0,0,0,0,1
50.35387604268519,0.1707081251221595,2.4033828799387247,0.1455544733779607,0.0,114866.7456347422,0.1329922696990932,0.956369,1.247465,0.055701,162.202496,117.304877,0.076333,51.381506166005295,0.0153160445408625,0.6284240847353407,11.707178620102471,0.0153160445408625,0.6284240847353407,1.951196436683745,0.0153160445408625,0.6284240847353407,0.9961537177406828,40.87262782872803,0.804212221711159,0,0,0,0,0,0,1,0,0,0,0,1,0,0,0,0,0,0,0,1,0,0,0,0,0,0
21.809960651944447,0.5429665811484952,3.2357848336656603,0.565986591706173,0.0,177048.23956459833,0.1376562645431045,0.982486,1.051918,0.7034590000000001,196.965955,78.427499,0.040275,22.25506188973923,0.0312676726178466,0.6022531007597873,5.070773595130458,0.0312676726178466,0.6022531007597873,0.8451289325217428,0.0312676726178466,0.6022531007597873,0.8808404927320015,16.966050671767626,0.1474735966012946,0,0,0,0,1,0,0,0,0,0,1,0,0,0,0,0,0,0,0,0,0,0,0,0,1,0
29.3862770763426,2.0533772359649056,6.016457967620959,0.9459540555588632,0.0,178073.48223920862,0.1211957537102327,1.068626,1.346159,3.433164,152.11037199999998,0.0,0.0,29.98599701667612,0.0205529929967077,0.6091995778993939,6.8322524848122805,0.0205529929967077,0.6091995778993939,1.1387087474687132,0.0205529929967077,0.6091995778993939,0.7801290970671445,23.123362943609592,0.3804772241652375,2,0,0,1,0,0,0,0,0,0,1,0,0,0,0,0,0,1,0,0,0,0,0,0,0,0
64.67802151814816,1.824200169502688,8.792109155540558,1.217504150004124,0.0,125918.5262383843,0.1137251670537092,2.000984,1.3248,1.58772,117.71139,1.504585,0.118131,65.99798114096751,0.0098260145075185,0.6415574259945935,15.037514690347027,0.0098260145075185,0.6415574259945935,2.506252448391171,0.0098260145075185,0.6415574259945935,0.820882430579848,53.59682898941626,0.7214444331906085,1,0,0,1,0,0,0,0,0,0,0,0,1,0,0,0,0,0,0,0,0,0,0,0,1,0
28.78568482856481,0.8827007100236216,3.4748277015251507,0.779245745006511,0.0,229416.60248988308,0.1225390637682067,1.109942,1.432578,0.94759,128.385192,0.013497,0.0,29.373147784249813,0.0340155192892307,0.6086489144785819,6.69261595084173,0.0340155192892307,0.6086489144785819,1.1154359918069547,0.0340155192892307,0.6086489144785819,1.2647378165070575,22.63029685278812,0.603557999854986,2,0,0,1,0,0,0,0,0,0,0,0,1,0,1,0,0,0,0,0,0,0,0,0,0,0
251.1974021436112,0.3823239871923872,2.8014933418312804,0.2532440390732648,0.0,147699.29814898083,0.1285593574174302,4.550871,1.541461,0.472762,84.565168,10.099477,0.0,256.3238797383787,0.0615957902480574,0.8125709556613254,58.40290930747869,0.0615957902480574,0.8125709556613254,9.733818217913116,0.0615957902480574,0.8125709556613254,19.98540750877656,263.647265718776,0.930802072137175,1,0,0,0,0,0,0,0,1,0,0,0,1,0,0,0,0,0,1,0,0,0,0,0,0,0
25.69593913,6.178488311578902,8.323418355960069,1.6939677929849648,0.0,183411.40915392688,0.1215471473636387,1.050063,1.343622,0.4286859999999999,134.934283,1.137088,0.246405,26.220346051020407,0.0196744824129473,0.6058160275372233,5.974256062257814,0.0196744824129473,0.6058160275372233,0.9957093437096356,0.0196744824129473,0.6058160275372233,0.6530021990407521,20.107222639595573,0.5492103918671126,2,0,0,0,1,0,0,0,0,0,0,1,0,0,0,0,0,1,0,0,0,0,0,0,0,0
18.397261695694443,2.0654978260433645,6.547271730802613,0.9314004612697973,0.0,106347.18315347722,0.1142367780280056,0.8832200000000001,1.282082,1.394676,137.151981,0.0,0.337365,18.772716016014737,0.0059891691633409,0.5991241085218697,4.277327699851459,0.0059891691633409,0.5991241085218697,0.7128879499752431,0.0059891691633409,0.5991241085218697,0.1423202175636368,14.23694525016336,0.5817884433084441,2,0,0,1,0,0,0,0,0,0,0,1,0,0,0,0,0,0,0,0,1,0,0,0,0,0
74.77398942287037,1.0469371034658783,10.199108716109388,2.4395115455563405,0.0,187085.6738983813,0.1331703308031713,2.2440900000000004,1.42198,0.398055,93.65948,0.390404,0.358517,76.29998920701058,0.0536760831784941,0.6508140893021752,17.384807667420134,0.0536760831784941,0.6508140893021752,2.897467944570021,0.0536760831784941,0.6508140893021752,5.184157679992032,62.857098720919474,0.2140016386332539,1,0,0,1,0,0,0,0,0,0,0,1,0,0,0,0,0,0,0,1,0,0,0,0,0,0
52.06082377097223,1.5834558281681237,15.705674173734742,3.4081345979544184,0.0,178261.92221223022,0.1384891093634873,1.810141,1.493177,0.310127,109.069429,0.371262,0.055696,53.12328956221656,0.0436305868836334,0.6299891293703385,12.104040659745545,0.0436305868836334,0.6299891293703385,2.0173401099575905,0.0436305868836334,0.6299891293703385,2.933924431378108,42.36341131720152,0.4851377138417772,1,0,0,0,0,0,0,1,0,0,0,0,0,1,0,0,0,0,0,0,1,0,0,0,0,0
91.5331658025463,1.9671317712008525,10.92460562456712,1.736612849384189,0.0,193950.00871178057,0.1343867822373799,1.67437,1.431596,1.786029,121.992333,1.135345,0.0,93.401189594435,0.0492063158952143,0.6661800308862876,21.281283705061146,0.0492063158952143,0.6661800308862876,3.54688061751019,0.0492063158952143,0.6661800308862876,5.817630936927314,78.76203464409711,0.3319961153071469,1,0,0,0,0,0,0,0,1,0,0,0,1,0,0,0,1,0,0,0,0,0,0,0,0,0
43.41053374717592,7.570466705363431,6.218444092954091,1.155022769022903,0.0,200748.72320893285,0.1368748097182463,0.918098,1.287892,2.242776,165.615248,1.136464,0.0,44.296463007322366,0.0399768635476592,0.6220579609059693,10.09286498901016,0.0399768635476592,0.6220579609059693,1.6821441648350264,0.0399768635476592,0.6220579609059693,2.24156159150337,34.87970563757172,0.2142112663720112,3,0,0,1,0,0,0,0,0,0,1,0,0,0,0,0,0,0,1,0,0,0,0,0,0,0
0.747209,8.882415781775824,7.334508364149134,1.30686972367106,0.0,173543.74507269185,0.1383165104462088,0.659325,0.256555,0.512048,543.133702,1.404201,0.031708,19.41024339233749,0.0299578179340427,0.599696945995317,4.422587102051581,0.0299578179340427,0.599696945995317,0.73709785034193,0.0299578179340427,0.599696945995317,0.7360614400039285,14.734510991658956,0.0008858923280979,3,0,1,0,0,0,0,0,0,0,0,0,1,0,1,0,0,0,0,0,0,0,0,0,0,0
16.371382987407404,0.5192483434860083,1.267612098218154,0.1175539435760723,0.0,186252.6654863609,0.1392448703876788,0.51088,1.008218,0.386947,197.188451,90.82507,0.019053,16.70549284429327,0.0291681594370907,0.5972666464853829,3.806314825282011,0.0291681594370907,0.5972666464853829,0.6343858042136684,0.0291681594370907,0.5972666464853829,0.6167955427310432,12.629916062021016,0.0991241581098714,0,0,0,0,0,0,0,0,1,0,1,0,0,0,0,0,1,0,0,0,0,0,0,0,0,0
45.30169161046297,1.4219629268566196,5.986830088160307,0.6662803361956164,0.0,61441.0830874363,0.1124552774915306,1.5417459999999998,1.389532,0.815667,135.939326,1.136732,0.0,46.226215929043846,0.0,0.6237919017987237,10.532555528136571,0.0,0.6237919017987237,1.7554259213560952,0.0,0.6237919017987237,0.0,36.50068246498319,0.9135180176638884,2,0,0,0,0,0,0,1,0,0,0,0,1,0,0,1,0,0,0,0,0,0,0,0,0,0
1.103393,5.087161833147922,8.697558073688754,1.6224579077830417,0.0,175036.73720398682,0.1385492228989978,0.865432,0.346861,1.180169,601.372947,0.0,0.0,28.66283287192933,0.0332386462643531,0.6080106752204146,6.530772046768709,0.0332386462643531,0.6080106752204146,1.0884620077947846,0.0332386462643531,0.6080106752204146,1.2059667883092806,22.05988401036917,0.2506102917116105,3,0,0,0,1,0,0,0,0,0,1,0,0,0,1,0,0,0,0,0,0,0,0,0,0,0
20.20957782486111,5.393358496453264,6.839704548998131,1.2948244079697333,0.0,173157.9105965228,0.1374251075642858,0.674172,1.188625,0.018738,175.534257,1.13529,0.0,20.622018188633785,0.0109406088053473,0.6007857620030331,4.6986876885494695,0.0109406088053473,0.6007857620030331,0.7831146147582448,0.0109406088053473,0.6007857620030331,0.2855916883273418,15.682803685441463,0.716461738922652,3,0,0,0,0,1,0,0,0,0,1,0,0,0,0,0,0,0,0,1,0,0,0,0,0,0
39.88475278157407,0.6667770601862626,4.063369353898137,0.7618764579939328,0.0,195946.12590864807,0.1309658715443359,1.248219,1.329833,0.260339,151.209031,1.464951,0.0,40.69872732813681,0.0385148704082785,0.6188252874661507,9.273127745651426,0.0385148704082785,0.6188252874661507,1.545521290941904,0.0385148704082785,0.6188252874661507,1.984185074462096,31.880255238406008,0.7671809664189598,1,0,0,0,0,0,0,0,0,1,1,0,0,0,1,0,0,0,0,0,0,0,0,0,0,0
33.364691568796296,1.4358282648830962,6.694535333189747,1.1642124236201783,0.0,47943.81385126274,0.1036107903145414,1.254505,1.374147,0.554733,134.962132,1.137134,0.046991,34.04560364162887,0.0,0.6128472562401127,7.75722614619392,0.0,0.6128472562401127,1.2928710243656532,0.0,0.6128472562401127,0.0,26.41108199849449,0.815610422273426,0,0,0,0,0,0,1,0,0,0,0,0,1,0,0,1,0,0,0,0,0,0,0,0,0,0
7.983813885833332,0.6340170186414993,7.54101063021653,7.724547431051588,0.0,229621.26680530576,0.1358797497493471,0.5961529999999999,1.066853,1.622221,203.678589,112.671376,6e-06,8.146748863095237,0.0427242053505609,0.5895763582559569,1.8562212599457504,0.0427242053505609,0.5895763582559569,0.3093702099909583,0.0427242053505609,0.5895763582559569,0.4405865460333293,6.079912058644995,0.1879894951000622,0,0,0,1,0,0,0,0,0,0,0,1,0,0,0,0,0,0,0,0,0,0,0,1,0,0
43.55299365810186,3.157820393713258,13.946820968060756,2.7845528377331705,0.0,185278.738965078,0.1375215221687758,1.478818,1.312811,0.490297,102.047495,0.370653,0.235398,44.44183026336925,0.0400362671697246,0.6221885777465451,10.125986642286664,0.0400362671697246,0.6221885777465451,1.6876644403811103,0.0400362671697246,0.6221885777465451,2.2522594809314,35.001517929138075,0.1177145845294049,2,0,0,0,0,1,0,0,0,0,0,0,0,1,0,0,0,0,0,0,1,0,0,0,0,0
4.553880233425925,0.7257794835727563,1.88172294253068,0.3329294664468125,0.0,179641.97006145085,0.1361097898914945,0.584587,1.060429,0.643361,198.955581,174.157956,1e-05,4.646816564720332,0.0247354754071426,0.5864315640878981,1.058768331202101,0.0247354754071426,0.5864315640878981,0.1764613885336834,0.0247354754071426,0.5864315640878981,0.1454952112128389,3.44941760263101,0.2874016849262968,0,0,0,0,0,0,0,0,0,1,1,0,0,0,0,0,0,1,0,0,0,0,0,0,0,0
37.78764411782407,15.55883802319888,6.5083665247443765,2.122896860257613,0.0,136790.25058546913,0.1238178843699342,1.330157,1.359662,1.897205,149.661412,1.135605,0.0,38.55882052839191,0.0376527675024452,0.6169025170093759,8.785554044443726,0.0376527675024452,0.6169025170093759,1.4642590074072876,0.0376527675024452,0.6169025170093759,1.837780132308927,30.11016890744021,0.6033632029132031,2,0,0,0,0,0,1,0,0,0,0,0,1,0,1,0,0,0,0,0,0,0,0,0,0,0
89.59580266078704,0.6840313058391178,3.1723747370626145,0.3959564507293472,0.0,192811.609356265,0.1391186120269967,3.020576,1.468095,0.121432,129.353813,1.605834,1e-06,91.42428842937454,0.0605843214194471,0.6644037258824459,20.83085052821192,0.0605843214194471,0.6644037258824459,3.471808421368653,0.0605843214194471,0.6644037258824459,7.01123857689806,76.88941502357953,0.4156895837798441,0,0,0,1,0,0,0,0,0,0,0,0,1,0,1,0,0,0,0,0,0,0,0,0,0,0
36.569708617731486,0.4278968086631464,3.4095465273594114,0.7065275353279045,0.0,176828.29339028776,0.1374223183492104,1.301043,1.262482,0.4474329999999999,163.748569,91.376568,0.00011,37.31602920176682,0.0371546460542031,0.6157858317186635,8.502386400402568,0.0371546460542031,0.6157858317186635,1.4170644000670944,0.0371546460542031,0.6157858317186635,1.7550175406834885,29.086939339807493,0.2617030607009968,0,0,0,1,0,0,0,0,0,0,1,0,0,0,1,0,0,0,0,0,0,0,0,0,0,0
1.102193,0.4077000500772783,2.70504937226252,0.3769007000705893,0.0,164637.68991681654,0.1389409994407237,0.901125,0.426447,1.017622,638.600086,192.012725,0.0,28.63166047963908,0.0332275930053735,0.6079826658907701,6.5236694763734615,0.0332275930053735,0.6079826658907701,1.0872782460622434,0.0332275930053735,0.6079826658907701,1.2042546347917549,22.03487755353212,0.6357806427464536,0,0,1,0,0,0,0,0,0,0,0,0,1,0,1,0,0,0,0,0,0,0,0,0,0,0
14.397412027222218,5.268278161112925,8.546602155378968,1.478770286059208,0.0,199790.59100532075,0.1268765048371802,0.810888,1.264364,0.162995,149.635042,1.4646290000000002,0.377117,14.691236762471652,0.0284154076037895,0.5954567769681837,3.3473704015758194,0.0284154076037895,0.5954567769681837,0.5578950669293031,0.0284154076037895,0.5954567769681837,0.5284271908979876,11.073413281339068,0.5203155216864603,1,0,0,0,1,0,0,0,0,0,1,0,0,0,1,0,0,0,0,0,0,0,0,0,0,0
55.32838978365741,2.479206247581281,8.843712257252609,0.9229172361697512,0.0,108130.52839291068,0.1266352518392409,1.892387,1.514537,0.171294,96.952896,1.136777,0.0,56.45754059556879,0.0090070897883125,0.6329850539513364,12.863743426838456,0.0090070897883125,0.6329850539513364,2.143957237806409,0.0090070897883125,0.6329850539513364,0.6436938447741649,45.236429594741615,0.3147243499106972,2,0,0,0,0,0,1,0,0,0,0,0,1,0,0,0,0,0,0,0,1,0,0,0,0,0
41.3173200738426,1.9461417824244327,14.493714117603622,2.557411427406384,0.0,179454.68453986812,0.138683925072352,1.364614,1.355816,1.578471,117.931463,0.371259,0.0,42.16053068759449,0.0391069936936165,0.6201387616387243,9.606196865527858,0.0391069936936165,0.6201387616387243,1.6010328109213094,0.0391069936936165,0.6201387616387243,2.0870526679990946,33.09541682359023,0.1180080760911705,1,0,0,1,0,0,0,0,0,0,0,1,0,0,0,1,0,0,0,0,0,0,0,0,0,0
33.06836680768519,13.037285198696512,10.56330749857054,6.949478836940061,0.0,268948.9018847422,0.1412601500785322,1.184374,1.425867,0.964973,121.864254,1.136839,0.0,33.74323143641346,0.0700369142759695,0.6125755657425606,7.688331213360029,0.0700369142759695,0.6125755657425606,1.2813885355600043,0.0700369142759695,0.6125755657425606,2.9914833006408736,26.16491023689004,0.1776383286581607,2,0,0,0,0,0,0,0,0,1,1,0,0,0,0,0,0,0,0,0,0,0,0,0,0,1
45.57034411939815,0.8913526552186596,8.526549915615604,1.4480197455385606,0.0,173748.53214928057,0.1371668855563628,1.505861,1.407945,1.382857,119.457968,1.135371,0.0,46.50035114224301,0.0245281413280837,0.6240382205118395,10.595016715954104,0.0245281413280837,0.6240382205118395,1.7658361193256835,0.0245281413280837,0.6240382205118395,1.4437559299018443,36.73164098731775,0.1709299177321624,1,0,0,0,0,0,1,0,0,0,0,1,0,0,0,0,0,1,0,0,0,0,0,0,0,0
28.36815713037037,1.2519515754221726,6.539089242903163,0.9649045577080702,0.0,173148.7947204736,0.1380903160722135,0.956374,1.140956,0.323444,168.03538999999998,0.371442,0.099695,28.94709911262283,0.0338493116705972,0.6082660969656649,6.595541569964695,0.0338493116705972,0.6082660969656649,1.0992569283274491,0.0338493116705972,0.6082660969656649,1.240303012433975,22.28802404520677,0.083238313282548,2,0,0,0,0,1,0,0,0,0,0,0,1,0,0,0,0,0,1,0,0,0,0,0,0,0
49.451434766342594,1.0593192614525628,5.766044055815224,1.055120406105078,0.0,125251.6485967476,0.11607420808084,1.6246200000000002,1.382412,1.815568,144.406064,1.134409,0.0,50.46064772075775,0.0255110580052231,0.6275966657965324,11.49736277181822,0.0255110580052231,0.6275966657965324,1.91622712863637,0.0255110580052231,0.6275966657965324,1.6294993809941516,40.0872585613683,0.3707623742223036,3,0,0,0,0,0,1,0,0,0,0,0,1,0,0,0,0,1,0,0,0,0,0,0,0,0
58.31050136796296,0.7480535694092012,5.6847368167172805,0.5917925134265452,0.0,93871.5399289943,0.1105304177877285,1.510528,1.418993,1.764084,112.176746,1.135874,0.0,59.50051159996221,0.0092658808914432,0.635719254687914,13.557078592396453,0.0092658808914432,0.635719254687914,2.2595130987327416,0.0092658808914432,0.635719254687914,0.6978793081837834,47.88053276946526,0.2125406717197919,3,0,0,0,0,0,0,0,0,1,0,0,1,0,0,0,0,0,0,0,1,0,0,0,0,0
100.89315872069444,0.1634490803437982,2.4499575888796103,0.2041524957945878,0.0,123199.65536008694,0.1084175904859884,2.449748,1.5336040000000002,1.46803,125.026052,0.008333,0.0001409999999999,102.9522027762188,0.0235752219335055,0.6747619027605158,23.457463923695425,0.0235752219335055,0.6747619027605158,3.909577320615904,0.0235752219335055,0.6747619027605158,3.07230509999066,87.9344610616049,0.5155492629041051,1,0,0,0,1,0,0,0,0,0,0,1,0,0,0,0,0,0,0,0,0,1,0,0,0,0
83.39248308699075,0.4797021397154966,2.5766039865194177,0.2903316810691385,0.0,190645.2943832434,0.1390773114218986,1.910641,1.375375,0.365457,151.345854,93.115602,0.0,85.09437049692934,0.0461273026187198,0.6587161047226059,19.3885907461358,0.0461273026187198,0.6587161047226059,3.231431791022633,0.0461273026187198,0.6587161047226059,4.968574403875097,70.9532054019741,0.6655455253035761,0,0,0,0,0,0,0,0,1,0,0,0,1,0,0,0,1,0,0,0,0,0,0,0,0,0
49.52401396685185,10.3075926103752,6.976173050969624,1.5474782416002928,0.0,183857.7958445744,0.1286936426084104,1.470917,1.460443,1.864104,122.08282,6.2333620000000005,0.0,50.53470812944066,0.0425492474527933,0.6276632112955463,11.514237295315592,0.0425492474527933,0.6276632112955463,1.919039549219265,0.0425492474527933,0.6276632112955463,2.7217896217142505,40.15035086887072,0.5799714508683163,3,0,0,0,0,0,0,0,0,1,1,0,0,0,1,0,0,0,0,0,0,0,0,0,0,0
1.031558,2.0255109866460166,9.925426251024938,1.9623472702731903,0.0,167198.04245353717,0.1387926390667041,0.838987,0.445064,0.212476,525.4188280000001,0.0,0.0,26.79677553845428,0.0325769705486897,0.6063339667245673,6.105594426483252,0.0325769705486897,0.6063339667245673,1.0175990710805418,0.0325769705486897,0.6063339667245673,1.1050098322988289,20.56682937678333,0.4866977630066992,2,0,0,0,1,0,0,0,0,0,0,1,0,0,1,0,0,0,0,0,0,0,0,0,0,0
32.64951532189815,0.7561603970021653,4.770417479016512,0.6683653999003861,0.0,120017.142578125,0.1106623852406617,1.219066,1.242146,0.050894,144.608831,1.13557,0.647185,33.31583196112056,0.0126963871143133,0.6121915344920257,7.590949054432532,0.0126963871143133,0.6121915344920257,1.265158175738755,0.0126963871143133,0.6121915344920257,0.5354312653339229,25.81730416602135,0.5189841347810005,3,0,0,0,1,0,0,0,0,0,0,0,1,0,0,0,0,0,0,0,0,1,0,0,0,0
69.20499322300925,0.4455943767258303,3.258896378876208,0.5135072248159267,0.0,174993.412470024,0.1387492546217618,2.039406,1.339981,0.5138050000000001,151.618988,88.99550500000001,0.001538,70.61734002347883,0.0511524846735768,0.6457080585312964,16.090026840792646,0.0511524846735768,0.6457080585312964,2.681671140132107,0.0511524846735768,0.6457080585312964,4.5724713965060335,57.71922218380372,0.6016613750578689,0,0,0,1,0,0,0,0,0,0,0,1,0,0,0,0,0,0,1,0,0,0,0,0,0,0
102.33244678074075,0.4236029643806622,3.193514516456521,0.389400676089368,0.0,189770.77238833933,0.1364483352866675,3.152376,1.573622,0.120023,96.119547,45.220816,0.001715,104.42086406198038,0.0667433427959858,0.6760815389856112,23.79209560905882,0.0667433427959858,0.6760815389856112,3.9653492681764697,0.0667433427959858,0.6760815389856112,8.822022183723792,89.36331452814049,0.5218502952135952,1,0,0,0,0,1,0,0,0,0,1,0,0,0,1,0,0,0,0,0,0,0,0,0,0,0
149.24752997712966,3.6478239189234856,6.50255189868186,0.9069858252001608,0.0,152355.41848396283,0.1338715641904506,1.841702,1.400498,1.229375,124.281111,0.3714949999999999,0.0,152.2933979358466,0.0618826899766192,0.7190964468472962,34.69976155500302,0.0618826899766192,0.7190964468472962,5.783293592500503,0.0618826899766192,0.7190964468472962,11.929525480949232,138.62486244806158,0.9766809865450942,2,0,0,0,0,0,1,0,0,0,0,1,0,0,0,0,0,0,0,0,0,0,1,0,0,0
5.445485,6.335531602946403,9.45339802414965,2.1787649550312143,0.0,170443.04305305754,0.1383053113659508,1.843614,0.391871,0.521143,672.417088,0.756494,0.0,141.45732885889078,0.0732338690885503,0.7093599136995791,32.23078379063334,0.0732338690885503,0.7093599136995791,5.3717972984388895,0.0732338690885503,0.7093599136995791,13.113250004136734,127.01792226774144,0.6641873060171235,3,0,0,0,1,0,0,0,0,0,0,1,0,0,1,0,0,0,0,0,0,0,0,0,0,0
121.01857420361112,1.8433514048727293,11.01342055437376,2.045097030609917,0.0,167940.91839028776,0.1229182045808513,2.435908,1.330774,0.18809,102.667852,80.32906,0.020618,123.488341024093,0.0456910784435124,0.6932142390603783,28.136584030805995,0.0456910784435124,0.6932142390603783,4.689430671800999,0.0456910784435124,0.6932142390603783,7.142171489355761,108.35933715929762,0.3791677549661106,1,0,0,0,0,0,0,0,0,1,1,0,0,0,0,0,0,1,0,0,0,0,0,0,0,0
31.76092290037037,0.4775276631920886,3.3319523325926967,0.6413694174169636,0.0,158175.8048280126,0.1200348303722534,0.883725,1.252293,1.597375,176.008825,1.134959,0.0,32.409105000377934,0.0281650338271378,0.6113768131159896,7.384353038060795,0.0281650338271378,0.6113768131159896,1.2307255063434657,0.0281650338271378,0.6113768131159896,1.1554475172695022,25.08123459629436,0.0284425941315765,3,0,0,0,0,0,0,0,0,1,0,0,1,0,0,0,1,0,0,0,0,0,0,0,0,0
27.90887920810185,2.7397996850436828,8.291948771305222,1.153534681534024,0.0,132717.9020252548,0.1345361772772791,0.922176,1.406513,1.217056,139.844526,1.137075,0.0,28.478448171532506,0.01201902608945,0.6078450000355671,6.488760342880823,0.01201902608945,0.6078450000355671,1.0814600571468038,0.01201902608945,0.6078450000355671,0.4332698880515201,21.912002949162115,0.4590994239370347,2,0,0,0,0,0,1,0,0,0,0,0,1,0,0,0,0,0,0,1,0,0,0,0,0,0
240.4587353626852,0.5384696636983245,7.136585980582295,3.8892206242330354,0.0,199144.4150929257,0.1325281691565502,2.057651,1.364859,1.641879,150.673532,46.179015,0.0,245.36605649253588,0.1467549080651588,0.8027250227402383,55.9061900869069,0.1467549080651588,0.8027250227402383,9.317698347817815,0.1467549080651588,0.8027250227402383,45.58059881376288,249.31832060462463,0.0580892982656849,0,0,0,0,1,0,0,0,0,0,0,0,1,0,0,0,0,0,0,0,1,0,0,0,0,0
107.17705113546296,0.8334261176826285,6.341338703672377,0.683946353139923,0.0,103469.66785633992,0.1128364954527905,1.502261,1.409091,0.329432,132.160541,11.227616,8.4e-05,109.36433789332956,0.0,0.6805233985272934,24.91845673518901,0.0,0.6805233985272934,4.153076122531502,0.0,0.6805233985272934,0.0,94.20884924158972,0.919720847900488,0,0,0,1,0,0,0,0,0,0,0,0,1,0,0,1,0,0,0,0,0,0,0,0,0,0
2.778193,1.2197851594403493,4.607428642771513,0.9011735868968552,0.0,166357.27677233214,0.1385337303725363,1.389448,0.395513,0.0681539999999999,605.009846,1.0729540000000002,0.0,72.16910171168745,0.0486653113801464,0.6471023629610025,16.443592795068025,0.0486653113801464,0.6471023629610025,2.740598799178004,0.0486653113801464,0.6471023629610025,4.445736464335106,59.11493196253909,0.6449859997253897,1,0,1,0,0,0,0,0,0,0,0,0,1,0,1,0,0,0,0,0,0,0,0,0,0,0
21.626361495833333,2.165168248063369,7.40241949049403,1.4745822315879291,0.0,198280.6173280126,0.1283277102279291,0.966041,1.21739,0.043942,152.807006,0.8410290000000001,0.2428519999999999,22.06771581207483,0.0311961838351836,0.6020847646886236,5.028087147055024,0.0311961838351836,0.6020847646886236,0.8380145245091707,0.0311961838351836,0.6020847646886236,0.8714285054380705,16.818525926491763,0.7502990583261403,2,0,0,0,0,0,1,0,0,0,0,1,0,0,1,0,0,0,0,0,0,0,0,0,0,0
14.115394355092596,0.4772005299155374,2.2532962341960387,0.3047727276738599,0.0,169736.12145908273,0.1386435932928709,0.799362,1.118492,0.219888,178.884929,139.380751,0.037969,14.403463627645506,0.0283082668851075,0.5951982041733482,3.2818018392103685,0.0283082668851075,0.5951982041733482,0.5469669732017279,0.0283082668851075,0.5951982041733482,0.516122901824467,10.851792006393348,0.0928619608123889,0,0,0,0,0,0,1,0,0,0,0,0,1,0,0,0,0,1,0,0,0,0,0,0,0,0
67.04060050912037,0.8951461984099244,5.947781968173935,1.1119742603610745,0.0,177276.715621253,0.1383607143299471,2.2528080000000004,1.550299,0.327901,116.50383,0.371434,0.0,68.40877602971466,0.0501823045176483,0.6437235975259795,15.586809728289415,0.0501823045176483,0.6437235975259795,2.597801621381569,0.0501823045176483,0.6437235975259795,4.345455734687018,55.742206845818885,0.2295712686769681,1,0,0,1,0,0,0,0,0,0,1,0,0,0,0,0,0,1,0,0,0,0,0,0,0,0
42.46998266263889,2.4274007916736373,13.116370528150236,3.0797690847794787,0.0,204956.12275179857,0.1370283809783075,1.471514,1.399189,0.243206,130.325088,1.136228,0.0,43.33671700269274,0.0395853141566203,0.6211956003284295,9.87418868415784,0.0395853141566203,0.6211956003284295,1.6456981140263065,0.0395853141566203,0.6211956003284295,2.171515895022964,34.076680930064526,0.3699753301248032,1,0,0,0,0,0,0,1,0,0,0,0,1,0,0,0,0,0,0,0,1,0,0,0,0,0
48.052344025694445,1.3536589241428054,4.7580150511625,1.0174632911487735,0.0,242528.7219068496,0.146792600016228,1.11209,1.328933,2.953604,156.043996,0.0,0.0,49.03300410785148,0.0821743251199482,0.6263138851810277,11.172076885333247,0.0821743251199482,0.6263138851810277,1.862012814222208,0.0821743251199482,0.6263138851810277,5.10032154578018,38.873482664412336,0.6389393680260147,3,0,0,0,0,0,1,0,0,0,1,0,0,0,0,0,0,0,0,0,0,0,0,1,0,0
181.7958010056481,2.136282339584913,8.960660274651982,2.179412505466589,0.0,145172.77490819845,0.1317304521441745,1.951284,1.432169,1.268752,137.034423,0.3708849999999999,0.0,185.50591939351847,0.1098166303743188,0.7489388937526582,42.26717150738397,0.1098166303743188,0.7489388937526582,7.044528584563993,0.1098166303743188,0.7489388937526582,25.78687972441292,175.86404817107788,0.3092148639146209,2,0,0,0,0,0,1,0,0,0,0,0,1,0,1,0,0,0,0,0,0,0,0,0,0,0
0.959345,7.567824325973182,6.7871023939667845,1.8584704386244573,0.0,169139.59957658872,0.1381071670521363,0.555894,0.470761,0.7692979999999999,422.383833,1.050139,0.0,24.920898901407792,0.0319118130564478,0.6046484352898819,5.678179496523295,0.0319118130564478,0.6046484352898819,0.946363249420549,0.0319118130564478,0.6046484352898819,1.006672236633369,19.07390193259944,0.5641663988228097,3,1,0,0,0,0,0,0,0,0,0,0,1,0,1,0,0,0,0,0,0,0,0,0,0,0
25.442153774027776,0.4917499393724995,6.119740861068241,6.106354899900994,0.0,199192.5037563699,0.1351665804783503,0.917493,1.216899,0.395982,172.58234299999998,122.695293,0.0,25.96138140206916,0.0432008217405087,0.6055833400312012,5.915251458699302,0.0432008217405087,0.6055833400312012,0.9858752431165504,0.0432008217405087,0.6055833400312012,1.4196873545419617,19.9009874193531,0.7238746273349747,0,0,0,1,0,0,0,0,0,0,1,0,0,0,0,0,0,0,0,0,0,0,0,1,0,0
173.5538485392593,1.6780193267966346,4.906756578875388,0.7631404467766805,0.0,205901.1995091427,0.130448219230135,2.323061,1.490108,1.357572,133.895793,1.13467,0.0,177.0957638155707,0.1049767081949654,0.7413821166612047,40.35093352759839,0.1049767081949654,0.7413821166612047,6.725155587933064,0.1049767081949654,0.7413821166612047,23.53282319067301,166.1970028219248,0.9555642798871232,2,0,0,1,0,0,0,0,0,0,0,0,1,0,0,0,1,0,0,0,0,0,0,0,0,0
77.85103185203704,0.2173707297058414,2.022511034131908,0.0984865490624087,0.0,92488.0348564898,0.123099992538599,1.831055,1.2197639999999998,0.435768,174.517795,126.50883799999998,0.0,79.43982842044596,0.0,0.6536353290306233,18.10021407048136,0.0,0.6536353290306233,3.016702345080226,0.0,0.6536353290306233,0.0,65.72744099713222,0.0879133855212026,0,0,0,0,0,0,0,0,1,0,1,0,0,0,0,1,0,0,0,0,0,0,0,0,0,0
2.002055,5.402875237613559,10.806298317669109,2.617293750925316,0.0,176468.29835506596,0.1375776195018697,1.5950540000000002,0.426406,0.881447,584.488393,1.368203,0.0,52.007369872212784,0.0415162661152541,0.6289864420512793,11.84978047721304,0.0415162661152541,0.6289864420512793,1.97496341286884,0.0415162661152541,0.6289864420512793,2.7331035538851136,41.407507008060776,0.215905088615217,3,0,0,0,1,0,0,0,0,0,1,0,0,0,1,0,0,0,0,0,0,0,0,0,0,0
53.10646322439815,7.057454317879619,5.332317962349176,0.9868948165890123,0.0,187063.0891880245,0.1302813900907119,1.719269,1.391128,1.208108,142.726537,1.017799,0.126989,54.19026859632464,0.0440786768635097,0.6309478420418555,12.347149806757512,0.0440786768635097,0.6309478420418555,2.057858301126252,0.0440786768635097,0.6309478420418555,3.0235890362078384,43.280041810784255,0.9850598631381424,3,0,0,0,0,0,1,0,0,0,0,1,0,0,1,0,0,0,0,0,0,0,0,0,0,0
114.42725757791668,3.303663534512051,9.098323181664629,1.4855772129637446,0.0,178447.9006201289,0.1212357724849268,1.793436,1.439779,2.48762,128.008301,7.113009,0.0,116.76250773256804,0.072782504000433,0.6871708760729444,26.60411568590158,0.072782504000433,0.6871708760729444,4.434019280983596,0.072782504000433,0.6871708760729444,10.757300868539524,101.56429712792747,0.573152301547575,1,0,0,1,0,0,0,0,0,0,0,1,0,0,1,0,0,0,0,0,0,0,0,0,0,0
31.573505126203703,3.9900931174234806,8.589034388105361,1.1136109723175744,0.0,156616.14487784772,0.1348908246635533,0.913438,1.221114,2.8817470000000003,157.39461200000002,1.134706,0.0,32.21786237367725,0.0140523804204501,0.6112049758786202,7.340778768685955,0.0140523804204501,0.6112049758786202,1.2234631281143258,0.0140523804204501,0.6112049758786202,0.5730856435552169,24.9262250569166,0.356190577380139,2,0,0,0,0,0,1,0,0,0,0,1,0,0,0,0,0,0,1,0,0,0,0,0,0,0
22.31536748032408,1.90924922482287,7.325871123398523,1.0447732612526388,0.0,124637.09836818044,0.1283320435534993,0.734595,1.206711,1.96645,167.828407,1.135325,0.0,22.77078314318783,0.0112328928702944,0.6027164917776485,5.188279703511151,0.0112328928702944,0.6027164917776485,0.8647132839185251,0.0112328928702944,0.6027164917776485,0.3237743893925769,17.37256522923011,0.285922268861259,1,0,0,1,0,0,0,0,0,0,0,0,0,1,0,0,0,0,0,1,0,0,0,0,0,0
83.59278233273146,2.06100765878348,5.930508530111336,2.0205943295709807,0.0,259273.4122264688,0.130366436618981,1.34524,1.348696,2.110599,148.634946,1.13498,0.0,85.29875748237905,0.0948878787244974,0.658899752560642,19.43515993269396,0.0948878787244974,0.658899752560642,3.2391933221156592,0.0948878787244974,0.658899752560642,10.245339437137089,71.1434559479364,0.2673096053528166,3,0,0,1,0,0,0,0,0,0,1,0,0,0,0,0,0,0,0,0,0,0,0,0,0,1
20.126153749074074,2.289007981046498,10.56594924103442,1.5427733701195934,0.0,134986.61318757493,0.1285230330497526,0.896109,1.235149,1.560201,149.926389,1.1368200000000002,0.0,20.53689158068784,0.0109290708836718,0.6007092731919954,4.6792917525617845,0.0109290708836718,0.6007092731919954,0.7798819587602973,0.0109290708836718,0.6007092731919954,0.2841128402729372,15.616077487414932,0.4933408856981668,0,0,0,0,0,0,1,0,0,0,0,1,0,0,0,0,0,0,0,0,0,0,1,0,0,0
63.640248417916666,15.634280600993751,8.808751854107534,2.157783460702828,0.0,248523.35868180456,0.1292867484620863,1.943329,1.540683,0.198867,109.516863,1.018086,0.0,64.93902899787415,0.0486701134804967,0.6406059257254598,14.796234455211833,0.0486701134804967,0.6406059257254598,2.466039075868638,0.0486701134804967,0.6406059257254598,4.000746722328866,52.658641502399554,0.9177852390286092,2,0,0,1,0,0,0,0,0,0,0,0,1,0,1,0,0,0,0,0,0,0,0,0,0,0
34.48891818180556,0.2782751007688989,3.311868279957942,0.2293446068462136,0.0,116152.5365520084,0.1216260688714415,1.153196,1.296198,0.156283,128.698027,95.114602,0.21124,35.19277365490363,0.0072615961974481,0.6138780229121406,8.018606655547662,0.0072615961974481,0.6138780229121406,1.336434442591277,0.0072615961974481,0.6138780229121406,0.3234882422153184,27.346924445654057,0.4855489491864,0,0,0,1,0,0,0,0,0,0,0,0,0,1,0,0,0,0,0,0,1,0,0,0,0,0
15.615271154953705,2.8385704019658573,8.682765316906021,1.7680161140805526,0.0,178853.1109581085,0.1318572823949855,0.8162020000000001,1.2275790000000002,0.210499,160.845479,1.136169,0.162689,15.933950158116026,0.0288792404992963,0.5965733922355719,3.630520289190993,0.0288792404992963,0.5965733922355719,0.6050867148651654,0.0288792404992963,0.5965733922355719,0.5824814920506752,12.032621136126336,0.0114341003548037,2,0,0,0,0,0,0,0,0,1,0,0,1,0,0,0,0,0,0,0,1,0,0,0,0,0
27.01522075328704,2.6018496710333605,5.614944301349082,2.491264850544415,0.0,232057.15666217025,0.133647146574456,1.08017,1.182365,2.007951,138.8447,0.0,0.137091,27.56655178906841,0.0547320432453345,0.6070256337790316,6.280986483585207,0.0547320432453345,0.6070256337790316,1.0468310805975345,0.0547320432453345,0.6070256337790316,1.9098401324608167,21.1817766719769,0.3286638267238413,3,0,0,1,0,0,0,0,0,0,0,1,0,0,0,0,0,0,0,0,0,0,0,0,0,1
53.33939892578704,1.1468421869712482,5.18717702172643,0.7982569585601202,0.0,174484.9120578537,0.1342212835000716,1.827039,1.4365059999999998,0.290582,124.832771,2.429978,1e-06,54.4279580875378,0.0265072117129239,0.6311614131803953,12.40130690602127,0.0265072117129239,0.6311614131803953,2.066884484336878,0.0265072117129239,0.6311614131803953,1.826244820415844,43.48459106715655,0.411110621044655,1,0,0,0,0,0,1,0,0,0,0,0,0,1,0,0,0,1,0,0,0,0,0,0,0,0
36.85251547092593,0.3415208288090978,2.3993214917697494,0.1757631876128469,0.0,144656.03840677458,0.1331548344799511,1.236625,1.167102,0.3171239999999999,154.161242,148.425105,0.147767,37.60460762339381,0.0149080572045169,0.6160451280878481,8.568138445836563,0.0149080572045169,0.6160451280878481,1.4280230743060935,0.0149080572045169,0.6160451280878481,0.7096349893708485,29.32422192411001,0.0007255686773874,0,0,0,0,0,1,0,0,0,0,0,0,1,0,0,0,0,0,1,0,0,0,0,0,0,0
17.210027884768518,0.5189231804234804,1.2257315844511814,0.1124542146849689,0.0,234911.0278214928,0.1346113362597475,0.569066,1.047254,0.129169,195.25556,127.874173,0.064211,17.561252943641346,0.0294894635725826,0.59803557260745,4.001298139057522,0.0294894635725826,0.59803557260745,0.6668830231762536,0.0294894635725826,0.59803557260745,0.6555340873043305,13.293992354246608,0.6760900725525232,0,0,0,1,0,0,0,0,0,0,1,0,0,0,1,0,0,0,0,0,0,0,0,0,0,0
103.36706315671296,4.466031606820562,8.832077137286143,1.2927681733664278,0.0,183511.99070743404,0.1376443422026485,1.5080049999999998,1.345832,2.1429,151.532326,1.134722,0.0,105.47659505787038,0.040351612253335,0.6770301449573483,24.032641911919832,0.040351612253335,0.6770301449573483,4.005440318653305,0.040351612253335,0.6770301449573483,5.387532488072438,90.39346131852848,0.8522394830857536,2,0,0,0,0,0,1,0,0,0,0,1,0,0,0,0,0,1,0,0,0,0,0,0,0,0
34.94040612324074,2.8602218502145305,8.025931557305425,1.1238418129994143,0.0,145861.29509517387,0.1331366603430226,1.198248,1.249838,0.726072,141.936467,1.134734,0.506411,35.65347563595994,0.0130273665944375,0.6142919774631791,8.123576727180746,0.0130273665944375,0.6142919774631791,1.353929454530124,0.0130273665944375,0.6142919774631791,0.5879378449056955,27.723600065631786,0.8785105491031862,2,0,0,0,0,1,0,0,0,0,0,0,0,1,0,0,0,0,0,1,0,0,0,0,0,0
32.853302238796296,0.4318475829039832,1.7726787428061168,0.0647241188284697,0.0,174093.09339403475,0.1385620436686978,1.040368,1.242637,0.424229,173.67748500000002,182.803166,0.0022559999999999,33.5237777946901,0.0,0.6123783800618628,7.638329117777491,0.0,0.6123783800618628,1.2730548529629149,0.0,0.6123783800618628,0.0,25.98637561957743,0.7874601242684479,0,0,0,0,0,0,0,0,1,0,0,0,1,0,0,1,0,0,0,0,0,0,0,0,0,0
63.68179498236112,0.4471012774845965,4.150551373724172,0.1718696624540882,0.0,174935.1042041367,0.1362940151985886,2.107687,1.514946,0.568032,104.161815,23.829599,0.050045,64.98142345138889,0.0,0.6406440184137764,14.805893950949368,0.0,0.6406440184137764,2.4676489918248943,0.0,0.6406440184137764,0.0,52.69615220524682,0.7764270150686488,0,0,0,0,0,0,1,0,0,0,0,0,0,1,0,1,0,0,0,0,0,0,0,0,0,0
56.20226779694445,22.95862832886996,8.706265582741022,2.674906701492749,0.0,238894.68791217025,0.1387831211375961,1.801147,1.318335,0.747,127.576744,1.136787,0.4463399999999999,57.34925285402495,0.0817442298558681,0.6337862841669271,13.066918371803151,0.0817442298558681,0.6337862841669271,2.1778197286338585,0.0817442298558681,0.6337862841669271,5.934139882736353,46.00907577987596,0.0709169497667168,2,0,0,0,0,0,0,0,0,1,1,0,0,0,0,0,0,0,0,0,0,0,0,1,0,0
0.917229,4.199200863460843,10.363352701246596,1.877200582044588,0.0,171223.1946942446,0.1386089063376831,0.7674489999999999,0.3446929999999999,0.460935,518.908513,1.350001,0.0,23.826851839994333,0.0315238805104621,0.6036654011837901,5.428902950884785,0.0315238805104621,0.6036654011837901,0.9048171584807974,0.0315238805104621,0.6036654011837901,0.9507782662588192,18.20689376574292,0.4734100282442598,2,1,0,0,0,0,0,0,0,0,0,0,1,0,1,0,0,0,0,0,0,0,0,0,0,0
16.833537601944446,0.4316801580665209,4.575353872861793,1.1056398830825476,0.0,164091.68761241008,0.1354729643078159,0.836307,1.162397,0.588214,166.665017,2.9231830000000003,0.237734,17.177079185657597,0.0293451111207816,0.5976903809606889,3.913764877744769,0.0293451111207816,0.5976903809606889,0.6522941462907947,0.0293451111207816,0.5976903809606889,0.6380548068779587,12.995664559832418,0.9044477762763072,0,0,0,0,0,0,1,0,0,0,0,1,0,0,0,0,0,0,0,0,1,0,0,0,0,0
39.02085409013889,0.32856509464679,4.330070855234452,0.4324431644855357,0.0,76413.83811544515,0.1055599938524212,1.362817,1.390391,2.270505,127.899334,1.134384,0.0,39.81719805116213,0.007631810693717,0.6180332069649107,9.07227297368251,0.007631810693717,0.6180332069649107,1.5120454956137517,0.007631810693717,0.6180332069649107,0.3846548327603921,31.149810891033823,0.8031223627644403,2,0,0,0,0,0,0,0,0,1,1,0,0,0,0,0,0,0,0,0,1,0,0,0,0,0
74.68934338930556,1.8795341724972072,8.260899199570398,1.7362552110811504,0.0,172928.38954773682,0.1264270467223595,1.842019,1.513309,0.761817,99.420679,1.137571,0.0,76.21361570337302,0.0363929970928515,0.6507364801179517,17.365127628616637,0.0363929970928515,0.6507364801179517,2.8941879381027724,0.0363929970928515,0.6507364801179517,3.5109391072513447,62.77845572136103,0.5402683685736535,1,0,0,0,0,0,1,0,0,0,1,0,0,0,0,0,0,0,0,0,0,1,0,0,0,0
116.35410679129632,4.5726836353754825,6.475394914476134,1.7601388667841895,0.0,196388.6194169664,0.1371351855335761,3.316937,1.467645,1.096403,124.575821,0.369683,0.0,118.72868039928196,0.0737617532824002,0.6889375411991668,27.052104394773103,0.0737617532824002,0.6889375411991668,4.508684065795516,0.0737617532824002,0.6889375411991668,11.085614722983268,103.5400571444342,0.9197537893164508,2,0,0,0,0,0,0,1,0,0,0,0,0,1,0,0,1,0,0,0,0,0,0,0,0,0
6.454813758935185,2.205375217705322,11.535921282047848,2.890983947175298,0.0,186333.3282655126,0.1289514814117114,0.619336,0.916848,1.379112,196.420792,92.06358,0.073076,6.586544651974679,0.0172586979135195,0.5881744679661388,1.50073169285499,0.0172586979135195,0.5881744679661388,0.250121948809165,0.0172586979135195,0.5881744679661388,0.1438926385346057,4.903844805582814,0.4927254360967584,0,0,0,1,0,0,0,0,0,0,0,1,0,0,0,0,0,0,0,0,0,1,0,0,0,0
63.8507815600463,10.833409050403596,7.442256347738581,1.6475951182041808,0.0,152574.01131594725,0.1347673283956891,1.44269,1.378648,1.629771,140.568438,0.371176,0.0,65.15385873474112,0.048763314948898,0.640798956688927,14.845183002852409,0.048763314948898,0.640798956688927,2.4741971671420675,0.048763314948898,0.640798956688927,4.021668523567331,52.84876544491119,0.74614490496265,3,0,0,0,0,0,0,0,0,1,0,0,1,0,0,0,0,0,0,0,0,0,0,0,1,0
18.1275399737037,2.8029209534041315,10.586937634493236,1.843389184640752,0.0,166257.88116381894,0.1309377721173586,0.920761,0.998316,0.534137,156.218105,1.136819,1.252268,18.49748976908541,0.0298420056338734,0.5988768094822163,4.214617922070093,0.0298420056338734,0.5988768094822163,0.7024363203450154,0.0298420056338734,0.5988768094822163,0.6987369543057768,14.022427413088364,0.0142756813425669,1,0,0,0,0,0,1,0,0,0,0,0,0,1,0,0,0,0,0,0,1,0,0,0,0,0
44.90027848046296,1.4266355833847173,6.844198995356937,1.0331441832246255,0.0,50982.10596522782,0.0982234243401806,1.503606,1.456228,1.436317,108.366754,1.135944,0.0,45.81661069434996,0.0,0.6234238592071942,10.43922775314303,0.0,0.6234238592071942,1.7398712921905046,0.0,0.6234238592071942,0.0,36.15590918337375,0.0917080772663548,1,0,0,1,0,0,0,0,0,0,0,0,1,0,0,1,0,0,0,0,0,0,0,0,0,0
39.037885126666666,0.8929855934292864,3.651052744840261,0.3337895417813774,0.0,167867.04681879497,0.1388064726329536,1.311858,1.428036,0.396598,135.769351,5.2438400000000005,0.000156,39.83457665986395,0.0136252830456871,0.6180488221661875,9.07623265667786,0.0136252830456871,0.6180488221661875,1.5127054427796434,0.0136252830456871,0.6180488221661875,0.6870346607541372,31.164193906478,0.5094020846520059,1,0,0,1,0,0,0,0,0,0,0,0,1,0,0,0,0,0,0,1,0,0,0,0,0,0
37.82063697782407,0.8355132373545667,8.137390829676347,0.7780142570142266,0.0,108601.7042397332,0.1256920464551277,1.195282,1.371242,2.4107220000000003,131.000229,1.134768,0.0,38.59248671206538,0.0,0.6169327670853921,8.793224820470593,0.0,0.6169327670853921,1.4655374700784318,0.0,0.6169327670853921,0.0,30.13793622276041,0.0005405692456273,1,0,0,0,0,1,0,0,0,0,1,0,0,0,0,1,0,0,0,0,0,0,0,0,0,0
31.242074536435183,2.4992095189128847,13.70666306996517,2.425429338745648,0.0,169684.73735386692,0.140097409915581,1.034445,1.38184,1.688824,131.35039799999998,0.370662,0.0,31.879667894321617,0.0349978262945819,0.6109010979930848,7.263721798706191,0.0349978262945819,0.6109010979930848,1.210620299784365,0.0349978262945819,0.6109010979930848,1.4123026320182654,24.65230901303288,0.7607734811508704,1,0,0,0,0,0,0,0,1,0,0,0,1,0,0,0,0,0,0,1,0,0,0,0,0,0
3.824376,1.391371372649424,6.067003932788218,1.4139878538300952,0.0,173779.08022332133,0.1384993818559521,1.315423,0.4440409999999999,0.281817,577.548621,0.0,0.0,99.34579078117916,0.0583017544126495,0.6715214333906129,22.63574979824335,0.0583017544126495,0.6715214333906129,3.772624966373891,0.0583017544126495,0.6715214333906129,7.331688476018693,84.44661750215361,0.4100824838192481,2,0,0,0,1,0,0,0,0,0,1,0,0,0,1,0,0,0,0,0,0,0,0,0,0,0
210.8052823097222,0.3754923531084324,3.823294619862124,0.6261577486491604,0.0,161152.79182591426,0.1224074064434575,2.101872,1.432619,2.188792,143.823152,0.0,0.0,215.10743092828795,0.1020298835217262,0.7755367399119946,49.01181970517953,0.1020298835217262,0.7755367399119946,8.168636617529922,0.1020298835217262,0.7755367399119946,27.7815014205962,211.16926039616328,0.2904711980760338,2,0,0,0,0,0,1,0,0,0,1,0,0,0,0,0,1,0,0,0,0,0,0,0,0,0
54.04871995833334,1.8506386196441789,7.17757311999369,1.2422047284581392,0.0,145556.52801821043,0.1283088636627014,1.2144549999999998,1.338917,3.251175,134.627896,0.0,0.0,55.15175505952382,0.0444836522064114,0.6318117664736339,12.566222671790236,0.0444836522064114,0.6318117664736339,2.0943704452983725,0.0444836522064114,0.6318117664736339,3.105508216001332,44.10826302313787,0.6824329378369501,1,0,0,0,0,0,1,0,0,0,1,0,0,0,0,0,0,0,0,1,0,0,0,0,0,0
22.24991636685186,2.4801578683247096,7.048741864357635,1.1538449045565489,0.0,204840.11192296163,0.1329930893076266,0.735701,1.190221,0.483509,165.10468899999998,1.135834,0.081348,22.70399629270598,0.0251513232492784,0.6026564817888851,5.173062446439337,0.0251513232492784,0.6026564817888851,0.8621770744065561,0.0251513232492784,0.6026564817888851,0.7228298098838832,17.3198867446963,0.0887627532683471,2,0,0,1,0,0,0,0,0,0,0,0,0,1,0,0,1,0,0,0,0,0,0,0,0,0
45.45273068328704,1.2559900579692649,8.200646123726019,1.363211390640524,0.0,176078.42526603717,0.1375920321586892,1.154948,1.412283,2.309218,128.90588300000002,0.37216,0.0,46.38033743192555,0.0408308896626381,0.623930384592708,10.567671819932404,0.0408308896626381,0.623930384592708,1.7612786366554003,0.0408308896626381,0.623930384592708,2.397152455947947,36.63050857144415,0.2890348951308922,1,0,0,1,0,0,0,0,0,0,1,0,0,0,0,0,0,1,0,0,0,0,0,0,0,0
92.70741631208334,0.6471276516251141,3.618516821941312,1.2937763536290872,0.0,247619.3885547812,0.1448968413600818,1.937837,1.471163,2.168632,118.940844,0.0,0.0,94.59940440008504,0.1216571950426454,0.6672566628356084,21.55429467343709,0.1216571950426454,0.6672566628356084,3.592382445572849,0.1216571950426454,0.6672566628356084,14.567972394961062,79.90137074207203,0.4170205207564396,2,0,0,0,0,0,1,0,0,0,1,0,0,0,0,0,0,0,0,0,0,0,0,1,0,0
38.19633807958333,5.192960073050263,8.473629818831702,1.2115783820049368,0.0,190357.2563886391,0.1373267137318206,1.066157,1.339326,2.797229,146.599286,1.137055,0.0,38.9758551832483,0.0226922041653747,0.6172772351578041,8.880574598714801,0.0226922041653747,0.6172772351578041,1.4800957664524668,0.0226922041653747,0.6172772351578041,1.1195545105548717,30.454314082818325,0.905799217948973,2,0,0,1,0,0,0,0,0,0,0,0,1,0,0,0,0,1,0,0,0,0,0,0,0,0
16.744105567083334,4.338349108787464,6.973456258110577,1.8768198481566607,0.0,182834.3113290617,0.1267127760773082,0.7790279999999999,1.247915,2.606718,174.41016399999998,1.135309,0.0,17.085822007227893,0.0293108478664707,0.5976083836481545,3.892972102912685,0.0293108478664707,0.5976083836481545,0.6488286838187807,0.0293108478664707,0.5976083836481545,0.6339239614271568,12.924848700050036,0.4057844615401705,2,0,0,0,1,0,0,0,0,0,1,0,0,0,0,0,0,0,0,1,0,0,0,0,0,0
71.84986991810185,1.828826700469001,9.239280450258324,0.9788508976963785,0.0,182352.8303357314,0.1322296005573204,1.736062,1.489822,2.2284580000000003,108.855347,1.13446,0.222934,73.31619379398147,0.0,0.6481330596097061,16.704955547995777,0.0,0.6481330596097061,2.784159257999296,0.0,0.6481330596097061,0.0,60.15018861092577,0.8848164148574081,1,0,0,0,0,0,0,1,0,0,1,0,0,0,0,1,0,0,0,0,0,0,0,0,0,0
19.18791929282408,0.3654024770362771,1.804503462583327,0.1360430116597697,0.0,171397.10025104915,0.1359840364729186,0.6165069999999999,0.96865,0.374662,198.900212,91.229148,0.0,19.579509482473544,0.0060501545909961,0.5998490366552869,4.461154059297769,0.0060501545909961,0.5998490366552869,0.7435256765496281,0.0060501545909961,0.5998490366552869,0.1499481761833414,14.866772026892162,0.0067851488068541,0,0,0,1,0,0,0,0,0,0,0,1,0,0,0,0,0,0,0,0,1,0,0,0,0,0
0.536964,0.4136452985038574,1.5636254209551594,0.1623240646501954,0.0,164454.1081197542,0.1389115776696937,0.481985,0.255778,0.437691,500.876517,207.786733,0.050185,13.948710378117912,0.0280212409055796,0.5947895947360503,3.178187174761044,0.0280212409055796,0.5947895947360503,0.5296978624601738,0.0280212409055796,0.5947895947360503,0.4947597137055716,10.501959231507966,0.450318996150758,0,0,0,1,0,0,0,0,0,0,0,1,0,0,1,0,0,0,0,0,0,0,0,0,0,0
117.28630783101852,0.4269900254780154,2.152743785858726,0.320695314699297,0.0,165034.67112559953,0.1389336443240408,1.504734,1.262564,0.56904,176.298591,82.894603,0.003251,119.67990595001888,0.0742372003303923,0.6897922458932705,27.26883933038405,0.0742372003303923,0.6897922458932705,4.544806555064008,0.0742372003303923,0.6897922458932705,11.246457156372234,104.49907735893532,0.8076596493765635,0,0,0,0,1,0,0,0,0,0,0,1,0,0,1,0,0,0,0,0,0,0,0,0,0,0
1.039115,0.4572588945035454,2.0700815576586504,0.2043080984545554,0.0,164567.22585056955,0.138899002143805,0.935784,0.33389,0.153289,491.696953,173.22423700000002,0.0,26.99308367890211,0.0326465784471134,0.6065103554780039,6.150322863547316,0.0326465784471134,0.6065103554780039,1.0250538105912192,0.0326465784471134,0.6065103554780039,1.1154833213326278,20.723525034858763,0.6876211431047607,0,1,0,0,0,0,0,0,0,0,1,0,0,0,1,0,0,0,0,0,0,0,0,0,0,0
25.21257845652778,6.605990680001622,7.374926647122243,1.6784245873526704,0.0,197856.59506145085,0.1316297432537273,0.971248,1.322509,1.968676,147.93515,0.0134949999999999,0.0,25.727120874007937,0.0326003047754684,0.6053728499189224,5.861875642179023,0.0326003047754684,0.6053728499189224,0.9769792736965038,0.0326003047754684,0.6053728499189224,1.061660736060728,19.71455757431238,0.2875439841702493,3,0,0,1,0,0,0,0,0,0,0,0,1,0,1,0,0,0,0,0,0,0,0,0,0,0
24.761726951435183,0.8348600457662035,5.251915094663771,0.5697026849507714,0.0,72420.52381454212,0.1074927627004022,0.954913,1.27664,1.765572,158.645323,1.136778,0.0,25.267068317791004,0.0064845770048218,0.6049594788955848,5.757053540762507,0.0064845770048218,0.6049594788955848,0.9595089234604176,0.0064845770048218,0.6049594788955848,0.2074003166997604,19.34880061107593,0.7837630519821099,3,0,0,0,0,0,1,0,0,0,0,1,0,0,0,0,0,0,0,0,1,0,0,0,0,0
80.33809779162037,9.646296484007252,8.509223686419517,1.6775967231471476,0.0,166774.828143735,0.1352429620260529,1.418068,1.427422,2.165326,136.769097,0.3709159999999999,0.0,81.97765080777589,0.0562367608010204,0.6559156385803109,18.67845208278438,0.0562367608010204,0.6559156385803109,3.1130753471307293,0.0562367608010204,0.6559156385803109,5.835642455071487,68.06382680872919,0.1641899094453226,3,0,0,0,1,0,0,0,0,0,0,1,0,0,0,0,0,1,0,0,0,0,0,0,0,0
42.5119620037963,4.865183196765342,6.401828138662471,1.1317718803739665,0.0,156150.60628372303,0.1297617632118489,1.2548469999999998,1.21379,1.537923,179.056151,1.13466,0.0,43.37955306509826,0.0158411064552465,0.6212340898155827,9.883948799642642,0.0158411064552465,0.6212340898155827,1.64732479994044,0.0158411064552465,0.6212340898155827,0.869848250740807,34.112477424054546,0.3618208427204609,2,0,0,0,0,0,0,1,0,0,0,1,0,0,0,0,0,0,1,0,0,0,0,0,0,0
173.74750338958333,0.0573213032806377,1.6594338869448189,0.18217998388842,0.0,35883.84528627098,0.0837151857731725,2.343983,1.477424,0.164493,141.032465,1.135215,0.0,177.29337080569726,0.0042035775792866,0.7415596724700432,40.39595790509558,0.0042035775792866,0.7415596724700432,6.732659650849262,0.0042035775792866,0.7415596724700432,0.9433752385759272,166.42229618453516,0.2976350848052808,1,0,0,0,1,0,0,0,0,0,0,0,1,0,0,0,0,0,0,0,0,0,1,0,0,0
43.21120188467592,2.4715633874031,11.243435296509192,2.9052399924333145,0.0,187476.4742580935,0.1295362204599151,1.458679,1.373206,1.377602,132.84630900000002,1.019439,0.0,44.09306314762849,0.0398937884012641,0.6218752000300386,10.046520717181174,0.0398937884012641,0.6218752000300386,1.6744201195301955,0.0398937884012641,0.6218752000300386,2.226632064778567,34.70934489223872,0.5955273483579737,1,0,0,0,0,0,1,0,0,0,0,0,1,0,1,0,0,0,0,0,0,0,0,0,0,0
83.18136442342593,0.941737491128256,4.322105982892519,0.5914459174914326,0.0,118959.21327469275,0.1102355247010573,2.458658,1.395015,2.26409,121.19621399999998,0.0,0.0,84.87894328921014,0.011512086735109,0.6585225369136539,19.339506065895986,0.011512086735109,0.6585225369136539,3.223251010982663,0.011512086735109,0.6585225369136539,1.236878173582009,70.75278109539344,0.7057233455526682,2,0,0,0,1,0,0,0,0,0,0,1,0,0,0,0,0,0,0,0,1,0,0,0,0,0
41.7785582200463,2.397615894425116,8.190156266557798,1.2418275534820786,0.0,110401.0101543765,0.125675352026733,1.421424,1.346773,1.878993,146.078917,1.135563,0.0,42.6311818571901,0.0078596382839446,0.620561655834141,9.713433840878755,0.0078596382839446,0.620561655834141,1.6189056401464592,0.0078596382839446,0.620561655834141,0.4241337582463012,33.4876921562839,0.8513439701193231,2,0,0,1,0,0,0,0,0,0,0,1,0,0,0,0,0,0,0,0,1,0,0,0,0,0
22.704077340925924,1.1153327818397138,10.25284659205009,1.940169602132244,0.0,182809.5586967925,0.1370144641692404,0.7653770000000001,1.201228,0.205273,144.573912,0.370688,0.0,23.16742585808768,0.0316164298701413,0.6030728871562675,5.278653992982003,0.0316164298701413,0.6030728871562675,0.8797756654970004,0.0316164298701413,0.6030728871562675,0.9271788543214272,17.68562835470342,0.085352977991856,0,0,0,0,0,0,1,0,0,0,1,0,0,0,0,0,0,0,1,0,0,0,0,0,0,0
79.46750378986111,4.075668319809637,9.410024089493056,2.208766917959392,0.0,198178.94019784173,0.1349084121878627,2.461087,1.562042,2.247656,83.05998100000001,1.135881,0.0,81.08928958149093,0.0446668078013648,0.655117419367657,18.476040664137173,0.0446668078013648,0.655117419367657,3.0793401106895284,0.0446668078013648,0.655117419367657,4.5848097626400905,67.24431155567464,0.9941128572754072,2,0,0,0,0,0,0,0,1,0,0,0,1,0,0,0,1,0,0,0,0,0,0,0,0,0
22.716373291064816,3.3232731579019013,9.268383499529724,1.5398746094257711,0.0,179053.46996777577,0.139256667586968,0.7312850000000001,1.214035,2.153751,154.099655,0.370651,0.0,23.179972745984507,0.0316212330720081,0.6030841609114495,5.28151277756609,0.0316212330720081,0.6030841609114495,0.8802521295943483,0.0316212330720081,0.6030841609114495,0.9278219250678138,17.695537232230798,0.1262986074546015,2,0,0,0,0,0,0,0,1,0,1,0,0,0,0,0,0,0,0,0,1,0,0,0,0,0
26.37488942027778,2.006142663726989,6.196778362031749,0.7708965554940614,0.0,155277.65241869004,0.1190490718368146,1.075338,1.286174,0.110922,149.192615,1.135866,0.395946,26.913152469671203,0.0066117776942218,0.6064385348885737,6.132110689292173,0.0066117776942218,0.6064385348885737,1.022018448215362,0.0066117776942218,0.6064385348885737,0.225245292633118,20.65971234549393,0.7960352869975186,2,0,0,1,0,0,0,0,0,0,1,0,0,0,0,0,0,0,0,0,1,0,0,0,0,0
9.669479182824071,3.0688392975919254,7.435154444879765,0.9535886322279914,0.0,176963.0920076439,0.1251867280321584,0.689811,1.221646,0.436796,156.941406,1.13589,0.0,9.866815492677626,0.0053265125094029,0.5911218897246356,2.2481351755468006,0.0053265125094029,0.5911218897246356,0.3746891959244667,0.0053265125094029,0.5911218897246356,0.0665262229743272,7.382899518475835,0.6474607170262852,2,0,0,1,0,0,0,0,0,0,0,0,1,0,0,0,0,0,0,0,1,0,0,0,0,0
33.90856460972223,3.340725193778388,11.596802234649658,2.137432435290705,0.0,168701.09682254196,0.1389647853924787,1.244659,1.2872370000000002,0.84982,131.649629,0.0,0.0264569999999999,34.60057613236962,0.0360728171678329,0.6133459156722181,7.883675574463964,0.0360728171678329,0.6133459156722181,1.313945929077327,0.0360728171678329,0.6133459156722181,1.5799243756008272,26.86344563379055,0.2375466694337954,2,0,0,0,0,0,1,0,0,0,1,0,0,0,0,0,0,1,0,0,0,0,0,0,0,0
0.768558,4.793532065636248,9.07358282189861,1.6293264833285654,0.0,168371.296856265,0.1386819226528814,0.6982109999999999,0.233805,0.104056,536.141782,1.114201,0.0,19.9648262281746,0.0301544646223381,0.6001952553108016,4.548947748191681,0.0301544646223381,0.6001952553108016,0.7581579580319467,0.0301544646223381,0.6001952553108016,0.7620615774539489,15.168093639563343,0.5475776057519051,3,0,0,1,0,0,0,0,0,0,1,0,0,0,1,0,0,0,0,0,0,0,0,0,0,0
0.945579,0.3009664925168172,4.693008486887248,1.4404769985795878,0.0,166150.73787844725,0.1389548512314149,0.8593770000000001,0.2441159999999999,0.8916959999999999,561.420637,39.878817,0.207279,24.56329960785148,0.031785013753854,0.6043271215966428,5.5967011764724885,0.031785013753854,0.6043271215966428,0.9327835294120812,0.031785013753854,0.6043271215966428,0.988284577057718,18.79021284674535,0.991228275624002,0,0,1,0,0,0,0,0,0,0,1,0,0,0,1,0,0,0,0,0,0,0,0,0,0,0
79.52065895319444,0.2404141635220828,2.2612064976772244,0.4536124533600658,0.0,171062.03053806955,0.1174324719722179,2.319396,1.594367,0.204561,97.746454,1.81725,0.011237,81.14352954407596,0.0446864825335743,0.6551661556012386,18.488399136624903,0.0446864825335743,0.6551661556012386,3.08139985610415,0.0446864825335743,0.6551661556012386,4.589897361625218,67.29429658646553,0.4269632267148727,1,0,0,0,1,0,0,0,0,0,1,0,0,0,0,0,1,0,0,0,0,0,0,0,0,0
126.80561349444446,0.5427230064102786,6.791635653955473,1.0306614008810309,0.0,187385.9149430456,0.1326051275614354,4.17799,1.61143,0.8935069999999999,79.881309,5.447058999999999,0.0,129.3934831575964,0.0158310813422391,0.6985201864215951,29.48205945362956,0.0158310813422391,0.6985201864215951,4.913676575604925,0.0158310813422391,0.6985201864215951,2.592960451928562,114.4100759202326,0.4017535469730862,1,0,0,0,0,0,0,1,0,0,0,0,0,1,0,0,0,0,0,0,1,0,0,0,0,0
32.60499023537037,1.1800744939479324,8.03876019324616,1.287413582670317,0.0,177605.70425846823,0.1256183109712972,1.119997,1.311502,0.42717,137.626801,13.569773,0.1193369999999999,33.27039819935752,0.0284369251348144,0.6121507108940687,7.580597058081461,0.0284369251348144,0.6121507108940687,1.2634328430135766,0.0284369251348144,0.6121507108940687,1.197604838988094,25.780377100589178,0.596621672877723,0,0,0,1,0,0,0,0,0,0,0,1,0,0,0,0,1,0,0,0,0,0,0,0,0,0
163.21697675013888,0.7341413532229636,9.364672709997896,2.7005443016973905,0.0,184296.9962529976,0.1376088306450729,3.631122,1.527262,0.43188,117.360206,6.763833999999999,0.0,166.5479354593254,0.0990284074509119,0.7319045764482677,37.94763086415009,0.0990284074509119,0.7319045764482677,6.324605144025014,0.0990284074509119,0.7319045764482677,20.877185838954755,154.30024830467215,0.5942669526070836,1,0,0,0,0,0,0,1,0,0,0,0,1,0,0,0,0,0,0,0,1,0,0,0,0,0
41.32551737393519,2.7501934861107697,8.955409193496338,0.953406321773712,0.0,109412.35368892386,0.1262165742347852,1.396151,1.412733,0.404725,115.628943,1.136481,0.0,42.1688952795257,0.0078220778753491,0.6201462774755122,9.608102721917248,0.0078220778753491,0.6201462774755122,1.6013504536528744,0.0078220778753491,0.6201462774755122,0.41752959847328,33.10238409221844,0.5441890865826623,2,0,0,0,0,0,1,0,0,0,0,1,0,0,0,0,0,0,0,0,1,0,0,0,0,0
23.979826718379627,0.9645251179341788,9.707851830718043,1.5355916074711642,0.0,103747.64498089028,0.1093378408546213,1.006891,1.1201290000000002,0.124975,183.201847,149.48453999999998,0.001894,24.469210937122067,0.0064231603821199,0.6042425801033322,5.575263251496168,0.0064231603821199,0.6042425801033322,0.9292105419160276,0.0064231603821199,0.6042425801033322,0.1989489446494423,18.715619176885205,0.7635569619343938,0,0,0,0,0,0,1,0,0,0,0,0,0,1,0,0,0,0,0,0,0,0,1,0,0,0
66.43081812055554,2.047749368835696,7.155851003935012,4.227506284519351,0.0,302135.6541704137,0.1439173506389705,1.916299,1.399353,2.021353,134.61558300000002,1.1361709999999998,0.0,67.7865491026077,0.0978236884396488,0.6431645079651661,15.445036504391624,0.0978236884396488,0.6431645079651661,2.5741727507319374,0.0978236884396488,0.6431645079651661,8.393835771914496,55.18721835472817,0.892779219571412,3,0,0,1,0,0,0,0,0,0,0,1,0,0,0,0,0,0,0,0,0,0,0,1,0,0
11.870250598055556,4.504729039234509,4.321800342280802,0.6567092873066736,0.0,164353.73729766186,0.1259421344122869,0.732718,1.0818290000000002,1.000894,154.109818,1.137044,0.0,12.11250061026077,0.0164753509810257,0.5931397051733376,2.7598102656290364,0.0164753509810257,0.5931397051733376,0.4599683776048393,0.0164753509810257,0.5931397051733376,0.2526046820404239,9.094183596053094,0.2978409211084079,3,0,0,0,1,0,0,0,0,0,1,0,0,0,0,0,0,1,0,0,0,0,0,0,0,0
17.53570509,45.93281480711963,9.78576898174606,4.25649736639407,0.0,150713.53363871403,0.122155903269061,0.878813,1.247792,0.072887,153.801663,7.11817,0.300707,17.89357662244898,0.0296144785286247,0.5983341754025691,4.0770174582795145,0.0296144785286247,0.5983341754025691,0.6795029097132522,0.0296144785286247,0.5983341754025691,0.6707708109947053,13.552327105564174,0.8390524584374919,3,0,0,0,0,0,1,0,0,0,0,0,1,0,1,0,0,0,0,0,0,0,0,0,0,0
25.98763063453704,0.2654219268591141,4.098011062299605,0.7549508952265449,0.0,136931.8117318645,0.1087847735634524,1.061657,1.31453,0.590968,161.018887,1.134647,0.0,26.51799044340514,0.0197435442939995,0.6060834699531128,6.042073771915095,0.0197435442939995,0.6060834699531128,1.0070122953191825,0.0197435442939995,0.6060834699531128,0.6627330619078806,20.344450207749965,0.1588577358609881,2,0,0,0,1,0,0,0,0,0,0,1,0,0,0,0,0,1,0,0,0,0,0,0,0,0
18.4972840312963,0.9381150245595036,3.808442809884783,0.8020395681583624,0.0,183701.69680193343,0.1296277862908743,0.8839469999999999,1.206956,0.262362,164.94581599999998,1.134369,0.292375,18.874779623771733,0.0396243540485268,0.5992158157353475,4.30058269908723,0.0396243540485268,0.5992158157353475,0.7167637831812049,0.0396243540485268,0.5992158157353475,0.9467100637977875,14.316539834282652,0.0809409033584293,2,0,0,0,1,0,0,0,0,0,1,0,0,0,0,0,0,0,0,0,0,0,0,0,0,1
36.12183563472223,0.5813768576089141,3.96493311380025,0.5785575622706105,0.0,163507.64173973323,0.1174638207546241,1.298164,1.384458,1.072599,126.445324,1.135246,0.0,36.8590159537982,0.0250854643228548,0.6153751916049662,8.39825679959959,0.0250854643228548,0.6153751916049662,1.3997094665999317,0.0250854643228548,0.6153751916049662,1.170412062891824,28.7115493733406,0.0746148050531684,2,0,0,0,1,0,0,0,0,0,0,1,0,0,0,0,0,0,0,0,0,1,0,0,0,0
30.053109618657405,4.081877490885252,4.398191536073204,0.8224965679488307,0.0,165412.0543877398,0.12609480927102,1.165215,1.28781,1.875584,156.328125,1.135271,0.1214599999999999,30.666438386385103,0.0345214049056301,0.6098109748833186,6.987289758923189,0.0345214049056301,0.6098109748833186,1.1645482931538649,0.0345214049056301,0.6098109748833186,1.3400614386708356,23.671810998228768,0.3453727560702972,2,0,0,1,0,0,0,0,0,0,1,0,0,0,0,0,0,1,0,0,0,0,0,0,0,0
124.56719050518518,0.483878855832475,5.672087964679983,1.5421175792348756,0.0,182655.0653102518,0.1331159387775462,3.802296,1.530781,0.57025,74.314841,4.5102720000000005,0.158465,127.10937806651548,0.0467931443620406,0.6964678494741061,28.96163044553517,0.0467931443620406,0.6964678494741061,4.826938407589196,0.0467931443620406,0.6964678494741061,7.528920857766657,112.06024707592044,0.1899436745871592,1,0,0,0,0,1,0,0,0,0,1,0,0,0,0,0,0,1,0,0,0,0,0,0,0,0
11.265087,0.6845266200083908,3.791906053785512,1.408093455991299,0.0,173045.8842550959,0.1392329684871849,2.341431,0.309585,0.0260089999999999,706.628218,2.985088,0.0,292.63309262315755,0.1268385091418112,0.8451958727146858,66.6758945217321,0.1268385091418112,0.8451958727146858,11.112649086955347,0.1268385091418112,0.8451958727146858,46.98372809351754,313.07883810737616,0.1630213303807662,0,1,0,0,0,0,0,0,0,0,1,0,0,0,1,0,0,0,0,0,0,0,0,0,0,0
18.748905503703703,0.5536782496588694,6.104486490610978,0.8905978107052169,0.0,63772.72215040468,0.1203892119318175,0.625181,1.057851,0.121119,161.486926,1.1366969999999998,0.093573,19.131536228269084,0.0,0.5994465192471866,4.359084203909411,0.0,0.5994465192471866,0.7265140339849018,0.0,0.5994465192471866,0.0,14.516876961882724,0.7076556590338583,2,0,0,0,0,1,0,0,0,0,0,0,1,0,0,1,0,0,0,0,0,0,0,0,0,0
27.86692532439815,0.3857669988267427,2.8315370373016924,0.294101987400358,0.0,170668.60633992805,0.1389555365240259,0.906269,1.222751,0.489884,169.277823,92.011259,0.003421,28.43563808612056,0.0336500755990874,0.6078065338895219,6.479006146204685,0.0336500755990874,0.6078065338895219,1.0798343577007807,0.0336500755990874,0.6078065338895219,1.2112169257041117,21.877679270964325,0.7171989799828152,0,0,0,1,0,0,0,0,0,0,0,1,0,0,0,0,0,0,0,1,0,0,0,0,0,0
32.758906000462964,0.3736830307282418,3.830675583949192,0.9554098936007748,0.0,186949.66852143285,0.1349515483605204,1.230013,1.169189,0.435198,131.783797,12.024403,0.248056,33.42745510251323,0.0356082281146985,0.6122918312332611,7.616382175256178,0.0356082281146985,0.6122918312332611,1.2693970292093628,0.0356082281146985,0.6122918312332611,1.506699299473587,25.908047719222083,0.4949857659849853,0,0,0,1,0,0,0,0,0,0,0,1,0,0,0,0,0,0,0,1,0,0,0,0,0,0
298.10339702902775,0.4772148967432461,3.296842000467314,0.2521693546780579,0.0,116801.7290729916,0.1252648393027216,2.94437,1.501729,0.132785,126.519555,1.136677,0.0,304.1871398255385,0.0374609759198822,0.8555775307474411,69.30846223873029,0.0374609759198822,0.8555775307474411,11.551410373121714,0.0374609759198822,0.8555775307474411,14.424236860939695,329.43757212286187,0.5094505455155526,0,0,0,0,0,1,0,0,0,0,1,0,0,0,0,0,0,0,0,0,1,0,0,0,0,0
1.684395,0.975190589753844,4.585011865881135,1.8286331422466169,0.0,165904.0151566247,0.1389609404462133,1.533501,0.38201,0.067606,513.611347,0.912443,0.0,43.75551809311224,0.038590284242384,0.6215719056722041,9.96961171741798,0.038590284242384,0.6215719056722041,1.6616019529029964,0.038590284242384,0.6215719056722041,2.1373897220075686,34.42683641115238,0.9509934442506652,1,0,1,0,0,0,0,0,0,0,0,0,1,0,1,0,0,0,0,0,0,0,0,0,0,0
45.28038372171296,0.338672937213374,1.800813912487716,0.1922467663276681,0.0,162905.8962361361,0.1235354796802397,1.5396219999999998,1.344768,0.349049,149.064662,1.135803,2.8000000000000003e-05,46.204473185421385,0.0407586114846042,0.6237723652912966,10.527601485285883,0.0407586114846042,0.6237723652912966,1.7546002475476472,0.0407586114846042,0.6237723652912966,2.383835660019499,36.48237155178302,0.8655095372407987,1,0,0,0,0,0,1,0,0,0,0,0,1,0,1,0,0,0,0,0,0,0,0,0,0,0
32.59791306324074,8.49418057126107,8.898579629490987,1.5603634316286594,0.0,199539.40368330336,0.1380371103862778,1.062217,1.292761,1.739853,152.357149,1.1353,0.0,33.26317659514361,0.035543303034155,0.6121442220660344,7.578951629273228,0.035543303034155,0.6121442220660344,1.2631586048788712,0.035543303034155,0.6121442220660344,1.4965609691136743,25.774508050986466,0.4653279545075885,3,0,0,0,0,0,1,0,0,0,0,0,1,0,1,0,0,0,0,0,0,0,0,0,0,0
56.09254617148148,0.1376914968289774,1.435945601772061,0.1317742622281007,0.0,72801.53018678806,0.0929858610704005,1.522636,1.448618,1.41388,134.057063,0.0,0.0,57.2372920117158,0.0018146378291426,0.633685683991287,13.04140830646689,0.0018146378291426,0.633685683991287,2.173568051077815,0.0018146378291426,0.633685683991287,0.131474626990057,45.91196523829513,0.0083513939674197,1,0,0,0,1,0,0,0,0,0,0,1,0,0,0,0,0,0,0,0,0,0,0,0,1,0
43.81166684518518,5.83627713041054,4.601044084242494,0.96509772396202,0.0,218063.1190984712,0.1276838925691674,1.4806700000000002,1.3044639999999998,0.026298,113.989732,0.921236,0.143238,44.70578249508692,0.0401441957847893,0.6224257467453105,10.186127657108411,0.0401441957847893,0.6224257467453105,1.6976879428514018,0.0401441957847893,0.6224257467453105,2.2717439053101,35.22282285232646,0.6723342360319068,3,0,0,1,0,0,0,0,0,0,0,1,0,0,1,0,0,0,0,0,0,0,0,0,0,0
119.81756791023146,0.3497236450012925,3.7248773889290057,0.8820322212412489,0.0,204716.62979616303,0.1265162493792369,2.448016,1.568671,0.335579,91.283296,0.0134949999999999,0.0,122.26282439819536,0.0755337706612862,0.6921130756065105,27.857352394525524,0.0755337706612862,0.6921130756065105,4.642892065754253,0.0755337706612862,0.6921130756065105,11.68983814999291,107.1135435779414,0.5716307589856301,2,0,0,0,0,0,1,0,0,0,0,0,1,0,1,0,0,0,0,0,0,0,0,0,0,0
39.30195529393519,0.814564119461629,4.353712963829223,1.0747555532901407,0.0,190195.2419064748,0.1220023518950819,1.384868,1.190876,0.081397,142.088856,1.1355540000000002,0.223187,40.10403601421958,0.0382747276738152,0.6182909394798567,9.137628458936106,0.0382747276738152,0.6182909394798567,1.522938076489351,0.0382747276738152,0.6182909394798567,1.9430013380571325,31.38729380274156,0.3730979273790974,2,0,0,0,1,0,0,0,0,0,1,0,0,0,1,0,0,0,0,0,0,0,0,0,0,0
19.167222382962965,3.485720073576454,4.387363323490683,0.8538220523358535,0.0,177389.03555905275,0.1330306516955796,0.849044,1.286624,1.754795,161.131672,1.136723,0.0,19.558390186696904,0.030242780820432,0.5998300603344527,4.45634206785499,0.030242780820432,0.5998300603344527,0.7427236779758317,0.030242780820432,0.5998300603344527,0.7487343134389403,14.850266285735662,0.4105970611775851,2,0,0,1,0,0,0,0,0,0,0,0,1,0,0,0,0,0,0,0,1,0,0,0,0,0
22.07930051212963,1.6200842667969582,11.650942415928098,2.5865475917034013,0.0,173161.4999906325,0.1135212917961805,0.98802,1.011696,0.4138699999999999,188.706349,164.273309,0.083643,22.52989848176493,0.018823574404252,0.6025000496828202,5.133394590781883,0.018823574404252,0.6025000496828202,0.8555657651303137,0.018823574404252,0.6025000496828202,0.5368268612553765,17.182613866597805,0.5941814929615528,0,0,0,1,0,0,0,0,0,0,1,0,0,0,0,0,0,1,0,0,0,0,0,0,0,0
1.776177,9.07963363529681,7.036399873326436,1.5574448533195386,0.0,169662.86838654077,0.1389855230026108,1.064665,0.390112,0.670676,600.623029,0.0,0.0,46.13973851743198,0.039435692755435,0.6237141992500681,10.512851814098426,0.039435692755435,0.6237141992500681,1.752141969016404,0.039435692755435,0.6237141992500681,2.3032310784677947,36.42786083925014,0.9715265532899252,3,1,0,0,0,0,0,0,0,0,1,0,0,0,1,0,0,0,0,0,0,0,0,0,0,0
30.80010768268518,0.2638673200383693,4.459363332183527,0.3826802312541636,0.0,66127.96825352218,0.1009210447872356,1.17114,1.268783,0.445743,153.97849,1.135278,0.381759,31.42868130886243,0.0069641039167701,0.6104958730164521,7.160965361512958,0.0069641039167701,0.6104958730164521,1.1934942269188262,0.0069641039167701,0.6104958730164521,0.2770539273442659,24.28744333343015,0.4436806046708776,3,0,0,0,0,0,0,0,0,1,0,0,1,0,0,0,0,0,0,0,1,0,0,0,0,0
96.45368428421295,4.601087986422385,8.23816049127556,1.2662405726149213,0.0,207371.2324827638,0.1289642968123479,1.697327,1.378034,2.2318580000000003,139.834039,1.1365040000000002,0.0,98.42212682062546,0.0433391830520013,0.6706914936121365,22.425294718623523,0.0433391830520013,0.6706914936121365,3.737549119770587,0.0433391830520013,0.6706914936121365,5.399410848919465,83.55808005292204,0.1702171948471564,2,0,0,1,0,0,0,0,0,0,0,0,1,0,0,0,0,0,0,0,0,1,0,0,0,0
18.58895632208333,9.3054888114083,6.374449570973714,1.1565042378233492,0.0,169829.46989283574,0.1384170623205834,0.615062,1.133672,0.821312,178.90508300000002,0.372062,0.0,18.96832277763605,0.0300197024501547,0.5992998670653893,4.321896329081633,0.0300197024501547,0.5992998670653893,0.7203160548469386,0.0300197024501547,0.5992998670653893,0.7207891212191486,14.389510530494537,0.2031019461673829,2,0,0,0,0,0,0,1,0,0,0,0,0,1,0,0,0,1,0,0,0,0,0,0,0,0
125.99873949930554,0.923708571232766,11.19942025658038,3.455787028054253,0.0,179169.66893360313,0.1383185676462072,3.472352,1.612289,1.221232,78.888824,0.371907,0.0,128.57014234623014,0.0787340711898208,0.6977803900023581,29.29446281306509,0.0787340711898208,0.6977803900023581,4.882410468844182,0.0787340711898208,0.6977803900023581,12.813735114396811,113.561676036723,0.7107401799565596,2,0,0,0,0,0,0,1,0,0,0,0,1,0,1,0,0,0,0,0,0,0,0,0,0,0
18.04322488703704,1.2866803387657917,8.577684950771378,1.287926250939175,0.0,142761.7548430006,0.1255411303354253,0.8635360000000001,1.176923,0.1836,169.2163,72.5525,0.0027489999999999,18.411453966364324,0.0106420143831503,0.5987995037323973,4.195014827779213,0.0106420143831503,0.5987995037323973,0.699169137963202,0.0106420143831503,0.5987995037323973,0.2480189340819741,13.955404427912448,0.7660221760280073,0,0,0,0,0,0,1,0,0,0,0,1,0,0,0,0,0,0,0,1,0,0,0,0,0,0
7.612007774490742,1.176923904844897,10.487443435678092,5.028979834178083,0.0,223196.19145308752,0.1320767183776953,0.647141,1.098974,0.290913,186.217459,113.122108,0.039855,7.767354871929329,0.0341813523832176,0.5892354613730746,1.7697770594269355,0.0341813523832176,0.5892354613730746,0.2949628432378225,0.0341813523832176,0.5892354613730746,0.3360742961555931,5.793418900771743,0.102808571709167,0,0,0,0,1,0,0,0,0,0,0,0,1,0,0,0,0,0,0,0,0,0,0,0,0,1
1.213577,8.282649741184226,7.398833203944656,1.2132214339231129,0.0,168289.06154451438,0.1382861943911019,1.057757,0.3618369999999999,0.5983,555.8121719999999,5.496507,0.0,31.52508193202004,0.0342535565038554,0.610582491868378,7.1829300604602615,0.0342535565038554,0.610582491868378,1.19715501007671,0.0342535565038554,0.610582491868378,1.3668938927178762,24.36539630684503,0.3355825653763308,3,1,0,0,0,0,0,0,0,0,0,0,1,0,1,0,0,0,0,0,0,0,0,0,0,0
3.307736,0.4923874933084995,7.015153795123386,3.8270124354236703,0.0,172196.01071642686,0.1384367028371893,2.195981,0.4930609999999999,0.67889,599.935973,8.447486999999999,0.0,85.92503682048375,0.0535429579799868,0.6594624833343092,19.57785649074313,0.0535429579799868,0.6594624833343092,3.262976081790522,0.0535429579799868,0.6594624833343092,5.8236463745670655,71.72701033193441,0.3442396269396215,1,0,0,1,0,0,0,0,0,0,1,0,0,0,1,0,0,0,0,0,0,0,0,0,0,0
0.773038,0.9121825697896576,10.119644943758738,3.09263688683224,0.0,173743.70662844725,0.1385960081141058,0.698893,0.2549599999999999,0.142925,534.168407,0.0,0.1289269999999999,20.08120315939153,0.0301957301225284,0.600299823474808,4.575464011000602,0.0301957301225284,0.600299823474808,0.7625773351667671,0.0301957301225284,0.600299823474808,0.7675526470084213,15.259167989549994,0.2041649111747956,2,0,0,0,1,0,0,0,0,0,0,1,0,0,1,0,0,0,0,0,0,0,0,0,0,0
9.21408,0.4727086239724422,8.20295244612568,9.42723005681301,0.0,186724.43409022785,0.1386376816949112,4.675726,0.30578,0.18308,772.315207,14.877834,0.0,239.3540969614513,0.1079465828585845,0.7973230967427728,54.53637652286232,0.1079465828585845,0.7973230967427728,9.08939608714372,0.1079465828585845,0.7973230967427728,32.70564159517847,241.57284785743576,0.560133217900022,1,0,0,1,0,0,0,0,0,0,1,0,0,0,1,0,0,0,0,0,0,0,0,0,0,0
1.363374,0.6920509664989489,7.89197386368859,2.3089901420424024,0.0,170604.1463953837,0.1387270565012947,1.075612,0.370307,0.273258,530.881392,1.113493,0.086313,35.41635763860544,0.0356333440333219,0.6140789198290161,8.069549841707568,0.0356333440333219,0.6140789198290161,1.3449249736179278,0.0356333440333219,0.6140789198290161,1.597472476131138,27.529669168345507,0.0080286658412983,1,0,0,1,0,0,0,0,0,0,0,0,1,0,1,0,0,0,0,0,0,0,0,0,0,0
54.93693051805556,1.7256762974267954,5.1251481897253495,0.4944003232949072,0.0,55722.33219752323,0.1017191831192238,1.571559,1.400866,2.647467,139.884885,1.135649,0.0,56.05809236536282,0.0,0.6326261377330494,12.772729906032032,0.0,0.6326261377330494,2.1287883176720053,0.0,0.6326261377330494,0.0,44.89090438200256,0.3033793550297869,0,0,0,1,0,0,0,0,0,0,0,1,0,0,0,1,0,0,0,0,0,0,0,0,0,0
1.045201,3.041932537115449,9.686345022645211,1.7879977512845604,0.0,168924.72242206236,0.1385407546977345,0.942477,0.340478,0.890598,534.90954,0.340892,0.00624,27.151179661800832,0.032702636892238,0.6066524094615179,6.186344733068544,0.032702636892238,0.6066524094615179,1.0310574555114238,0.032702636892238,0.6066524094615179,1.123943252754168,20.849782989308903,0.0095920659373908,2,0,0,0,1,0,0,0,0,0,0,0,1,0,1,0,0,0,0,0,0,0,0,0,0,0
67.89831303930556,0.4762968405973997,2.2442698474410627,0.1687555705739868,0.0,195551.36246627697,0.134982289938475,1.2666190000000002,1.111822,0.339733,183.461333,98.182379,0.0,69.28399289725057,0.0202264238850245,0.6445100061379665,15.786226229753296,0.0202264238850245,0.6445100061379665,2.631037704958882,0.0202264238850245,0.6445100061379665,1.7738827959326835,56.52433757907569,0.1808399580167241,0,0,0,1,0,0,0,0,0,0,1,0,0,0,0,0,0,0,1,0,0,0,0,0,0,0
33.99099584481481,0.1619598424191669,3.655441765019076,0.1128885581446208,0.0,85446.7471710132,0.1208791677310741,1.094851,1.323163,0.354298,124.520231,89.133842,0.169483,34.68468963756614,0.0,0.6134214941800423,7.9028406769138035,0.0,0.6134214941800423,1.317140112818967,0.0,0.6134214941800423,0.0,26.932068534996013,0.508385421333051,0,0,0,0,0,0,0,0,1,0,1,0,0,0,0,1,0,0,0,0,0,0,0,0,0,0
109.31962681152775,1.6658176491014678,7.582252169684541,1.6925018042397442,0.0,171722.52463654077,0.1357987845580069,1.351055,1.301845,0.922576,159.284768,0.37146,0.0,111.55063960359976,0.0702095322266039,0.6824878562030224,25.416601428668297,0.0702095322266039,0.6824878562030224,4.236100238111383,0.0702095322266039,0.6824878562030224,9.913820539426853,96.369565672325,0.8551431885746714,2,0,0,1,0,0,0,0,0,0,0,1,0,0,0,0,0,0,0,0,0,1,0,0,0,0
48.70830623527778,0.9246502833114826,7.855183330371226,2.200717212484895,0.0,171793.05834082735,0.1386090562069158,1.680254,1.493136,0.250886,103.674624,0.372166,0.000128,49.70235330130386,0.0422032789186101,0.6269153155118206,11.324586828145184,0.0422032789186101,0.6269153155118206,1.8874311380241968,0.0422032789186101,0.6269153155118206,2.655192758590168,39.4419829133758,0.3834442918072039,1,0,0,0,0,0,0,1,0,0,0,0,0,1,0,0,1,0,0,0,0,0,0,0,0,0
43.97854045421297,4.009575609108813,9.167236312116078,1.441296301942935,0.0,111276.10645233814,0.126590394251924,1.530229,1.23433,0.522714,119.05680900000002,1.135845,0.380017,44.87606168797242,0.0080427734110162,0.6225787477084939,10.22492544789245,0.0080427734110162,0.6225787477084939,1.704154241315408,0.0080427734110162,0.6225787477084939,0.4568708806774036,35.36567378200884,0.1472960626607348,2,0,0,0,0,1,0,0,0,0,0,0,1,0,0,0,0,0,0,0,1,0,0,0,0,0
40.31208159944444,0.8421963962147848,13.73889228765913,3.960200825898196,0.0,183017.4204698741,0.1278159760957141,1.464978,1.146889,0.094021,188.782695,135.45318400000002,0.093199,41.13477714229025,0.0386912258148451,0.619217091305662,9.3724808678636,0.0386912258148451,0.619217091305662,1.5620801446439332,0.0386912258148451,0.619217091305662,2.0146265205768152,32.242224118424815,0.0961973692875645,0,0,0,0,0,0,1,0,0,0,0,0,1,0,1,0,0,0,0,0,0,0,0,0,0,0
28.2749064774537,4.110319711607423,6.6960478680882805,1.2831954835987778,0.0,181199.66456834527,0.1400677201559217,0.8842139999999999,1.140342,1.366275,177.353815,1.136776,0.575551,28.85194538515684,0.0338122210677378,0.608180598486925,6.573860973833203,0.0338122210677378,0.608180598486925,1.0956434956388672,0.0338122210677378,0.608180598486925,1.234871336199015,22.21163723019843,0.1982598857666865,2,0,0,0,0,0,0,0,1,0,0,0,1,0,0,0,0,1,0,0,0,0,0,0,0,0
41.35578628638888,15.5475438364404,8.511834054256228,1.75672216624093,0.0,171579.84441509293,0.1117207292708561,1.424367,1.293539,0.145501,126.217186,7.115647,0.5664600000000001,42.199781924886615,0.0391229288334523,0.6201740300529683,9.615140185417204,0.0391229288334523,0.6201740300529683,1.6025233642362002,0.0391229288334523,0.6201740300529683,2.0898469177652483,33.12811243508018,0.137988484133967,1,0,0,0,1,0,0,0,0,0,0,1,0,0,1,0,0,0,0,0,0,0,0,0,0,0
15.165921639629628,11.022699114372976,5.92693218052816,1.9146690382946023,0.0,175073.8940909772,0.1302879905636362,0.806042,1.25614,0.80094,155.946952,1.137072,0.0,15.475430244520028,0.0287078825341022,0.5961613983376085,3.526047397485576,0.0287078825341022,0.5961613983376085,0.587674566247596,0.0287078825341022,0.5961613983376085,0.5623630805371826,11.67829637272048,0.5741667669274861,3,0,0,1,0,0,0,0,0,0,1,0,0,0,0,0,1,0,0,0,0,0,0,0,0,0
116.33312984944446,2.037289497663649,9.196119912236714,2.249685319207555,0.0,165891.82211106116,0.1351588724149788,2.887006,1.56642,1.920705,104.961156,0.370884,0.0,118.70727535657598,0.0737510671736076,0.6889183081261442,27.047227296435032,0.0737510671736076,0.6889183081261442,4.5078712160725045,0.0737510671736076,0.6889183081261442,11.082010428884518,103.51850038090714,0.8496583793427811,2,0,0,0,1,0,0,0,0,0,0,1,0,0,0,0,0,1,0,0,0,0,0,0,0,0
21.36257136055556,4.129386211613671,3.3124017895554467,0.4388602259848043,0.0,167550.39974895085,0.1388565868818216,0.72718,1.229052,0.773092,180.744899,0.372041,0.0,21.798542204648523,0.031093545612192,0.6018429041271428,4.966756451692069,0.031093545612192,0.6018429041271428,0.827792741948678,0.031093545612192,0.6018429041271428,0.8579670459740913,16.606706260992098,0.5362240963970253,1,0,0,0,0,1,0,0,0,0,0,0,0,1,0,0,0,1,0,0,0,0,0,0,0,0
32.62769828407407,0.2335231085832742,3.947895734144344,0.2401791558348589,0.0,91523.1760903777,0.1117814887824247,1.240034,1.327623,0.794251,125.785316,1.136437,0.098617,33.29356967762661,0.0071110624622102,0.6121715311624378,7.585876635408594,0.0071110624622102,0.6121715311624378,1.2643127725680987,0.0071110624622102,0.6121715311624378,0.2996869032500667,25.79920952837467,0.6358795551405667,2,0,0,0,0,0,1,0,0,0,0,1,0,0,0,0,0,0,0,0,0,1,0,0,0,0
1.7887970000000002,6.31044389818498,9.658726939194494,1.836889414478549,0.0,173905.27744679258,0.1374602946374628,1.102749,0.4757939999999999,1.237184,477.992093,6.506052,0.0,46.46756817635111,0.0395519361957032,0.6240087640334967,10.58754717942177,0.0395519361957032,0.6240087640334967,1.764591196570295,0.0395519361957032,0.6240087640334967,2.3264332806082675,36.70401238654063,0.0222873005149142,3,1,0,0,0,0,0,0,0,0,0,0,1,0,1,0,0,0,0,0,0,0,0,0,0,0
25.21201839254629,9.625777631354849,4.754485624871379,0.792573544475958,0.0,172883.0006182554,0.1357747019409275,1.072471,1.089113,0.707561,164.549957,0.371481,0.802783,25.72654938014928,0.0326000842182889,0.6053723364145455,5.861745428388443,0.0326000842182889,0.6053723364145455,0.9769575713980736,0.0326000842182889,0.6053723364145455,1.0616299701757426,19.714102919171072,0.7934726775547448,2,0,0,1,0,0,0,0,0,0,0,1,0,0,0,0,0,0,0,0,0,0,0,0,1,0
1.990633,1.0270883216560602,10.91159719471737,2.7207207651161176,0.0,168080.1214028777,0.1389367987247679,1.531699,0.37665,0.7892939999999999,633.9417599999999,1.10746,0.0,51.71066065159675,0.0414110575118671,0.6287198399152792,11.782175844667613,0.0414110575118671,0.6287198399152792,1.9636959741112685,0.0414110575118671,0.6287198399152792,2.7106242306581256,41.15382061618384,0.439958452837584,1,0,1,0,0,0,0,0,0,0,0,1,0,0,1,0,0,0,0,0,0,0,0,0,0,0
48.530587750972224,0.8099048702979831,7.608255062743629,1.296696655898929,0.0,153192.96475944246,0.1316481617500456,1.395075,1.398984,1.674178,139.287634,0.002262,0.0,49.52100790915533,0.0421280146429162,0.6267523712366133,11.283267624870836,0.0421280146429162,0.6267523712366133,1.8805446041451388,0.0421280146429162,0.6267523712366133,2.6407870206694506,39.28785966213948,0.4135166851272676,1,0,0,0,0,0,1,0,0,0,0,0,1,0,0,0,0,0,0,0,0,0,0,0,0,1
111.4718254050926,0.5567739354513532,4.205791642625841,1.2589648964164926,0.0,181504.91355665468,0.1331348361836063,3.077951,1.469118,0.770147,132.016401,15.76138,0.000525,113.74676061744142,0.0712896686728254,0.6844611368175896,25.916983431822096,0.0712896686728254,0.6844611368175896,4.319497238637015,0.0712896686728254,0.6844611368175896,10.264517565853913,98.5509330145977,0.6073421696277005,1,0,0,1,0,0,0,0,0,0,0,1,0,0,0,0,0,1,0,0,0,0,0,0,0,0
29.15418147092593,0.4196033560686546,2.34208684502174,0.24540258054253,0.0,166860.84603567145,0.1394689840307053,0.903427,1.127821,0.207634,186.558975,120.255031,0.0,29.74916476625095,0.0341623925692425,0.6089867770174194,6.778290706234393,0.0341623925692425,0.6089867770174194,1.129715117705732,0.0341623925692425,0.6089867770174194,1.286459044749043,22.932718949315618,0.8598587929844845,0,0,0,0,0,0,0,0,1,0,0,0,1,0,0,1,0,0,0,0,0,0,0,0,0,0
83.23978927967592,4.4781214516225765,9.814863536569426,1.6977751332221271,0.0,168003.36788069544,0.1388794890017532,1.597206,1.390678,2.541709,134.560522,0.0,0.0,84.93856048946522,0.0575877407022676,0.6585761047565991,19.353089731776883,0.0575877407022676,0.6585761047565991,3.225514955296147,0.0575877407022676,0.6585761047565991,6.191670629229369,70.80823583643642,0.6494446328954534,3,0,0,0,0,0,1,0,0,0,1,0,0,0,0,0,0,1,0,0,0,0,0,0,0,0
42.15492121560185,4.155930319564234,8.956248788810749,1.401358347001979,0.0,208760.6590415168,0.1349997441295525,1.343053,1.343213,2.385064,146.479497,1.135325,0.0,43.01522573020597,0.0315635245538538,0.620906730775362,9.800937508148197,0.0315635245538538,0.620906730775362,1.6334895846913655,0.0315635245538538,0.620906730775362,1.7186229538290148,33.80815592621066,0.0812263682486381,2,0,0,0,0,1,0,0,0,0,0,0,0,1,0,0,1,0,0,0,0,0,0,0,0,0
42.00546050490741,7.018450118940797,8.284935732825483,1.5644189775418893,0.0,156826.1999868855,0.1344521717845107,1.326151,1.397307,2.0182450000000003,142.05393,0.0,0.0,42.86271480092592,0.052056988677136,0.620769695130076,9.76618818248945,0.052056988677136,0.620769695130076,1.6276980304149082,0.052056988677136,0.620769695130076,2.8244352646368487,33.680853670149595,0.5822243127317587,2,0,0,0,0,0,1,0,0,0,0,0,0,1,0,0,0,0,0,0,0,0,0,1,0,0
16.471710812453704,1.1630117108495972,7.461212190220968,1.5635190209110292,0.0,164119.0604953537,0.1349893084747328,0.835707,1.229952,0.565384,142.853786,0.373002,0.0,16.80786817597317,0.0292065503456302,0.5973586337921571,3.829640850221735,0.0292065503456302,0.5973586337921571,0.6382734750369558,0.0292065503456302,0.5973586337921571,0.6213922127649071,12.709272367794949,0.3781648772929636,2,0,0,0,0,0,1,0,0,0,1,0,0,0,0,1,0,0,0,0,0,0,0,0,0,0
66.67024547263888,0.4898859524398113,2.3880872148975767,0.7302119225906811,0.0,330422.309333783,0.1512806216250363,2.0441,1.438797,0.383766,131.192424,1.136099,0.0,68.03086272718254,0.1060358065300127,0.6433840310862553,15.500702899864375,0.1060358065300127,0.6433840310862553,2.583450483310729,0.1060358065300127,0.6433840310862553,9.13127518760681,55.40502620213971,0.856461708255707,1,0,0,0,0,0,1,0,0,0,0,0,0,1,0,0,0,0,0,0,0,0,0,1,0,0
161.90556148004632,1.149455885378291,5.04767628425031,0.7712800602832858,0.0,171253.21574303057,0.1359959825855508,2.395684,1.454264,0.181509,120.201522,1.138579,0.0,165.20975661229215,0.078626759999701,0.7307021826088429,37.64272935469948,0.078626759999701,0.7307021826088429,6.273788225783245,0.078626759999701,0.7307021826088429,16.442921370586987,152.80902499351595,0.0976962132614939,1,0,0,0,0,1,0,0,0,0,0,0,1,0,0,0,1,0,0,0,0,0,0,0,0,0
42.22780590555555,1.3581874507794278,6.842035705808828,0.691250557343451,0.0,73545.68951869755,0.1125904411988721,1.303894,1.357166,1.149518,134.096483,1.135838,0.0,43.089597862811786,0.0,0.6209735563676723,9.81788305734952,0.0,0.6209735563676723,1.6363138428915869,0.0,0.6209735563676723,0.0,33.870254211801374,0.6055336969904782,2,0,0,0,0,0,0,1,0,0,0,0,0,1,0,1,0,0,0,0,0,0,0,0,0,0
83.16540259995371,6.424628861802374,6.915711383453662,1.8898495668701705,0.0,198050.51643060552,0.1277813532476802,1.4958209999999998,1.363222,1.386799,141.046411,1.464913,0.0,84.86265571423849,0.0575529740776227,0.6585079020389146,19.335794972864463,0.0575529740776227,0.6585079020389146,3.22263249547741,0.0575529740776227,0.6585079020389146,6.182402815797207,70.73763212130872,0.8006276059916528,3,0,0,0,1,0,0,0,0,0,0,1,0,0,1,0,0,0,0,0,0,0,0,0,0,0
10.809362129861112,11.313494702323164,3.260625627615469,0.8109752484898773,0.0,176384.96318570143,0.1327085005972597,0.675539,1.205483,2.948704,168.00151699999998,1.137054,0.0,11.029961357001136,0.0270598039417368,0.5921670111781062,2.5131557522281067,0.0270598039417368,0.5921670111781062,0.4188592920380177,0.0270598039417368,0.5921670111781062,0.3778083440574488,8.267821835677685,0.7788498022120512,3,0,0,1,0,0,0,0,0,0,0,0,1,0,0,0,1,0,0,0,0,0,0,0,0,0
16.402975687453704,5.33381229167362,8.842488209978281,2.1003908069013693,0.0,184671.1184427458,0.1374450136574624,0.8452870000000001,1.215222,0.178768,163.305507,0.372397,0.398908,16.737730293320105,0.02918024715313,0.5972956128004568,3.813660066832429,0.02918024715313,0.5972956128004568,0.635610011138738,0.02918024715313,0.5972956128004568,0.6182419072677365,12.654902370173929,0.5840353435350102,3,0,0,1,0,0,0,0,0,0,1,0,0,0,1,0,0,0,0,0,0,0,0,0,0,0
25.581660620324072,2.82114307886119,7.645400918644967,1.325923700341218,0.0,172088.38893884892,0.1386267488701738,0.846291,1.203601,1.091501,155.49894799999998,0.370303,0.179377,26.103735326861297,0.0327457384972674,0.6057112493032446,5.9476865301709285,0.0327457384972674,0.6057112493032446,0.9912810883618212,0.0327457384972674,0.6057112493032446,1.0820077098927638,20.014336881410628,0.4012026763862937,3,0,0,0,0,1,0,0,0,0,0,0,1,0,0,0,0,0,0,1,0,0,0,0,0,0
106.54837931625,0.3436865402247122,2.841559046178128,0.3900083373490569,0.0,161200.18930792867,0.1257959644553615,1.640305,1.43266,0.1732759999999999,149.99588300000002,9.276371,0.0,108.7228360369898,0.0688273649482406,0.6799469898643165,24.7722917552635,0.0688273649482406,0.6799469898643165,4.128715292543916,0.0688273649482406,0.6799469898643165,9.472286473576748,93.5769178390669,0.2771140731401845,1,0,0,0,0,0,1,0,0,0,1,0,0,0,1,0,0,0,0,0,0,0,0,0,0,0
23.2530927875,0.2538395476141136,1.801917808947804,0.1151347307653593,0.0,130470.21994904077,0.1278127471802475,0.75679,1.14337,0.133577,181.542063,153.797356,0.032527,23.72764570153061,0.0063662160493725,0.6035762614921962,5.406299020601911,0.0063662160493725,0.6035762614921962,0.9010498367669852,0.0063662160493725,0.6035762614921962,0.1912092644036836,18.128409729799017,0.2635780394825715,0,0,0,0,0,0,0,0,1,0,1,0,0,0,0,0,0,0,0,0,1,0,0,0,0,0
7.44532,3.2063704131604385,9.161684370155244,2.205481040820801,0.0,171545.90606264988,0.1385756003306352,2.767266,0.342279,1.298564,725.746366,4.771496,0.0,193.40702980536665,0.0916544475646923,0.756038278491016,44.067424512615176,0.0916544475646923,0.756038278491016,7.344570752102529,0.0916544475646923,0.756038278491016,22.438752496125147,185.09255425583544,0.3027040335104036,1,1,0,0,0,0,0,0,0,0,1,0,0,0,1,0,0,0,0,0,0,0,0,0,0,0
360.1660979558333,0.6359277680623445,4.616807959348463,1.6626873317775397,0.0,199063.2939148681,0.1334975546212505,5.350855999999999,1.668061,0.4452359999999999,70.190703,79.82671500000001,0.0,367.5164264855442,0.1414052228322259,0.912480794690056,83.7379199587316,0.1414052228322259,0.912480794690056,13.95631999312193,0.1414052228322259,0.912480794690056,65.78321795150856,424.4957986090873,0.2027892105644159,1,0,0,0,0,0,0,1,0,0,0,0,0,1,0,0,0,1,0,0,0,0,0,0,0,0
41.89153839958333,5.867515040816163,6.027124592154432,0.9320466569144664,0.0,186749.04635041967,0.1383832412407838,1.442643,1.241778,1.162949,156.608036,0.370325,0.343396,42.74646775467687,0.0393450664117726,0.6206652436716098,9.739701513723844,0.0393450664117726,0.6206652436716098,1.6232835856206405,0.0393450664117726,0.6206652436716098,2.1289400160461502,33.583856740578646,0.7283312832797647,2,0,0,1,0,0,0,0,0,0,0,1,0,0,0,0,0,0,1,0,0,0,0,0,0,0
52.32581040657407,2.274080804783664,10.335985107673444,1.590989051962928,0.0,112968.72964440948,0.1144595225598457,1.692507,1.243169,1.480379,103.386547,0.0,0.142258,53.39368408834089,0.0087488021841994,0.6302320869638969,12.165649539115645,0.0087488021841994,0.6302320869638969,2.027608256519274,0.0087488021841994,0.6302320869638969,0.5913047847778913,42.59545943504569,0.5315129221427963,1,0,0,0,1,0,0,0,0,0,1,0,0,0,0,0,0,0,0,0,1,0,0,0,0,0
20.68143172925926,1.5545243878158734,8.184494323867687,1.3840098386045268,0.0,101014.26075389687,0.1223660981019052,0.695545,1.149876,0.974582,174.48684,1.134954,0.049837,21.103501764550263,0.0,0.6012183894405013,4.808392807112718,0.0,0.6012183894405013,0.801398801185453,0.0,0.6012183894405013,0.0,16.060523218275556,0.0870585866549731,2,0,0,1,0,0,0,0,0,0,0,0,0,1,0,1,0,0,0,0,0,0,0,0,0,0
36.631468400416665,1.5707404008872217,9.086776310305517,1.6553471820245829,0.0,194395.9683003597,0.1392653502291626,1.181265,1.437897,1.733485,126.214359,1.135947,0.0,37.37904938818027,0.0371798597923188,0.6158424572467616,8.51674543021829,0.0371798597923188,0.6158424572467616,1.419457571703048,0.0371798597923188,0.6158424572467616,1.7591744499021562,29.13874129717088,0.040679737014983,1,0,0,0,0,0,0,0,1,0,1,0,0,0,0,0,0,0,1,0,0,0,0,0,0,0
35.852393944722216,0.4353672401796428,2.729320609312264,0.3194496645558652,0.0,174265.35630245804,0.1387521605625998,1.208433,1.260109,0.1358869999999999,163.58666200000002,91.023233,0.0,36.58407545379818,0.0368621532648339,0.6151281493175013,8.335612128713509,0.0368621532648339,0.6151281493175013,1.389268688118918,0.0368621532648339,0.6151281493175013,1.7070478435824763,28.4859425675781,0.4397113557553481,0,0,0,1,0,0,0,0,0,0,1,0,0,0,0,1,0,0,0,0,0,0,0,0,0,0
20.477746642175926,0.5940685317956572,5.936430312460847,1.5434246173293755,0.0,183940.22388339328,0.1302602421000993,0.736164,0.965909,0.0120819999999999,174.653676,111.988335,0.284668,20.895659838955027,0.0307499134459868,0.6010316372350962,4.761036419002411,0.0307499134459868,0.6010316372350962,0.7935060698337351,0.0307499134459868,0.6010316372350962,0.8133414322084185,15.897408410271884,0.4365305088730836,0,0,0,0,1,0,0,0,0,0,0,1,0,0,1,0,0,0,0,0,0,0,0,0,0,0
31.68475419888889,15.335263572150854,4.883403314960947,0.986931034200769,0.0,172282.22539156175,0.1281054284361054,1.136813,1.325291,1.420063,142.299431,0.013493,0.0,32.3313818356009,0.0351756673803457,0.6113069765207424,7.3666439625419775,0.0351756673803457,0.6113069765207424,1.227773993756996,0.0351756673803457,0.6113069765207424,1.4395923207544945,25.018226932479543,0.0039449773187184,3,0,0,0,1,0,0,0,0,0,1,0,0,0,1,0,0,0,0,0,0,0,0,0,0,0
207.42977669333337,1.0823795426663736,5.295241690368104,0.9586494067590012,0.0,208559.8696792566,0.1353865760943586,3.127936,1.655417,0.296457,84.076799,1.136102,0.0,211.6630374421769,0.1254205069168901,0.7724418490329192,48.22702118935676,0.1254205069168901,0.7724418490329192,8.037836864892792,0.1254205069168901,0.7724418490329192,33.60365247033737,206.9587190047584,0.1125031832048856,1,0,0,0,0,0,0,1,0,0,1,0,0,0,0,0,0,0,1,0,0,0,0,0,0,0
1.953881,7.226334104149176,10.935044082806264,2.532075493169917,0.0,184114.0651416367,0.1386502283296996,1.564752,0.435162,0.55481,593.014725,0.0,0.0,50.75595418372071,0.0410725330335201,0.6278620075126985,11.564647788695858,0.0410725330335201,0.6278620075126985,1.927441298115976,0.0410725330335201,0.6278620075126985,2.638829879567977,40.33890542659928,0.3678852655040264,2,0,0,0,1,0,0,0,0,0,1,0,0,0,1,0,0,0,0,0,0,0,0,0,0,0
45.79111115791667,5.393918162627186,10.083154304422065,1.897394893838348,0.0,181417.00522706835,0.1343015103960494,1.3576290000000002,1.412487,3.229917,135.615579,0.37064,0.0,46.72562363052721,0.0409729079349053,0.6242406346007376,10.646344624677086,0.0409729079349053,0.6242406346007376,1.774390770779514,0.0409729079349053,0.6242406346007376,2.4233983230564955,36.9215606927032,0.448682771839027,2,0,0,0,1,0,0,0,0,0,0,0,1,0,1,0,0,0,0,0,0,0,0,0,0,0
85.51726400291669,1.312576626130431,8.182993764214093,1.0480947426611855,0.0,117442.03254739958,0.1149974104812105,1.234477,1.076101,0.004208,163.403315,74.95970600000001,0.550016,87.2625142886905,0.0117311155423775,0.6606642469638171,19.88259819235986,0.0117311155423775,0.6606642469638171,3.3137663653933096,0.0117311155423775,0.6606642469638171,1.295805870429115,72.9762320135532,0.3989582479394499,0,0,0,0,0,0,0,0,0,1,1,0,0,0,0,0,0,0,0,0,1,0,0,0,0,0
38.186613332268514,0.9354288500132892,4.249414950537739,0.6047966851890801,0.0,165894.7039118705,0.1344032357815358,1.323791,1.206179,0.268787,181.37023,1.364126,0.005206,38.96593197170257,0.0226898102830965,0.6172683188545339,8.878313613805648,0.0226898102830965,0.6172683188545339,1.4797189356342744,0.0226898102830965,0.6172683188545339,1.119151397394908,30.4461206592063,0.0888447792573775,1,0,0,0,0,0,1,0,0,0,0,0,0,1,0,0,0,1,0,0,0,0,0,0,0,0
33.25924679555555,1.5491078217252552,5.053572807952369,0.6761289192475289,0.0,237501.39911196043,0.1343020325263055,1.101106,1.32345,0.712333,156.454294,1.13523,0.0310279999999999,33.93800693424036,0.035810214975396,0.612750577370623,7.732710440712992,0.035810214975396,0.612750577370623,1.2887850734521653,0.035810214975396,0.612750577370623,1.538389017913453,26.32345992881517,0.1486581183860984,1,0,0,1,0,0,0,0,0,0,1,0,0,0,1,0,0,0,0,0,0,0,0,0,0,0
16.950692803888888,45.857236198955874,4.10863393845318,1.1875690873578295,0.0,202851.1739920564,0.1350960671830234,0.852092,1.295257,0.4368479999999999,145.203588,1.137066,0.0,17.296625310090704,0.052902019878948,0.5977977967398758,3.94100323521054,0.052902019878948,0.5977977967398758,0.65683387253509,0.052902019878948,0.5977977967398758,1.158261286067259,13.088461394186574,0.5954317088617107,3,0,0,0,0,0,1,0,0,0,1,0,0,0,0,0,0,0,0,0,0,0,0,0,0,1
25.24310194351852,3.573787882745409,8.556786749288618,1.4563761006156315,0.0,188046.83483213428,0.134852240822441,1.011329,1.379139,2.033504,129.613329,0.0,0.0,25.758267289304605,0.0326123257435881,0.6054008359074589,5.868972293765606,0.0326123257435881,0.6054008359074589,0.9781620489609342,0.0326123257435881,0.6054008359074589,1.0633379790243211,19.73933740313008,0.7982769336932055,1,0,0,1,0,0,0,0,0,0,0,1,0,0,0,0,0,1,0,0,0,0,0,0,0,0
1.504367,1.635528042162065,10.442493607957871,1.882275256893332,0.0,167101.36527652878,0.1389679528719229,1.347029,0.344734,0.449316,543.49073,5.427255000000001,0.0,39.07893189375472,0.0369320374860751,0.6173698526744954,8.904060431488418,0.0369320374860751,0.6173698526744954,1.484010071914736,0.0369320374860751,0.6173698526744954,1.826917186855606,30.53943598218227,0.7200065894675899,1,0,1,0,0,0,0,0,0,0,0,0,1,0,1,0,0,0,0,0,0,0,0,0,0,0
63.9388643498611,3.613526926623832,10.69459649984785,1.6177204394226166,0.0,198133.321792566,0.1343980156760707,1.617017,1.3676,2.660182,133.69721299999998,1.136498,0.0,65.24373913251132,0.0390418601877325,0.6408797169227354,14.865662080825365,0.0390418601877325,0.6408797169227354,2.477610346804227,0.0390418601877325,0.6408797169227354,3.2243505586536694,52.92834059015779,0.4804333571813061,2,0,0,0,0,0,0,0,1,0,0,0,1,0,0,0,1,0,0,0,0,0,0,0,0,0
39.92263347268519,3.757108674346686,6.31678976257928,0.9922452404630556,0.0,148956.17425434652,0.1198859268205343,1.344299,1.413142,2.512656,146.025916,0.0,0.0,40.73738109457672,0.0308243953025228,0.61886001903491,9.28193493294153,0.0308243953025228,0.61886001903491,1.5469891554902548,0.0308243953025228,0.61886001903491,1.5895001752515845,31.912324607116616,0.2182378838459023,2,0,0,0,0,0,1,0,0,0,0,0,1,0,0,0,1,0,0,0,0,0,0,0,0,0
41.66290500787037,0.7550986304843454,4.098388409443039,0.7309367267919673,0.0,157919.81598471224,0.1317843754085705,1.439424,1.351765,1.037893,154.16886100000002,0.000121,0.028486,42.51316837537793,0.0392502241709508,0.6204556171803283,9.686544693124086,0.0392502241709508,0.6204556171803283,1.6144241155206809,0.0392502241709508,0.6204556171803283,2.112216948039193,33.389283699539654,0.6906159614523921,2,0,0,1,0,0,0,0,0,0,1,0,0,0,0,1,0,0,0,0,0,0,0,0,0,0
52.09200915175927,1.1214490715834162,4.543852871270489,1.016768146476014,0.0,266901.8774823891,0.1209856355451136,1.323306,1.418257,1.100061,122.801934,0.013491,0.0,53.1551113793462,0.043643930749906,0.6300177222276839,12.11129120035736,0.043643930749906,0.6300177222276839,2.018548533392893,0.043643930749906,0.6300177222276839,2.936579746890798,42.390711640474095,0.6418890365389027,3,0,0,1,0,0,0,0,0,0,0,1,0,0,1,0,0,0,0,0,0,0,0,0,0,0
39.34429103944445,0.9846699087025164,8.70502731782927,1.2995390220225858,0.0,98652.04179781176,0.1124348803925857,1.384162,1.381103,1.214471,137.742487,9.290506,0.004608,40.14723575453515,0.0136703002912435,0.6183297557425225,9.147471437742189,0.0136703002912435,0.6183297557425225,1.524578572957031,0.0136703002912435,0.6183297557425225,0.6947148969972733,31.42307655422682,0.5719845523188091,0,0,0,0,0,0,1,0,0,0,0,0,1,0,0,0,0,0,0,1,0,0,0,0,0,0
25.55727237967592,0.9067562523362732,9.604395553076582,2.446555600749503,0.0,167346.55393809953,0.1281408694365041,0.95272,1.165793,1.391302,171.295766,67.313772,0.052262,26.078849367016247,0.0327361231837255,0.6056888885217451,5.942016311472056,0.0327361231837255,0.6056888885217451,0.9903360519120092,0.0327361231837255,0.6056888885217451,1.0806587662891978,19.994518084853272,0.6909805475108359,0,0,0,0,0,0,1,0,0,0,1,0,0,0,0,0,0,0,0,1,0,0,0,0,0,0
54.61766859115742,0.9837868046060168,5.224409301218083,0.6480454184311472,0.0,125377.77684727218,0.1256743707298803,1.477671,1.450623,0.605432,135.65016200000002,1.134937,0.0,55.73231488893615,0.0178914910952572,0.6323334168971557,12.698502126593043,0.0178914910952572,0.6323334168971557,2.1164170210988407,0.0178914910952572,0.6323334168971557,1.2621952095613582,44.609373551024326,0.392657853686344,1,0,0,0,0,0,0,1,0,0,0,0,1,0,0,0,0,0,1,0,0,0,0,0,0,0
6.835723,2.275681533115945,11.24394785357322,2.2652636983697647,0.0,168727.46809427458,0.138903197535365,1.971274,0.362656,1.511348,673.307064,1.115614,0.0,177.5715324529006,0.0860394196362278,0.7418096090549048,40.45933650825584,0.0860394196362278,0.7418096090549048,6.743222751375972,0.0860394196362278,0.7418096090549048,19.339432400206547,166.739581098945,0.4270178061468979,1,0,0,1,0,0,0,0,0,0,0,0,1,0,1,0,0,0,0,0,0,0,0,0,0,0
100.603732929537,1.10612257571815,6.944321176130995,1.182992113579949,0.0,145153.26932516487,0.1212365467556946,1.92253,1.315143,1.868642,160.610625,1.135263,0.0,102.65687033626224,0.0235246302159957,0.6744965377032417,23.39017298800912,0.0235246302159957,0.6744965377032417,3.898362164668186,0.0235246302159957,0.6744965377032417,3.0569176123949275,87.64772609273355,0.1383250922146846,3,0,0,0,0,0,0,0,0,1,1,0,0,0,0,0,0,0,0,1,0,0,0,0,0,0
43.861130677731474,3.30073244937604,7.178165559860156,1.3830611958778165,0.0,142303.6170282524,0.1329532115400838,1.5028,1.23875,1.262065,142.748897,0.3709179999999999,0.591729,44.75625579360354,0.0401648437070265,0.6224710985182266,10.197627902340049,0.0401648437070265,0.6224710985182266,1.6996046503900075,0.0401648437070265,0.6224710985182266,2.275478504888337,35.265159125831815,0.2335973897719251,3,0,0,0,0,0,1,0,0,0,0,1,0,0,0,0,0,0,0,0,1,0,0,0,0,0
14.472307856018515,5.464740706004685,7.357940613222922,2.207553372108679,0.0,266010.0223415018,0.1478809117020177,0.798457,1.1743860000000002,1.6879509999999998,169.499468,0.0,0.230403,14.767661077569914,0.0557500010195837,0.5955254465080289,3.3647835366615,0.0557500010195837,0.5955254465080289,0.5607972561102498,0.0557500010195837,0.5955254465080289,1.0421482533308726,11.1323012115178,0.201440793572898,3,0,0,0,0,0,1,0,0,0,1,0,0,0,0,0,0,0,0,0,0,0,0,1,0,0
61.86596572458333,0.162653755030329,1.974505553428504,0.0972100832684934,0.0,91121.8646770084,0.121059942025718,0.990558,1.194313,0.266324,177.486542,128.190572,0.0,63.12853645365647,0.0,0.6389791438597039,14.383717166655902,0.0,0.6389791438597039,2.3972861944426502,0.0,0.6389791438597039,0.0,51.06052933705508,0.3064686777144955,0,0,0,0,0,0,0,1,0,0,0,1,0,0,0,1,0,0,0,0,0,0,0,0,0,0
69.90769531759258,8.094107711343742,7.916166247795526,4.118224413131924,0.0,284450.6315478867,0.1378036294069936,2.113003,1.389328,1.586425,104.339276,0.0,0.364612,71.33438297713529,0.1008787421544966,0.6463523431364453,16.253403716309307,0.1008787421544966,0.6463523431364453,2.708900619384884,0.1008787421544966,0.6463523431364453,9.109016236836135,58.36347542210627,0.8905461685981712,3,0,0,0,1,0,0,0,0,0,0,0,1,0,0,0,0,0,0,0,0,0,0,0,0,1
2.673976,4.18138980350906,8.520249586311175,1.5175279304563856,0.0,166715.20612260193,0.1387532177052909,1.121916,0.422805,1.193699,581.1398889999999,5.719078,0.0,69.46185737226001,0.0477053634709199,0.6446698227046967,15.826752312666835,0.0477053634709199,0.6446698227046967,2.6377920521111395,0.0477053634709199,0.6446698227046967,4.194560953555524,56.68349781887822,0.250819678095848,3,1,0,0,0,0,0,0,0,0,1,0,0,0,1,0,0,0,0,0,0,0,0,0,0,0
49.21037813722222,1.2318207135589287,5.193940203824489,0.8828206955671882,0.0,182881.7616344425,0.1380251258325805,1.182712,1.346077,0.363681,157.21649399999998,0.3699639999999999,0.0,50.214671568594106,0.0424161242737816,0.6273756488445288,11.441317572591062,0.0424161242737816,0.6273756488445288,1.90688626209851,0.0424161242737816,0.6273756488445288,2.69609082230458,39.87780019855904,0.7557533245010808,1,0,0,0,0,1,0,0,0,0,0,0,1,0,1,0,0,0,0,0,0,0,0,0,0,0
32.33053342699075,2.593843206513128,9.410049995930075,1.0694008263752617,0.0,150316.40338354316,0.1268751329923276,1.080459,1.365145,0.067263,131.710668,1.134443,0.031463,32.990340231623215,0.0070871094160841,0.6118990704083204,7.516786381888833,0.0070871094160841,0.6118990704083204,1.2527977303148057,0.0070871094160841,0.6118990704083204,0.2959571530320976,25.55285888630944,0.4530053289871929,2,0,0,0,0,0,0,1,0,0,1,0,0,0,0,0,0,0,0,0,1,0,0,0,0,0
1.7223970000000002,0.7365728569545335,10.148021285196574,2.6971456432799927,0.0,168117.37160896283,0.1390225785992128,1.517386,0.4311109999999999,0.157888,498.79241500000006,0.0,0.0,44.7426958029573,0.0389403225321681,0.6224589144598311,10.19453828421812,0.0389403225321681,0.6224589144598311,1.699089714036353,0.0389403225321681,0.6224589144598311,2.2054367158554964,35.25378463229777,0.2232659669221001,2,1,0,0,0,0,0,0,0,0,1,0,0,0,1,0,0,0,0,0,0,0,0,0,0,0
34.46185690851852,40.5983946152228,8.147825637881418,1.9597431940140484,0.0,152731.51944694246,0.1315500157699882,1.232559,1.303441,1.84859,133.98583200000002,0.370915,0.0,35.16516011073318,0.0362970060493657,0.613853211314297,8.012314961939206,0.0362970060493657,0.613853211314297,1.3353858269898675,0.0362970060493657,0.613853211314297,1.6156835813496155,27.32436260804429,0.2991035189800339,3,0,0,0,0,0,1,0,0,0,1,0,0,0,0,0,0,0,0,0,0,1,0,0,0,0
30.35775896712963,7.296038261992182,10.043207024498807,2.3776462092388164,0.0,176402.83103829436,0.1263298267226139,1.080847,1.369073,1.431222,142.375654,0.921092,0.0,30.977305068499625,0.0346433078135053,0.6100902979231989,7.058120142189788,0.0346433078135053,0.6100902979231989,1.1763533570316311,0.0346433078135053,0.6100902979231989,1.3584257148365737,23.92272566847944,0.914097507933072,1,0,0,0,0,0,1,0,0,0,0,0,1,0,1,0,0,0,0,0,0,0,0,0,0,0
40.93044314990741,1.885965852142809,9.14307420659694,1.4778278617264269,0.0,191082.7854279077,0.1382126753314507,1.376372,1.46568,2.240246,119.116697,1.137119,0.0,41.76575831623205,0.0389468291679168,0.619784046819884,9.51624873028072,0.0389468291679168,0.619784046819884,1.5860414550467865,0.0389468291679168,0.619784046819884,2.0590428534313845,32.766773047766485,0.8412194934249422,1,0,0,1,0,0,0,0,0,0,0,0,1,0,0,0,0,0,1,0,0,0,0,0,0,0
6.038437999999999,1.0943150937700157,3.2952050539515287,0.52971791533186,0.0,168006.99479166666,0.1385587333596581,1.158045,0.395513,0.094098,633.435656,0.015316,0.0,156.86046513029098,0.0786955883149684,0.7232000937335203,35.740359143610604,0.0786955883149684,0.7232000937335203,5.9567265239351,0.0786955883149684,0.7232000937335203,15.625603274414985,143.59683934849372,0.9935900756059002,1,0,0,1,0,0,0,0,0,0,0,0,1,0,1,0,0,0,0,0,0,0,0,0,0,0
19.6018829475,8.979527464587626,7.248555232580903,1.269724571161705,0.0,124661.26278664568,0.1077582573594092,0.931165,1.231957,1.160692,133.30425300000002,0.0,0.4669029999999999,20.001921375,0.0108566340420578,0.6002285864130787,4.5573998069620245,0.0108566340420578,0.6002285864130787,0.7595666344936707,0.0108566340420578,0.6002285864130787,0.2748778993751761,15.197120243622525,0.1665620518162379,1,0,0,0,1,0,0,0,0,0,0,1,0,0,0,0,0,0,0,0,0,1,0,0,0,0
72.92649109268518,2.8948254302251253,4.864919690205324,0.5471110231013036,0.0,156982.35641486812,0.136898003804455,2.540124,1.576404,1.095203,80.06727,1.1361370000000002,0.0,74.4147868292706,0.0188619255640816,0.6491201784097045,16.955267885150263,0.0188619255640816,0.6491201784097045,2.8258779808583765,0.0188619255640816,0.6491201784097045,1.776716670937598,61.14448063662817,0.9109783317445608,1,0,0,0,0,0,1,0,0,0,1,0,0,0,0,0,0,0,0,1,0,0,0,0,0,0
356.78254778407404,0.291172030696766,2.763251697130912,0.2372271501832157,0.0,146006.78915617507,0.135827963917161,4.604575,1.532663,0.21273,116.456414,28.652205,0.064049,364.06382426946334,0.083149710505641,0.9093785280208408,82.95125109937139,0.083149710505641,0.9093785280208408,13.825208516561895,0.083149710505641,0.9093785280208408,38.31873619440815,419.0782590124084,0.8303865525793427,1,0,0,1,0,0,0,0,0,0,0,0,1,0,0,0,0,0,0,1,0,0,0,0,0,0
23.83235168907408,5.845279732482325,8.439807153148331,1.5336447722620243,0.0,108392.00659472424,0.1222227379072198,0.790511,1.170539,0.555372,175.827975,1.13675,0.0,24.31872621334089,0.0064115939161978,0.6041073650644732,5.540975592913115,0.0064115939161978,0.6041073650644732,0.9234959321521856,0.0064115939161978,0.6041073650644732,0.1973693633406797,18.59635647400721,0.3122658787565675,3,0,0,0,0,0,0,1,0,0,0,1,0,0,0,0,0,0,0,0,1,0,0,0,0,0
31.068047382916664,8.980804717798026,8.952032213874286,1.663515088083647,0.0,199505.7696717626,0.1368347804823653,1.047742,1.269193,2.368569,162.297023,0.369735,0.0,31.702089166241493,0.0349279811140972,0.6107415381785429,7.2232608226879345,0.0349279811140972,0.6107415381785429,1.2038768037813223,0.0349279811140972,0.6107415381785429,1.4016328755391263,24.50858569729576,0.9423681074670174,3,0,0,1,0,0,0,0,0,0,0,0,0,1,0,0,0,0,1,0,0,0,0,0,0,0
34.765513416296294,2.044601626247525,7.9323562638079235,1.332624342658823,0.0,154702.48926483814,0.1343302565048352,1.042643,1.368173,2.417392,140.694213,0.37185,0.0,35.47501369009826,0.0247111124168388,0.614131624050964,8.082914511667957,0.0247111124168388,0.614131624050964,1.347152418611326,0.0247111124168388,0.614131624050964,1.1096544952973633,27.57763008953193,0.8577154726963339,0,0,0,0,0,0,1,0,0,0,0,0,1,0,0,0,0,0,0,0,0,0,1,0,0,0
28.055285024351846,2.8199212099436664,8.965346531902286,1.4934253452493131,0.0,196540.3962642386,0.1364124848974122,0.957847,1.013578,0.031768,143.105201,1.137105,0.80228,28.62784186158352,0.0337249098551057,0.6079792347478886,6.522799411500041,0.0337249098551057,0.6079792347478886,1.0871332352500067,0.0337249098551057,0.6079792347478886,1.222115678643199,22.031814414543184,0.1559001351960266,1,0,0,0,0,1,0,0,0,0,0,0,0,1,0,0,0,0,0,0,1,0,0,0,0,0
24.05138762074074,22.25368432432628,4.294449775339031,0.9673299051160148,0.0,164052.58132868705,0.1297851041924181,1.015278,1.206261,1.799629,151.012497,0.0,0.0,24.54223226606198,0.0321438744596804,0.6043081919580247,5.591901022647034,0.0321438744596804,0.6043081919580247,0.9319835037745056,0.0321438744596804,0.6043081919580247,0.9985853581273622,18.773508870022543,0.3356895727078048,3,0,0,0,1,0,0,0,0,0,1,0,0,0,0,0,0,0,0,0,1,0,0,0,0,0
29.657577160462964,7.1053838506877,8.915538482528797,1.3515311084348234,0.0,198267.51318944845,0.1359353748013933,0.980197,1.3583120000000002,0.926356,136.959017,1.136742,0.1491549999999999,30.262833837207108,0.0343633115499612,0.6094483240877456,6.895329228730733,0.0343633115499612,0.6094483240877456,1.1492215381217887,0.0343633115499612,0.6094483240877456,1.3163685918134915,23.34637134712885,0.4271493930010676,3,0,0,0,0,1,0,0,0,0,0,0,0,1,0,0,0,1,0,0,0,0,0,0,0,0
49.56637516981481,1.4699535688622107,4.641029328179302,0.554466773851884,0.0,182974.87320143884,0.1332808008832897,1.689023,1.340185,0.747482,136.85714199999998,1.136997,0.064275,50.57793384674981,0.0170268949169214,0.6277020508993201,11.524086192930335,0.0170268949169214,0.6277020508993201,1.920681032155056,0.0170268949169214,0.6277020508993201,1.090107803447613,40.18718076690505,0.2370739441444356,1,0,0,0,0,0,0,1,0,0,0,0,1,0,0,0,0,0,1,0,0,0,0,0,0,0
18.53221165777778,1.1946164832698356,8.44300303756476,1.1748441494197297,0.0,125773.19153739508,0.1223853481151789,0.909031,1.055478,0.229546,156.978305,1.136257,0.0,18.91042005895692,0.01070922704222,0.5992478397355745,4.308703304572463,0.01070922704222,0.5992478397355745,0.7181172174287437,0.01070922704222,0.5992478397355745,0.2563493441457242,14.344339707369883,0.4185417937923973,1,0,0,1,0,0,0,0,0,0,1,0,0,0,0,0,0,0,0,0,0,0,1,0,0,0
26.20651382148148,0.514924787252927,1.895352033688296,0.1944913174644362,0.0,217188.8246964928,0.1352157232394035,0.878443,1.055683,0.117195,179.950656,99.217322,0.085912,26.74134063416477,0.0329923506036948,0.606284156800016,6.092963688797037,0.0329923506036948,0.606284156800016,1.015493948132839,0.0329923506036948,0.606284156800016,1.1167844124242998,20.52259640264126,0.3622876395644976,0,0,0,0,0,0,0,1,0,0,0,0,0,1,1,0,0,0,0,0,0,0,0,0,0,0
32.37136718273148,0.5045388969871923,6.335459366119165,1.7252665826742597,0.0,184406.8040317745,0.1383797063780345,1.090115,1.214035,0.098716,137.336343,1.591297,0.149992,33.03200732931784,0.0354519975153583,0.611936509545612,7.526280150983812,0.0354519975153583,0.611936509545612,1.2543800251639683,0.0354519975153583,0.611936509545612,1.4823425845142706,25.586697808085862,0.0543494416241944,1,0,0,1,0,0,0,0,0,0,1,0,0,0,0,0,0,1,0,0,0,0,0,0,0,0
191.17335956685187,0.5731548835619462,2.752992850699299,0.5606735129740169,0.0,196096.64379121704,0.137045804169967,3.802102,1.529512,0.5748989999999999,118.438002,4.202801999999999,0.0,195.07485670086925,0.0923425788510448,0.7575368709914321,44.44743570399552,0.0923425788510448,0.7575368709914321,7.40790595066592,0.0923425788510448,0.7575368709914321,22.80217131234974,187.0587298155424,0.2383513274892431,1,0,0,0,0,0,0,0,1,0,1,0,0,0,0,0,1,0,0,0,0,0,0,0,0,0
10.131201020648149,5.124861019692546,7.436704669924949,1.4807169373801572,0.0,207529.56682778776,0.1303705040285055,0.6814520000000001,1.247833,1.662192,168.901258,1.1347120000000002,0.0,10.337960225151171,0.0268054226430631,0.591545227401105,2.355484608262292,0.0268054226430631,0.591545227401105,0.3925807680437153,0.0268054226430631,0.591545227401105,0.3507764469650047,7.74097599019067,0.8302128671532972,3,0,0,1,0,0,0,0,0,0,0,0,1,0,0,0,0,1,0,0,0,0,0,0,0,0
48.64410253703704,2.604110591417308,9.190997326116769,1.2081563858677158,0.0,178803.8129496403,0.1320865900396443,1.212646,1.423903,2.836559,126.585777,1.134753,0.0,49.63683932350719,0.0,0.6268564492373508,11.30965959269784,0.0,0.6268564492373508,1.88494326544964,0.0,0.6268564492373508,0.0,39.38629474645395,0.9013462310358452,1,0,0,0,0,1,0,0,0,0,0,0,0,1,0,1,0,0,0,0,0,0,0,0,0,0
38.932720385416665,2.195591482327139,8.457295243974498,1.997320096448457,0.0,161450.06916029676,0.1321630076967554,1.315123,1.33818,1.720989,149.931577,0.01348,0.0,39.72726569940476,0.0381228067591661,0.6179524000488861,9.051782058092224,0.0381228067591661,0.6179524000488861,1.5086303430153705,0.0381228067591661,0.6179524000488861,1.9171074345929848,31.07539137509741,0.6279846006432696,2,0,0,0,0,0,0,0,0,1,1,0,0,0,1,0,0,0,0,0,0,0,0,0,0,0
2.461662,5.411025528713382,11.083042103609593,2.331179255204235,0.0,168095.1110986211,0.1388891826537873,1.099422,0.482954,1.253484,528.334614,0.8736809999999999,0.0,63.94657795833333,0.0457497287817662,0.6397141786929013,14.570106370253162,0.0457497287817662,0.6397141786929013,2.4283510617088604,0.0457497287817662,0.6397141786929013,3.7032134153364846,51.78168683397062,0.5842330298541522,3,1,0,0,0,0,0,0,0,0,0,1,0,0,1,0,0,0,0,0,0,0,0,0,0,0
82.6485399174074,2.1717346723702886,5.274624110697556,0.8245746475472439,0.0,181956.4554668765,0.13531869564125,2.865018,1.641341,1.275634,83.510064,1.135539,0.0,84.33524481368103,0.0343869589112391,0.6580340075224368,19.21562540058555,0.0343869589112391,0.6580340075224368,3.202604233430925,0.0343869589112391,0.6580340075224368,3.6709273394649937,70.24741660776245,0.3884311375353065,1,0,0,0,0,0,0,0,1,0,1,0,0,0,0,0,0,1,0,0,0,0,0,0,0,0
44.083272418750006,0.9227840189310572,7.285629878512961,0.8744692482250772,0.0,79243.23463260641,0.1089213668353123,1.348139,1.287851,0.308875,154.44435,58.137714,0.02678,44.98293103954082,0.0016103044663948,0.6226747730269586,10.24927542673082,0.0016103044663948,0.6226747730269586,1.7082125711218032,0.0016103044663948,0.6226747730269586,0.0916914110943078,35.455362500168874,0.6772142839936661,0,0,0,0,0,0,1,0,0,0,1,0,0,0,0,0,0,0,0,0,0,0,1,0,0,0
15.0956081525,5.43977422708516,10.605197730396004,2.1140974588531383,0.0,163041.56155388188,0.1227776378178768,0.8224870000000001,1.21825,1.644672,133.371317,0.0,0.51018,15.403681788265306,0.0229448735153288,0.59609693019721,3.5096996479591835,0.0229448735153288,0.59609693019721,0.5849499413265306,0.0229448735153288,0.59609693019721,0.4473867472178761,11.6228954781261,0.823391106176343,1,0,0,0,0,0,1,0,0,0,1,0,0,0,0,0,1,0,0,0,0,0,0,0,0,0
7.159185000000001,6.3457377219943405,8.72649145469391,1.767510407262569,0.0,166744.99415467627,0.1386262763032524,1.920666,0.316009,0.510336,719.091518,6.855784,0.0,185.9741027487245,0.0890188440162641,0.7493595705428114,42.37384619591191,0.0890188440162641,0.7493595705428114,7.062307699318651,0.0890188440162641,0.7493595705428114,20.955948916016947,176.4069288200872,0.9849028817877702,3,0,0,0,1,0,0,0,0,0,0,0,1,0,1,0,0,0,0,0,0,0,0,0,0,0
1.321167,2.755080946915441,13.803737112086454,2.8028887959121227,0.0,168851.51543764988,0.1390906046870515,1.140046,0.349398,0.445129,526.76468,0.0,0.0,34.31994667077664,0.0352445732818637,0.613093761682093,7.819734684480752,0.0352445732818637,0.613093761682093,1.3032891140801253,0.0352445732818637,0.613093761682093,1.5311289562884085,26.63461418369021,0.0523114963572868,2,0,0,1,0,0,0,0,0,0,1,0,0,0,1,0,0,0,0,0,0,0,0,0,0,0
1.651576,3.570426638463704,9.252938978391873,2.2791833290093235,0.0,176283.29901079138,0.1377832768417948,1.43294,0.380373,0.8888879999999999,525.045109,0.280454,0.0,42.902979140967496,0.0382879868203424,0.6208058738475335,9.775362335916643,0.0382879868203424,0.6208058738475335,1.6292270559861073,0.0382879868203424,0.6208058738475335,2.0793274682313814,33.71445753958333,0.0586866019694929,2,0,0,1,0,0,0,0,0,0,0,1,0,0,1,0,0,0,0,0,0,0,0,0,0,0
80.69552044162037,1.2096929232851208,4.778882267949679,0.560832673018213,0.0,184589.81892610912,0.1346438639669967,2.679883,1.541624,0.608531,129.660342,1.134986,0.0,82.34236779757181,0.0225610376282788,0.6562433477371522,18.761552156408765,0.0225610376282788,0.6562433477371522,3.1269253594014605,0.0225610376282788,0.6562433477371522,2.3515560231425217,68.40079886592709,0.3913298976328019,1,0,0,0,0,0,0,1,0,0,0,0,1,0,0,0,0,0,1,0,0,0,0,0,0,0
8.752247125879629,33.64791213208251,6.1498715054217,1.5342268946645357,0.0,235082.06870128887,0.1340463947978237,0.680006,0.927569,0.5093260000000001,167.369981,1.135862,0.261785,8.930864414162887,0.0431944210103841,0.5902809096020577,2.0348804994295184,0.0431944210103841,0.5902809096020577,0.3391467499049197,0.0431944210103841,0.5902809096020577,0.488308249989885,6.673061734081919,0.1978811172025795,3,0,0,0,1,0,0,0,0,0,0,1,0,0,0,0,0,0,0,0,0,0,0,1,0,0
53.56978888180555,16.237486899899636,7.487477551833045,1.2383721402223162,0.0,167918.55536196043,0.134042645476276,1.20848,1.359785,1.398334,156.56366,1.136144,0.0,54.66304987939342,0.017711068090673,0.6313726502081314,12.454872124418753,0.017711068090673,0.6313726502081314,2.0758120207364588,0.017711068090673,0.6313726502081314,1.2254949347567026,43.687031228875824,0.5736064901042145,3,0,0,0,0,0,0,1,0,0,0,1,0,0,0,0,0,0,1,0,0,0,0,0,0,0
36.6145646511574,1.5558201433371583,6.208196224926187,0.7596107560524837,0.0,101177.8376704886,0.1243797532356471,1.20243,1.262359,1.355626,148.546396,1.13614,0.0,37.36180066444633,0.0,0.6158269587510249,8.512815341266252,0.0,0.6158269587510249,1.4188025568777085,0.0,0.6158269587510249,0.0,29.124562122339245,0.5180287833877173,2,0,0,0,0,0,0,0,1,0,0,0,1,0,0,1,0,0,0,0,0,0,0,0,0,0
41.36103052185185,3.823993039359864,8.532499199005054,1.210912329687489,0.0,184337.79007419065,0.1344846735040632,1.402145,1.363631,1.019195,137.646971,1.134708,0.148065,42.20513318556311,0.0234750608838627,0.620178838321224,9.61635946000172,0.0234750608838627,0.620178838321224,1.6027265766669534,0.0234750608838627,0.620178838321224,1.2541367989147223,33.13257021546212,0.4167644777633512,2,0,0,1,0,0,0,0,0,0,0,0,1,0,0,0,0,1,0,0,0,0,0,0,0,0
58.00625933875,0.9567639122335172,3.684592735567253,0.7346270094744022,0.0,181301.69426333933,0.1379541723812512,1.813725,1.450091,0.39942,139.284077,0.372189,0.000237,59.1900605497449,0.0610491706754509,0.6354403051057622,13.486342910068458,0.0610491706754509,0.6354403051057622,2.2477238183447428,0.0610491706754509,0.6354403051057622,4.574055833913482,47.60981029741575,0.0327475071854033,1,0,0,1,0,0,0,0,0,0,1,0,0,0,0,0,0,0,0,0,0,0,0,1,0,0
111.03767398962962,0.2107860339667013,2.691971587048446,0.1949424602680926,0.0,101968.31318382794,0.1310242055703124,1.859155,1.285273,0.3127769999999999,159.323034,108.229791,0.0,113.30374896900982,0.0253724560388888,0.6840630775611244,25.81604406888832,0.0253724560388888,0.6840630775611244,4.302674011481384,0.0253724560388888,0.6840630775611244,3.638980240199365,98.1100142012075,0.1494544528119852,0,0,0,0,0,1,0,0,0,0,0,0,1,0,0,0,0,0,0,1,0,0,0,0,0,0
45.29955318435185,4.883163803487087,9.348448154737625,2.566651136469212,0.0,205914.3036758093,0.1365530174180901,1.521529,1.459502,1.096701,130.18015,1.134423,0.0,46.22403386158352,0.0407666488344199,0.6237899411456486,10.532058348208905,0.0407666488344199,0.6237899411456486,1.755343058034817,0.0407666488344199,0.6237899411456486,2.385315134361405,36.49884476206538,0.1021941809115097,2,0,0,0,0,1,0,0,0,0,0,0,0,1,1,0,0,0,0,0,0,0,0,0,0,0
73.41993291782407,3.047868498795324,12.194517470663971,2.290895894562884,0.0,193816.0369454437,0.1288701111464191,2.190947,1.557214,0.929426,102.903283,1.134483,0.008941,74.91829889573884,0.0530588702708103,0.6495725991067882,17.069992153459484,0.0530588702708103,0.6495725991067882,2.844998692243246,0.0530588702708103,0.6495725991067882,5.031747217745314,61.601106499195325,0.0346085858531621,1,0,0,0,0,0,1,0,0,0,0,0,0,1,0,1,0,0,0,0,0,0,0,0,0,0
37.1238664699537,0.469040489882874,2.6247982558586616,0.2716976134218186,0.0,188823.1592663369,0.1391328394198589,1.24121,1.227415,0.199945,149.445493,125.11826299999998,0.035515,37.881496397911945,0.0373810568376367,0.6162939209584158,8.631227027372342,0.0373810568376367,0.6162939209584158,1.43853783789539,0.0373810568376367,0.6162939209584158,1.7924688227152874,29.552070818786405,0.4262616461863556,0,0,0,0,0,0,1,0,0,0,0,1,0,0,1,0,0,0,0,0,0,0,0,0,0,0
1.127415,6.8287464291643465,9.085456258101429,1.7149591976218372,0.0,168527.74945668466,0.1383807947881501,0.821542,0.5465409999999999,0.770178,395.34638,6.380918,0.0,29.28685221159297,0.0334599140870254,0.6085713753176826,6.672953668464221,0.0334599140870254,0.6085713753176826,1.1121589447440368,0.0334599140870254,0.6085713753176826,1.2404247580750782,22.56093661915804,0.2473358573844684,3,0,0,0,1,0,0,0,0,0,1,0,0,0,1,0,0,0,0,0,0,0,0,0,0,0
39.52972313222222,0.7137829696388839,7.463498349955899,1.8593861010434816,0.0,216007.25670713428,0.1397422477066945,1.359455,1.307737,0.318446,141.980256,1.135974,0.0847059999999999,40.336452175736966,0.0383685285193704,0.6184997723734649,9.190584040041331,0.0383685285193704,0.6184997723734649,1.5317640066735554,0.0383685285193704,0.6184997723734649,1.9590510324999817,31.57985631524869,0.3542380243188077,1,0,0,1,0,0,0,0,0,0,0,1,0,0,1,0,0,0,0,0,0,0,0,0,0,0
83.69998367027777,1.877725566426913,7.483676922407081,1.35996164406518,0.0,37303.95006650929,0.0975741580334141,2.281207,1.48213,2.773997,119.66196200000002,1.135347,0.0,85.40814660232427,0.0,0.6589980419665864,19.460084035972617,0.0,0.6589980419665864,3.243347339328769,0.0,0.6589980419665864,0.0,71.24531820117323,0.8157415051028706,0,0,0,0,0,0,1,0,0,0,0,0,1,0,0,1,0,0,0,0,0,0,0,0,0,0
88.28492199722223,0.8201782069474959,8.271752902929732,1.966145553320146,0.0,211005.635941247,0.1305696889579439,2.131809,1.5316809999999998,0.447927,115.543815,48.164165,0.002777,90.08665509920635,0.0599621036701138,0.6632018222062899,20.52607331374322,0.0599621036701138,0.6632018222062899,3.4210122189572028,0.0599621036701138,0.6632018222062899,6.837702977661264,75.62738458008002,0.9915540698034662,0,0,0,1,0,0,0,0,0,0,0,0,1,0,0,1,0,0,0,0,0,0,0,0,0,0
25.541717875462965,1.1406450241589718,5.732508307166523,0.9073109262995868,0.0,176833.36261615707,0.1342995369034133,0.728831,1.2544620000000002,0.336546,180.564448,1.134636,0.0,26.062977423941803,0.0196379946331846,0.6056746271047344,5.938399919379145,0.0196379946331846,0.6056746271047344,0.989733319896524,0.0196379946331846,0.6056746271047344,0.6478792541470669,19.98187864871527,0.2989617418441346,1,0,0,0,0,0,1,0,0,0,0,0,0,1,0,0,0,1,0,0,0,0,0,0,0,0
0.755864,0.3893498036501219,2.129543570305804,0.2185612646885198,0.0,164430.00487110313,0.1388709898189389,0.660565,0.287817,0.709917,570.129045,165.332296,0.148976,19.635074271730915,0.0300375395644327,0.5998989632853784,4.473814391027297,0.0300375395644327,0.5998989632853784,0.7456357318378827,0.0300375395644327,0.5998989632853784,0.7465687598578402,14.910203417269344,0.1798708339443965,0,0,0,0,1,0,0,0,0,0,1,0,0,0,1,0,0,0,0,0,0,0,0,0,0,0
38.6078578187037,1.11105155508867,12.690254190842882,4.0493507511038285,0.0,199769.61767461032,0.1381979661701108,1.3511879999999998,1.358394,0.773014,122.453169,1.134773,0.281591,39.39577328439153,0.0379892857823924,0.6176545441692243,8.976252140747437,0.0379892857823924,0.6176545441692243,1.496042023457906,0.0379892857823924,0.6176545441692243,1.8944522657203675,30.80123846856324,0.4903233825536227,1,0,0,0,0,0,1,0,0,0,0,0,1,0,1,0,0,0,0,0,0,0,0,0,0,0
28.127838767407408,0.2661888725894818,2.2033504546403315,0.1644171567843686,0.0,137702.7445481115,0.1324068524693842,0.950425,1.117428,0.046619,177.02358999999998,125.7614,0.067977,28.701876293272864,0.01205008770032,0.6080457569057944,6.539668016188753,0.01205008770032,0.6080457569057944,1.089944669364792,0.01205008770032,0.6080457569057944,0.4377976284780688,22.09120771564503,0.2067783204498475,0,0,0,0,0,0,0,1,0,0,0,1,0,0,0,0,0,0,0,1,0,0,0,0,0,0
138.73764933263888,1.5720077066255702,8.884923730251028,1.354300213231743,0.0,137659.74552233214,0.1221863091867461,1.593071,1.309128,0.307091,158.404575,60.80064599999999,0.0,141.56902993126417,0.0305172619317157,0.7094602804641388,32.25623466788297,0.0305172619317157,0.7094602804641388,5.376039111313828,0.0305172619317157,0.7094602804641388,5.468733123837082,127.13620718996296,0.7541178367558928,0,0,0,0,0,0,1,0,0,0,1,0,0,0,0,0,0,0,0,0,0,1,0,0,0,0
16.599364,0.5991473393045741,10.754125639689054,8.894363295545967,0.0,187184.44975269784,0.137935097447688,5.918232,0.297473,0.2707739999999999,821.532653,32.57535,0.0,431.20157198053664,0.1759727967665299,0.9697038084716716,98.24845943860328,0.1759727967665299,0.9697038084716716,16.374743239767213,0.1759727967665299,0.9697038084716716,96.05031214118888,529.2883627449341,0.8078665878328979,1,0,1,0,0,0,0,0,0,0,0,1,0,0,1,0,0,0,0,0,0,0,0,0,0,0
0.604893,0.4483201368678388,3.024148903876472,0.4092444867896233,0.0,164815.34116456835,0.1389667275998232,0.529027,0.290436,0.629062,552.236417,142.662867,0.145858,15.71330157468821,0.0286469382632646,0.5963751328639045,3.580245928409972,0.0286469382632646,0.5963751328639045,0.5967076547349952,0.0286469382632646,0.5963751328639045,0.5697949115470279,11.862053562449722,0.0463540238889546,0,0,0,1,0,0,0,0,0,0,0,1,0,0,1,0,0,0,0,0,0,0,0,0,0,0
125.01766014847225,4.666849661788208,8.379565903322874,1.43286239457645,0.0,188390.76214028776,0.1372084203455373,1.7242,1.348737,1.71117,155.264505,1.13676,0.0,127.56904096782884,0.0469337288183577,0.6968808703808232,29.066363764821755,0.0469337288183577,0.6968808703808232,4.844393960803625,0.0469337288183577,0.6968808703808232,7.578849081521573,112.53218266241448,0.1980368940119061,3,0,0,1,0,0,0,0,0,0,0,0,1,0,0,0,0,1,0,0,0,0,0,0,0,0
0.8620180000000001,0.3982085104611852,2.597172151938331,0.2889109329461193,0.0,164551.4790355216,0.1388814078925324,0.778042,0.30934,0.659395,533.230811,161.390298,0.090921,22.39263604771353,0.0310153292758621,0.602376715267952,5.102119605808146,0.0310153292758621,0.602376715267952,0.8503532676346909,0.0310153292758621,0.602376715267952,0.8791328865498432,17.074433605838497,0.6610066194943283,0,0,0,0,1,0,0,0,0,0,0,1,0,0,1,0,0,0,0,0,0,0,0,0,0,0
1.405625,6.596337580852372,8.920733926393432,1.4688648261326394,0.0,168329.23785971224,0.1384358622616143,1.012433,0.376691,1.076164,580.077758,6.010543,0.0,36.51391159415155,0.0360225200709428,0.6150651049846929,8.319625426515543,0.0360225200709428,0.6150651049846929,1.3866042377525905,0.0360225200709428,0.6150651049846929,1.6649659661632363,28.42839603551724,0.0549239754329339,3,0,0,0,1,0,0,0,0,0,0,1,0,0,1,0,0,0,0,0,0,0,0,0,0,0
30.00797355324073,2.54069947710426,5.938667773199882,0.9207931040502566,0.0,175569.7676483813,0.1374314030190166,1.0283870000000002,1.37652,2.561842,138.596435,4.758759,0.0,30.62038117677626,0.0345033540984849,0.6097695910987687,6.976795711164211,0.0345033540984849,0.6097695910987687,1.162799285194035,0.0345033540984849,0.6097695910987687,1.3373491827504986,23.634654822090244,0.4425808799268953,0,0,0,1,0,0,0,0,0,0,0,1,0,0,1,0,0,0,0,0,0,0,0,0,0,0
2.063893,0.4012978955281438,2.1721564509885773,0.2565649694604553,0.0,164761.92198741008,0.1389015411122811,1.149484,0.489092,1.748471,463.48711,155.551592,0.0,53.61373520091648,0.0420858589725687,0.6304298094900794,12.215787767297426,0.0420858589725687,0.6304298094900794,2.035964627882904,0.0420858589725687,0.6304298094900794,2.8561773400739443,42.78442641615866,0.9168010284481332,0,0,0,1,0,0,0,0,0,0,0,1,0,0,1,0,0,0,0,0,0,0,0,0,0,0
0.946361,3.273462986202835,14.38893189190103,2.8200841324506616,0.0,176832.57776903475,0.1391005407956292,0.806349,0.31605,0.283619,519.875349,0.0,0.03943,24.583613616827293,0.031792216794289,0.6043453743431279,5.601329684846725,0.031792216794289,0.6043453743431279,0.933554947474454,0.031792216794289,0.6043453743431279,0.9893260426496332,18.806320473377603,0.0976733301422313,2,0,0,1,0,0,0,0,0,0,0,0,1,0,1,0,0,0,0,0,0,0,0,0,0,0
248.3595579494444,6.38526115357447,6.004804124649194,0.9121102451992265,0.0,157787.37214291067,0.1199975437361845,2.215034,1.422921,1.583929,126.639529,1.136757,0.0,253.4281203565759,0.054286639721912,0.8099690289839941,57.74311603061223,0.054286639721912,0.8099690289839941,9.623852671768704,0.054286639721912,0.8099690289839941,17.414887424302275,259.8340867879172,0.9372200187626608,2,0,0,0,0,0,0,0,0,1,1,0,0,0,0,0,0,0,0,0,0,1,0,0,0,0
25.303410651342592,1.5920279071145922,5.269082131717417,0.820835622094518,0.0,88651.9317506932,0.1053859083120414,1.008694,1.398943,1.681238,150.215274,1.1353,0.0,25.81980678708428,0.0116510807048157,0.6054561309923988,5.882993951487557,0.0116510807048157,0.6054561309923988,0.9804989919145928,0.0116510807048157,0.6054561309923988,0.3807957628595797,19.788304202885225,0.4588597456389818,3,0,0,0,0,0,0,0,0,1,0,0,1,0,0,0,0,0,0,1,0,0,0,0,0,0
42.81460021342591,0.833918309254612,4.095071846918522,0.4266906011876442,0.0,126688.04415842326,0.1066455769506718,1.459241,1.360562,0.863625,104.064074,1.136141,0.0,43.68836756472032,0.0141831271322191,0.6215115689079281,9.954311597024882,0.0141831271322191,0.6215115689079281,1.6590519328374802,0.0141831271322191,0.6215115689079281,0.784351482746262,34.37066565591844,0.9479154505304656,2,0,0,0,1,0,0,0,0,0,0,1,0,0,0,0,0,0,0,1,0,0,0,0,0,0
52.113826189583335,0.1974049019906446,2.6734367849157867,0.1458362162613468,0.0,87998.30835956235,0.1102290495345704,1.7009740000000002,1.276312,1.1460860000000002,147.879925,1.135264,0.2427389999999999,53.17737366284014,0.0087306533486662,0.6300377255572718,12.116363619381298,0.0087306533486662,0.6300377255572718,2.0193939365635494,0.0087306533486662,0.6300377255572718,0.5876876144844985,42.40981209322148,0.906561626070108,2,0,0,0,0,0,1,0,0,0,0,1,0,0,0,0,0,0,0,0,0,1,0,0,0,0
71.80081340481482,0.4521905010838589,3.471166594137105,0.2766152247607851,0.0,165254.92475082434,0.1271045189038169,1.7192740000000002,1.495428,0.546825,114.077904,1.136703,0.0,73.26613612736206,0.0186796282350334,0.6480880812945186,16.693550003702747,0.0186796282350334,0.6480880812945186,2.7822583339504576,0.0186796282350334,0.6480880812945186,1.7323850444006064,60.10494884385454,0.2084034253522578,1,0,0,0,0,0,0,0,0,1,1,0,0,0,0,0,0,0,0,1,0,0,0,0,0,0
43.63293006273148,0.160413600727737,2.4997992549868795,0.2411434102258522,0.0,89953.8510941247,0.0986537313048573,1.449994,1.459543,0.7248979999999999,123.547226,1.13612,0.0,44.52339802319538,0.0143048510251957,0.6222618688257817,10.144571701487555,0.0143048510251957,0.6222618688257817,1.6907619502479256,0.0143048510251957,0.6222618688257817,0.8062032605788643,35.06988969669326,0.5335382939422726,2,0,0,0,1,0,0,0,0,0,0,0,1,0,0,0,0,0,0,1,0,0,0,0,0,0
47.19017644111111,1.734041955545366,7.917735046048245,1.2689551761825022,0.0,174134.03132494004,0.1386981751921651,1.625737,1.3938700000000002,1.556932,137.980573,0.3715699999999999,0.0,48.15324126643991,0.0415616375088255,0.6255233918751342,10.971624592353397,0.0415616375088255,0.6255233918751342,1.828604098725566,0.0415616375088255,0.6255233918751342,2.5333260232794874,38.1278212743863,0.2946488393286648,0,0,0,0,0,0,0,1,0,0,1,0,0,0,0,0,0,0,0,0,1,0,0,0,0,0
78.07419189120371,2.535634622156477,14.602756518540051,3.2550555187449466,0.0,221447.0372171013,0.1276506737535663,1.6761119999999998,1.301436,0.165941,152.982975,79.570166,0.000136,79.66754274612623,0.0551901415138055,0.6538399371836767,18.15209834721864,0.0551901415138055,0.6538399371836767,3.0253497245364387,0.0551901415138055,0.6538399371836767,5.565649314197287,65.93648246165196,0.5154006578607906,0,0,0,0,0,0,1,0,0,0,1,0,0,0,1,0,0,0,0,0,0,0,0,0,0,0
1.088422,104.24178068128992,7.703784018683491,2.759056050142796,0.0,139278.0792209982,0.137656670144136,0.866967,0.314086,0.2685659999999999,536.133188,0.0,0.063739,28.27393130111489,0.033100747647534,0.6076612354919907,6.442161562279342,0.033100747647534,0.6076612354919907,1.0736935937132237,0.033100747647534,0.6076612354919907,1.1846686898758465,21.74806585652043,0.2829076232340612,3,0,1,0,0,0,0,0,0,0,1,0,0,0,1,0,0,0,0,0,0,0,0,0,0,0
23.75078600740741,0.7730218937499918,7.301508930947283,0.8218607204995281,0.0,66260.60131894484,0.0970763493177416,0.7263029999999999,1.075733,0.363265,193.910532,127.521184,0.0,24.235495925925928,0.0,0.6040325801543222,5.522011729957806,0.0,0.6040325801543222,0.920335288326301,0.0,0.6040325801543222,0.0,18.530416627160257,0.5855097234103164,0,0,0,1,0,0,0,0,0,0,1,0,0,0,0,1,0,0,0,0,0,0,0,0,0,0
38.032875769351854,0.4291797875822019,2.880705332298645,0.5168913479903333,0.0,138940.26571867507,0.1315644314284804,1.246275,1.424967,0.189568,125.172671,0.424431,0.0,38.80905690750189,0.0377532920013806,0.6171273619030977,8.842569928291569,0.0377532920013806,0.6171273619030977,1.4737616547152614,0.0377532920013806,0.6171273619030977,1.8546451363634373,30.316621401612444,0.1704210326400365,1,0,0,0,0,0,1,0,0,0,1,0,0,0,0,0,0,0,0,0,1,0,0,0,0,0
20.81536339319445,5.680906961290098,8.18313323450889,1.4171500417540113,0.0,191665.80463129497,0.1373734669201522,0.687986,1.199959,0.3446349999999999,166.159881,1.137062,0.0,21.24016672774944,0.0247047309779516,0.6013411870098847,4.839531659487213,0.0247047309779516,0.6013411870098847,0.8065886099145354,0.0247047309779516,0.6013411870098847,0.664218487260619,16.16783173715532,0.0736913480617476,3,0,0,0,0,0,1,0,0,0,0,0,0,1,0,0,1,0,0,0,0,0,0,0,0,0
21.73402106754629,0.3712332772908451,3.7335451226726137,0.5461468488978539,0.0,140055.30730103416,0.1215625436847015,0.971331,1.16522,1.489475,141.581637,0.0,0.122832,22.177572517904384,0.0249904788108171,0.6021834742345126,5.053117788889606,0.0249904788108171,0.6021834742345126,0.8421862981482676,0.0249904788108171,0.6021834742345126,0.701554627954494,16.905022365720896,0.3978643419813863,2,0,0,0,0,0,1,0,0,0,0,0,1,0,0,0,1,0,0,0,0,0,0,0,0,0
41.85057735657407,0.6262736315492817,7.377577796542673,0.7977144413714786,0.0,137565.5917359862,0.1306510154488418,1.418914,1.394033,0.169493,110.676156,1.135077,0.07139,42.70467077201436,0.0078656139958807,0.6206276878287781,9.73017815058555,0.0078656139958807,0.6206276878287781,1.6216963584309247,0.0078656139958807,0.6206276878287781,0.4251879191314384,33.54898870977782,0.1650943538247353,1,0,0,0,0,0,1,0,0,0,0,0,1,0,0,0,0,0,0,0,1,0,0,0,0,0
29.74013568282408,0.3261693716763878,2.3618492093875254,0.1301166721769302,0.0,146624.24981264988,0.1273829481102151,0.8594930000000001,1.172749,0.543562,177.89723999999998,140.26988,0.004849,30.34707722737151,0.0068792587198202,0.6095240193011101,6.914523925223889,0.0068792587198202,0.6095240193011101,1.1524206542039812,0.0068792587198202,0.6095240193011101,0.2642599944777886,23.414268969200847,0.1316948468192073,0,0,0,1,0,0,0,0,0,0,1,0,0,0,0,0,0,0,0,0,1,0,0,0,0,0
32.314495231157416,3.963463566000227,10.92124084088442,1.8575253832540355,0.0,169998.89795038968,0.1387365122350285,0.991463,1.297917,2.622414,155.029274,0.3723909999999999,0.0,32.97397472567084,0.0354290864532653,0.6118843655102569,7.513057532431329,0.0354290864532653,0.6118843655102569,1.2521762554052214,0.0354290864532653,0.6118843655102569,1.4787820269159222,25.53956911818778,0.7519393699469555,3,0,0,0,0,0,0,1,0,0,1,0,0,0,0,0,0,0,0,0,1,0,0,0,0,0
49.14103203333334,0.512567371022787,8.017874384955537,1.0920113858273277,0.0,113544.88509817146,0.1104233989880668,1.545425,1.186784,0.672262,167.688106,73.57381600000001,0.070461,50.143910238095245,0.008477341413391,0.6273120676662357,11.425194737793852,0.008477341413391,0.6273120676662357,1.9041991229656416,0.008477341413391,0.6273120676662357,0.5380848694819856,39.81756963586032,0.443776059288532,0,0,0,0,1,0,0,0,0,0,0,1,0,0,0,0,0,0,0,0,0,0,1,0,0,0
1.2407860000000002,4.421911219612872,8.40868176887933,1.599070623481302,0.0,170069.21445968226,0.1387051540813286,0.925301,0.408607,1.91921,579.861036,5.276022,0.0,32.231889950207865,0.0345041799401676,0.6112175800769603,7.343974925363817,0.0345041799401676,0.6112175800769603,1.2239958208939694,0.0345041799401676,0.6112175800769603,1.407765735004625,24.93759212237082,0.7814304643507136,3,0,0,0,1,0,0,0,0,0,0,0,1,0,1,0,0,0,0,0,0,0,0,0,0,0
55.91403850611112,2.055070724275758,12.787626228744177,3.059364723644668,0.0,218700.93931729617,0.1358380668240485,1.1587,1.251762,1.450888,166.839403,71.059543,0.0,57.055141332766446,0.074409293102973,0.6335220161417306,12.999905620124,0.074409293102973,0.6335220161417306,2.166650936687333,0.074409293102973,0.6335220161417306,5.373965486659966,45.75403565618429,0.876723255767199,0,0,0,0,0,0,1,0,0,0,0,1,0,0,0,0,0,0,0,0,0,0,0,0,0,1
77.54633158865742,15.311938551404207,8.583226756226244,1.839640474648213,0.0,146928.6604372752,0.1319156967514424,2.078787,1.484544,2.697634,117.564495,0.3709119999999999,0.0,79.12890978434432,0.0549470428485971,0.6533559593085269,18.02937184959744,0.0549470428485971,0.6533559593085269,3.0048953082662395,0.0549470428485971,0.6533559593085269,5.503670375295125,65.44220855846602,0.2672151102481142,3,0,0,0,0,0,1,0,0,0,0,0,0,1,0,0,0,0,0,0,0,1,0,0,0,0
1.396481,0.3467127867668367,2.029609241788622,0.2709281373259832,0.0,164371.1659172662,0.138934908725089,0.402459,0.580462,0.461859,360.632724,155.830741,0.0,36.27637796489984,0.0359382942375186,0.6148516738928014,8.26550384010376,0.0359382942375186,0.6148516738928014,1.3775839733506263,0.0359382942375186,0.6148516738928014,1.6502672723721623,28.233660398084304,0.6737937774129972,0,0,0,0,1,0,0,0,0,0,0,0,1,0,1,0,0,0,0,0,0,0,0,0,0,0
62.67607281634259,0.686720655511895,3.890232806011356,0.8747557542449851,0.0,224176.01450089927,0.114396223820728,1.929973,1.435074,0.719766,130.518443,0.013489,0.0,63.95517634320672,0.048243998514481,0.6397219045996615,14.57206549592052,0.048243998514481,0.6397219045996615,2.42867758265342,0.048243998514481,0.6397219045996615,3.9056372563228337,51.78927496111825,0.3885940041985548,2,0,0,1,0,0,0,0,0,0,1,0,0,0,1,0,0,0,0,0,0,0,0,0,0,0
62.07504779185186,2.186632531152355,9.831062512432071,3.179724464027716,0.0,183251.91883992805,0.1367503499134267,2.159974,1.41081,1.47624,122.13055,0.370579,0.162618,63.34188550188965,0.0479789737559887,0.6391708443800129,14.432328342202704,0.0479789737559887,0.6391708443800129,2.405388057033784,0.0479789737559887,0.6391708443800129,3.846935015379759,51.248463849196085,0.0975605986645073,2,0,0,0,0,0,1,0,0,0,0,0,1,0,0,0,0,1,0,0,0,0,0,0,0,0
37.90999264032408,1.1374201340783987,3.2702345133399504,0.4674265022686631,0.0,158835.63172586932,0.1323316983825011,1.375607,1.1919799999999998,0.793122,174.065948,4.75173,0.002368,38.68366595951437,0.037702910643026,0.6170146943746024,8.813999838876692,0.037702910643026,0.6170146943746024,1.4689999731461152,0.037702910643026,0.6170146943746024,1.846185824071186,30.21315231556832,0.6522775118305058,1,0,0,0,0,0,0,0,0,1,1,0,0,0,1,0,0,0,0,0,0,0,0,0,0,0
130.9980488001852,0.7865478054439421,8.53969270262501,2.873867527043505,0.0,198565.5095548561,0.1294060925321041,2.613768,1.424722,0.342452,136.167939,58.883486,0.0,133.6714783675359,0.107514489118529,0.702364093457582,30.45679253943856,0.107514489118529,0.702364093457582,5.076132089906427,0.107514489118529,0.702364093457582,18.191924944815344,118.84309711993563,0.2448933945072295,0,0,0,0,1,0,0,0,0,0,1,0,0,0,0,0,0,0,0,0,0,0,0,0,0,1
14.407442263981482,2.3170015403120923,7.696904893687589,1.3711481950551772,0.0,141611.09103342326,0.129170555076439,0.743776,1.283923,3.115528,145.714398,1.137116,0.0,14.701471697940288,0.0101456615497483,0.5954659733647503,3.3497024121889263,0.0101456615497483,0.5954659733647503,0.558283735364821,0.0101456615497483,0.5954659733647503,0.1888052609246912,11.081298929757397,0.86387961764145,0,0,0,0,0,0,0,0,0,1,1,0,0,0,0,0,0,0,0,0,0,0,1,0,0,0
228.9877340110648,2.5652488760239214,8.090963954834058,1.811370451387456,0.0,118161.50679144185,0.128368411123824,2.682456,1.50668,1.296808,120.388258,1.137031,0.0,233.6609530725152,0.0556754311727527,0.7922076361642469,53.23920449753509,0.0556754311727527,0.7922076361642469,8.87320074958918,0.0556754311727527,0.7922076361642469,16.467309253859028,234.31391303476232,0.5894545780345578,2,0,0,0,0,1,0,0,0,0,0,0,1,0,0,0,0,0,1,0,0,0,0,0,0,0
31.495299828425924,11.335283803996994,7.769891452446259,7.013973637736386,0.0,190308.71808490707,0.1329014700808399,1.189745,1.336707,0.2223989999999999,136.567179,1.135583,0.270918,32.13806104941421,0.046384023603323,0.6111332719947301,7.322596188474124,0.046384023603323,0.6111332719947301,1.2204326980790206,0.046384023603323,0.6111332719947301,1.8869526357988176,24.861567600879617,0.2514243861565416,3,0,0,0,0,0,1,0,0,0,0,1,0,0,0,0,0,0,0,0,0,0,0,0,0,1
1.0538299999999998,0.4216465817080985,2.46017744586908,0.3164751037991018,0.0,164684.18429631295,0.1389261318518103,0.799586,0.300215,0.344362,571.2416820000001,96.326405,5e-06,27.37533513936129,0.0327821190353502,0.6068538198827703,6.237418133019029,0.0327821190353502,0.6068538198827703,1.0395696888365047,0.0327821190353502,0.6068538198827703,1.1359765761660094,21.02889455682586,0.4087959032689694,0,1,0,0,0,0,0,0,0,0,0,0,1,0,1,0,0,0,0,0,0,0,0,0,0,0
22.21982565657408,3.44909525031952,8.486829205382643,1.389842062688274,0.0,180526.76974670263,0.1329957560347996,0.968641,1.27042,1.7963169999999995,153.264738,0.0,0.0,22.67329148630008,0.0314274177887006,0.6026288925991852,5.166066414600017,0.0314274177887006,0.6026288925991852,0.8610110691000028,0.0314274177887006,0.6026288925991852,0.9019784863100518,17.295671569579177,0.7876096321559989,1,0,0,1,0,0,0,0,0,0,0,0,1,0,0,0,0,0,0,0,0,1,0,0,0,0
63.96266706907406,0.3510919618520805,5.857361225773104,0.1925082900505557,0.0,123101.345305006,0.1294619901378234,2.119827,1.489372,1.239945,92.10163,1.424462,0.0,65.26802762150415,0.0,0.6409015408587501,14.871196166924994,0.0,0.6409015408587501,2.478532694487499,0.0,0.6409015408587501,0.0,52.94984743219426,0.8062618096171668,1,0,0,0,0,0,0,0,1,0,1,0,0,0,0,1,0,0,0,0,0,0,0,0,0,0
28.94537943564815,1.29285666167879,11.918573503013995,13.233628010006546,0.0,226528.47899805155,0.1294785297567324,0.916423,1.181301,0.180431,173.969703,175.268466,0.0,29.53610146494709,0.0340791482991432,0.6087953332492989,6.729744637582881,0.0340791482991432,0.6087953332492989,1.1216241062638137,0.0340791482991432,0.6087953332492989,1.274133141775284,22.76131738511085,0.1825063046915718,0,0,0,0,0,0,1,0,0,0,0,1,0,0,1,0,0,0,0,0,0,0,0,0,0,0
39.13732194083333,1.929760968156284,6.487056395418638,1.2705556594496437,0.0,50886.088841426856,0.1007773407044813,1.210748,1.286255,2.434206,159.894771,1.135633,0.0,39.9360427967687,0.0,0.6181399925341805,9.099351523314388,0.0,0.6181399925341805,1.5165585872190643,0.0,0.6181399925341805,0.0,31.248183792708,0.3434817199614856,1,0,0,0,0,0,1,0,0,0,0,0,0,1,0,1,0,0,0,0,0,0,0,0,0,0
67.94983892560184,1.3411346268024948,7.074877522832198,2.5229395387841644,0.0,167586.32600794366,0.1387476303594575,2.380145,1.574195,0.89704,90.137696,0.372334,0.00207,69.33657033224678,0.0505891429896003,0.6445572485406337,15.798205898486607,0.0505891429896003,0.6445572485406337,2.633034316414434,0.0505891429896003,0.6445572485406337,4.440098317653814,56.571378476705206,0.5582210140275928,1,0,0,0,0,0,1,0,0,0,0,1,0,0,0,0,1,0,0,0,0,0,0,0,0,0
44.083272418750006,0.9983756391764832,7.268582850051441,0.8545676767111396,0.0,85555.7337473771,0.1146528593909969,1.348139,1.287851,0.308875,154.44435,58.137714,0.02678,44.98293103954082,0.0,0.6226747730269586,10.24927542673082,0.0,0.6226747730269586,1.7082125711218032,0.0,0.6226747730269586,0.0,35.455362500168874,0.7372642858594265,0,0,0,0,0,0,1,0,0,0,1,0,0,0,0,1,0,0,0,0,0,0,0,0,0,0
199.2232610025,1.6203225330769015,6.210887552165299,0.7885783592716967,0.0,112473.13372583184,0.1165849004718039,2.5499110000000003,1.4712040000000002,2.231753,136.058353,1.1347040000000002,0.0,203.2890418392857,0.0240668655174196,0.7649175627638534,46.31902219122965,0.0240668655174196,0.7649175627638534,7.719837031871608,0.0240668655174196,0.7649175627638534,6.193075988748328,196.834630911779,0.2045506084350631,2,0,0,0,0,0,1,0,0,0,0,0,0,1,0,0,0,0,0,0,1,0,0,0,0,0
59.210244154212965,4.06879364743793,7.686021546379839,1.2742600335205774,0.0,158770.6607557704,0.1263904672303645,1.319168,1.362445,2.716276,137.737162,1.134996,0.0,60.41861648389078,0.0317008929958404,0.6365441994692703,13.766267046962456,0.0317008929958404,0.6365441994692703,2.294377841160409,0.0317008929958404,0.6365441994692703,2.4244608811551185,48.68243020604952,0.1329383312119857,3,0,0,0,0,0,0,0,0,1,0,0,1,0,0,0,0,0,0,0,0,0,0,0,1,0
18.016850965000003,0.9494788205023292,8.569593516471002,1.523958441736601,0.0,172205.64824078238,0.1256604193390416,0.8798450000000001,1.271238,0.142202,156.314628,122.207549,0.064954,18.38454180102041,0.01063839228858,0.5987753223444708,4.188882942004651,0.01063839228858,0.5987753223444708,0.698147157000775,0.01063839228858,0.5987753223444708,0.2475721110443705,13.9344429659005,0.2830280910698045,0,0,0,1,0,0,0,0,0,0,0,1,0,0,0,0,0,0,0,1,0,0,0,0,0,0
35.34899825518519,2.3666043827573744,8.55287389961078,0.8643585923764345,0.0,136147.83872901677,0.1314446005693299,1.146655,1.33548,1.48163,126.538614,1.135312,0.105544,36.07040638284203,0.0,0.6146666022471751,8.218573606217172,0.0,0.6146666022471751,1.3697622677028618,0.0,0.6146666022471751,0.0,28.06490396584345,0.0868506470012168,2,0,0,1,0,0,0,0,0,0,0,0,1,0,0,1,0,0,0,0,0,0,0,0,0,0
131.3994619301852,0.4475176859673836,7.151653495623911,2.056533882515036,0.0,197319.63805830336,0.1384704022777738,2.931453,1.565029,0.343889,79.569506,8.333267,0.0,134.0810836022298,0.0815699719849208,0.7027321360491116,30.550120314432103,0.0815699719849208,0.7027321360491116,5.091686719072017,0.0815699719849208,0.7027321360491116,13.844291434356595,119.26972947287904,0.4392588735744283,1,0,0,1,0,0,0,0,0,0,0,1,0,0,0,0,0,0,0,0,1,0,0,0,0,0
57.42926615055555,0.2970338162275955,3.079963077172387,0.2216900169706459,0.0,113756.25023418764,0.1173885838269329,1.8095,1.369933,0.590431,140.313823,1.134938,0.060472,58.6012919903628,0.0091891714016433,0.6349112788921006,13.352193111728234,0.0091891714016433,0.6349112788921006,2.225365518621372,0.0091891714016433,0.6349112788921006,0.6816421727306264,47.09698891434261,0.4038656804613,1,0,0,0,0,0,1,0,0,0,0,0,0,1,0,0,0,0,0,0,1,0,0,0,0,0
73.71839610504631,0.4158243610561609,2.1832452183433,0.7129672940829389,0.0,262931.7078368555,0.1460285295399544,2.122452,1.595513,0.265859,88.069746,3.889145,0.004882,75.2228531684146,0.1042616461555702,0.6498462502574156,17.139384266221047,0.1042616461555702,0.6498462502574156,2.8565640443701743,0.1042616461555702,0.6498462502574156,9.927668987161594,61.8775810951372,0.1600255301819045,1,0,0,0,0,0,1,0,0,0,0,0,1,0,0,0,0,0,0,0,0,0,0,0,0,1
30.09674369430556,6.38596955592112,8.69049332296248,1.471793985195297,0.0,181740.80135266783,0.1370602760562222,0.969775,1.311543,2.198197,160.464302,1.134419,0.0,30.71096295337302,0.0276310859954492,0.6098509815424942,6.997434596971067,0.0276310859954492,0.6098509815424942,1.166239099495178,0.0276310859954492,0.6098509815424942,1.0741484283135518,23.707735318012293,0.7016287513396507,3,0,0,0,0,1,0,0,0,0,0,0,1,0,0,0,1,0,0,0,0,0,0,0,0,0
45.27959454064816,2.193429143308736,7.678965973339492,1.6298776887160698,0.0,202522.93238534173,0.1368681743419427,1.46988,1.350947,1.291864,134.639382,1.136126,0.0,46.203667898620566,0.0407582806076841,0.6237716417169475,10.527418002217344,0.0407582806076841,0.6237716417169475,1.754569667036224,0.0407582806076841,0.6237716417169475,2.3837747611597786,36.481693390464784,0.8359963006869491,2,0,0,1,0,0,0,0,0,0,1,0,0,0,0,0,1,0,0,0,0,0,0,0,0,0
73.0448173375,0.4392257591517423,6.594443337236949,1.4592312185598506,0.0,159847.21712942145,0.1332373102184394,1.341988,1.242473,0.152822,146.29841499999998,61.180784,0.087525,74.53552789540817,0.052888294634419,0.6492286678798611,16.98277850781452,0.052888294634419,0.6492286678798611,2.8304630846357526,0.052888294634419,0.6492286678798611,4.989945519068739,61.253925930706416,0.2460196924594889,0,0,0,0,0,0,0,0,0,1,1,0,0,0,0,0,0,0,0,0,0,0,0,0,0,1
1.196208,1.0630928696774178,11.743799739032626,2.8767663910806323,0.0,170911.01757344123,0.1387044270690396,1.007397,0.339005,1.012171,482.667302,1.080027,0.0,31.073887530612247,0.0340935697911756,0.610177080162881,7.080126272797727,0.0340935697911756,0.610177080162881,1.1800210454662876,0.0340935697911756,0.610177080162881,1.3410376622886977,24.000726535112324,0.3518811235384306,2,0,0,0,1,0,0,0,0,0,1,0,0,0,1,0,0,0,0,0,0,0,0,0,0,0
38.246820210277775,1.51041031087474,5.88239502563751,1.0781672950700032,0.0,88371.70999606565,0.1090854649081361,1.010576,1.320667,2.121554,159.167827,1.1346889999999998,0.0,39.02736756150794,0.0075682107343977,0.6173235205750417,8.892311596292947,0.0075682107343977,0.6173235205750417,1.482051932715491,0.0075682107343977,0.6173235205750417,0.3738827115370773,30.496850559299062,0.4940955402091674,3,0,0,0,0,0,0,0,0,1,1,0,0,0,0,0,0,0,0,0,0,0,1,0,0,0
37.18259681564815,5.470815692874168,9.748119813932789,1.727812561485693,0.0,208046.5666029676,0.1364803722114871,1.120917,1.376479,2.282557,131.100629,1.135876,0.0,37.94142532208995,0.0374050749698131,0.6163477688946575,8.644881718957203,0.0374050749698131,0.6163477688946575,1.4408136198262005,0.0374050749698131,0.6163477688946575,1.79645804890423,29.6014086657638,0.5474040405693413,3,0,0,1,0,0,0,0,0,0,0,0,0,1,0,0,0,1,0,0,0,0,0,0,0,0
1.374023,3.1478784610327484,9.60937668608247,1.966640112497252,0.0,168182.59674760193,0.1388756325669425,1.239408,0.418754,0.337034,511.956428,5.026577,0.0,35.69298664318784,0.0357314324957163,0.6143274792885035,8.132579235156722,0.0357314324957163,0.6143274792885035,1.3554298725261202,0.0357314324957163,0.6143274792885035,1.6143816997614835,27.75592723137697,0.4153952402212847,2,0,0,0,1,0,0,0,0,0,0,1,0,0,1,0,0,0,0,0,0,0,0,0,0,0
5.775634351574073,0.8960636563295369,12.56284373326839,10.719802866450888,0.0,181485.30577413068,0.1248294853692432,0.6101340000000001,0.987841,0.377377,198.651286,168.205815,0.032393,5.893504440381707,0.0251855373960896,0.5875517505448161,1.3428237965426677,0.0251855373960896,0.5875517505448161,0.2238039660904445,0.0251855373960896,0.5875517505448161,0.1878874385788024,4.3832137351771125,0.8326542089659613,0,0,0,1,0,0,0,0,0,0,1,0,0,0,1,0,0,0,0,0,0,0,0,0,0,0
59.721964431111125,0.5330135681503396,2.6591285530040016,0.3782018401997266,0.0,181665.96967738308,0.1289727489153544,1.752114,1.393829,1.312839,143.769348,0.62274,2.3e-05,60.94078003174605,0.0469457801787484,0.6370133790819248,13.885241019891504,0.0469457801787484,0.6370133790819248,2.314206836648584,0.0469457801787484,0.6370133790819248,3.621408181382041,49.13935723026688,0.3391267598927635,1,0,0,0,1,0,0,0,0,0,1,0,0,0,0,0,0,0,0,0,0,1,0,0,0,0
67.74694301958334,3.355211902293656,7.994068182343773,1.107156583731123,0.0,163583.54816771584,0.1384709164393034,1.383686,1.397511,2.016201,134.618277,1.137068,0.0,69.12953369345239,0.0180278810925268,0.6443712199095778,15.751032993444849,0.0180278810925268,0.6443712199095778,2.6251721655741407,0.0180278810925268,0.6443712199095778,1.577543054946059,56.38617969345592,0.436741351045966,2,0,0,1,0,0,0,0,0,0,0,1,0,0,0,0,0,0,0,1,0,0,0,0,0,0
28.302502357268512,5.573352658205467,9.583037761761416,1.7685047768288664,0.0,187379.90102293165,0.1345775092391373,1.115463,1.276271,0.965973,145.49159699999998,0.0,0.31096,28.88010444619236,0.0338231962257206,0.6082059002480372,6.580276962423575,0.0338231962257206,0.6082059002480372,1.0967128270705957,0.0338231962257206,0.6082059002480372,1.2364777717757875,22.234240410068058,0.9828886727581836,2,0,0,1,0,0,0,0,0,0,0,1,0,0,0,0,1,0,0,0,0,0,0,0,0,0
1.746123,7.248275890624781,8.53546317075368,2.1121067400458906,0.0,169436.65152877697,0.1388248888958844,1.101208,0.375872,0.503283,552.636853,0.0,0.0,45.35902595252267,0.0391588638842921,0.6230127055891201,10.33496793854947,0.0391588638842921,0.6230127055891201,1.7224946564249113,0.0391588638842921,0.6230127055891201,2.2483644597454555,35.77120187540287,0.1017827071210388,3,0,1,0,0,0,0,0,0,0,0,1,0,0,1,0,0,0,0,0,0,0,0,0,0,0
30.76329620462963,3.520901587083757,8.169027809902346,1.3918142277273915,0.0,180136.67740182855,0.1367908344744778,1.026148,1.276067,0.949586,137.137709,0.3709,0.0,31.391118576152685,0.0348057628640856,0.6104621217742304,7.152406764186687,0.0348057628640856,0.6104621217742304,1.1920677940311144,0.0348057628640856,0.6104621217742304,1.383027631898688,24.257074494765355,0.150857274337399,2,0,0,0,0,0,1,0,0,0,0,0,1,0,0,0,1,0,0,0,0,0,0,0,0,0
19.5091159862037,2.505005781027339,13.051198979933485,3.83425009021942,0.0,266084.7185064448,0.1253224014699888,0.844922,1.167389,0.199027,181.025246,119.194474,0.004282,19.90726121041194,0.0303748730710026,0.6001435314153915,4.535831668195125,0.0303748730710026,0.6001435314153915,0.7559719446991874,0.0303748730710026,0.6001435314153915,0.765418395515896,15.12305575142438,0.6151076678129318,0,0,0,1,0,0,0,0,0,0,0,1,0,0,1,0,0,0,0,0,0,0,0,0,0,0
9.664896841157406,1.8796038652638447,8.124892566987365,0.8984315535433287,0.0,61978.76449153177,0.1034059156965223,0.6995600000000001,1.031991,0.038756,149.519297,1.134472,0.33835,9.862139633834088,0.0010652339343464,0.591117688325189,2.247069789987514,0.0010652339343464,0.591117688325189,0.3745116316645855,0.0010652339343464,0.591117688325189,0.0132980832952193,7.379348332015483,0.2955382336065381,0,0,0,0,0,0,1,0,0,0,1,0,0,0,0,0,0,0,0,0,0,0,1,0,0,0
72.02781751949074,1.5075630138246277,10.630517141996242,2.4311230771547314,0.0,185936.89941172063,0.1381168142675781,2.502088,1.613681,0.558737,81.94749399999999,0.370082,0.0,73.49777297907218,0.0524267341992303,0.6482962139548857,16.74632802054809,0.0524267341992303,0.6482962139548857,2.791054670091348,0.0524267341992303,0.6482962139548857,4.877529377479989,60.314339185377456,0.6326398480922742,1,0,0,0,0,1,0,0,0,0,0,0,1,0,0,0,0,0,1,0,0,0,0,0,0,0
24.27566778787037,2.6854365399415543,13.50747895755356,2.537366783304466,0.0,236035.86106115108,0.1275673984980983,0.986863,1.357944,0.12642,141.693648,24.030234,0.0,24.771089579459563,0.0322318991727292,0.6045138271198318,5.64404572696547,0.0322318991727292,0.6045138271198318,0.9406742878275782,0.0322318991727292,0.6045138271198318,1.0106572933212463,18.955020460262386,0.7460249503073864,0,0,0,1,0,0,0,0,0,0,0,0,1,0,1,0,0,0,0,0,0,0,0,0,0,0
45.50206722856481,0.8144210106034359,6.025129162150321,1.386244272871269,0.0,171812.87552458033,0.1358234272550622,1.498245,1.422185,0.564472,125.245339,0.614239,0.011266,46.4306808454743,0.0408515871629953,0.623975619660084,10.579142471120726,0.0408515871629953,0.623975619660084,1.763190411853454,0.0408515871629953,0.623975619660084,2.400970893159635,36.67292766049926,0.7146993248697249,2,0,0,1,0,0,0,0,0,0,0,0,1,0,0,0,0,1,0,0,0,0,0,0,0,0
26.256359515833328,1.428969781028388,5.603791669690066,3.439714484077564,0.0,250384.47133543165,0.1414944720890024,1.003844,1.293252,1.7181419999999998,135.255253,1.136754,0.0,26.79220358758503,0.0647036074945972,0.6063298586895527,6.104552716158614,0.0647036074945972,0.6063298586895527,1.017425452693102,0.0647036074945972,0.6063298586895527,2.1943699048689127,20.5631810319521,0.6387382979228561,3,0,0,0,0,0,0,0,0,1,1,0,0,0,0,0,0,0,0,0,0,0,0,0,0,1
17.731982058055554,3.357082325348751,6.98711185089404,1.713531077336922,0.0,134977.34449003296,0.1119508732744544,0.867238,1.139524,1.26629,162.545795,1.134415,0.0,18.09385924291383,0.0105992895500698,0.5985141353455353,4.122651473068974,0.0105992895500698,0.5985141353455353,0.6871085788448289,0.0105992895500698,0.5985141353455353,0.2427620926504446,13.708139898527078,0.2990823267483808,3,0,0,0,1,0,0,0,0,0,0,1,0,0,0,0,0,0,0,1,0,0,0,0,0,0
44.80191087935186,0.9348064747860104,4.152986947866938,1.4931655679103568,0.0,251314.2469555605,0.1246221642449891,1.396783,1.3938700000000002,1.115688,126.046363,0.013493,0.0,45.71623559117537,0.0405581489914763,0.6233336691657387,10.416357476470337,0.0405581489914763,0.6233336691657387,1.7360595794117226,0.0405581489914763,0.6233336691657387,2.3470454359953448,36.071479584167946,0.3165529429158895,2,0,0,1,0,0,0,0,0,0,0,1,0,0,1,0,0,0,0,0,0,0,0,0,0,0
245.62013227129628,0.3811127488061392,3.446321418531221,0.4803272082293919,0.0,176428.43193570143,0.1391711699054967,2.413275,1.518669,0.347325,122.892076,59.812603,0.0,250.6327880319349,0.1502138463071272,0.8074573390303346,57.10620486803582,0.1502138463071272,0.8074573390303346,9.5177008113393,0.1502138463071272,0.8074573390303346,47.656348229058096,256.17124569369633,0.7816959824878423,0,0,0,0,0,0,0,0,1,0,1,0,0,0,0,0,0,1,0,0,0,0,0,0,0,0
65.57254552638888,0.3316782265544223,1.288799225569343,0.1122446957153739,0.0,154159.04560101917,0.1293872408390188,1.653816,1.196481,0.525346,174.344374,127.724095,0.000864,66.91076074121314,0.0198110550158075,0.6423775858488022,15.24548978913717,0.0198110550158075,0.6423775858488022,2.540914964856195,0.0198110550158075,0.6423775858488022,1.6779402053084913,54.40756069904723,0.6545921646843033,0,0,0,0,0,0,0,1,0,0,0,1,0,0,0,0,0,0,1,0,0,0,0,0,0,0
0.971693,0.507343342192739,2.6204173216145104,0.2946654414530281,0.0,164681.0065572542,0.1389321800437476,0.558146,0.36196,0.510112,504.510152,193.474386,0.0,25.241662818074456,0.0320255510913473,0.6049366512919244,5.751264945890382,0.0320255510913473,0.6049366512919244,0.958544157648397,0.0320255510913473,0.6049366512919244,1.0232634964693763,19.32861642810866,0.6294801971054422,0,1,0,0,0,0,0,0,0,0,1,0,0,0,1,0,0,0,0,0,0,0,0,0,0,0
207.4701267574537,0.2218745245779161,2.2669176660853325,0.2962378369246741,0.0,143844.4524973771,0.1133012676106797,4.243297,1.66802,1.295555,60.942196,11.944567,0.0,211.7042109769936,0.0447841241426706,0.772478844689158,48.23640250108714,0.0447841241426706,0.772478844689158,8.039400416847856,0.0447841241426706,0.772478844689158,12.001250210025097,207.00889153333893,0.8511161925484317,1,0,0,1,0,0,0,0,0,0,1,0,0,0,0,0,0,0,0,1,0,0,0,0,0,0
55.331521050462975,2.8901130238311183,9.524236500692025,2.9393695674354223,0.0,165242.1389294814,0.1132484135582006,1.620592,1.48663,1.926273,100.11621,0.0,0.0,56.460735765778544,0.0360294413595044,0.632987924907625,12.864471440303973,0.0360294413595044,0.632987924907625,2.144078573383995,0.0360294413595044,0.632987924907625,2.574998440996952,45.23919490017454,0.7668540795729857,1,0,0,0,1,0,0,0,0,0,0,1,0,0,0,0,1,0,0,0,0,0,0,0,0,0
63.67278304375001,0.7660270326500602,4.66341754115171,0.6095367771544331,0.0,130088.91681654676,0.1207254975051474,1.986324,1.193085,1.096233,144.094317,1.135859,0.818525,64.97222759566327,0.0173803710145472,0.6406357556615313,14.80379869268277,0.0173803710145472,0.6406357556615313,2.4672997821137947,0.0173803710145472,0.6406357556615313,1.429419520574977,52.68801534526676,0.0239777746154027,3,0,0,0,0,0,1,0,0,0,1,0,0,0,0,0,0,0,0,0,0,1,0,0,0,0
45.97124810032407,2.900040273471988,8.20639881413046,1.0606710107492314,0.0,123305.09132381594,0.1248045896919225,1.335698,1.321036,1.779138,129.709163,1.136181,0.0,46.90943683706538,0.0146543397226731,0.6244057962812083,10.68822611477439,0.0146543397226731,0.6244057962812083,1.7813710191290648,0.0146543397226731,0.6244057962812083,0.8701605362147296,37.07661298905171,0.9321869762023132,2,0,0,0,0,0,0,1,0,0,0,0,0,1,0,0,0,0,0,1,0,0,0,0,0,0
22.706546713935182,4.382828131568232,11.344168608137172,2.285308141502545,0.0,227298.1167565947,0.1337135562972485,0.985597,1.26375,2.551001,137.761493,0.0,0.0,23.16994562646447,0.0519473791190228,0.6030751512437471,5.279228117422284,0.0519473791190228,0.6030751512437471,0.879871352903714,0.0519473791190228,0.6030751512437471,1.5235670248418922,17.68761830758159,0.0531857296160392,1,0,0,1,0,0,0,0,0,0,0,1,0,0,0,0,0,0,0,0,0,0,0,0,0,1
1.267516,1.094362403134362,4.185454085004701,0.5842669849916042,0.0,166776.1108175959,0.1384334683918552,1.019826,0.4418729999999999,0.014571,466.362546,6.485657,0.0,32.92625498847317,0.0347503912839371,0.6118414878947928,7.502184680917937,0.0347503912839371,0.6118414878947928,1.2503641134863226,0.0347503912839371,0.6118414878947928,1.4483547397014311,25.50082132019084,0.1507601450467836,1,0,0,1,0,0,0,0,0,0,0,0,1,0,1,0,0,0,0,0,0,0,0,0,0,0
48.36804190907409,0.6782877703936552,9.428938754742664,2.125838522573741,0.0,166601.95725607013,0.1280346922844434,1.600614,1.354834,1.39798,116.37818500000002,59.778849,0.04866,49.35514480517764,0.0420592111076061,0.6266033382617963,11.24547603155946,0.0420592111076061,0.6266033382617963,1.87424600525991,0.0420592111076061,0.6266033382617963,2.6276436134271366,39.14696012065653,0.695221258626325,0,0,0,0,0,0,1,0,0,0,1,0,0,0,0,0,0,0,0,1,0,0,0,0,0,0
32.722018150046296,10.620153040051177,10.146208896911402,1.4380077635355704,0.0,157214.91282598922,0.1332889564192409,1.10685,1.162724,0.113795,131.919035,1.136474,0.038366,33.389814438822754,0.0213560094678484,0.6122580099677154,7.607805821503918,0.0213560094678484,0.6122580099677154,1.2679676369173196,0.0213560094678484,0.6122580099677154,0.9026242952977224,25.87744473608216,0.7860103856239997,3,0,0,0,0,1,0,0,0,0,0,0,1,0,0,0,0,1,0,0,0,0,0,0,0,0
59.47388154476852,0.5543731679465417,3.88503042285105,0.6094190068810964,0.0,168095.73417828238,0.122039344554825,1.686678,1.423453,1.494943,124.471512,1.136449,0.0,60.68763422935563,0.0468372610979279,0.6367859199841028,13.827562229473434,0.0468372610979279,0.6367859199841028,2.304593704912239,0.0468372610979279,0.6367859199841028,3.5980285693871887,48.91776075240374,0.4895685386929399,3,0,0,0,0,0,0,0,0,1,1,0,0,0,1,0,0,0,0,0,0,0,0,0,0,0
11.216859591296297,0.6559552738099075,3.265796761718585,0.7779979103331943,0.0,157927.9456216277,0.1256608144074178,0.716874,1.168616,0.988083,169.970952,1.016968,0.052997,11.445775093159488,0.0272129387115233,0.5925406322944565,2.607898122492035,0.0272129387115233,0.5925406322944565,0.4346496870820057,0.0272129387115233,0.5925406322944565,0.394269843184848,8.58492001367198,0.8217679101374331,2,0,0,0,0,0,1,0,0,0,0,0,1,0,1,0,0,0,0,0,0,0,0,0,0,0
40.117204791342594,1.6218006090580417,3.00281503818018,0.4026259937517935,0.0,174702.58308977817,0.1379545404971074,1.360649,1.379835,0.348532,139.320108,0.371135,0.02792,40.93592325647204,0.0386107728790776,0.6190384151236378,9.32717238755059,0.0386107728790776,0.6190384151236378,1.5545287312584315,0.0386107728790776,0.6190384151236378,2.000718525887335,32.07710006874597,0.0113003360687551,1,0,0,0,0,0,0,1,0,0,0,0,1,0,0,0,0,0,0,0,1,0,0,0,0,0
87.66994628810185,3.9915581295530287,8.073077336775599,1.8848868802868777,0.0,216281.965527578,0.1411487596373049,2.028686,1.537942,0.947128,97.24089,1.13614,0.0,89.45912886541005,0.0596709528542018,0.6626379710594369,20.38309265287824,0.0596709528542018,0.6626379710594369,3.3971821088130394,0.0596709528542018,0.6626379710594369,6.757103115070699,75.03672866344306,0.3854218638787789,2,0,0,0,0,0,1,0,0,0,0,0,0,1,1,0,0,0,0,0,0,0,0,0,0,0
90.54793688675926,0.5911029502928115,6.077740151247532,1.0414493065372077,0.0,163841.96549010792,0.1339306024570974,2.497546,1.573008,0.89331,108.733702,1.136269,0.0,92.39585396608088,0.0366225748213851,0.6652767066641426,21.05221989100577,0.0366225748213851,0.6652767066641426,3.508703315167628,0.0366225748213851,0.6652767066641426,4.283258322858949,77.80861953920929,0.3006647207919201,1,0,0,0,0,0,1,0,0,0,0,0,1,0,0,0,0,1,0,0,0,0,0,0,0,0
538.2944727234723,0.5264867898657454,8.157436083832518,3.921233463058656,0.0,193287.87055980216,0.128967293214312,4.958798000000001,1.614663,0.11669,77.090687,68.480725,0.057035,549.2800742076248,0.4016449352574993,1.0758008850777772,125.15242197135754,0.4016449352574993,1.0758008850777772,20.858736995226256,0.4016449352574993,1.0758008850777772,279.2602023333619,747.9949240356328,0.0026138430870308,1,0,0,0,0,0,1,0,0,0,0,0,1,0,0,0,0,1,0,0,0,0,0,0,0,0
189.2912390996296,0.409548735786542,8.418108519318578,4.048296232017682,0.0,141773.6853454736,0.1298978868112575,3.367017,1.67874,0.256711,69.09390400000001,1.143836,0.0,193.15432561186697,0.0685758009097611,0.7558112161920307,44.00984634194437,0.0685758009097611,0.7558112161920307,7.334974390324061,0.0685758009097611,0.7558112161920307,16.766724782301985,184.79519715627427,0.4408432915091012,1,0,0,0,0,1,0,0,0,0,0,0,1,0,0,0,0,1,0,0,0,0,0,0,0,0
39.516434341388894,2.2974298417711143,8.038499420495341,2.980246795453042,0.0,188980.6754908573,0.1330355733490104,1.086694,1.305159,2.15338,154.116306,1.465105,0.0,40.32289218509071,0.0383630540343963,0.6184875883150696,9.187494421919402,0.0383630540343963,0.6184875883150696,1.5312490703199,0.0383630540343963,0.6184875883150696,1.958113027493381,31.56861815372825,0.7826468261264746,3,0,0,1,0,0,0,0,0,0,0,0,1,0,1,0,0,0,0,0,0,0,0,0,0,0
4.095034,2.7368310752818337,7.864357828236312,1.377524567879647,0.0,168971.57355365707,0.1389309425862858,1.717766,0.370062,1.693647,616.567814,4.690611,0.0,106.37667190825776,0.0607947985533889,0.6778388910097268,24.23772271327392,0.0607947985533889,0.6778388910097268,4.039620452212319,0.0607947985533889,0.6778388910097268,8.186263720813265,91.27372824759368,0.6788965777150232,1,0,0,1,0,0,0,0,0,0,0,1,0,0,1,0,0,0,0,0,0,0,0,0,0,0
56.07971561481481,5.0589516897567455,11.57131728622839,2.677644915432096,0.0,178244.72635641487,0.137437085131947,1.767014,1.421121,0.613813,115.642629,0.0,0.137117,57.22419960695389,0.0453603904122019,0.6336739200728363,13.038425226900886,0.0453603904122019,0.6336739200728363,2.173070871150147,0.0453603904122019,0.6336739200728363,3.2857114369584823,45.90061125059359,0.9527600151414096,2,0,0,0,1,0,0,0,0,0,0,1,0,0,0,1,0,0,0,0,0,0,0,0,0,0
62.71219694314814,1.5040956930005007,10.185681040052602,2.4938995483682023,0.0,219157.5306317446,0.131378205720898,1.730679,1.445835,0.6756810000000001,115.688219,1.926332,0.0,63.99203769708994,0.0482599422149378,0.6397550256319662,14.580464285412898,0.0482599422149378,0.6397550256319662,2.430077380902149,0.0482599422149378,0.6397550256319662,3.90917979933884,51.821807236890535,0.8086540365816904,1,0,0,1,0,0,0,0,0,0,0,1,0,0,1,0,0,0,0,0,0,0,0,0,0,0
199.5753630446759,2.932366252231369,4.578608336780283,0.6742569208859825,0.0,200151.8477780276,0.1417626350653543,2.560859,1.497269,0.295547,123.546092,1.13612,0.0,203.6483296374244,0.1205507967594858,0.7652403936291149,46.40088523384353,0.1205507967594858,0.7652403936291149,7.733480872307254,0.1205507967594858,0.7652403936291149,31.07590936269612,197.2657315615878,0.1471458280341319,1,0,0,0,0,0,1,0,0,0,0,0,1,0,1,0,0,0,0,0,0,0,0,0,0,0
67.11180500712963,0.4181202406720292,5.490531247296779,1.088393407474033,0.0,184174.55695443644,0.1374573418312221,2.305137,1.544284,0.986582,101.110784,0.385818,0.0,68.48143368074453,0.050214127098547,0.6437888826051593,15.603364636119007,0.050214127098547,0.6437888826051593,2.6005607726865008,0.050214127098547,0.6437888826051593,4.3528296389058525,55.80707046648841,0.1130918569039937,1,0,0,0,0,0,1,0,0,0,0,1,0,0,0,0,0,0,0,0,1,0,0,0,0,0
42.058793870416665,0.942290940587755,8.15210859724086,0.6936691791462384,0.0,154595.89383805456,0.1239078647280625,1.101625,1.346118,1.456042,156.098574,120.29336200000002,0.0,42.91713660246599,0.0,0.6208185947514138,9.77858808663782,0.0,0.6208185947514138,1.6297646811063031,0.0,0.6208185947514138,0.0,33.726273969996704,0.0712061812264353,0,0,0,1,0,0,0,0,0,0,0,1,0,0,0,1,0,0,0,0,0,0,0,0,0,0
35.687480559629634,2.84083438977349,5.831283461847465,0.8220351734321466,0.0,189330.0115969724,0.1389353919586689,1.1980540000000002,1.1784370000000002,0.765459,147.102582,1.13525,0.225171,36.41579648941799,0.0367950003439346,0.6149769456196367,8.297270086196505,0.0367950003439346,0.6149769456196367,1.3828783476994173,0.0367950003439346,0.6149769456196367,1.69610030930733,28.347943414390592,0.9105180791247536,2,0,0,0,0,0,1,0,0,0,0,1,0,0,1,0,0,0,0,0,0,0,0,0,0,0
34.95990653277778,0.9987834256758792,5.150795925149529,1.196663750733117,0.0,208497.0712960881,0.1259060607021518,1.277256,1.3793030000000002,0.165907,123.54352,0.841132,0.1240579999999999,35.673374013038554,0.0364991432620329,0.6143098567519355,8.12811053461638,0.0364991432620329,0.6143098567519355,1.3546850891027298,0.0364991432620329,0.6143098567519355,1.648161504736681,27.739880101022703,0.8574342923468092,3,0,0,0,0,0,0,0,0,1,1,0,0,0,1,0,0,0,0,0,0,0,0,0,0,0
55.92330501925926,0.9593389343014724,7.585619640579041,0.8410991950572537,0.0,54615.85416666666,0.0941955822316719,1.505874,1.325987,1.398143,157.01435,57.606666,0.006431,57.06459695842782,0.0018117074100692,0.6335305123050561,13.002060066477224,0.0018117074100692,0.6335305123050561,2.167010011079537,0.0018117074100692,0.6335305123050561,0.1308662698255673,45.76223208298016,0.408335112386436,0,0,0,0,1,0,0,0,0,0,0,0,1,0,0,0,0,0,0,0,0,0,1,0,0,0
31.930113137685183,3.0654216167166366,10.47157943734734,1.818948691268619,0.0,169018.13736510792,0.1391235770081444,1.056606,1.393419,1.138436,128.469735,0.372078,0.021024,32.58174809967876,0.0352743443882013,0.6115319381200043,7.423689440433136,0.0352743443882013,0.6115319381200043,1.2372815734055225,0.0352743443882013,0.6115319381200043,1.4548098775160696,25.22123995282825,0.3370960611379398,3,0,0,0,0,0,0,0,1,0,0,0,1,0,0,0,0,0,0,0,1,0,0,0,0,0
2.069947,4.475621224593201,10.038202062785196,2.231454676432575,0.0,169737.3820256295,0.1384107096017979,1.71787,0.3784909999999999,0.865928,589.561515,1.096087,0.0,53.77099992002077,0.0421416226641205,0.6305711165581362,12.25162023494144,0.0421416226641205,0.6305711165581362,2.041936705823573,0.0421416226641205,0.6305711165581362,2.868350872027814,42.919543617740445,0.6877633292203074,3,0,1,0,0,0,0,0,0,0,0,1,0,0,1,0,0,0,0,0,0,0,0,0,0,0
56.27370141203704,0.3438505900921009,1.499247495719283,0.1073803056290538,0.0,140114.36167003898,0.1226976970635015,1.988369,1.249225,0.381654,166.70636399999998,106.430871,2.8000000000000003e-05,57.42214429799698,0.0181777615184702,0.6338517793160792,13.083526548910704,0.0181777615184702,0.6338517793160792,2.180587758151784,0.0181777615184702,0.6338517793160792,1.321273474592629,46.07231434864561,0.0948109972236654,0,0,0,0,0,0,0,1,0,0,0,0,0,1,0,0,0,0,1,0,0,0,0,0,0,0
56.04987947907407,3.3637805642555656,6.5209733324942825,1.1299170904594074,0.0,167480.5834270084,0.1387421049767261,1.88033,1.462039,1.804787,116.734469,0.371505,0.0,57.19375457048375,0.0453474729046704,0.6336465642942167,13.031488383148195,0.0453474729046704,0.6336465642942167,2.171914730524699,0.0453474729046704,0.6336465642942167,3.2830281464574496,45.87421023123251,0.6159328971468644,2,0,0,0,0,0,0,1,0,0,1,0,0,0,0,0,0,0,0,1,0,0,0,0,0,0
92.44016396310184,3.0783742952118103,7.52295260292163,1.2088063595106275,0.0,183500.6472009892,0.1371901590082285,1.593975,1.392683,2.433284,139.36973400000002,0.3703599999999999,0.0,94.32669792153249,0.0619419125416854,0.6670116278834346,21.492159020096008,0.0619419125416854,0.6670116278834346,3.582026503349334,0.0619419125416854,0.6670116278834346,7.395919079748797,79.6417776373549,0.7780218053031436,1,0,0,0,0,0,1,0,0,0,0,0,1,0,1,0,0,0,0,0,0,0,0,0,0,0
84.65326348166666,0.4948026545578055,7.8614620281923875,0.8531262677350491,0.0,65013.421636128594,0.1133740755240265,1.571475,1.363386,2.202051,136.915415,1.134463,0.0,86.38088110374149,0.0,0.6598720730981448,19.68171974515629,0.0,0.6598720730981448,3.280286624192714,0.0,0.6598720730981448,0.0,72.15231783540537,0.6647177304004676,0,0,0,0,0,0,0,1,0,0,0,0,1,0,0,1,0,0,0,0,0,0,0,0,0,0
56.85708442111112,4.28551042237156,7.774115273134885,0.8926235715405261,0.0,86142.75326925959,0.0967446225661811,1.707993,1.488635,2.32674,114.654757,1.136808,0.0,58.017433082766445,0.001827893961603,0.6343866641478582,13.219161968225263,0.001827893961603,0.6343866641478582,2.2031936613708774,0.001827893961603,0.6343866641478582,0.134240146328731,46.58922257695923,0.3007511497236601,1,0,0,1,0,0,0,0,0,0,1,0,0,0,0,0,0,0,0,0,0,0,0,0,1,0
28.744316466296297,3.428182145674452,12.964824740549355,2.514582256619021,0.0,196301.7177195744,0.1357941284454126,0.956141,1.34886,0.715827,131.08581,1.136793,0.0,29.3309351696901,0.0339990416798,0.6086109851780216,6.6829978867648325,0.0339990416798,0.6086109851780216,1.113832981127472,0.0339990416798,0.6086109851780216,1.262308464989627,22.59636626559212,0.0115100984683033,2,0,0,0,0,1,0,0,0,0,1,0,0,0,1,0,0,0,0,0,0,0,0,0,0,0
33.91357972810186,5.03504675126476,9.774182066928857,1.5506365615115176,0.0,197347.5996327937,0.1347036331945615,1.143357,1.356143,0.250625,141.517722,1.135009,0.0,34.60569360010394,0.0288598780022786,0.6133505138705013,7.884841579770518,0.0288598780022786,0.6133505138705013,1.314140263295086,0.0288598780022786,0.6133505138705013,1.2641975892192838,26.86762019299857,0.780612139696484,3,0,0,0,0,1,0,0,0,0,0,0,0,1,0,0,1,0,0,0,0,0,0,0,0,0
82.09995724754629,1.5436197094780078,6.892797408344077,2.072601311784282,0.0,188269.29533872905,0.1280010820632215,2.170224,1.508358,1.7162540000000002,101.514044,1.13645,0.0,83.77546657912886,0.0570557797524879,0.6575310299853446,19.088080992712904,0.0570557797524879,0.6575310299853446,3.181346832118817,0.0570557797524879,0.6575310299853446,6.050474138988214,69.7278086421233,0.8312201533832251,2,0,0,0,0,0,1,0,0,0,0,0,0,1,1,0,0,0,0,0,0,0,0,0,0,0
195.59649031805552,1.1415302849930824,9.675437171396306,1.981110225049712,0.0,168165.0957921163,0.12901657163132,2.016565,1.402135,0.491417,138.965725,51.106538,0.0,199.58825542658727,0.0708682651300673,0.7615922951484514,45.47580503390596,0.0708682651300673,0.7615922951484514,7.579300838984325,0.0708682651300673,0.7615922951484514,17.904396711922775,192.41123738608857,0.3421895219807587,0,0,0,0,0,0,1,0,0,0,0,1,0,0,0,0,0,1,0,0,0,0,0,0,0,0
393.2213796323149,0.4251869940500465,3.627008457549756,1.2512825725676058,0.0,169236.7387402578,0.1389174388824321,2.407571,1.368869,0.50405,159.04160900000002,64.949704,0.0,401.24630574726007,0.2634324588857661,0.9427881031030856,91.423208904439,0.2634324588857661,0.9427881031030856,15.237201484073164,0.2634324588857661,0.9427881031030856,133.7991151162413,478.848409458962,0.8708178594805336,0,0,0,0,1,0,0,0,0,0,0,0,1,0,0,1,0,0,0,0,0,0,0,0,0,0
83.1089379676389,1.4569971210879389,5.143852846227961,0.77502892093121,0.0,198227.14161795564,0.1331632582993387,1.796461,1.3314290000000002,0.404171,155.834056,1.136993,0.0,84.80503874248866,0.0460212707942399,0.6584561314612883,19.32266705525058,0.0460212707942399,0.6584561314612883,3.2204445092084297,0.0460212707942399,0.6584561314612883,4.9402982945368095,70.68404777063768,0.8549897706124843,1,0,0,0,0,0,0,1,0,0,1,0,0,0,0,0,1,0,0,0,0,0,0,0,0,0
40.060383754675925,3.4906746500687635,8.946110971254125,1.7509007845565283,0.0,182825.42181879497,0.1374510746065089,1.322123,1.456924,1.830521,115.208806,1.135259,0.0,40.87794260681217,0.038587323955969,0.618986317770499,9.31396160661543,0.038587323955969,0.618986317770499,1.552326934435905,0.038587323955969,0.618986317770499,1.9966714101551533,32.02897110408159,0.9382403162711446,2,0,0,0,0,1,0,0,0,0,0,0,1,0,1,0,0,0,0,0,0,0,0,0,0,0
60.70011617476851,15.624099393828596,6.891480911835778,1.6756552459238816,0.0,158025.14616119603,0.114460524126923,1.4703540000000002,1.391824,3.662305,141.777545,1.137111,0.0,61.93889405588624,0.0284246487979296,0.6379102144760355,14.112659405138636,0.0284246487979296,0.6379102144760355,2.3521099008564392,0.0284246487979296,0.6379102144760355,2.22859659553258,50.01449771088459,0.3900290597631474,1,0,0,0,1,0,0,0,0,0,0,1,0,0,0,0,0,1,0,0,0,0,0,0,0,0
1.111976,5.9994385917123845,8.872074223250793,2.6311068361182866,0.0,174086.1115857314,0.1385880680821782,1.021672,0.255696,0.415293,517.952631,0.915306,0.0,28.88579340778534,0.0333177046992043,0.6082110119506974,6.58157318152071,0.0333177046992043,0.6082110119506974,1.0969288635867849,0.0333177046992043,0.6082110119506974,1.218238398433944,22.238807138668232,0.3292893532584792,3,0,0,1,0,0,0,0,0,0,1,0,0,0,1,0,0,0,0,0,0,0,0,0,0,0
42.16963562384259,3.883631531569026,5.972955137705632,0.7588856205236998,0.0,177378.26423860912,0.1338193512273778,1.408452,1.417847,1.183016,112.681085,1.13614,0.0,43.030240432492434,0.0236763100474756,0.6209202219358074,9.804358579555238,0.0236763100474756,0.6209202219358074,1.6340597632592062,0.0236763100474756,0.6209202219358074,1.2896168530343193,33.820691695309314,0.5274066016960406,2,0,0,1,0,0,0,0,0,0,0,0,1,0,0,0,0,1,0,0,0,0,0,0,0,0
37.53123664412037,6.214636461340266,6.12718938752044,1.6554210817785286,0.0,226172.4462679856,0.1315184691273194,1.159362,1.330201,3.925292,144.935981,0.0,0.0,38.29718024910242,0.0616909424713681,0.6166674253692259,8.725939803592956,0.0616909424713681,0.6166674253692259,1.454323300598826,0.0616909424713681,0.6166674253692259,2.990619169067083,29.894460181158426,0.1015744452526544,3,0,0,0,1,0,0,0,0,0,0,0,1,0,0,0,0,0,0,0,0,0,0,0,0,1
49.82005869597222,0.7574779417732065,7.290996575527054,1.1304889387078136,0.0,197503.17350494603,0.1384500868493418,1.732857,1.3241040000000002,0.23771,104.355837,1.139681,0.425412,50.83679458772676,0.0170700074222943,0.6279346450409101,11.583067121254198,0.0170700074222943,0.6279346450409101,1.9305111868757,0.0170700074222943,0.6279346450409101,1.0984613429596803,40.40782856260995,0.5445148328872723,1,0,0,1,0,0,0,0,0,0,0,1,0,0,0,0,0,0,1,0,0,0,0,0,0,0
94.20571474981485,0.3780820165588844,10.9360380069815,0.5356316478561154,0.0,90793.1209532374,0.1205691919445419,3.365777,1.584588,0.318837,73.618248,1.180044,0.0,96.12828035695392,0.0,0.6686304037491337,21.902646157280635,0.0,0.6686304037491337,3.650441026213439,0.0,0.6686304037491337,0.0,81.35986190731647,0.2629515248247062,1,0,0,0,0,0,0,1,0,0,0,0,1,0,0,1,0,0,0,0,0,0,0,0,0,0
34.196513868564814,5.535227501135078,8.478021546233473,1.685612365067434,0.0,201927.21507793764,0.1335986670222785,1.179612,1.190098,2.598778,171.361493,1.136749,0.2233949999999999,34.89440190669879,0.028951554445619,0.613609926945226,7.9506232192478254,0.028951554445619,0.613609926945226,1.3251038698746374,0.028951554445619,0.613609926945226,1.2787938944925374,27.10322962628709,0.3005857094094448,3,0,0,1,0,0,0,0,0,0,0,0,0,1,0,0,1,0,0,0,0,0,0,0,0,0
35.78126581907407,1.7908095793186618,7.143539839797168,0.7343673628868816,0.0,51805.19375281025,0.0969811730730019,1.163177,1.359908,2.777344,142.608356,1.13448,0.0,36.51149573374905,0.0014733274231378,0.6150629342616455,8.31907497730991,0.0014733274231378,0.6150629342616455,1.3865124962183182,0.0014733274231378,0.6150629342616455,0.0680928961067233,28.426414810482587,0.8744058205763956,0,0,0,0,0,0,0,0,0,1,1,0,0,0,0,0,0,0,0,0,0,0,1,0,0,0
31.22850571361112,0.6144518615316144,5.215253208466857,0.3865668654298896,0.0,79248.19227742805,0.1034050433845114,1.185524,1.293743,1.481363,132.045166,0.0,0.0,31.865822156746034,0.0013996951645844,0.610888657182501,7.26056707368897,0.0013996951645844,0.610888657182501,1.2100945122814948,0.0013996951645844,0.610888657182501,0.0564587812510215,24.641100389051864,0.3044399286340981,3,0,0,0,1,0,0,0,0,0,1,0,0,0,0,0,0,0,0,0,0,0,0,0,1,0
48.6280134262963,0.5591588174696449,3.813954367054452,0.8568313702119055,0.0,170857.2323235162,0.131856570337459,1.5724209999999998,1.456024,0.546353,102.507066,1.136113,0.0,49.62042186356765,0.0421692697271026,0.6268416976570714,11.305918905623008,0.0421692697271026,0.6268416976570714,1.8843198176038345,0.0421692697271026,0.6268416976570714,2.6486796880220336,39.37234111318836,0.9483184027843202,1,0,0,0,0,0,1,0,0,0,0,1,0,0,0,0,0,0,0,0,0,1,0,0,0,0
67.96417147203705,15.77167992168765,7.94992427574359,1.931288491621864,0.0,224052.3145421163,0.115921263839844,1.762711,1.522802,1.896535,104.945502,0.0134849999999999,0.0,69.35119537962964,0.050595564480141,0.6445703895844586,15.801538187763716,0.050595564480141,0.6445703895844586,2.633589697960619,0.050595564480141,0.6445703895844586,4.441598579246723,56.58446458733643,0.5619597639024282,2,0,0,0,1,0,0,0,0,0,0,1,0,0,1,0,0,0,0,0,0,0,0,0,0,0
170.27037161800925,0.5704395976140917,6.031874514312196,1.2714321962077555,0.0,166306.14367880695,0.1389396378426529,2.354664,1.3541379999999998,0.511537,128.506209,94.714631,0.0,173.74527716123393,0.1030725571047863,0.7383716038876835,39.58753150509127,0.1030725571047863,0.7383716038876835,6.597921917515212,0.1030725571047863,0.7383716038876835,22.66882278720026,162.39060628538024,0.4754920819104051,1,0,0,0,0,0,0,1,0,0,1,0,0,0,0,0,0,0,0,1,0,0,0,0,0,0
33.7069924912963,0.7287480926913895,7.443054244958525,1.307879087593344,0.0,196676.92194994004,0.1370586770043956,1.140778,1.306837,0.093476,131.305951,1.134489,0.196442,34.39489029724112,0.0287929908351067,0.61316110077878,7.83681044747266,0.0287929908351067,0.61316110077878,1.3061350745787763,0.0287929908351067,0.61316110077878,1.253584507725275,26.69570733648322,0.7978126880376307,1,0,0,1,0,0,0,0,0,0,0,1,0,0,0,0,1,0,0,0,0,0,0,0,0,0
40.807534563425925,0.848808891338696,8.009180357130312,1.338951572811575,0.0,190709.7845660972,0.1376328904637329,1.420392,1.385604,0.937692,114.69079,1.135077,0.034598,41.64034139125094,0.0155583942236603,0.6196713559502807,9.487672722057177,0.0155583942236603,0.6196713559502807,1.5812787870095293,0.0155583942236603,0.6196713559502807,0.8200719581935236,32.66243900272033,0.8482201613346622,1,0,0,1,0,0,0,0,0,0,0,0,1,0,0,0,0,0,1,0,0,0,0,0,0,0
34.1881892812037,2.794480657691864,10.80956626224289,1.7731376246010944,0.0,200500.5305755396,0.1360720757671969,1.162281,1.383681,0.758725,137.226159,1.135635,0.0,34.885907429799694,0.0144744279745658,0.6136022944028979,7.94868776881512,0.0144744279745658,0.6136022944028979,1.3247812948025195,0.0144744279745658,0.6136022944028979,0.6391817144557048,27.096294735762275,0.8920376845980017,1,0,0,0,0,0,0,1,0,0,0,0,1,0,0,0,0,0,1,0,0,0,0,0,0,0
24.767047559259257,0.7498617889426595,9.334748216670194,0.9656232375321055,0.0,71370.64557104316,0.0987337875298316,0.956116,1.083016,0.280788,183.615472,168.636688,0.0,25.272497509448225,0.0,0.6049643571871645,5.758290571773013,0.0,0.6049643571871645,0.959715095295502,0.0,0.6049643571871645,0.0,19.35311419027539,0.4978552252466164,0,0,0,1,0,0,0,0,0,0,1,0,0,0,0,1,0,0,0,0,0,0,0,0,0,0
34.34011936490741,4.900129856251413,7.691858771321871,1.166405806724402,0.0,178708.9509704736,0.1366770461701946,1.156349,1.259741,0.283234,154.851016,1.134408,0.281146,35.04093812745654,0.0144990583224676,0.6137415941356635,7.984011218914149,0.0144990583224676,0.6137415941356635,1.3306685364856912,0.0144990583224676,0.6137415941356635,0.6431146906126223,27.22288762829662,0.7650973623607996,2,0,0,0,0,0,1,0,0,0,0,0,1,0,0,0,0,0,1,0,0,0,0,0,0,0
8.421045653194444,0.4781955226326732,0.8704149773080858,0.1377941270713969,0.0,187975.3652952638,0.11661532224654,0.66163,1.189362,0.1574569999999999,170.59191299999998,1.543669,2e-06,8.592903727749432,0.0261665264817693,0.5899772417864947,1.9578767987277184,0.0261665264817693,0.5899772417864947,0.3263127997879531,0.0261665264817693,0.5899772417864947,0.2846157505663921,6.417237519284175,0.5469377410947796,1,0,0,0,1,0,0,0,0,0,0,1,0,0,1,0,0,0,0,0,0,0,0,0,0,0
26.425346093518524,0.9919537125731543,8.279502872082826,1.1174724039128072,0.0,175405.8176708633,0.1239227107781872,0.944757,1.280077,0.354147,162.832615,107.502885,0.0,26.964638870937268,0.0066157669405942,0.6064847969647033,6.143841768061656,0.0066157669405942,0.6064847969647033,1.0239736280102758,0.0066157669405942,0.6064847969647033,0.2258123625410229,20.700814596034093,0.5224617330084936,0,0,0,1,0,0,0,0,0,0,0,0,1,0,0,0,0,0,0,0,1,0,0,0,0,0
57.98507873726853,1.8158992486034369,7.802696855805761,1.4426706327522971,0.0,179078.88525741905,0.127565454959655,1.830344,1.444649,1.223565,122.729764,1.136743,0.0,59.168447691090336,0.0313383227522085,0.6354208853038754,13.48141846126109,0.0313383227522085,0.6354208853038754,2.246903076876848,0.0313383227522085,0.6354208853038754,2.347139127203234,47.59097141003628,0.2507893134298536,2,0,0,0,0,0,0,0,0,1,0,0,1,0,0,0,0,0,0,0,0,1,0,0,0,0
174.55203529898145,0.751225833484023,10.550795372155644,8.798635147744232,0.0,211091.5142948141,0.1361265663656113,4.583637,1.654149,0.423846,73.434133,1.218925,0.0,178.11432173365455,0.1055582868560903,0.7422973215073406,40.58301001526306,0.1055582868560903,0.7422973215073406,6.763835002543843,0.1055582868560903,0.7422973215073406,23.799294514859582,167.35922018352971,0.7449828495155204,1,0,0,0,0,0,1,0,0,0,1,0,0,0,0,0,0,1,0,0,0,0,0,0,0,0
35.11860829916666,0.6143682986426411,7.748613362117923,1.4117501295156043,0.0,173335.92399205634,0.1386090245464151,1.197277,1.0941459999999998,0.01696,124.249745,0.37159,0.510393,35.835314590986385,0.0365636196907067,0.614455365219439,8.165008387819682,0.0365636196907067,0.614455365219439,1.3608347313032805,0.0365636196907067,0.614455365219439,1.6585681192426076,27.87240672754181,0.7703211558520884,1,0,0,0,0,0,0,1,0,0,1,0,0,0,1,0,0,0,0,0,0,0,0,0,0,0
50.625685275879626,3.211908485249078,8.873350453319595,1.5878574985394376,0.0,145699.31344611812,0.1279932665560457,1.065816,1.301927,2.363285,158.431253,1.136785,0.0,51.65886252640778,0.0430178424730701,0.6286732977458531,11.770373740194175,0.0430178424730701,0.6286732977458531,1.9617289566990288,0.0430178424730701,0.6286732977458531,2.8129782411379707,41.10955374971702,0.936562486883886,2,0,0,0,0,0,1,0,0,0,1,0,0,0,1,0,0,0,0,0,0,0,0,0,0,0
48.73269447592593,6.998787695841251,6.246185355906864,1.116233798525602,0.0,201082.6990595024,0.136895151607853,1.042494,1.275658,2.379226,162.2675,1.136469,0.0,49.72723926114891,0.042213610533436,0.6269376762933201,11.330257046844055,0.042213610533436,0.6269376762933201,1.8883761744740089,0.042213610533436,0.6269376762933201,2.657172545662192,39.46313902641349,0.8482735491099547,3,0,0,1,0,0,0,0,0,0,1,0,0,0,1,0,0,0,0,0,0,0,0,0,0,0
3.105014,1.4452962315053963,6.498148623130304,1.1413860432535623,0.0,162552.36930455634,0.1388958511378267,1.949892,0.365274,0.152474,683.271276,6.104128,0.0,80.65892872893046,0.0516756756742763,0.6547307272308058,18.37798376102213,0.0516756756742763,0.6547307272308058,3.062997293503688,0.0516756756742763,0.6547307272308058,5.2760818243427625,66.84794818272199,0.928129358956044,1,0,1,0,0,0,0,0,0,0,1,0,0,0,1,0,0,0,0,0,0,0,0,0,0,0
7.534082508703702,17.966599938408326,4.563423217915231,0.7771029564545309,0.0,142018.7740744904,0.1271448895978413,0.6289319999999999,1.20888,1.179224,172.87348,1.134981,0.0,7.687839294595614,0.0175301517825013,0.589164014241373,1.751659586110393,0.0175301517825013,0.589164014241373,0.2919432643517321,0.0175301517825013,0.589164014241373,0.1705936578654928,5.733415518539895,0.5432369833692113,3,0,0,0,0,0,1,0,0,0,0,1,0,0,0,0,0,0,0,0,0,0,0,0,1,0
45.65002594949073,0.2251807717825297,2.9604544493791867,0.1903518625586439,0.0,122491.24487597424,0.1346698218344641,1.411018,1.334334,0.5184489999999999,141.648677,59.641812,0.024512,46.5816591321334,0.0146061826252685,0.6241112781799958,10.61354258706837,0.0146061826252685,0.6241112781799958,1.7689237645113949,0.0146061826252685,0.6241112781799958,0.8612407851543648,36.80017572240589,0.1510074671261855,0,0,0,1,0,0,0,0,0,0,0,1,0,0,0,0,0,0,0,1,0,0,0,0,0,0
18.5262036987037,0.5001463813425826,3.961549177158365,0.5104179761106733,0.0,129517.25097422062,0.101125296486689,0.904135,1.170089,1.348461,174.33943200000002,1.135571,0.402933,18.904289488473164,0.0179973118883983,0.5992423312340778,4.307306465728063,0.0179973118883983,0.5992423312340778,0.717884410954677,0.0179973118883983,0.5992423312340778,0.4306663214590162,14.339557599236116,0.0021226610407876,3,0,0,0,1,0,0,0,0,0,0,1,0,0,0,0,0,1,0,0,0,0,0,0,0,0
59.52166518537036,5.047990721764324,11.073075827363011,2.546771734452648,0.0,180500.85480365707,0.1368737769641464,1.855392,1.370096,0.2941,120.414391,0.3718,0.510969,60.736393046296286,0.0468581570600632,0.6368297312438885,13.838671833333333,0.0468581570600632,0.6368297312438885,2.3064453055555547,0.0468581570600632,0.6368297312438885,3.602525879272259,48.96043146885576,0.4507688624466974,2,0,0,1,0,0,0,0,0,0,0,0,1,0,1,0,0,0,0,0,0,0,0,0,0,0
49.31360811199074,3.1374195493954264,6.877455320289667,0.9253402038586798,0.0,173295.01646807554,0.1314133717108973,1.464658,1.338017,2.182178,143.23546399999998,1.135568,0.0,50.32000827754157,0.0254759559643791,0.6274702970376194,11.465318341718332,0.0254759559643791,0.6274702970376194,1.9108863902863884,0.0254759559643791,0.6274702970376194,1.6227219177289165,39.96748169727148,0.4126900685577352,2,0,0,0,0,0,0,0,1,0,0,0,1,0,0,0,0,1,0,0,0,0,0,0,0,0
1.193533,9.444513147540516,8.793384572584852,2.628486263237411,0.0,168054.49162544965,0.1387757287501431,0.976469,0.4334439999999999,0.6227010000000001,454.169228,0.0,0.0,31.00439907279856,0.0340689302347003,0.6101146426988816,7.064293459624987,0.0340689302347003,0.6101146426988816,1.177382243270831,0.0340689302347003,0.6101146426988816,1.3370717835189667,23.94460488910636,0.072646041631126,3,0,1,0,0,0,0,0,0,0,1,0,0,0,1,0,0,0,0,0,0,0,0,0,0,0
23.7156292638426,3.2394059480523034,10.16863197788632,1.5904461246886128,0.0,95956.51118480216,0.1099680689313143,1.00315,1.296485,0.692617,139.90115,1.136533,0.0,24.19962169779857,0.0114283612711209,0.6040003460841229,5.513837855194611,0.0114283612711209,0.6040003460841229,0.9189729758657684,0.0114283612711209,0.6040003460841229,0.3500785055530384,18.50199984882935,0.6227010643560199,0,0,0,0,0,0,1,0,0,0,0,0,1,0,0,0,0,0,0,1,0,0,0,0,0,0
198.9151748977777,3.655705425093214,11.882204210157877,1.9883938024369927,0.0,239638.58878522183,0.1359166085934467,3.052962,1.521779,1.52357,107.725475,1.135921,0.0,202.97466826303847,0.1201450480369429,0.764635088674388,46.2473927687936,0.1201450480369429,0.764635088674388,7.707898794798931,0.1201450480369429,0.764635088674388,30.86886236550041,196.457662615143,0.9480973566758294,1,0,0,1,0,0,0,0,0,0,1,0,0,0,1,0,0,0,0,0,0,0,0,0,0,0
69.52865928939814,0.0936624781190634,1.76563665420889,0.1160735390070888,0.0,56366.46122086706,0.1021600964320577,1.926482,1.43581,0.170131,132.047825,7.341355,7.000000000000001e-06,70.94761151979402,0.0,0.6460048173788805,16.165278574130284,0.0,0.6460048173788805,2.6942130956883803,0.0,0.6460048173788805,0.0,58.01582129533201,0.8827025763756222,1,0,0,0,1,0,0,0,0,0,1,0,0,0,0,1,0,0,0,0,0,0,0,0,0,0
26.731141027407407,5.271979223338248,8.377251726832036,1.3804842297979396,0.0,191191.0834644784,0.1368401262828772,0.866649,1.280568,1.531971,154.647765,1.135587,0.0,27.27667451776266,0.0066399577681295,0.6067651703544452,6.214938497718075,0.0066399577681295,0.6067651703544452,1.0358230829530124,0.0066399577681295,0.6067651703544452,0.2292607175353915,20.950045646168373,0.3478093776625081,3,0,0,0,0,1,0,0,0,0,0,0,1,0,0,0,0,0,0,0,1,0,0,0,0,0
61.705812883333344,0.3939058114942029,1.7998533174574232,0.1748116948335862,0.0,171476.18447429556,0.1290808933244334,1.170014,1.142101,0.002198,168.951573,102.793562,0.353572,62.96511518707485,0.0382531081359089,0.6388323049490423,14.346481941358824,0.0382531081359089,0.6388323049490423,2.391080323559804,0.0382531081359089,0.6388323049490423,3.0488751392925777,50.91664514726705,0.7516396542795167,0,0,0,0,0,0,0,1,0,0,0,0,1,0,0,0,1,0,0,0,0,0,0,0,0,0
1.410265,4.242147605767925,10.340423490217836,1.821210515584877,0.0,167038.29365257794,0.138815114591762,1.108271,0.36061,0.331637,586.8063980000001,6.745569000000001,0.0,36.634444844340514,0.0360652593389971,0.6151734077259853,8.347088698710497,0.0360652593389971,0.6151734077259853,1.3911814497850823,0.0360652593389971,0.6151734077259853,1.672443992470033,28.52726110764887,0.3508960570830977,3,0,1,0,0,0,0,0,0,0,1,0,0,0,1,0,0,0,0,0,0,0,0,0,0,0
3.181944,0.5772589939675457,9.02056090037028,3.853708537505399,0.0,179001.8575202338,0.138351799826399,1.7524419999999998,0.20774,0.630518,578.7948660000001,5.063903,1.004252,82.65733884467119,0.052384281685357,0.6565263586721024,18.833317711444067,0.052384281685357,0.6565263586721024,3.1388862852406776,0.052384281685357,0.6565263586721024,5.480943444811725,68.69205277116215,0.8135421640792824,1,0,0,1,0,0,0,0,0,0,0,0,1,0,1,0,0,0,0,0,0,0,0,0,0,0
41.67377534060186,11.538320175749506,5.082694189153987,0.8688286164109942,0.0,167452.52402765286,0.1237527437561707,1.4722309999999998,1.197914,1.592333,163.185779,6.228325,0.538695,42.52426055163455,0.0392547319263616,0.6204655838334602,9.68907202442306,0.0392547319263616,0.6204655838334602,1.6148453374038434,0.0392547319263616,0.6204655838334602,2.113010694077431,33.39853183576722,0.8142850213454997,2,0,0,0,1,0,0,0,0,0,1,0,0,0,1,0,0,0,0,0,0,0,0,0,0,0
233.85270432875,6.4135824719207175,9.715173673286712,1.4150513990891638,0.0,130469.31768023082,0.1048845671322777,3.733521,1.4384290000000002,0.555315,116.98701,1.599747,0.0,238.62520849872448,0.0854262903769428,0.7966681685923589,54.37030067059545,0.0854262903769428,0.7966681685923589,9.061716778432574,0.0854262903769428,0.7966681685923589,25.80362829426655,240.6393770058844,0.1863002873599457,1,0,0,0,1,0,0,0,0,0,0,0,1,0,0,0,0,1,0,0,0,0,0,0,0,0
1.539376,0.7083090398666099,10.513041297308831,3.594627643374802,0.0,170612.34496777577,0.1385752862806228,1.4448,0.249027,0.795976,549.0925530000001,4.786267,0.242128,39.98836046182917,0.0372545071057544,0.6181870015257673,9.111272003961078,0.0372545071057544,0.6181870015257673,1.5185453339935129,0.0372545071057544,0.6181870015257673,1.8857552645223865,31.29149955674649,0.1260644218169687,1,1,0,0,0,0,0,0,0,0,0,0,1,0,1,0,0,0,0,0,0,0,0,0,0,0
77.64090602916666,0.4433347472755743,1.5176980692705662,0.1574601441335907,0.0,177677.5371702638,0.1217689053188982,1.397946,1.313548,1.561823,158.739366,18.71108,0.005256,79.22541431547619,0.0329943430730743,0.6534426715248848,18.051360223779383,0.0329943430730743,0.6534426715248848,3.008560037296564,0.0329943430730743,0.6534426715248848,3.308848734216809,65.53071694046912,0.7642954815229556,0,0,0,1,0,0,0,0,0,0,1,0,0,0,0,0,0,1,0,0,0,0,0,0,0,0
11.949499651435184,2.65024320799098,8.487583174122323,1.1336911672310863,0.0,76743.1592288669,0.1036813102653629,0.742405,1.093614,0.917855,152.298215,1.135949,0.0,12.193366991260392,0.0054977579433502,0.5932123660426571,2.7782355169960384,0.0054977579433502,0.5932123660426571,0.463039252832673,0.0054977579433502,0.5932123660426571,0.0848559243447926,9.156020358116471,0.8201867326752189,0,0,0,0,0,0,0,0,0,1,0,0,1,0,0,0,0,0,0,0,1,0,0,0,0,0
6.196773,4.859382724304565,8.139045978907486,1.6949986455251844,0.0,174332.82141786572,0.1379634288789557,1.900409,0.352181,1.271199,658.928416,5.213617,0.0,160.97353240802155,0.0801540197820744,0.7268958080745795,36.6775137132201,0.0801540197820744,0.7268958080745795,6.11291895220335,0.0801540197820744,0.7268958080745795,16.332500887370838,148.1151720485422,0.8899438958776128,2,0,0,1,0,0,0,0,0,0,0,1,0,0,1,0,0,0,0,0,0,0,0,0,0,0
39.75102477726852,5.026782794250287,9.469246127908464,1.6267070165641015,0.0,218805.25944244603,0.1374733581138457,1.351697,1.242309,1.513973,143.72854099999998,1.136175,0.364652,40.56227018088624,0.0384597294543435,0.6187026766256317,9.242036243746233,0.0384597294543435,0.6187026766256317,1.5403393739577051,0.0384597294543435,0.6187026766256317,1.974701186342877,31.76706978598274,0.477484537594332,3,0,0,0,0,0,0,0,1,0,0,0,1,0,1,0,0,0,0,0,0,0,0,0,0,0
3.727905,2.880641852065528,9.37869182993754,2.128982679878207,0.0,167756.15505095923,0.1387334047354382,2.042505,0.347434,0.647177,693.7157179999999,1.086223,0.0,96.83976423398524,0.0574131552901359,0.6692696933571627,22.06475640774348,0.0574131552901359,0.6692696933571627,3.6774594012905775,0.0574131552901359,0.6692696933571627,7.037818255982214,82.04040419450536,0.330743436518963,3,1,0,0,0,0,0,0,0,0,1,0,0,0,1,0,0,0,0,0,0,0,0,0,0,0
236.47701140125,1.6539527899462827,6.9764184448644695,3.311407473590448,0.0,207030.28523119004,0.1237000193026997,3.76272,1.683609,0.802245,87.52752199999999,0.013491,0.0,241.3030728584184,0.1441096270787448,0.7990743100554747,54.98044698039913,0.1441096270787448,0.7990743100554747,9.16340783006652,0.1441096270787448,0.7990743100554747,44.01784283871122,244.074792985578,0.6840681362849067,3,0,0,0,0,0,0,0,0,1,1,0,0,0,1,0,0,0,0,0,0,0,0,0,0,0
15.419274218888887,0.4915742205558635,2.204400088146722,0.378707736623373,0.0,174781.0865370204,0.1327477638348401,0.82226,1.23564,0.3075199999999999,179.327405,2.184908,0.0036299999999999,15.733953284580496,0.0288044662115191,0.5963936890447941,3.584951381296822,0.0288044662115191,0.5963936890447941,0.5974918968828036,0.0288044662115191,0.5963936890447941,0.5736811718472392,11.878013218543568,0.8820749923121364,1,0,0,1,0,0,0,0,0,0,0,0,1,0,0,0,0,0,0,0,1,0,0,0,0,0
87.68695186717594,2.039101553049019,7.493463141740941,1.0859882908759355,0.0,100900.90006276227,0.0945023994991104,2.553901,1.543343,0.087559,81.49412,73.604768,0.003193,89.4764814971183,0.0213054020840686,0.6626535629196056,20.38704641706493,0.0213054020840686,0.6626535629196056,3.397841069510821,0.0213054020840686,0.6626535629196056,2.413079006789664,75.05304969819699,0.0438295283727807,0,0,0,0,1,0,0,0,0,0,0,1,0,0,0,0,0,0,0,1,0,0,0,0,0,0
24.96034600523148,0.4618704504818081,2.162898952440678,0.2608029153421342,0.0,167730.3303357314,0.1390540727215419,0.843908,1.167593,0.0752309999999999,177.98327,139.763459,0.016119,25.46974082166478,0.0325010141092889,0.6051415862204904,5.803232085948936,0.0325010141092889,0.6051415862204904,0.967205347658156,0.0325010141092889,0.6051415862204904,1.0478384883605822,19.509872609426584,0.0085594927458587,0,0,0,0,0,0,1,0,0,0,0,1,0,0,0,0,1,0,0,0,0,0,0,0,0,0
92.5463470025,0.5273098694763595,6.663657575202503,3.2865788094002566,0.0,182860.8002847721,0.1402439245467277,3.127581,1.50754,0.662521,108.804587,3.269552,0.030375,94.4350479617347,0.0619927915994183,0.6671089836450574,21.51684637102816,0.0619927915994183,0.6671089836450574,3.586141061838026,0.0619927915994183,0.6671089836450574,7.41049651642139,79.7448972990191,0.1335953256930498,1,0,0,0,0,0,0,0,1,0,1,0,0,0,0,0,0,0,0,1,0,0,0,0,0,0
19.268466676342594,56.98298901098315,5.927743743077742,1.8950931585664088,0.0,173643.46348546163,0.1358009402057249,0.925083,0.912593,1.006773,156.475199,1.088168,1.0018049999999998,19.661700690145505,0.0302818815888142,0.5999228879211164,4.47988116990657,0.0302818815888142,0.5999228879211164,0.7466468616510951,0.0302818815888142,0.5999228879211164,0.7536623951059424,14.93101804996544,0.9903314810445668,3,0,0,0,1,0,0,0,0,0,1,0,0,0,1,0,0,0,0,0,0,0,0,0,0,0
26.494997686851857,0.3988882553377311,2.985743711034743,0.3715003215723472,0.0,172124.47150404676,0.1385784968197774,0.886494,1.137355,0.090753,173.848163,152.25426299999998,0.041056,27.03571192535904,0.0331063742630694,0.6065486582362928,6.160035628562818,0.0331063742630694,0.6065486582362928,1.0266726047604695,0.0331063742630694,0.6065486582362928,1.1329802499613502,20.75756302884742,0.8755540671682155,0,0,0,0,0,1,0,0,0,0,0,0,1,0,0,1,0,0,0,0,0,0,0,0,0,0
51.51063728152778,7.564569208833525,7.83895591694674,1.47701234340096,0.0,192531.9762533723,0.1307912353488753,1.593916,1.475992,1.662464,114.319106,0.013493,0.0,52.56187477706917,0.0433953713022138,0.6294846813434399,11.976123366927151,0.0433953713022138,0.6294846813434399,1.996020561154525,0.0433953713022138,0.6294846813434399,2.88726844593846,41.88214556311035,0.6545278912021494,2,0,0,0,0,0,0,0,0,1,1,0,0,0,1,0,0,0,0,0,0,0,0,0,0,0
43.02648260060186,0.175102610435846,2.555248285226113,0.0711048698539642,0.0,95481.77871140587,0.1261482181862818,1.470961,1.32656,0.345254,142.40348899999998,57.539922,0.037675,43.9045740822468,0.0,0.6217058369501212,10.003573841524586,0.0,0.6217058369501212,1.6672623069207642,0.0,0.6217058369501212,0.0,34.551556931318785,0.9561190326323644,0,0,0,1,0,0,0,0,0,0,0,1,0,0,0,1,0,0,0,0,0,0,0,0,0,0
133.40864054884258,3.467527883230068,9.873220972019991,7.401174627333808,0.0,169966.79638788968,0.1344604962092223,3.175502,1.536223,1.590065,77.7171,0.371482,0.0,136.1312658661659,0.082634428554639,0.704574286318726,31.01725045051881,0.082634428554639,0.704574286318726,5.169541741753135,0.082634428554639,0.704574286318726,14.239404257304123,121.41087277635263,0.7956288270237237,2,0,0,0,0,0,1,0,0,0,0,1,0,0,0,1,0,0,0,0,0,0,0,0,0,0
20.840031665833333,10.266404597387968,5.02037399649906,1.5572476361295302,0.0,207755.9845061451,0.1363677268387745,0.937944,1.299185,1.4950450000000002,148.104792,0.0,0.10755,21.26533843452381,0.0507530767866794,0.6013638045435726,4.845266985081374,0.0507530767866794,0.6013638045435726,0.8075444975135623,0.0507530767866794,0.6013638045435726,1.3661789296988769,16.187601045432782,0.0107598262028798,3,0,0,0,0,0,1,0,0,0,0,1,0,0,0,0,0,0,0,0,0,0,0,0,0,1
73.90650123046298,42.64204918230466,9.743205072782594,3.4559978818436035,0.0,230177.8978379796,0.1237118641714112,2.023726,1.543179,1.153802,103.501507,0.013496,0.0,75.41479717394182,0.0532803925627565,0.6500187177047019,17.183118343429783,0.0532803925627565,0.6500187177047019,2.8638530572382965,0.0532803925627565,0.6500187177047019,5.086240504390231,62.05193639869094,0.5678344862692091,2,0,0,0,0,0,0,0,0,1,1,0,0,0,1,0,0,0,0,0,0,0,0,0,0,0
107.15923091787036,4.082785151273512,10.96669243622741,1.9221114779261947,0.0,226349.68197317145,0.134313045234846,1.915739,1.429673,1.994988,134.829691,1.135314,0.0,109.34615399782692,0.0691311917448906,0.6805070597516674,24.91431356912512,0.0691311917448906,0.6805070597516674,4.152385594854186,0.0691311917448906,0.6805070597516674,9.568645491886222,94.19092373698004,0.3139485741554517,2,0,0,0,0,0,0,1,0,0,0,0,0,1,1,0,0,0,0,0,0,0,0,0,0,0
66.36712357138889,0.955357102538756,8.915569706786451,2.90903213970381,0.0,220145.8502135792,0.1401419880078565,2.238824,1.529308,2.207352,100.736759,1.136544,0.0,67.72155466468254,0.0498816335984895,0.6431061085128572,15.43022764511754,0.0498816335984895,0.6431061085128572,2.5717046075195897,0.0498816335984895,0.6431061085128572,4.276027565194655,55.129298079550274,0.9770920313246848,1,0,0,1,0,0,0,0,0,0,0,1,0,0,1,0,0,0,0,0,0,0,0,0,0,0
56.90873759467593,4.368296408824784,11.211346985338976,3.2395296176846364,0.0,177602.90506969424,0.1356734943082578,1.536146,1.429018,2.724751,135.14361599999998,1.088176,0.0,58.07014040273054,0.0457197658106319,0.6344340232560655,13.231171231001897,0.0457197658106319,0.6344340232560655,2.2051952051669823,0.0457197658106319,0.6344340232560655,3.3607002782320965,46.635028869302445,0.2577841935732922,3,0,0,1,0,0,0,0,0,0,0,0,1,0,1,0,0,0,0,0,0,0,0,0,0,0
16.35369005708333,0.4717480828293222,1.9800968591114885,0.1716017046188422,0.0,166949.11606339927,0.138941250616412,0.54523,1.044308,0.418205,198.455249,157.791908,0.0188979999999999,16.6874388337585,0.0291613904796364,0.597250424415297,3.80220125326143,0.0291613904796364,0.597250424415297,0.6337002088769049,0.0291613904796364,0.597250424415297,0.615985974602887,12.615923956793129,0.5335110524851531,0,0,0,0,0,0,0,1,0,0,0,0,1,0,0,0,0,0,0,1,0,0,0,0,0,0
194.3991244405556,0.5037100949733377,5.865862026203165,2.8155376487713064,0.0,194119.0136765588,0.1378835376968486,4.091081,1.605497,0.397566,107.480247,0.630189,0.0,198.36645351077087,0.1173843315325872,0.760494469473033,45.197419787264266,0.1173843315325872,0.760494469473033,7.532903297877377,0.1173843315325872,0.760494469473033,29.4748272706986,190.95770990369724,0.1198900619879582,1,0,0,1,0,0,0,0,0,0,0,0,1,0,0,0,0,0,1,0,0,0,0,0,0,0
36.013870573564816,0.896360813570823,6.342360822988643,0.4276758813314872,0.0,48056.75117093825,0.0971390859847017,1.295928,1.357739,1.742916,151.03646,1.137077,0.0,36.74884752404573,0.0014771176066618,0.6152762019657808,8.373155132061052,0.0014771176066618,0.6152762019657808,1.3955258553435086,0.0014771176066618,0.6152762019657808,0.0687118603826561,28.621128267360056,0.9363280393331712,2,0,0,0,0,0,0,0,0,1,0,0,1,0,0,0,0,0,0,0,0,0,1,0,0,0
36.02952690759259,3.8720769673514415,6.5164185799568966,1.039525454921974,0.0,195200.79387739807,0.1386865644717959,0.918908,1.199796,2.3669580000000003,156.34956,1.1361709999999998,0.0,36.76482337509448,0.0369343204444703,0.6152905567472237,8.376795199388615,0.0369343204444703,0.6152905567472237,1.3961325332314358,0.0369343204444703,0.6152905567472237,1.718840212177334,28.6342387888294,0.4207577834797426,2,0,0,1,0,0,0,0,0,0,0,1,0,0,0,0,0,0,1,0,0,0,0,0,0,0
27.206406230601857,1.8950277227434893,8.543221507998679,1.258326623079588,0.0,62091.195003372304,0.1034269060948483,1.079847,1.380203,1.827369,132.33564199999998,1.134481,0.0,27.76163901081822,0.0013355204289522,0.6072009255003905,6.325436736642127,0.0013355204289522,0.6072009255003905,1.054239456107021,0.0013355204289522,0.6072009255003905,0.0469319443546138,21.33783911490705,0.0670507235804073,1,0,0,0,0,0,1,0,0,0,1,0,0,0,0,0,0,0,0,0,0,0,1,0,0,0
5.024833999999999,0.4856400898606371,2.804567071316625,0.4653580506785596,0.0,165736.86649430456,0.1389329807935573,1.617448,0.4677739999999999,0.3229579999999999,605.748903,177.96241,0.0,130.53008053448602,0.069359232052711,0.6995414532626517,29.74103100785757,0.069359232052711,0.6995414532626517,4.956838501309595,0.069359232052711,0.6995414532626517,11.460083728671492,115.58380029314596,0.8243862099000367,0,0,0,0,1,0,0,0,0,0,0,1,0,0,1,0,0,0,0,0,0,0,0,0,0,0
0.880286,0.3272795341998267,2.6227468763895745,0.3137885143609641,0.0,164696.71275479617,0.1389935871572803,0.6865180000000001,0.497521,0.633445,435.371938,135.514809,7.000000000000001e-06,22.86718376634543,0.0311835967217275,0.6028031106295744,5.210244402458453,0.0311835967217275,0.6028031106295744,0.8683740670764086,0.0311835967217275,0.6028031106295744,0.9026342237105706,17.44861962745713,0.9728607799072156,0,0,0,1,0,0,0,0,0,0,1,0,0,0,1,0,0,0,0,0,0,0,0,0,0,0
33.31260561851851,16.666042920068012,9.289259098702484,1.944116224059098,0.0,180612.44900329737,0.1343604212613414,1.19441,1.332574,1.104992,130.500666,4.755308,0.0,33.99245471277399,0.0358317745967362,0.6127995003330687,7.745116263670023,0.0358317745967362,0.6127995003330687,1.2908527106116705,0.0358317745967362,0.6127995003330687,1.541784778807446,26.367796535547303,0.8047569955616285,3,0,0,0,0,0,0,0,0,1,1,0,0,0,1,0,0,0,0,0,0,0,0,0,0,0
1.118714,6.4259368269849455,10.307705539593591,2.0806036881691545,0.0,172336.91932703837,0.138844659056166,0.997614,0.368221,0.814322,540.3473759999999,0.973332,0.0,29.060826390495087,0.0333797687483745,0.6083682843366516,6.62145411429002,0.0333797687483745,0.6083682843366516,1.1035756857150032,0.0333797687483745,0.6083682843366516,1.2279033728498558,22.379348218469342,0.473173732522391,2,0,0,1,0,0,0,0,0,0,0,0,1,0,1,0,0,0,0,0,0,0,0,0,0,0
82.30249674921298,5.611898240282667,12.696921108437955,2.276371127981648,0.0,247957.2192277428,0.113054156535678,2.421053,1.488595,0.19353,91.119092,9.245356,0.114125,83.98213954001325,0.0571501847557752,0.6577167318408881,19.1351710344334,0.0571501847557752,0.6577167318408881,3.189195172405566,0.0571501847557752,0.6577167318408881,6.075436444173485,69.91956753324423,0.8750834718816569,1,0,0,1,0,0,0,0,0,0,1,0,0,0,1,0,0,0,0,0,0,0,0,0,0,0
16.35369005708333,0.5670871260068971,1.4690689408093047,0.1461981125265288,0.0,173244.98707284173,0.1385880937750676,0.54523,1.044308,0.418205,198.455249,157.791908,0.0188979999999999,16.6874388337585,0.0291613904796364,0.597250424415297,3.80220125326143,0.0291613904796364,0.597250424415297,0.6337002088769049,0.0291613904796364,0.597250424415297,0.615985974602887,12.615923956793129,0.2489441372226525,0,0,0,0,0,0,0,1,0,0,0,1,0,0,0,1,0,0,0,0,0,0,0,0,0,0
61.41274667629629,3.970893242376314,14.72899608932239,3.0708889615335626,0.0,239601.08505695444,0.1348592127434355,1.888797,1.5235379999999998,2.295955,110.440648,0.0,0.0,62.66606803703703,0.0783504963975829,0.6385636021133189,14.278344616033753,0.0783504963975829,0.6385636021133189,2.379724102672292,0.0783504963975829,0.6385636021133189,6.215085491122222,50.65350650127681,0.0109179884424193,1,0,0,1,0,0,0,0,0,0,1,0,0,0,0,0,0,0,0,0,0,0,0,1,0,0
18.91748476212963,1.553919787601315,6.153266179475853,0.9408555927036476,0.0,180067.28226169065,0.1314651966630983,0.607833,1.109163,1.132448,187.628969,1.136782,0.0,19.30355587972411,0.0180878323224595,0.5996010840646084,4.398278554873848,0.0180878323224595,0.5996010840646084,0.733046425812308,0.0180878323224595,0.5996010840646084,0.4419740278223775,14.651181052891548,0.907431776533454,2,0,0,1,0,0,0,0,0,0,0,0,0,1,0,0,0,1,0,0,0,0,0,0,0,0
71.34950366555556,3.081264652794214,6.393953542915179,0.9294135054524282,0.0,104972.13696230516,0.1096969915629862,2.085983,1.482907,2.347362,103.834587,1.135909,0.0,72.80561598526077,0.0104239228392895,0.6476742901312363,16.5886213637303,0.0104239228392895,0.6476742901312363,2.764770227288383,0.0104239228392895,0.6476742901312363,0.9606583839206364,59.689019811166034,0.9206287227691398,1,0,0,1,0,0,0,0,0,0,1,0,0,0,0,0,0,0,0,0,0,0,1,0,0,0
53.35874659060186,0.4255927199368282,3.705083683240328,0.8228909186036181,0.0,176790.28866906476,0.1374142135647561,1.33724,1.269152,0.496893,161.95413,90.605558,0.0,54.44770060265496,0.0441869960698675,0.6311791524225036,12.405805200604927,0.0441869960698675,0.6311791524225036,2.067634200100821,0.0441869960698675,0.6311791524225036,3.045418142459293,43.50158673131392,0.4985728273303531,0,0,0,1,0,0,0,0,0,0,1,0,0,0,0,0,0,0,0,1,0,0,0,0,0,0
38.14931816259259,1.4508897746495493,8.213057627780833,1.07231086735531,0.0,139269.900011241,0.1300130682133084,1.201568,1.445631,2.119144,123.916873,1.136519,0.0,38.927875676114894,0.0075602100746602,0.6172341241312594,8.869642559114785,0.0075602100746602,0.6172341241312594,1.478273759852464,0.0075602100746602,0.6172341241312594,0.3725353390780807,30.41470031295865,0.0401113238191636,1,0,0,0,0,0,0,0,1,0,1,0,0,0,0,0,0,0,0,0,1,0,0,0,0,0
42.00912637824074,5.457403564338776,7.491546892719589,1.83159840650124,0.0,221521.8338204437,0.1280370119253365,1.371749,1.381512,1.670837,129.21623200000002,1.019121,0.216244,42.86645548800076,0.0393938703578871,0.6207730562496333,9.767040490936882,0.0393938703578871,0.6207730562496333,1.6278400818228134,0.0393938703578871,0.6207730562496333,2.137564038223345,33.6839754226267,0.2713743436487771,3,0,0,0,1,0,0,0,0,0,0,0,1,0,1,0,0,0,0,0,0,0,0,0,0,0
39.45520916523149,4.070953914587446,6.64589904423812,1.0465961595376332,0.0,201356.87164643285,0.1336594357532705,1.28179,1.3700139999999998,1.82119,140.761272,1.137018,0.0,40.260417515542336,0.0306702675558692,0.6184314529502403,9.173259687085595,0.0306702675558692,0.6184314529502403,1.5288766145142656,0.0306702675558692,0.6184314529502403,1.5630351609021371,31.51684620319006,0.0670829930670958,2,0,0,1,0,0,0,0,0,0,0,0,0,1,0,0,1,0,0,0,0,0,0,0,0,0
0.777709,0.4689692621894306,2.2576270863878354,0.2231210591874534,0.0,164566.8356564748,0.1389424607908125,0.6911430000000001,0.366543,0.198799,505.0397190000001,146.560302,0.0,20.20254169638133,0.0302387549331063,0.6004088497904495,4.603110766264101,0.0302387549331063,0.6004088497904495,0.7671851277106834,0.0302387549331063,0.6004088497904495,0.773290768838909,15.354158003503686,0.2660567770578916,0,1,0,0,0,0,0,0,0,0,0,0,1,0,1,0,0,0,0,0,0,0,0,0,0,0
94.10368127537038,4.269634563002369,9.6905215203905,1.442852103024078,0.0,212455.98980815348,0.1315829538398509,2.160847,1.47902,2.631421,124.493113,1.137092,0.0,96.02416456670448,0.0501925223795918,0.6685368525881209,21.87892357216052,0.0501925223795918,0.6685368525881209,3.646487262026752,0.0501925223795918,0.6685368525881209,6.100879783539149,81.26037057193464,0.994856518686702,2,0,0,1,0,0,0,0,0,0,1,0,0,0,0,0,1,0,0,0,0,0,0,0,0,0
99.12035255967596,2.804206648033014,13.501116284935309,4.099196186454462,0.0,209699.3024580336,0.1291099834195572,2.835332,1.587861,0.260421,70.06024000000001,1.018921,0.108763,101.14321689762852,0.0651706733635877,0.6731364746790262,23.045289926041946,0.0651706733635877,0.6731364746790262,3.840881654340323,0.0651706733635877,0.6731364746790262,8.343761457440324,86.18125121539971,0.4876991240720796,1,0,0,0,0,0,0,0,0,1,1,0,0,0,1,0,0,0,0,0,0,0,0,0,0,0
54.46530573074073,0.3256167194915475,2.4351737619303973,0.38047795158496,0.0,136253.8023643585,0.1282480645665733,1.730725,1.321731,0.716972,153.57488700000002,0.026625,0.061867,55.5768425823885,0.0446630569305351,0.6321937203655535,12.663078056746746,0.0446630569305351,0.6321937203655535,2.110513009457791,0.0446630569305351,0.6321937203655535,3.1420654231349445,44.47510237763406,0.101078805682651,1,0,0,0,0,0,1,0,0,0,1,0,0,0,0,0,0,1,0,0,0,0,0,0,0,0
101.73725151314814,5.777287398310874,8.684813333643998,2.2970533056510725,0.0,199786.3868779976,0.129668212569446,1.452236,1.420875,1.234435,144.763769,1.465117,0.0,103.81352195219198,0.0664509419758688,0.675535823879703,23.65371386252476,0.0664509419758688,0.675535823879703,3.942285643754125,0.0664509419758688,0.675535823879703,8.732286485513534,88.77183934408562,0.781724182611364,2,0,0,0,1,0,0,0,0,0,0,1,0,0,1,0,0,0,0,0,0,0,0,0,0,0
41.68474750314815,1.1415337938413346,5.429896381547411,1.562972909683804,0.0,170853.75642610912,0.1229676962506285,1.435946,1.366373,0.269215,128.12718999999998,1.1364530000000002,0.0,42.535456635865465,0.0314074256488099,0.6204756438510242,9.691623030956688,0.0314074256488099,0.6204756438510242,1.6152705051594478,0.0314074256488099,0.6204756438510242,1.6910496097837031,33.40786688941259,0.5307102240570778,3,0,0,0,1,0,0,0,0,0,1,0,0,0,0,0,1,0,0,0,0,0,0,0,0,0
34.39976617893518,9.28215823670943,5.295367081960042,0.6350291420658716,0.0,116258.69099876349,0.1182798927993797,1.212432,1.30606,1.70416,146.895787,1.134986,0.0,35.10180222340325,0.0072543656236221,0.6137962823517945,7.997878987610866,0.0072543656236221,0.6137962823517945,1.3329798312684775,0.0072543656236221,0.6137962823517945,0.32233076883119,27.272602162750463,0.9424065248404092,3,0,0,0,0,0,0,0,0,1,0,0,1,0,0,0,0,0,0,0,1,0,0,0,0,0
3.841673,5.683790842120311,8.295837419496166,1.6021759026913909,0.0,175025.08709907075,0.1381371712727512,1.471996,0.470229,1.491227,561.853758,0.986446,0.0,99.7951148390495,0.0584610779297905,0.6719251645363311,22.73812743168217,0.0584610779297905,0.6719251645363311,3.78968790528036,0.0584610779297905,0.6719251645363311,7.384974665339334,84.87955564322836,0.6953876790007386,3,0,0,0,1,0,0,0,0,0,0,1,0,0,1,0,0,0,0,0,0,0,0,0,0,0
46.13822353916666,1.2029599701757911,5.180081230845097,0.6234414917316368,0.0,172931.65433902878,0.1310781320865205,1.041273,1.278645,0.505827,170.612569,1.134346,0.0,47.079819937925166,0.0,0.6245588906088239,10.727047580793077,0.0,0.6245588906088239,1.7878412634655123,0.0,0.6245588906088239,0.0,37.220405203156616,0.7819892716091758,1,0,0,0,0,0,0,1,0,0,0,0,0,1,0,1,0,0,0,0,0,0,0,0,0,0
34.60426590453704,0.461927597060335,3.938513551112845,0.3413541065417319,0.0,73396.12481264988,0.0911420777359669,1.270771,1.293702,1.391528,125.312237,0.0,0.420225,35.3104754127929,0.0072709543385221,0.6139837814726568,8.045424777598381,0.0072709543385221,0.6139837814726568,1.3409041295997302,0.0072709543385221,0.6139837814726568,0.3249884232885164,27.44311293613146,0.7141636102837415,3,0,0,0,1,0,0,0,0,0,0,1,0,0,0,0,0,0,0,0,1,0,0,0,0,0
6.116721,1.838193946605106,8.332225822430434,1.9203261274228,0.0,169711.96678282373,0.138510036079003,2.307967,0.32497,0.315938,740.6186299999999,1.085405,0.0,158.89402211833902,0.0794166568755486,0.7250273056939911,36.2037012421532,0.0794166568755486,0.7250273056939911,6.033950207025532,0.0794166568755486,0.7250273056939911,15.973205106516405,145.82595537638073,0.0187421586631955,2,1,0,0,0,0,0,0,0,0,0,1,0,0,1,0,0,0,0,0,0,0,0,0,0,0
87.64135756759259,1.944902065417749,8.118752024442458,1.3827985537995535,0.0,154008.23207996102,0.1282033616011377,1.392201,1.27578,1.074595,160.140455,1.136249,0.0,89.4299567016251,0.0596574296338472,0.6626117589951112,20.376445830750026,0.0596574296338472,0.6626117589951112,3.3960743051250035,0.0596574296338472,0.6626117589951112,6.753368796310384,75.00929229989929,0.048876353290278,1,0,0,0,0,0,1,0,0,0,1,0,0,0,1,0,0,0,0,0,0,0,0,0,0,0
36.751296635,0.2996027580053686,2.4291727608628126,0.1220691173875646,0.0,134602.93470848323,0.1328260688472994,0.988968,1.216122,0.325472,168.311375,112.514977,0.0,37.501323096938776,0.0074457588134054,0.6159523238422924,8.544605262593645,0.0074457588134054,0.6159523238422924,1.4241008770989407,0.0074457588134054,0.6159523238422924,0.3534503885612618,29.23927482116465,0.1240247985667174,0,0,0,0,0,0,1,0,0,0,0,1,0,0,0,0,0,0,0,0,1,0,0,0,0,0
27.01728280703704,0.3316321006352953,2.352319011585318,0.094600877633019,0.0,144177.41854016786,0.1326195262997842,0.90865,1.299063,0.615826,159.987326,79.269131,1.7e-05,27.568655925548,0.0,0.6070275244087826,6.2814659070868855,0.0,0.6070275244087826,1.0469109845144808,0.0,0.6070275244087826,0.0,21.18345944020622,0.1573642932733765,0,0,0,0,0,0,0,0,1,0,1,0,0,0,0,1,0,0,0,0,0,0,0,0,0,0
0.0009928406944444,0.7301921825900638,12.224770009660606,14.29089118165078,0.0,203611.30697317145,0.1270076643219954,0.4776899999999999,1.031828,0.31549,201.628926,167.692208,5.1e-05,0.0010131027494331,0.0230749891315421,0.5822571703032134,0.0002308335378455,0.0230749891315421,0.5822571703032134,3.847225630758632e-05,0.0230749891315421,0.5822571703032134,2.9591563205448568e-05,0.0007466915697611,0.9821566010317831,0,0,0,1,0,0,0,0,0,0,1,0,0,0,1,0,0,0,0,0,0,0,0,0,0,0
32.34545149486111,4.284352788822257,8.697975821918149,2.329783235522483,0.0,191126.80761016184,0.1325502296467479,1.212241,1.33503,1.629292,129.14999699999998,1.136765,0.0,33.00556274985828,0.0354415567821099,0.6119127482976301,7.520254803765177,0.0354415567821099,0.6119127482976301,1.2533758006275293,0.0354415567821099,0.6119127482976301,1.4807196535754388,25.5652210270578,0.8331861452421536,2,0,0,0,1,0,0,0,0,0,0,0,1,0,0,0,0,0,0,0,0,1,0,0,0,0
235.7250745912037,0.3756177304960269,2.092162363249049,0.2210444534818331,0.0,192080.1704324041,0.1344136098305956,2.241451,1.35868,0.301201,161.093857,85.839564,0.0,240.53579039918745,0.1148898651346416,0.7983848837473819,54.80562312892879,0.1148898651346416,0.7983848837473819,9.13427052148813,0.1148898651346416,0.7983848837473819,34.98117027723679,243.088783613848,0.9760606331181536,0,0,0,0,0,1,0,0,0,0,1,0,0,0,0,0,1,0,0,0,0,0,0,0,0,0
1.356056,7.042189604229779,7.491190920630805,2.011852238461268,0.0,172784.26423860912,0.1383990759400726,1.215529,0.341419,0.272512,495.672138,0.0,0.0,35.22625799962207,0.035565937575645,0.6139081096004004,8.02623599991389,0.035565937575645,0.6139081096004004,1.337705999985648,0.035565937575645,0.6139081096004004,1.585892269668513,27.374285388410083,0.8111701100484296,3,0,0,0,1,0,0,0,0,0,0,0,1,0,1,0,0,0,0,0,0,0,0,0,0,0
1.7980470000000002,0.6231635292942861,9.140870373311946,3.932579641719516,0.0,169539.97942895684,0.138937156245434,1.564266,0.445637,0.225203,497.858153,0.000655,0.0,46.70785536692177,0.0396371384003373,0.6242246692828401,10.642296159551796,0.0396371384003373,0.6242246692828401,1.7737160265919656,0.0396371384003373,0.6242246692828401,2.343500920964072,36.90657667003477,0.1044731726446951,2,1,0,0,0,0,0,0,0,0,0,0,1,0,1,0,0,0,0,0,0,0,0,0,0,0
162.64652612754628,5.860822928037575,6.977078436089935,1.4204550452655451,0.0,209543.59789043764,0.1348303584582942,2.101356,1.52407,2.567395,107.22038,0.0,0.0,165.96584298729212,0.1621708221225558,0.7313815488993716,37.815002199636176,0.1621708221225558,0.7313815488993716,6.302500366606029,0.1621708221225558,0.7313815488993716,34.06938886267366,153.65108266890584,0.5519425364664106,3,0,0,0,0,0,1,0,0,0,0,1,0,0,0,0,0,0,0,0,0,0,0,0,0,1
35.90211235180556,0.4539881019497946,2.775969361801513,0.1990950700404832,0.0,173380.15621252998,0.1347567684215893,1.198219,1.370833,0.38991,150.893247,21.592631,3e-06,36.634808522250566,0.014752962170661,0.6151737345014978,8.347171562031773,0.014752962170661,0.6151737345014978,1.3911952603386288,0.014752962170661,0.6151737345014978,0.6841417015926241,28.527559457443264,0.7348624680486515,1,0,0,0,0,0,0,1,0,0,0,1,0,0,0,0,0,0,1,0,0,0,0,0,0,0
10.353240931851852,2.842147379041576,6.1431200761589215,1.9848136105697505,0.0,118372.20028664568,0.111845423661762,0.729769,1.0896860000000002,0.04214,180.530711,1.134409,0.204513,10.564531563114135,0.0095992468271874,0.5917488085454049,2.4071084574184107,0.0095992468271874,0.5917488085454049,0.4011847429030684,0.0095992468271874,0.5917488085454049,0.1283690456809437,7.913353120649511,0.2498497618375778,3,0,0,0,1,0,0,0,0,0,0,0,1,0,0,0,0,0,0,0,0,0,0,0,1,0
52.99842179087964,4.374764697300159,5.8604620469274,0.738396370868317,0.0,139241.5267067596,0.1158641059335758,1.210556,1.4160469999999998,3.680128,124.121184,0.0,0.0,54.08002223559147,0.015719535881408,0.6308487823793459,12.322030382792994,0.015719535881408,0.6308487823793459,2.053671730465499,0.015719535881408,0.6308487823793459,1.0760922151895254,43.18521035236814,0.7571104577289166,3,0,0,0,1,0,0,0,0,0,0,1,0,0,0,0,0,0,0,0,0,0,0,0,1,0
39.8705220649537,1.178075342012538,10.86579831326894,3.050399363183861,0.0,236716.2436488309,0.1395020717017942,1.377067,1.336175,0.098208,128.885804,1.13624,0.285756,40.68420618872827,0.0385090014839214,0.618812239786758,9.269819131608973,0.0385090014839214,0.618812239786758,1.544969855268162,0.0385090014839214,0.618812239786758,1.9831748816378536,31.868208551383827,0.4649498123762446,1,0,0,1,0,0,0,0,0,0,0,0,1,0,1,0,0,0,0,0,0,0,0,0,0,0
3.895194076296296,0.7786658445565249,3.6007777401011625,0.6500280184997357,0.0,179695.75382194246,0.136114360063339,0.565316,1.007359,0.8476600000000001,200.866607,176.145037,0.022002,3.974687832955404,0.024493618495208,0.5858276362585454,0.9056250758632566,0.024493618495208,0.5858276362585454,0.1509375126438761,0.024493618495208,0.5858276362585454,0.123233528377158,2.947445541830208,0.9504856573449932,0,0,0,0,0,0,0,0,0,1,0,0,1,0,0,0,0,0,0,0,1,0,0,0,0,0
1.697296,2.058887530573838,13.828119357998707,3.359199664289717,0.0,177103.0842138789,0.13951560890646,1.530714,0.398009,0.4903189999999999,535.054262,0.0,0.0032689999999999,44.09064728722599,0.0387091159874633,0.6218730293069912,10.045970267975544,0.0387091159874633,0.6218730293069912,1.6743283779959235,0.0387091159874633,0.6218730293069912,2.1603923794981865,34.707322015966206,0.2706386917595967,1,1,0,0,0,0,0,0,0,0,0,1,0,0,1,0,0,0,0,0,0,0,0,0,0,0
22.307602956944447,9.127302552870423,5.036122490747942,1.1750644251025266,0.0,167786.59270083933,0.1319538998089248,1.002914,1.248161,0.03904,149.165478,1.136484,0.335179,22.7628601601474,0.0314616567612075,0.6027093727396972,5.186474466869027,0.0314616567612075,0.6027093727396972,0.8644124111448376,0.0314616567612075,0.6027093727396972,0.9065282193188886,17.36631540365048,0.4551080761228574,2,0,0,0,0,0,1,0,0,0,0,1,0,0,0,0,1,0,0,0,0,0,0,0,0,0
18.96649036050926,0.7753701615173116,6.404522112519335,1.0986983986209622,0.0,140353.87635828837,0.1209730029338412,0.818912,1.305446,1.833513,169.96754199999998,1.135262,0.0,19.353561592356385,0.0180991776740239,0.5996460156975799,4.409672261549556,0.0180991776740239,0.5996460156975799,0.7349453769249259,0.0180991776740239,0.5996460156975799,0.4433968985888918,14.690235567612932,0.9041398709065498,3,0,0,0,0,0,1,0,0,0,0,0,0,1,0,0,0,1,0,0,0,0,0,0,0,0
53.81698075726851,0.6081171661405433,6.609736389965176,1.3779439791072188,0.0,158994.55474370503,0.1288324572342477,0.978212,1.126757,1.594035,186.201603,1.134965,0.0,54.915286487008686,0.0443839478759661,0.6315992923671718,12.512343756533625,0.0443839478759661,0.6315992923671718,2.085390626088937,0.0443839478759661,0.6315992923671718,3.0852622949786626,43.90437479156355,0.2182528689547828,3,0,0,0,0,0,1,0,0,0,0,0,1,0,0,0,0,0,0,1,0,0,0,0,0,0
33.37327073069444,0.8487050880095084,4.615614430224009,4.29816392399996,0.0,286217.68358438247,0.143347181915808,1.254919,1.279054,0.487667,145.766854,1.136717,3.9e-05,34.05435788846372,0.0702783297926725,0.6128551221935212,7.759220784713253,0.0702783297926725,0.6128551221935212,1.2932034641188752,0.0702783297926725,0.6128551221935212,3.029472651345764,26.418212234121945,0.3250733083483187,2,0,0,0,0,0,0,0,0,1,1,0,0,0,0,0,0,0,0,0,0,0,0,1,0,0
25.35531839944444,0.3532275962029144,1.947424949430448,0.1086462392076421,0.0,162610.68729391487,0.1286682367539234,0.772804,1.100242,0.493604,188.713916,117.061673,0.029799,25.872773876984127,0.0065313059510467,0.6055037235116865,5.895062402350813,0.0065313059510467,0.6055037235116865,0.9825104003918022,0.0065313059510467,0.6055037235116865,0.2139025341681449,19.83045686087313,0.1167688516340462,0,0,0,0,0,0,0,1,0,0,1,0,0,0,0,0,0,0,0,0,1,0,0,0,0,0
52.24969262,0.8382998395809452,3.635585896974559,0.6794241081467636,0.0,219222.84363758992,0.128323773283967,1.63236,1.477915,1.889372,133.917168,0.919855,0.0,53.31601287755102,0.0437114205862409,0.6301622970508659,12.147952301214156,0.0437114205862409,0.6301622970508659,2.024658716869025,0.0437114205862409,0.6301622970508659,2.950023623888697,42.52878625887481,0.7513509546395841,3,0,0,1,0,0,0,0,0,0,0,1,0,0,1,0,0,0,0,0,0,0,0,0,0,0
67.04060050912037,0.8951461984099244,5.947781968173935,1.1119742603610745,0.0,177276.715621253,0.1383607143299471,2.2528080000000004,1.550299,0.327901,116.50383,0.371434,0.0,68.40877602971466,0.0501823045176483,0.6437235975259795,15.586809728289415,0.0501823045176483,0.6437235975259795,2.597801621381569,0.0501823045176483,0.6437235975259795,4.345455734687018,55.742206845818885,0.8603356553526412,1,0,0,1,0,0,0,0,0,0,0,0,1,0,0,0,0,0,0,0,1,0,0,0,0,0
34.765513416296294,2.044601626247525,7.9323562638079235,1.332624342658823,0.0,154702.48926483814,0.1343302565048352,1.042643,1.368173,2.417392,140.694213,0.37185,0.0,35.47501369009826,0.0247111124168388,0.614131624050964,8.082914511667957,0.0247111124168388,0.614131624050964,1.347152418611326,0.0247111124168388,0.614131624050964,1.1096544952973633,27.57763008953193,0.1605608208185631,0,0,0,0,0,0,1,0,0,0,0,0,0,1,0,0,0,0,0,0,0,0,1,0,0,0
1.129946,0.3409277131374505,2.997325095484297,0.4316164236024415,0.0,164686.59642910672,0.1389582529664039,1.01895,0.351853,0.864978,507.04516,220.156004,0.000849,29.352599982331824,0.0334832272524231,0.6086304516621246,6.68793417318953,0.0334832272524231,0.6086304516621246,1.114655695531588,0.0334832272524231,0.6086304516621246,1.2440756653897314,22.61377998063834,0.5141516996380473,0,0,0,0,1,0,0,0,0,0,0,1,0,0,1,0,0,0,0,0,0,0,0,0,0,0
0.648522,0.4169720707179831,2.2669535039140167,0.2300914257711215,0.0,164446.83269634293,0.1388945582744886,0.561292,0.362165,0.413752,492.223902,167.32177099999998,0.003028,16.846651827380956,0.0290488071266136,0.5973934820664566,3.8384776315551545,0.0290488071266136,0.5973934820664566,0.639746271925859,0.0290488071266136,0.5973934820664566,0.6194622021048138,12.739341767494103,0.0660694769153581,0,0,1,0,0,0,0,0,0,0,0,0,1,0,1,0,0,0,0,0,0,0,0,0,0,0
149.64914676675923,7.037678320344975,8.693153550584825,1.4107814546969295,0.0,191760.13879833632,0.1206089487339524,1.916629,1.553818,2.360675,99.990131,7.122209,0.0,152.703210986489,0.0914266033032552,0.7194646761676899,34.79313668046585,0.0914266033032552,0.7194646761676899,5.798856113410975,0.0914266033032552,0.7194646761676899,17.67232391644939,139.06907119260853,0.6961923586196134,1,0,0,0,0,0,0,0,0,1,1,0,0,0,1,0,0,0,0,0,0,0,0,0,0,0
1.137734,6.535660914094042,9.46797315222468,2.083950197811036,0.0,168284.99533498203,0.1384642464186933,1.040151,0.282825,0.293942,561.667382,1.104709,0.02668,29.554908808295536,0.0335549629032004,0.6088122322115178,6.734029855054679,0.0335549629032004,0.6088122322115178,1.1223383091757797,0.0335549629032004,0.6088122322115178,1.2553340109744655,22.776443043526907,0.2605448027398208,3,1,0,0,0,0,0,0,0,0,1,0,0,0,1,0,0,0,0,0,0,0,0,0,0,0
1.082857,0.4680828798017342,2.7993723168361675,0.4312111828252852,0.0,164850.38461106116,0.1389155618006662,0.930975,0.336714,0.43592,572.456518,181.903746,0.001489,28.129369331868865,0.0330494881590164,0.6075313422257641,6.409223392071386,0.0330494881590164,0.6075313422257641,1.0682038986785642,0.0330494881590164,0.6075313422257641,1.176786403359746,21.63224494449941,0.63641831366831,0,1,0,0,0,0,0,0,0,0,0,0,1,0,1,0,0,0,0,0,0,0,0,0,0,0
6.507934,5.046382406918551,8.01448828825276,2.590385093963404,0.0,170425.60723920862,0.1389165266597871,2.565405,0.342565,0.2508039999999999,732.871181,0.0,0.0,169.05655970587677,0.0830201390465211,0.7341586505925214,38.519216135516224,0.0830201390465211,0.7341586505925214,6.41986935591937,0.0830201390465211,0.7341586505925214,17.76594821963088,157.1067541107348,0.0964942622467966,3,0,1,0,0,0,0,0,0,0,0,0,1,0,1,0,0,0,0,0,0,0,0,0,0,0
23.657891758842595,1.4332960623917248,4.508615856833881,0.533472839662497,0.0,211334.8270383693,0.1364690179018665,0.79542,1.136455,0.261996,168.27103300000002,1.13493,0.096825,24.14070587637,0.0319895907500083,0.6039474084510947,5.500413997147594,0.0319895907500083,0.6039474084510947,0.9167356661912656,0.0319895907500083,0.6039474084510947,0.977533292913161,18.455337661030093,0.7140067598040702,1,0,0,1,0,0,0,0,0,0,0,0,0,1,1,0,0,0,0,0,0,0,0,0,0,0
41.95846604537037,0.4007704124497853,4.856207010557326,2.0360695457429907,0.0,143458.28676746102,0.1336573633573038,1.444473,1.194108,0.267004,172.676104,175.651984,0.026587,42.81476127078609,0.0393728420428734,0.6207266074446394,9.755262061698096,0.0393728420428734,0.6207266074446394,1.625877010283016,0.0393728420428734,0.6207266074446394,2.1338466235670825,33.64083735717365,0.77489338261144,0,0,0,0,0,0,1,0,0,0,0,0,1,0,1,0,0,0,0,0,0,0,0,0,0,0
16.19766132333334,3.621415136529387,9.705734340978754,1.5618651264863048,0.0,142281.7153027578,0.1345321823545782,0.53432,0.955025,0.457024,167.575836,1.136469,0.0,16.52822584013606,0.010389311981648,0.5971073667641374,3.765924874967709,0.010389311981648,0.5971073667641374,0.6276541458279515,0.010389311981648,0.5971073667641374,0.2173631579193802,12.49256380846407,0.2624578965703767,2,0,0,0,0,0,0,0,1,0,1,0,0,0,0,0,0,0,0,1,0,0,0,0,0,0
137.31434855351856,3.1648672284553947,7.1192686552052304,0.8395914396793722,0.0,132210.54956347423,0.1253321200912948,1.999933,1.462653,1.278543,124.471113,1.135579,0.0,140.11668219746792,0.0169436629292891,0.7081553024548908,31.92531999435978,0.0169436629292891,0.7081553024548908,5.320886665726629,0.0169436629292891,0.7081553024548908,3.005177004967368,125.60047020319458,0.2758019280005364,2,0,0,1,0,0,0,0,0,0,0,0,0,1,0,0,0,0,0,0,1,0,0,0,0,0
42.89181267050926,0.2754821102324721,4.237169226582387,0.4599843862817156,0.0,144326.93002473022,0.1271833664507602,1.416038,1.317762,0.488094,125.997025,36.866675,0.0824039999999999,43.76715578623394,0.0159043129126111,0.6215823624886048,9.972263343698872,0.0159043129126111,0.6215823624886048,1.6620438906164785,0.0159043129126111,0.6215823624886048,0.8811222036952714,34.436572269638106,0.95886297263411,0,0,0,1,0,0,0,0,0,0,0,0,1,0,0,0,0,0,1,0,0,0,0,0,0,0
97.58223866435186,1.849680327611576,7.077091156435813,1.0237108161695283,0.0,135274.15636241008,0.1141883817901142,2.776995,1.5472709999999998,0.608019,88.49725500000001,1.136482,0.067777,99.57371292280804,0.0386533403903278,0.6717262282725307,22.68768142544993,0.0386533403903278,0.6717262282725307,3.781280237574988,0.0386533403903278,0.6717262282725307,4.87197040447353,84.66617040092352,0.0377964176628758,2,0,0,0,0,0,0,0,0,1,0,0,1,0,0,0,0,1,0,0,0,0,0,0,0,0
69.73165702523148,3.2710074733058327,7.1752027687694815,1.4698145738322672,0.0,68948.31522126049,0.102779786582652,1.898443,1.47681,2.923449,120.928474,1.135346,0.0,71.15475206656274,0.0102778917172709,0.6461909393743686,16.2124751544067,0.0102778917172709,0.6461909393743686,2.7020791924011163,0.0102778917172709,0.6461909393743686,0.925722578366324,58.20196972005376,0.0230918109891408,0,0,0,0,0,0,1,0,0,0,0,0,1,0,0,0,0,0,0,0,1,0,0,0,0,0
0.565802,0.4324946524999696,2.135318003827148,0.2856257685440049,0.0,164904.13794589328,0.1389592121795212,0.47953,0.27992,0.38503,496.297796,170.24256,0.017449,14.69783491883976,0.0282868691409566,0.5954627056096251,3.348873778976148,0.0282868691409566,0.5954627056096251,0.5581456298293579,0.0282868691409566,0.5954627056096251,0.5262730797526619,11.078496895412592,0.8351696304846093,0,0,0,0,1,0,0,0,0,0,0,1,0,0,1,0,0,0,0,0,0,0,0,0,0,0
34.10555438648148,0.4115991949749221,2.418411304624818,0.2561877319495454,0.0,166860.2854841127,0.1394684119261711,0.956865,1.129744,0.353404,186.403673,120.675291,0.0,34.80158610865457,0.036152591066698,0.6135265291662093,7.929475315895977,0.036152591066698,0.6135265291662093,1.321579219315996,0.036152591066698,0.6135265291662093,1.5926171026059066,27.02746371483772,0.0120996508058269,0,0,0,0,0,0,0,0,1,0,1,0,0,0,0,0,0,1,0,0,0,0,0,0,0,0
21.704592251064813,1.674601600092235,7.211057834488025,1.3943931786276451,0.0,199232.94642723323,0.1287624498815845,0.96985,1.29984,0.584873,144.668138,0.8411420000000001,0.221479,22.14754311333144,0.031226639647573,0.6021564919136216,5.046275646075518,0.031226639647573,0.6021564919136216,0.8410459410125862,0.031226639647573,0.6021564919136216,0.875434617568467,16.881375779277658,0.8374228285294145,3,0,0,0,0,0,1,0,0,0,0,0,1,0,1,0,0,0,0,0,0,0,0,0,0,0
24.87549631203704,7.821787569162657,7.219527647077895,1.607429187646587,0.0,162523.1483063549,0.1352031014198593,1.049393,1.207284,0.247786,158.282928,0.371783,0.160941,25.38315950207861,0.032467631384932,0.6050637903074026,5.78350469667614,0.032467631384932,0.6050637903074026,0.9639174494460232,0.032467631384932,0.6050637903074026,1.0432038811372464,19.441051516841835,0.9906682698376376,2,0,0,0,0,0,1,0,0,0,0,0,1,0,0,0,0,0,0,0,1,0,0,0,0,0
16.98261645083333,2.2786471053278987,9.101100184076982,1.678972487255252,0.0,191026.8198534922,0.1278775527501563,0.840325,1.268497,0.931725,157.708302,1.464735,0.0,17.32920046003401,0.0294022488527143,0.5978270664893544,3.948425421273571,0.0294022488527143,0.5978270664893544,0.6580709035455952,0.0294022488527143,0.5978270664893544,0.64495881562594,13.113753260288735,0.4902790563184593,1,0,0,0,1,0,0,0,0,0,1,0,0,0,1,0,0,0,0,0,0,0,0,0,0,0
51.713507730092594,1.6171606696195169,10.37384036633608,2.315518091622588,0.0,163767.0024823891,0.1281766583272021,1.652952,1.415965,1.040439,115.643565,1.135744,0.0,52.76888543887,0.0434820577273927,0.6296706866333879,12.02329035316025,0.0434820577273927,0.6296706866333879,2.0038817255267083,0.0434820577273927,0.6296706866333879,2.904430028940658,42.05951940148336,0.2054579204834586,2,0,0,0,0,0,1,0,0,0,1,0,0,0,0,0,1,0,0,0,0,0,0,0,0,0
9.124738,8.733064968237203,6.910083379105126,1.4776840022713733,0.0,169340.12207733814,0.1381156717380173,2.398584,0.34768,0.275908,745.660403,6.723255,0.0,237.033260401455,0.1071236493054586,0.7952377554685194,54.00757831931886,0.1071236493054586,0.7952377554685194,9.001263053219809,0.1071236493054586,0.7952377554685194,32.14160488731004,238.60480756080776,0.4835423253632731,2,0,0,0,1,0,0,0,0,0,0,1,0,0,1,0,0,0,0,0,0,0,0,0,0,0
51.00026624967592,0.2767637656103793,6.458410624977496,0.1515355132681002,0.0,108615.05817221224,0.1206567464776033,1.717941,1.428813,0.26022,100.21987,20.3936,0.013011,52.04108800987338,0.0,0.6290167388095115,11.857463090857228,0.0,0.6290167388095115,1.976243848476204,0.0,0.6290167388095115,0.0,41.43634868869535,0.3633636953879574,0,0,0,0,0,0,0,1,0,0,1,0,0,0,0,1,0,0,0,0,0,0,0,0,0,0
7.062589,0.4463454280539954,4.784265275481793,2.3814463815171654,0.0,171451.32529601318,0.1388498324748995,3.091036,0.329389,0.142197,671.200853,37.867537,0.0,183.4648290773337,0.0881290935126069,0.7471049128708567,41.8021129543292,0.0881290935126069,0.7471049128708567,6.967018825721533,0.0881290935126069,0.7471049128708567,20.46656845320353,173.5031330920102,0.4219227306044336,1,0,0,1,0,0,0,0,0,0,0,1,0,0,1,0,0,0,0,0,0,0,0,0,0,0
67.30286319717592,26.5482717998308,9.180557995391409,2.1791367396462165,0.0,165817.44980890286,0.1335148512423753,2.282279,1.460034,0.7652260000000001,115.240974,1.136166,0.0,68.67639101752646,0.02011981850066,0.643964057620978,15.647785295132609,0.02011981850066,0.643964057620978,2.607964215855435,0.02011981850066,0.643964057620978,1.7490588893075885,55.98117395241927,0.4792719264564524,3,0,0,0,0,0,1,0,0,0,0,0,1,0,0,0,0,0,1,0,0,0,0,0,0,0
17.92013809837963,0.5708456734816233,1.4333611739625176,0.1323659660995935,0.0,194108.26830410672,0.136875855497462,0.581784,1.093409,0.423135,189.271282,152.771022,0.012899,18.285855202428195,0.0297622207436703,0.5986866494750378,4.166397387895032,0.0297622207436703,0.5986866494750378,0.6943995646491719,0.0297622207436703,0.5986866494750378,0.6888957709132413,13.857591625224588,0.2993371201083075,0,0,0,1,0,0,0,0,0,0,0,0,0,1,0,0,1,0,0,0,0,0,0,0,0,0
90.41861302194444,0.7325494751213867,5.215195444276293,1.0158803939319057,0.0,196024.60294889088,0.1189553360376569,1.492611,1.377912,0.958053,142.296806,0.920708,0.0,92.26389083871884,0.0609759871743399,0.665158133835314,21.022152342999227,0.0609759871743399,0.665158133835314,3.5036920571665378,0.0609759871743399,0.665158133835314,7.121369398020792,77.68364234261689,0.4249155615582851,3,0,0,0,1,0,0,0,0,0,0,1,0,0,1,0,0,0,0,0,0,0,0,0,0,0
55.03575635333334,0.6144144335846535,3.8489352398924974,0.5728145811340506,0.0,148385.40215639988,0.1104024402725753,1.749556,1.1447200000000002,0.005493,108.742466,1.135853,0.451762,56.158935054421775,0.0359272651811225,0.6327167479144495,12.795706721260656,0.0359272651811225,0.6327167479144495,2.132617786876776,0.0359272651811225,0.6327167479144495,2.553970825303354,44.97809968857282,0.6584291510559743,3,0,0,0,1,0,0,0,0,0,0,0,1,0,0,0,1,0,0,0,0,0,0,0,0,0
69.24666707472223,0.4272853099256397,2.1877910967925183,0.1531802928544205,0.0,176470.81351169065,0.1343546873338216,2.4009560000000003,1.294889,0.281436,151.207534,152.597286,0.0122099999999999,70.65986436196145,0.0204684892495713,0.6457462679251532,16.099715930573495,0.0204684892495713,0.6457462679251532,2.683285988428916,0.0204684892495713,0.6457462679251532,1.830760346922756,57.75739709346095,0.2945352156338743,0,0,0,0,0,1,0,0,0,0,1,0,0,0,0,0,0,0,1,0,0,0,0,0,0,0
83.49889524347222,2.0417937809328954,8.572923564224793,1.3278957819767137,0.0,157639.61973546163,0.1349067230947869,2.251925,1.470263,2.091316,133.664198,1.136811,0.0,85.2029543300737,0.0,0.6588136705542011,19.413331366345904,0.0,0.6588136705542011,3.235555227724317,0.0,0.6588136705542011,0.0,71.05426719526305,0.8898965372314096,1,0,0,0,0,0,1,0,0,0,0,0,1,0,0,1,0,0,0,0,0,0,0,0,0,0
36.08960649833333,0.4750886402970595,2.6004553961096337,0.1052220453345161,0.0,194772.32664493404,0.133926918823942,1.180405,1.372429,0.218001,139.872692,87.57306700000001,0.043891,36.82612907993197,0.0,0.6153456417621912,8.390763587832602,0.0,0.6153456417621912,1.3984605979721,0.0,0.6153456417621912,0.0,28.68455447127599,0.6314175677630602,0,0,0,0,0,0,0,1,0,0,1,0,0,0,0,1,0,0,0,0,0,0,0,0,0,0
1.232954,0.4497429444063767,1.8060564373751624,0.1874603229871899,0.0,164390.1381145084,0.138864251760413,1.099796,0.521867,0.536784,471.628157,222.595636,0.0,32.02843813652683,0.0344320390032277,0.6110347725188134,7.297618815917505,0.0344320390032277,0.6110347725188134,1.2162698026529175,0.0344320390032277,0.6110347725188134,1.3959549761131145,24.77277140618425,0.3155467290242433,0,0,1,0,0,0,0,0,0,0,0,0,1,0,1,0,0,0,0,0,0,0,0,0,0,0
3.406569,1.5472819286284687,7.467805178617116,2.002802865825397,0.0,177593.98697916666,0.1385162462004654,1.951069,0.411757,0.157357,655.040688,0.0,0.002588,88.49242102650229,0.0544533136005918,0.661769355064943,20.16283010730432,0.0544533136005918,0.661769355064943,3.360471684550719,0.0544533136005918,0.661769355064943,6.0996272828249785,74.12857264663775,0.3928017580229368,2,1,0,0,0,0,0,0,0,0,0,1,0,0,1,0,0,0,0,0,0,0,0,0,0,0
76.61349411259259,0.5168042778968811,6.654714698700024,3.042543839779403,0.0,191913.3669064748,0.1314730119112012,1.870418,1.33953,0.6677420000000001,143.158361,44.152437,0.000883,78.17703480876796,0.054518301954503,0.6525006710867223,17.812488943769914,0.054518301954503,0.6525006710867223,2.968748157294985,0.054518301954503,0.6525006710867223,5.395036948876084,64.57033883074827,0.0684715204838971,0,0,0,0,1,0,0,0,0,0,0,0,1,0,1,0,0,0,0,0,0,0,0,0,0,0
47.40142239194444,3.3667727360050743,7.1664771113178425,1.0411160739777472,0.0,76815.77685195593,0.1220550698627956,1.611797,1.394401,1.047402,139.700807,1.13556,0.101938,48.36879835912698,0.0,0.6257170763896264,11.020738866636528,0.0,0.6257170763896264,1.836789811106088,0.0,0.6257170763896264,0.0,38.31035835158518,0.2272224554220118,2,0,0,0,0,0,1,0,0,0,0,0,0,1,0,1,0,0,0,0,0,0,0,0,0,0
30.21774297175925,0.7244542016328381,11.266096713159868,10.44460204865435,0.0,194071.2757981115,0.1298926722088592,1.170245,1.269724,0.437243,162.05330800000002,149.439722,9.5e-05,30.834431603835974,0.0345872669531205,0.6099619218289947,7.025566694544906,0.0345872669531205,0.6099619218289947,1.1709277824241506,0.0345872669531205,0.6099619218289947,1.3499730597843187,23.80737868301327,0.9764338521249738,0,0,0,0,0,0,1,0,0,0,0,1,0,0,0,0,0,0,0,1,0,0,0,0,0,0
33.14247345541666,0.825807444983535,4.196780672176279,0.8535743618754746,0.0,159902.79211630695,0.1332180679058857,1.154941,1.386422,0.400953,142.546969,4.752794000000001,0.0,33.818850464710884,0.0357630453337167,0.6126435117080566,7.705560865377163,0.0357630453337167,0.6126435117080566,1.284260144229527,0.0357630453337167,0.6126435117080566,1.5309684586122063,26.22645482358243,0.5643715008351885,1,0,0,0,0,0,0,0,0,1,1,0,0,0,1,0,0,0,0,0,0,0,0,0,0,0
46.991506472407416,1.704315008019372,5.602252284399897,1.0124799916498382,0.0,152781.90832958632,0.1202782988548278,1.549777,1.403894,0.208244,114.355743,1.136182,0.00056,47.950516808579,0.0331823083978614,0.6253412378680124,10.925434209549644,0.0331823083978614,0.6253412378680124,1.820905701591608,0.0331823083978614,0.6253412378680124,2.014061818454566,37.95624751580725,0.2489205575476522,3,0,0,0,0,0,1,0,0,0,0,0,1,0,0,0,1,0,0,0,0,0,0,0,0,0
34.95440772277778,3.000978251298269,6.480409496408001,0.9211056451145694,0.0,135424.65020795862,0.1296129812546771,1.271227,1.279463,0.745767,139.582314,0.370596,0.0,35.66776298242631,0.024763153306286,0.6143048150725995,8.126832071945236,0.024763153306286,0.6143048150725995,1.3544720119908724,0.024763153306286,0.6143048150725995,1.1180332694001238,27.73528929490216,0.6960208049210553,3,0,0,0,0,0,1,0,0,0,0,1,0,0,0,0,0,0,0,0,0,0,1,0,0,0
72.94782443888889,0.5859505915455967,8.253329759593205,1.3321134562400891,0.0,131185.33686488308,0.1258999423729144,1.541557,1.229993,0.082644,142.431016,84.070566,0.265486,74.43655554988662,0.0188653859237952,0.6491397382582396,16.96022784680961,0.0188653859237952,0.6491397382582396,2.8267046411349344,0.0188653859237952,0.6491397382582396,1.777562464919792,61.164210362656085,0.339006307367685,0,0,0,0,0,0,1,0,0,0,0,1,0,0,0,0,0,0,0,0,0,0,1,0,0,0
21.551567496851845,0.7748317723508648,9.78806684571776,2.815124378787528,0.0,198606.3529114209,0.1331489301807017,0.97095,0.975893,0.007508,180.802981,86.34909499999999,0.307563,21.991395404950865,0.0311670732375669,0.6020161885132105,5.0106976872039946,0.0311670732375669,0.6020161885132105,0.8351162812006656,0.0311670732375669,0.6020161885132105,0.867604343268858,16.75845068579171,0.8287675592102285,0,0,0,1,0,0,0,0,0,0,0,0,1,0,1,0,0,0,0,0,0,0,0,0,0,0
10.824738431898147,47.53222412885808,8.039937051365987,3.2738193765246897,0.0,180756.4355515588,0.1366160405125263,0.7099979999999999,1.173363,0.658648,154.40371499999998,0.371209,0.0,11.045651461120558,0.0357671618908533,0.5921811092073607,2.5167307126603804,0.0357671618908533,0.5921811092073607,0.41945511877673,0.0357671618908533,0.5921811092073607,0.5000906379744814,8.27977991666364,0.7023117392915545,3,0,0,0,0,0,0,0,0,1,1,0,0,0,0,0,0,0,0,0,0,0,0,1,0,0
5.161278,13.365799991078942,6.768682530172152,1.563548598215163,0.0,160841.74685251797,0.1379909747295814,2.123259,0.36507,0.532558,673.258113,0.928188,0.0,134.07448544586168,0.0706160244428826,0.7027262074076701,30.54861693703177,0.0706160244428826,0.7027262074076701,5.091436156171961,0.0706160244428826,0.7027262074076701,11.984566001787186,119.2628540095003,0.0633620102282686,2,0,1,0,0,0,0,0,0,0,0,1,0,0,1,0,0,0,0,0,0,0,0,0,0,0
28.836319703981484,7.7174403595981556,6.562845174643061,2.133051125551585,0.0,218332.6550603268,0.1192195471956861,1.085078,1.38008,1.838187,125.964792,0.841766,0.0,29.424816024470903,0.0340356908382437,0.6086953399424678,6.704388461271852,0.0340356908382437,0.6086953399424678,1.1173980768786418,0.0340356908382437,0.6086953399424678,1.2677138495963187,22.671833408556825,0.6853887076746578,1,0,0,0,1,0,0,0,0,0,0,1,0,0,1,0,0,0,0,0,0,0,0,0,0,0
162.96810468273148,1.278899721461806,5.0553143624779135,0.8468698241013132,0.0,133094.4119079736,0.1270497074480251,1.799598,1.323204,0.954356,161.791759,1.137022,0.0,166.29398437013415,0.0353026113094773,0.7316763937760966,37.88976859066348,0.0353026113094773,0.7316763937760966,6.314961431777245,0.0353026113094773,0.7316763937760966,7.431154295345747,154.0169402412637,0.2395168747157345,2,0,0,0,0,0,1,0,0,0,0,0,0,1,0,0,0,0,0,0,0,0,1,0,0,0
7.479399898148148,0.8926157639038077,10.47042439138289,3.074426866549668,0.0,179195.27809315047,0.1210438459843611,0.656822,1.048931,0.377749,195.783787,110.49012,5e-06,7.632040712396069,0.0175163740915576,0.5891138775413092,1.738945985102902,0.0175163740915576,0.5891138775413092,0.2898243308504836,0.0175163740915576,0.5891138775413092,0.1692223800004151,5.691317845104789,0.951896457467319,0,0,0,0,1,0,0,0,0,0,0,1,0,0,0,0,0,0,0,0,0,1,0,0,0,0
39.598152767777776,4.010374968858074,8.551065551291266,1.7714426054371346,0.0,189810.08631220023,0.132626750289822,1.359054,1.381512,1.31543,142.676835,1.136196,0.0,40.40627833446712,0.0383967225178777,0.6185625132718687,9.206493797726685,0.0383967225178777,0.6185625132718687,1.5344156329544472,0.0383967225178777,0.6185625132718687,1.963884376188188,31.63773301079828,0.713958275318629,2,0,0,1,0,0,0,0,0,0,0,0,1,0,1,0,0,0,0,0,0,0,0,0,0,0
23.88456492662037,0.4107831464968711,2.0113510804639447,0.2374849921311263,0.0,164564.45994454436,0.1389459380678993,0.795974,1.182528,0.140457,171.031446,124.371996,0.040295,24.372005027163645,0.0320784418458761,0.6041552376770574,5.553115069480324,0.0320784418458761,0.6041552376770574,0.9255191782467206,0.0320784418458761,0.6041552376770574,0.9896404378876844,18.638575303610743,0.6956422099693352,0,0,0,0,0,1,0,0,0,0,0,0,0,1,0,0,1,0,0,0,0,0,0,0,0,0
48.81306365726852,5.895987041848455,9.242651581478349,1.5715197426237937,0.0,197783.1115857314,0.1378316914649318,1.140016,1.28871,2.2101580000000003,152.23494399999998,1.135304,0.0,49.80924862986584,0.0337981302006865,0.6270113641713934,11.348942725792217,0.0337981302006865,0.6270113641713934,1.8914904542987023,0.0337981302006865,0.6270113641713934,2.1309613549247763,39.53286700223328,0.5445529461449268,3,0,0,0,0,0,1,0,0,0,0,0,1,0,0,0,1,0,0,0,0,0,0,0,0,0
22.058196283009263,0.4874090355791919,1.6203396533318846,0.1670920769695183,0.0,173248.69460056955,0.1385889268107265,0.583802,1.044594,0.451671,198.038603,156.051802,0.0285139999999999,22.508363554091083,0.0313643971771728,0.6024806999042575,5.1284878984005,0.0313643971771728,0.6024806999042575,0.8547479830667498,0.0313643971771728,0.6024806999042575,0.8936218409097657,17.165638769326932,0.8272941851820135,0,0,0,0,0,0,0,1,0,0,0,0,0,1,0,0,0,1,0,0,0,0,0,0,0,0
14.584091535231488,0.4792097434222841,7.889438525092402,6.118106464401995,0.0,172635.53721710132,0.1327276084598877,0.792441,1.237645,0.8030149999999999,170.64886,119.798494,0.003909,14.88172605635866,0.0284863841098822,0.5956279373134199,3.390773025499441,0.0284863841098822,0.5956279373134199,0.5651288375832402,0.0284863841098822,0.5956279373134199,0.5366159046322481,11.220217461534537,0.0318040455096758,0,0,0,0,0,0,0,0,0,1,1,0,0,0,0,0,0,0,0,0,0,1,0,0,0,0
142.59893408060185,0.406280541591507,4.767216066662356,0.7037047235299644,0.0,128664.6037357614,0.1318669177198724,3.83607,1.626488,0.746707,71.45653399999999,1.246463,0.0,145.5091164087774,0.0312620282889704,0.7130005663667787,33.153975890607505,0.0312620282889704,0.7130005663667787,5.525662648434584,0.0312620282889704,0.7130005663667787,5.758114067688981,131.3266865961871,0.2991734666881271,1,0,0,0,0,0,0,0,1,0,1,0,0,0,0,0,0,0,0,1,0,0,0,0,0,0
131.27441491759257,1.2811248019444856,5.10643177981571,0.6986769215523196,0.0,87663.86020402428,0.1080511878345081,1.432256,1.347673,2.301668,150.827255,1.136784,0.0,133.95348460978835,0.003260155670253,0.7026174845264331,30.521047126280887,0.003260155670253,0.7026174845264331,5.086841187713481,0.003260155670253,0.7026174845264331,0.5527964713933656,119.13678531655668,0.8440867846039477,2,0,0,1,0,0,0,0,0,0,0,1,0,0,0,0,0,0,0,0,0,0,0,0,1,0
36.23647054875,0.4894161564912155,7.930125305120893,5.830430630585559,0.0,191431.3798430006,0.1290440391079127,1.330122,1.153681,0.216916,176.89476299999998,129.890877,0.003009,36.97599035586735,0.037018683452671,0.6154802966144575,8.42490919500775,0.037018683452671,0.6154802966144575,1.4041515325012914,0.037018683452671,0.6154802966144575,1.7326613700416091,28.807586723851333,0.4586446187980416,0,0,0,0,0,0,1,0,0,0,0,0,1,0,1,0,0,0,0,0,0,0,0,0,0,0
55.54841855601851,0.1634098165880719,2.594772590721825,0.1328645697136005,0.0,89145.44439448441,0.115367440841824,1.164045,1.307287,0.273359,160.160093,110.819205,0.0,56.6820597510393,0.0090261070392728,0.6331867911481013,12.91489969011022,0.0090261070392728,0.6331867911481013,2.1524832816850363,0.0090261070392728,0.6331867911481013,0.6476181500244834,45.4307994043361,0.3371881129414007,0,0,0,0,0,0,0,1,0,0,0,0,1,0,0,0,0,0,0,0,1,0,0,0,0,0
52.82444555226852,7.793070935516906,8.72560625282123,2.3611186479778885,0.0,180615.2787207733,0.1340032799852837,1.351252,1.387445,2.389729,122.72388,0.370616,0.0,53.90249546149849,0.0439576866568484,0.6306892692470202,12.28158124439206,0.0439576866568484,0.6306892692470202,2.0469302073986766,0.0439576866568484,0.6306892692470202,2.999277222175629,43.03256389013077,0.5779258256278618,3,0,0,0,1,0,0,0,0,0,0,0,1,0,0,0,0,1,0,0,0,0,0,0,0,0
23.858318291851848,8.29078780432685,6.390927374220008,1.2640406049126915,0.0,199142.52206984413,0.1368123954005664,0.79989,1.183429,0.309571,165.518572,0.369732,0.0,24.3452227467876,0.0320681503823055,0.604131172994671,5.547012777749074,0.0320681503823055,0.604131172994671,0.9245021296248456,0.0320681503823055,0.604131172994671,0.9882357773857086,18.617351866877645,0.9603397228896908,3,0,0,1,0,0,0,0,0,0,0,0,0,1,1,0,0,0,0,0,0,0,0,0,0,0
43.19745485967593,0.4381747546313192,2.3896604716349,0.1525315335757441,0.0,169010.3595248801,0.1367845317121032,1.4702,1.218577,0.243443,161.370195,75.566427,0.066302,44.07903557109789,0.0079776121877802,0.6218625958316986,10.043324560503317,0.0079776121877802,0.6218625958316986,1.6738874267505526,0.0079776121877802,0.6218625958316986,0.4451208245539126,34.6975993443047,0.1855932787043889,0,0,0,0,0,0,0,0,1,0,0,0,1,0,0,0,0,0,0,0,1,0,0,0,0,0
11.650756432222224,0.5437776551401015,2.270795571646816,0.3728970016221062,0.0,181189.45106414868,0.1349258893113628,0.634016,1.1270440000000002,0.421654,189.496427,123.029194,0.010619,11.888526971655333,0.027376225768202,0.5929384581398415,2.7087782973391894,0.027376225768202,0.5929384581398415,0.4514630495565315,0.027376225768202,0.5929384581398415,0.4119784790220204,8.922993483705357,0.5136993967335479,0,0,0,1,0,0,0,0,0,0,1,0,0,0,1,0,0,0,0,0,0,0,0,0,0,0
35.71013769342592,6.426506041908722,8.997170779916594,1.2948503439946712,0.0,181814.11377772785,0.1350660709668692,1.024216,1.321854,2.714828,148.491869,1.134997,0.0,36.43891601369992,0.0220825345862809,0.6149977192057897,8.30253782590631,0.0220825345862809,0.6149977192057897,1.383756304317718,0.0220825345862809,0.6149977192057897,1.0185615483026782,28.36689903640098,0.6496811412997905,3,0,0,0,0,0,0,0,1,0,1,0,0,0,0,0,0,1,0,0,0,0,0,0,0,0
69.83786552208333,0.4209677044221823,2.6907808591993594,0.3696213580793042,0.0,152550.6891955186,0.1313738517766948,1.427376,1.422226,0.587622,151.75808999999998,0.004945,0.0,71.2631280837585,0.051437290046411,0.6462883184770996,16.237168424147505,0.051437290046411,0.6462883184770996,2.7061947373579174,0.051437290046411,0.6462883184770996,4.6399774542516825,58.29940154262083,0.3070151343910794,1,0,0,0,0,0,1,0,0,0,0,0,1,0,0,0,0,0,0,0,0,0,0,0,0,1
91.5070719125,4.629717117304996,12.423154781762358,2.908960333831019,0.0,284330.58522556955,0.1455537331886857,2.149468,1.479552,0.310146,115.013323,14.983026,0.0,93.3745631760204,0.1205310307247225,0.6661561062505496,21.275216926181866,0.1205310307247225,0.6661561062505496,3.5458694876969767,0.1205310307247225,0.6661561062505496,14.24624347224868,78.73675370656164,0.3904477799571328,2,0,0,0,0,0,1,0,0,0,0,0,0,1,0,0,0,0,0,0,0,0,0,1,0,0
0.623993,0.4291429497498116,1.8552445009600915,0.1800497486669239,0.0,164323.12466276978,0.1388998314988413,0.409496,0.574324,1.2788,336.786517,156.627969,0.0,16.209462151974677,0.0288228693020224,0.5968209480274138,3.693295173867648,0.0288228693020224,0.5968209480274138,0.6155491956446079,0.0288228693020224,0.5968209480274138,0.5913964671676534,12.2457551500709,0.3429721961129636,0,0,0,0,1,0,0,0,0,0,0,0,1,0,1,0,0,0,0,0,0,0,0,0,0,0
40.72357588111111,4.237900115317292,7.883221734913705,1.181836460277045,0.0,167216.27197616905,0.1258566321389709,1.389132,1.370301,0.89995,121.507205,1.136785,0.160864,41.55466926643991,0.0263673685595427,0.6195943769759742,9.468152491087574,0.0263673685595427,0.6195943769759742,1.578025415181262,0.0263673685595427,0.6195943769759742,1.3869459239469946,32.59118913238291,0.9165504437422286,2,0,0,0,1,0,0,0,0,0,1,0,0,0,0,0,0,0,0,0,0,1,0,0,0,0
48.00201463972223,2.5279523119223204,4.810786738384256,1.105725624006715,0.0,184348.0264538369,0.127584785821555,1.289903,1.433273,1.207729,126.390417,1.017785,0.0,48.98164759155329,0.0419043992625083,0.6262677398104384,11.160375400607078,0.0419043992625083,0.6262677398104384,1.860062566767846,0.0419043992625083,0.6262677398104384,2.598160148369528,38.829905986523386,0.6549599642597341,3,0,0,0,0,0,0,0,0,1,0,0,1,0,1,0,0,0,0,0,0,0,0,0,0,0
55.03575635333334,0.5082920253169623,3.8059724966684976,0.4686568167141015,0.0,121795.32797043616,0.1049592583898088,1.749556,1.1447200000000002,0.005493,108.742466,1.135853,0.451762,56.158935054421775,0.0269454488858419,0.6327167479144495,12.795706721260656,0.0269454488858419,0.6327167479144495,2.132617786876776,0.0269454488858419,0.6327167479144495,1.915478118977516,44.97809968857282,0.4581954686150387,3,0,0,0,1,0,0,0,0,0,0,0,1,0,0,0,0,1,0,0,0,0,0,0,0,0
21.19704699657407,1.2751102741244886,8.436244891415969,1.281221364899505,0.0,133282.81825164868,0.1184190168297834,0.877141,1.167634,1.552308,178.62244099999998,88.183435,0.006826,21.62963979242252,0.0110774196659315,0.6016911402426853,4.928272357767156,0.0110774196659315,0.6016911402426853,0.8213787262945259,0.0110774196659315,0.6016911402426853,0.3032918951944254,16.47387674650793,0.0986866513300577,0,0,0,1,0,0,0,0,0,0,0,1,0,0,0,0,0,0,0,1,0,0,0,0,0,0
86.45733139583332,0.550012903104869,2.607370250945469,0.7856250568795548,0.0,199286.5808790468,0.1380551489923211,2.31856,1.331756,0.339721,142.76214,116.626653,0.001572,88.22176673044217,0.0590982647124777,0.6615261640603042,20.101162039847583,0.0590982647124777,0.6615261640603042,3.35019367330793,0.0590982647124777,0.6615261640603042,6.59968775144068,73.87469231874982,0.1357172477718639,0,0,0,0,0,0,0,1,0,0,0,1,0,0,0,0,0,0,1,0,0,0,0,0,0,0
0.930528,0.4137200741745013,3.287418651923859,0.5240935534596157,0.0,164944.63172586932,0.1389598637033137,0.781382,0.530296,0.3447659999999999,426.362439,53.355929,0.0,24.172319877551026,0.031646378253103,0.6039758145795759,5.507617187290106,0.031646378253103,0.6039758145795759,0.9179361978816842,0.031646378253103,0.6039758145795759,0.9683118710126344,18.48037542825564,0.6395255506715993,0,0,0,0,1,0,0,0,0,0,0,1,0,0,1,0,0,0,0,0,0,0,0,0,0,0
44.99905340083333,4.059399527611492,8.655366419602355,1.3834720333989003,0.0,210983.77652877697,0.1402893382921922,1.528781,1.35066,0.559634,131.865468,1.134721,0.349798,45.917401429421766,0.0406407092635963,0.6235144227063784,10.462192730754326,0.0406407092635963,0.6235144227063784,1.743698788459054,0.0406407092635963,0.6235144227063784,2.362171850168321,36.24071144866196,0.0003318881416413,2,0,0,1,0,0,0,0,0,0,0,1,0,0,1,0,0,0,0,0,0,0,0,0,0,0
24.37525734675926,2.0174419773425414,8.667949069318153,0.8828832351332374,0.0,44937.34313408648,0.1019046428955073,1.000907,1.316576,0.990272,140.698262,1.136532,0.0,24.872711578325774,0.0,0.604605137534473,5.667200106453974,0.0,0.604605137534473,0.9445333510756622,0.0,0.604605137534473,0.0,19.03565722109992,0.2858087355262395,0,0,0,0,0,0,1,0,0,0,0,0,1,0,0,1,0,0,0,0,0,0,0,0,0,0
25.60319762615741,0.4455712642029321,2.092365526752792,0.2136684143714767,0.0,188457.83432628887,0.1374137405332901,0.8466440000000001,1.142183,0.0483209999999999,173.468372,121.873493,0.139321,26.12571186342593,0.0327542303097055,0.605730995880644,5.9526938422995785,0.0327542303097055,0.605730995880644,0.992115640383263,0.0327542303097055,0.605730995880644,1.0831994726324796,20.031839829270567,0.2368171108936478,0,0,0,1,0,0,0,0,0,0,1,0,0,0,0,0,1,0,0,0,0,0,0,0,0,0
23.055033797685184,4.775657814612492,7.763058312505269,1.0480470288571695,0.0,109949.34468206685,0.1175737056157571,0.980154,1.285355,1.100005,160.032345,1.1371,0.0,23.525544691515496,0.0063507200758471,0.6033946676716674,5.360250689206062,0.0063507200758471,0.6033946676716674,0.893375114867677,0.0063507200758471,0.6033946676716674,0.1891191759084126,17.968592684723987,0.2068268995851653,1,0,0,0,0,0,0,0,0,1,0,0,1,0,0,0,0,0,0,0,1,0,0,0,0,0
55.60310116657408,1.1297395622415791,4.009926217923061,0.6698051162189145,0.0,193515.6222834233,0.1387617468333644,1.867629,1.491009,0.3229039999999999,137.377454,12.552448,0.003375,56.73785833323885,0.0451541760193676,0.6332369278481651,12.927613291117714,0.0451541760193676,0.6332369278481651,2.1546022151862854,0.0451541760193676,0.6332369278481651,3.242976255874698,45.47912291598048,0.3976670434154604,1,0,0,0,0,1,0,0,0,0,0,0,1,0,1,0,0,0,0,0,0,0,0,0,0,0
34.44902635185185,0.0815565479200163,2.9629934345789666,0.0878332122195538,0.0,52706.419270833336,0.1007273777586807,1.233784,1.356716,0.8946790000000001,132.525832,1.1364299999999998,0.0,35.15206770597128,0.0,0.6138414473958463,8.009331882373202,0.0,0.6138414473958463,1.3348886470622,0.0,0.6138414473958463,0.0,27.31366597416481,0.0427309396947387,2,0,0,0,1,0,0,0,0,0,1,0,0,0,0,1,0,0,0,0,0,0,0,0,0,0
64.69798016185185,5.690671274630572,5.1820028245592,1.1744352456191176,0.0,286014.81447654375,0.151563960067231,1.898918,1.439043,3.499362,125.248103,0.0,0.0,66.01834710393045,0.1041745357261305,0.6415757254232946,15.042155036338585,0.1041745357261305,0.6415757254232946,2.5070258393897635,0.1041745357261305,0.6415757254232946,8.705608429061378,53.614897385381056,0.6332510814551522,3,0,0,0,1,0,0,0,0,0,1,0,0,0,0,0,0,0,0,0,0,0,0,1,0,0
54.86040541222224,1.0307025718603202,8.416284239835305,1.7550321717342312,0.0,189631.77418690047,0.1331074308041188,1.75701,1.468913,0.683265,106.747483,0.578866,0.024736,55.98000552267576,0.0448334119906273,0.6325559743622898,12.754937967191944,0.0448334119906273,0.6325559743622898,2.1258229945319904,0.0448334119906273,0.6325559743622898,3.176929937766728,44.82340118759814,0.1981100173880402,1,0,0,1,0,0,0,0,0,0,0,0,1,0,0,0,1,0,0,0,0,0,0,0,0,0
50.0097167260648,6.444974274944059,7.114056771893582,1.3283073643414522,0.0,197157.60474745205,0.1277219494201725,1.6409650000000002,1.38986,2.329573,139.949283,0.0,0.130464,51.030323189862045,0.034204520768188,0.6281085362957867,11.627162245791352,0.034204520768188,0.6281085362957867,1.9378603742985585,0.034204520768188,0.6281085362957867,2.2094528472847923,40.5728881082091,0.3443765376332962,2,0,0,0,1,0,0,0,0,0,0,0,1,0,0,0,1,0,0,0,0,0,0,0,0,0
24.13728106953704,12.869910096534142,7.0599482242437865,1.6783641656811574,0.0,165534.2104878597,0.1338173786906315,0.934338,1.313998,2.727647,142.452117,0.371226,0.0,24.62987864238473,0.0321775780867787,0.6043869448565419,5.611871083075003,0.0321775780867787,0.6043869448565419,0.935311847179167,0.0321775780867787,0.6043869448565419,1.003202333269898,18.84300899349152,0.4457796260223513,3,0,0,0,0,0,1,0,0,0,0,0,0,1,0,0,1,0,0,0,0,0,0,0,0,0
127.4066894338426,0.3520190162624386,1.8063904967525308,0.1552915263304607,0.0,167674.73615482613,0.1360410796009379,1.836236,1.151431,0.499546,181.915607,107.799952,9e-06,130.0068259529006,0.0,0.6990712933234597,29.621808444964696,0.0,0.6990712933234597,4.936968074160782,0.0,0.6990712933234597,0.0,115.04308855667362,0.4439904696725237,0,0,0,1,0,0,0,0,0,0,0,1,0,0,0,1,0,0,0,0,0,0,0,0,0,0
55.159174088888896,0.8758782944161829,5.247194155228796,0.5730648953780282,0.0,106517.2610817596,0.1089634993861762,1.737572,1.494609,0.700734,109.024245,1.136176,0.0,56.28487151927438,0.0089924727057439,0.6328299056062135,12.824401105657454,0.0089924727057439,0.6328299056062135,2.1374001842762422,0.0089924727057439,0.6328299056062135,0.6406837606118702,45.087025228607935,0.2580580956633757,3,0,0,0,1,0,0,0,0,0,1,0,0,0,0,0,0,0,0,0,0,1,0,0,0,0
90.14983322574074,4.854874489976348,6.462606267105762,2.874222389406724,0.0,205083.88792715827,0.1361560294543096,1.987683,1.493136,0.670445,118.761105,1.135835,0.0,91.98962574055176,0.0486783607289173,0.664911698416658,20.95966156113838,0.0486783607289173,0.664911698416658,3.493276926856396,0.0486783607289173,0.664911698416658,5.668233145717321,77.42402314919367,0.7613689618406096,2,0,0,0,0,0,0,0,1,0,1,0,0,0,0,0,1,0,0,0,0,0,0,0,0,0
95.07753070935188,65.70318995869542,7.299793956948699,2.2598266804532754,0.0,136615.06131032674,0.1336903960691939,1.629922,1.356839,1.264246,142.850944,0.371185,0.0,97.01788847893047,0.063209877510109,0.6694297433349734,22.105341678743656,0.063209877510109,0.6694297433349734,3.684223613123942,0.063209877510109,0.6694297433349734,7.762644110180532,82.21096225740698,0.0336381572740337,3,0,0,0,0,0,1,0,0,0,1,0,0,0,0,0,0,0,0,0,0,0,0,0,1,0
1.94545,2.022402246221364,7.17798015882643,1.2578516268044069,0.0,168177.29809277577,0.137886959907534,1.212643,0.468551,0.333687,429.700792,6.036317,0.0,50.53694215088812,0.0409948746781396,0.6276652186308375,11.514746312860584,0.0409948746781396,0.6276652186308375,1.919124385476764,0.0409948746781396,0.6276652186308375,2.622475455812722,40.152254233001486,0.6915204972111816,2,0,0,0,1,0,0,0,0,0,0,0,1,0,1,0,0,0,0,0,0,0,0,0,0,0
200.9644235485648,57.566551379448505,6.531263910037437,1.7103399407806443,0.0,218236.27613534173,0.1354988070664931,1.813366,1.382044,1.74278,150.16878799999998,0.0,0.0,205.06573831486205,0.1604384424380284,0.766513977848053,46.7238391097154,0.1604384424380284,0.766513977848053,7.7873065182859,0.1604384424380284,0.766513977848053,41.64611095270988,198.9693098684465,0.5197969550245527,3,0,0,0,1,0,0,0,0,0,1,0,0,0,0,0,0,0,0,0,0,0,0,1,0,0
0.997726,1.4903593660830308,11.50332024343294,2.386178984630594,0.0,168555.7556205036,0.1389248869259008,0.8947440000000001,0.363801,0.078586,527.490761,6.080362,0.0,25.91792189181784,0.0322653423338596,0.605544290357455,5.905349291806597,0.0322653423338596,0.605544290357455,0.984224881967766,0.0322653423338596,0.605544290357455,1.0585450916730843,19.86639192344403,0.5807892103607698,1,1,0,0,0,0,0,0,0,0,0,1,0,0,1,0,0,0,0,0,0,0,0,0,0,0
49.58725028185186,0.9682078459422936,6.863577471076727,0.8084080054176798,0.0,68073.96693270384,0.1058105027182496,1.492681,1.215754,0.4042469999999999,164.832295,84.118602,0.0386079999999999,50.59923498148149,0.0017030441325998,0.6277211906079105,11.528939616033757,0.0017030441325998,0.6277211906079105,1.921489936005626,0.0017030441325998,0.6277211906079105,0.1090794053787995,40.20533167901898,0.7699396501785565,0,0,0,0,0,0,1,0,0,0,1,0,0,0,0,0,0,0,0,0,0,0,1,0,0,0
27.99472174199074,0.4588238953186168,4.05078306015161,0.3093624618127763,0.0,119720.22612222722,0.1143443396480249,1.105602,1.2084700000000002,0.216255,137.342735,1.136424,0.350576,28.566042593868104,0.0067401686983914,0.6079237062518683,6.508718565691467,0.0067401686983914,0.6079237062518683,1.0847864276152444,0.0067401686983914,0.6079237062518683,0.2437214507950733,21.98224618558612,0.3510072698457497,2,0,0,0,1,0,0,0,0,0,0,0,1,0,0,0,0,0,0,0,0,0,1,0,0,0
36.04424131583334,4.043343871476227,7.626430957437419,1.691500513816623,0.0,190645.7121271733,0.1254819272179826,1.259489,1.376111,1.002033,147.93966,0.013478,0.0,36.77983807738096,0.0369403171517502,0.6153040479076691,8.38021627079566,0.0369403171517502,0.6153040479076691,1.3967027117992767,0.0369403171517502,0.6153040479076691,1.7198213713524972,28.64656107645712,0.2542963427069693,3,0,0,0,0,0,1,0,0,0,1,0,0,0,1,0,0,0,0,0,0,0,0,0,0,0
14.168244028981483,4.986873302206718,4.846410388855054,1.0858840264147709,0.0,169082.55198029077,0.1284249217944036,0.783822,1.1829379999999998,0.802423,160.965329,1.137035,0.0,14.457391866307637,0.0226626697654297,0.5952466603136334,3.294089285994145,0.0226626697654297,0.5952466603136334,0.5490148809990241,0.0226626697654297,0.5952466603136334,0.4147380981462527,10.8933091459052,0.2823443570241289,3,0,0,0,0,0,1,0,0,0,0,0,1,0,0,0,1,0,0,0,0,0,0,0,0,0
59.63171775773149,1.0349318528061004,4.385248793114861,0.5009552297189082,0.0,162464.86596972423,0.1385818409869711,2.046535,1.517974,0.332816,115.618958,1.818813,0.004057,60.84869158952193,0.0167455471272256,0.6369306348539331,13.864258843182212,0.0167455471272256,0.6369306348539331,2.3107098071970347,0.0167455471272256,0.6369306348539331,1.2898033324586815,49.0587288153739,0.2566429618841082,1,0,0,0,0,0,1,0,0,0,0,0,1,0,0,0,0,0,0,1,0,0,0,0,0,0
16.14081482921296,0.7252786758063222,8.69814657764755,1.0613905151399206,0.0,170061.77369979018,0.1274354930708019,0.830858,1.138992,0.256481,177.70841299999998,101.081276,0.0036409999999999,16.47021921348261,0.0058159959710688,0.5970552460698905,3.7527081752238862,0.0058159959710688,0.5970552460698905,0.6254513625373143,0.0058159959710688,0.5970552460698905,0.1212540868205519,12.447633905482151,0.4723488136463941,0,0,0,0,0,0,0,0,0,1,1,0,0,0,0,0,0,0,0,0,1,0,0,0,0,0
56.43441431726853,1.5847319574664822,10.400378614878482,2.044468557091354,0.0,170906.46983663068,0.1262687115574912,1.158044,1.265796,0.292497,167.13738600000002,80.695462,0.0,57.58613705843728,0.0455140431702173,0.6339991317311177,13.120891987998368,0.0455140431702173,0.6339991317311177,2.186815331333061,0.0455140431702173,0.6339991317311177,3.317693579852868,46.21463404404858,0.1311471033083696,0,0,0,0,0,0,1,0,0,0,0,1,0,0,1,0,0,0,0,0,0,0,0,0,0,0
67.1768742587963,11.172774663360284,10.999134630893918,2.656462732550623,0.0,184472.3603117506,0.1368957272858071,2.026636,1.485567,1.874899,116.848995,0.372081,0.0,68.54783087632276,0.0663964064438565,0.6438485424773023,15.618493111060882,0.0663964064438565,0.6438485424773023,2.6030821851768136,0.0663964064438565,0.6438485424773023,5.761176759125399,55.86635569582409,0.4252170707609422,3,0,0,0,0,0,1,0,0,0,0,0,1,0,0,0,0,0,0,0,0,0,0,1,0,0
21.530081405925927,11.200166462708436,4.565070384983822,0.9983987488049112,0.0,193653.49928806955,0.1330480913964392,0.8871969999999999,1.231221,1.734845,166.193633,1.464905,0.0,21.969470822373395,0.0311587119410839,0.6019964886180271,5.005702212692672,0.0311587119410839,0.6019964886180271,0.8342837021154452,0.0311587119410839,0.6019964886180271,0.8665068517118738,16.741195306158208,0.2565606639636711,3,0,0,1,0,0,0,0,0,0,0,0,1,0,1,0,0,0,0,0,0,0,0,0,0,0
60.20387402972222,2.624748781716509,12.655811696315554,2.899059213465638,0.0,229430.1266955186,0.1378328760536454,1.093108,1.219191,0.30656,165.845225,64.83319499999999,0.0,61.43252452012472,0.0848822497246793,0.6374552262570676,13.997284067876516,0.0848822497246793,0.6374552262570676,2.332880677979419,0.0848822497246793,0.6374552262570676,6.600672009537611,49.57023268040375,0.0553702537792824,0,0,0,0,0,0,1,0,0,0,1,0,0,0,0,0,0,0,0,0,0,0,0,0,0,1
41.635461872777775,2.292574504725367,8.377564485124546,1.3552413229747928,0.0,139557.63853604617,0.1124347497215516,1.437154,1.326846,0.189431,137.070656,92.41738,0.0260019999999999,42.48516517630385,0.0235433067617638,0.6204304554658643,9.680164217385688,0.0235433067617638,0.6204304554658643,1.6133607028976145,0.0235433067617638,0.6204304554658643,1.2661281981897814,33.36593719098313,0.5305073730443591,0,0,0,1,0,0,0,0,0,0,0,0,1,0,0,0,0,1,0,0,0,0,0,0,0,0
79.29502954101854,0.4100860436614468,4.25681243268706,0.9482289965775944,0.0,169314.35456010193,0.1370105107160781,1.34136,1.262277,0.352408,146.206525,124.69013,0.0,80.91329545001892,0.0557537354002139,0.6549592833607054,18.43594073544735,0.0557537354002139,0.6549592833607054,3.072656789241224,0.0557537354002139,0.6549592833607054,5.710403120100869,67.08216962316129,0.732660340720184,0,0,0,1,0,0,0,0,0,0,0,0,1,0,0,0,1,0,0,0,0,0,0,0,0,0
73.49503240625,1.005794923797214,6.654528926030623,0.9463926451526384,0.0,85269.47797699341,0.1088819473052768,2.143677,1.2585540000000002,0.051908,143.922752,13.239524,0.2534119999999999,74.99493102678572,0.0106186083148037,0.6496414553754978,17.08745263901447,0.0106186083148037,0.6496414553754978,2.847908773169077,0.0106186083148037,0.6496414553754978,1.0080275926191886,61.670653339273606,0.8522887532678393,1,0,0,0,0,0,1,0,0,0,0,0,0,1,0,0,0,0,0,0,0,0,1,0,0,0
25.41674723523148,0.320160690543177,2.6878006099511107,0.1688661707623256,0.0,129359.047671238,0.1324318268691464,0.8478120000000001,1.051918,0.053894,197.753475,130.256581,0.032777,25.9354563624811,0.0116670221833713,0.6055600456053801,5.909344487653922,0.0116670221833713,0.6055600456053801,0.98489074794232,0.0116670221833713,0.6055600456053801,0.3830247401480074,19.88034954134228,0.5199690470375835,0,0,0,0,0,0,0,0,1,0,0,0,1,0,0,0,0,0,0,1,0,0,0,0,0,0
2.30817,0.6984905753490165,7.22323061579423,1.8603004611653389,0.0,167457.12496252998,0.1388680064778248,1.554985,0.393426,0.239465,671.334857,1.046547,0.0,59.95931726048754,0.0443359064256919,0.6361315053380658,13.66161659099716,0.0443359064256919,0.6361315053380658,2.2769360984995264,0.0443359064256919,0.6361315053380658,3.3650008600118344,48.28102626323622,0.8538603768216478,1,0,0,0,1,0,0,0,0,0,1,0,0,0,1,0,0,0,0,0,0,0,0,0,0,0
30.079763572685184,0.7277053781479097,8.654467813688502,1.0802012117360706,0.0,154631.432020009,0.1184585325205497,1.179921,1.197177,0.302955,155.40311699999998,61.815124,0.098315,30.69363629865835,0.0069064131127804,0.6098354130234335,6.993486751593042,0.0069064131127804,0.6098354130234335,1.1655811252655068,0.0069064131127804,0.6098354130234335,0.2683328255847681,23.693754897953628,0.453653960104872,0,0,0,1,0,0,0,0,0,0,1,0,0,0,0,0,0,0,0,0,1,0,0,0,0,0
0.820664,26.117405098119228,6.412776112270584,1.1573949116025326,0.0,172586.72914793165,0.1383345943989513,0.726059,0.265762,1.289008,617.602292,0.0,0.229617,21.318383455404383,0.0306344155493285,0.6014114670861844,4.857353192370619,0.0306344155493285,0.6014114670861844,0.809558865395103,0.0306344155493285,0.6014114670861844,0.8266787564718843,16.229266164329864,0.0813186238137213,2,0,1,0,0,0,0,0,0,0,1,0,0,0,1,0,0,0,0,0,0,0,0,0,0,0
87.25888478314813,0.2565595492792072,2.3382758142279205,0.0567142945765662,0.0,153260.06832658872,0.1246177332846523,2.200361,1.576568,0.311294,99.931422,1.136398,0.0,89.03967835015116,0.0,0.6622610821879613,20.28752164940153,0.0,0.6622610821879613,3.381253608233588,0.0,0.6622610821879613,0.0,74.64242245802417,0.3484547680575766,1,0,0,0,0,0,1,0,0,0,0,0,0,1,0,1,0,0,0,0,0,0,0,0,0,0
55.44508675143518,6.245141027642669,6.47639498779242,1.4770111151450545,0.0,223564.0815722422,0.1332507015025015,1.814022,1.249429,2.247804,146.043982,0.0,0.428083,56.57661913411753,0.0740760882258077,0.6330920495905786,12.890875245748298,0.0740760882258077,0.6330920495905786,2.148479207624716,0.0740760882258077,0.6330920495905786,5.305031177844068,45.33950350192913,0.2058857128154176,3,0,0,1,0,0,0,0,0,0,0,1,0,0,0,0,0,0,0,0,0,0,0,0,0,1
3.171676,0.5992708567092173,7.311657148585331,2.758445196586261,0.0,168938.9856302458,0.1386367677391576,2.262159,0.389293,0.204792,683.964167,6.947458,0.0,82.39060707464095,0.0522897026326887,0.6562866921747771,18.772543384095407,0.0522897026326887,0.6562866921747771,3.1287572306825675,0.0522897026326887,0.6562866921747771,5.453392840075536,68.44539111808594,0.7101801849012489,1,0,1,0,0,0,0,0,0,0,1,0,0,0,1,0,0,0,0,0,0,0,0,0,0,0
1.523916,0.3363422789304948,1.8555770878025668,0.2205288664792939,0.0,164403.15729916067,0.1389360112144792,0.569569,0.716964,1.529113,325.77869100000004,147.405379,0.0,39.586756141156464,0.0371121042859012,0.6178261479955133,9.01976722203565,0.0371121042859012,0.6178261479955133,1.5032945370059414,0.0371121042859012,0.6178261479955133,1.8596807876596704,30.95915577003598,0.5140740748197227,0,0,0,1,0,0,0,0,0,0,0,1,0,0,1,0,0,0,0,0,0,0,0,0,0,0
283.3484605219907,0.5250772887425457,6.490378117389816,1.827146662868184,0.0,168095.69231489807,0.1336173144140117,4.2560080000000005,1.605947,0.480964,63.798532,19.754335,0.0,289.1310821652967,0.0706096543786901,0.842049211257984,65.87796808829545,0.0706096543786901,0.842049211257984,10.97966134804924,0.0706096543786901,0.842049211257984,25.84233643269401,308.1805059334879,0.4577193267640094,1,0,0,0,0,0,0,0,1,0,0,0,1,0,0,0,0,0,1,0,0,0,0,0,0,0
36.99884491481482,4.053702126304023,8.047091740212567,1.0957039824778514,0.0,158964.88166966426,0.1377648076743816,1.1749459999999998,1.368541,1.631117,146.255826,1.136189,0.0,37.7539233824641,0.0133267896811565,0.6161792927768455,8.602159758029796,0.0133267896811565,0.6161792927768455,1.4336932930049655,0.0133267896811565,0.6161792927768455,0.6368842994387288,29.447070644756884,0.535332398235065,2,0,0,1,0,0,0,0,0,0,0,0,1,0,0,0,0,0,0,1,0,0,0,0,0,0
21.7656137675926,2.1692295177377385,7.9699126184701345,0.6860132098769685,0.0,90585.7819572467,0.1158066009142273,0.917863,1.278358,2.06514,149.502939,1.136839,0.0,22.209809966931218,0.0,0.6022124405495867,5.060463030440024,0.0,0.6022124405495867,0.8434105050733373,0.0,0.6022124405495867,0.0,16.9304099548458,0.6640710917491143,0,0,0,0,0,0,1,0,0,0,1,0,0,0,0,1,0,0,0,0,0,0,0,0,0,0
120.76219218736112,0.2860457928096362,3.287492058974662,0.3003841154187989,0.0,135217.5567202488,0.1319856141879261,1.833441,1.481311,0.486832,115.899379,38.190837,0.0,123.22672672179706,0.0304078847854747,0.6929791707613363,28.07697570876389,0.0304078847854747,0.6929791707613363,4.679495951460647,0.0304078847854747,0.6929791707613363,4.743119124870366,108.09310746747434,0.1361150781119181,0,0,0,0,0,0,1,0,0,0,1,0,0,0,0,0,0,0,1,0,0,0,0,0,0,0
49.137569819629626,3.826909296518321,10.575185131969498,1.908051565253763,0.0,190824.61568869904,0.1260671784891356,1.610929,1.460648,1.778786,107.803407,3e-06,0.169323,50.140377366969005,0.0423852385263681,0.6273088932755426,11.424389779815725,0.0423852385263681,0.6273088932755426,1.90406496330262,0.0423852385263681,0.6273088932755426,2.6901415879760626,39.81456282847012,0.2604190311306943,1,0,0,1,0,0,0,0,0,0,0,1,0,0,1,0,0,0,0,0,0,0,0,0,0,0
53.22361842634259,0.4620757766193051,2.525589094602233,0.7032703675812096,0.0,256982.29413968825,0.1390536252400286,1.688545,1.416374,0.489638,140.974518,1.135225,0.0,54.30981472075774,0.0794321424560047,0.6310552578210424,12.374388164223284,0.0794321424560047,0.6310552578210424,2.0623980273705467,0.0794321424560047,0.6310552578210424,5.460689797036013,43.38290396306433,0.5523478909849968,1,0,0,0,0,0,1,0,0,0,0,0,0,1,0,0,0,0,0,0,0,0,0,0,0,1
36.088053593657406,3.170657244803522,5.293039987413145,1.1445859021705975,0.0,277398.11728117504,0.1465665693227335,1.272003,1.378403,1.893554,137.902008,1.13471,0.0,36.82454448332388,0.072438021091137,0.6153442179546009,8.390402540504176,0.072438021091137,0.6153442179546009,1.3984004234173624,0.072438021091137,0.6153442179546009,3.376578645512063,28.683253831171324,0.9211186260796054,3,0,0,1,0,0,0,0,0,0,0,1,0,0,0,0,0,0,0,0,0,0,0,1,0,0
26.95880703587963,2.462007509575759,8.18811742521876,0.9591035213258912,0.0,90177.17274617804,0.1120834200055622,1.050059,1.382863,1.944788,139.161893,1.136825,0.0,27.508986771305747,0.0,0.6069739098836213,6.267870403588651,0.0,0.6069739098836213,1.0446450672647751,0.0,0.6069739098836213,0.0,21.13574336394464,0.9250304424559692,0,0,0,0,0,0,0,0,0,1,1,0,0,0,0,1,0,0,0,0,0,0,0,0,0,0
88.88307032944444,0.8830067888438273,5.455873734659428,0.6029694198275641,0.0,122223.69268959832,0.1194566199176317,1.478243,1.310356,1.305576,161.601683,1.134984,0.0,90.69701054024942,0.0120491496219691,0.6637502448807303,20.665141642082148,0.0120491496219691,0.6637502448807303,3.4441902736803574,0.0120491496219691,0.6637502448807303,1.3833187978035175,76.20273791903891,0.9773732912860807,3,0,0,0,0,0,1,0,0,0,1,0,0,0,0,0,0,0,0,0,1,0,0,0,0,0
554.1115196564814,0.348643460469566,3.667390445439364,0.3317650137402171,0.0,113134.64880283271,0.113214344670661,3.886259,1.679395,0.686761,76.732,1.135848,0.0,565.4199180168177,0.14934317738903,1.0903030189356513,128.8298547380091,0.14934317738903,1.0903030189356513,21.47164245633485,0.14934317738903,1.0903030189356513,106.88811027300817,780.3532197216264,0.9674952897448948,2,0,0,0,0,0,0,0,0,1,0,0,1,0,0,0,0,0,0,1,0,0,0,0,0,0
208.2426586475464,1.6460714062912574,8.837403568432485,1.8366456727901523,0.0,177206.78814448442,0.1377349166061094,2.861432,1.600341,0.815048,95.775077,0.370866,0.0,212.4925088240269,0.1259289601667453,0.7731871539536529,48.41601466876563,0.1259289601667453,0.7731871539536529,8.069335778127604,0.1259289601667453,0.7731871539536529,33.87210212586413,207.9702254862289,0.4943949151015041,2,0,0,0,0,0,0,1,0,0,1,0,0,0,0,0,0,1,0,0,0,0,0,0,0,0
25.913854933703707,2.313530750126004,9.229807486637034,1.8307613085785643,0.0,168158.35261166067,0.1387890275362298,1.040853,1.264569,1.56856,156.817158,0.372353,0.0,26.44270911602419,0.0328767846453474,0.6060158274220212,6.024921064410575,0.0328767846453474,0.6060158274220212,1.0041535107350956,0.0328767846453474,0.6060158274220212,1.1004446241102437,20.284430688895217,0.6831673224157804,2,0,0,0,1,0,0,0,0,0,1,0,0,0,0,0,1,0,0,0,0,0,0,0,0,0
39.24251213953704,1.0368586780070117,6.4847835265189335,1.0455245211970603,0.0,175619.76830410672,0.1374261560235664,1.342201,1.462448,1.340123,120.964146,4.758849,0.0,40.04337973422148,0.0382502582336963,0.61823643799259,9.12380804070869,0.0382502582336963,0.61823643799259,1.5206346734514482,0.0382502582336963,0.61823643799259,1.938822297954348,31.33705880008829,0.6483983700867437,1,0,0,1,0,0,0,0,0,0,0,1,0,0,1,0,0,0,0,0,0,0,0,0,0,0
202.2484975133796,0.5786709729716074,5.668749011677804,0.826503303303993,0.0,113574.18739695744,0.1216000441363532,1.909616,1.315716,1.202361,168.49297099999998,1.134671,0.0,206.3760178707955,0.0244398691104891,0.7676913033374458,47.02238381866226,0.0244398691104891,0.7676913033374458,7.837063969777043,0.0244398691104891,0.7676913033374458,6.384560587729386,200.5481951099025,0.3816724068767556,2,0,0,0,0,0,1,0,0,0,0,1,0,0,0,0,0,0,0,0,1,0,0,0,0,0
241.3190700106018,1.202159906534268,8.536307653934836,1.10298293035665,0.0,87714.96488122002,0.0959233628626135,4.681116,1.650548,1.6927740000000002,59.288326,28.162869,0.0,246.24394899041,0.0294658237542324,0.8035138354863531,56.10621622566303,0.0294658237542324,0.8035138354863531,9.351036037610504,0.0294658237542324,0.8035138354863531,9.184532660123573,250.4562277450509,0.4115994367764282,1,0,0,0,1,0,0,0,0,0,0,1,0,0,0,0,0,0,0,0,1,0,0,0,0,0
129.64984750949074,70.34381238703462,4.223061047012,1.2706574204442598,0.0,233365.5357838729,0.1377284714608169,1.398197,1.251639,1.740825,171.458374,1.134395,0.0,132.29576276478647,0.1325033550988539,0.7011279717170436,30.143338351470334,0.1325033550988539,0.7011279717170436,5.023889725245056,0.1325033550988539,0.7011279717170436,22.18940814138765,117.41298710637204,0.0966494637439397,3,0,0,0,0,0,0,0,0,1,1,0,0,0,0,0,0,0,0,0,0,0,0,1,0,0
45.0008863375,4.25242313949896,9.383065061317645,1.4602706878305338,0.0,152936.01708633095,0.1323705612362431,1.544945,1.325168,0.336853,140.126178,1.134994,0.0,45.91927177295919,0.0162565908403112,0.623516103266157,10.462618884978042,0.0162565908403112,0.623516103266157,1.7437698141630067,0.0162565908403112,0.623516103266157,0.9449250796177864,36.24228531733563,0.4396153965489022,3,0,0,0,0,0,1,0,0,0,0,0,1,0,0,0,0,0,1,0,0,0,0,0,0,0
39.55052187189815,0.8263235500604986,4.760675655280371,1.2672641098642234,0.0,192314.7638920114,0.1244362617264405,1.279945,1.32525,1.840315,161.33598899999998,1.0169860000000002,0.0,40.35767537948791,0.0383770972722067,0.6185188420587312,9.195419706718765,0.0383770972722067,0.6185188420587312,1.5325699511197937,0.0383770972722067,0.6185188420587312,1.9605195363528471,31.597446384687373,0.6812051993650553,2,0,0,0,1,0,0,0,0,0,0,0,1,0,1,0,0,0,0,0,0,0,0,0,0,0
40.8987231625926,2.2353840047221105,4.639411317930519,1.4490629125842087,0.0,187951.2707958633,0.1253698772574357,1.397895,1.388468,1.995076,146.387147,1.134684,0.0,41.73339098223735,0.0389337057224051,0.6197549637992696,9.50887389468699,0.0389337057224051,0.6197549637992696,1.5848123157811649,0.0389337057224051,0.6197549637992696,2.0567538775955785,32.73984331318642,0.2576286939009562,3,0,0,0,1,0,0,0,0,0,1,0,0,0,1,0,0,0,0,0,0,0,0,0,0,0
1.3940709999999998,10.90671567722476,10.301632729079795,4.7206528308294375,0.0,170674.14956160073,0.1390623248023666,1.264328,0.329635,0.719986,531.776508,0.0,0.029695,36.2137734103836,0.035916095609068,0.614795421822432,8.251239511226641,0.035916095609068,0.614795421822432,1.3752065852044402,0.035916095609068,0.614795421822432,1.6464017065474228,28.182357088125,0.098652234364828,3,0,1,0,0,0,0,0,0,0,0,0,1,0,1,0,0,0,0,0,0,0,0,0,0,0
22.222116827407408,6.089641300322627,7.547495590411215,1.5154747952946084,0.0,210628.23386915468,0.1303355418663802,0.972771,1.365636,1.975744,149.53733,0.0,0.0,22.675629415721847,0.0314283113731378,0.6026309932989086,5.166599107379661,0.0314283113731378,0.6026309932989086,0.8610998512299434,0.0314283113731378,0.6026309932989086,0.902097141593912,17.297515289208107,0.8338142213628058,2,0,0,1,0,0,0,0,0,0,0,0,1,0,0,0,0,0,0,0,0,1,0,0,0,0
8.921239,6.915163865192331,9.9864362069457,2.7210191153793883,0.0,171348.3013901379,0.1388314232873402,2.026063,0.320019,0.3150179999999999,731.539847,0.0,0.0,231.74696818589385,0.1052492100145589,0.7904878633240712,52.80310667526695,0.1052492100145589,0.7904878633240712,8.800517779211157,0.1052492100145589,0.7904878633240712,30.874918132701847,231.8900831811376,0.7450157979738737,3,1,0,0,0,0,0,0,0,0,0,0,1,0,1,0,0,0,0,0,0,0,0,0,0,0
8.732723,0.4146799746034242,3.5932207404852483,0.565629400580907,0.0,165385.1882868705,0.1389255938913038,1.469829,0.396495,0.846866,641.858218,113.548616,0.0,226.8498892650699,0.1035127798730681,0.7860876910013432,51.68731654140833,0.1035127798730681,0.7860876910013432,8.614552756901388,0.1035127798730681,0.7860876910013432,29.723876774335512,225.72646285606223,0.5729634226304211,0,1,0,0,0,0,0,0,0,0,0,1,0,0,1,0,0,0,0,0,0,0,0,0,0,0
2.2357970000000003,0.7193642019939651,9.772585294801267,8.524413615107822,0.0,178252.3773231415,0.1385410845243959,2.078793,0.268053,0.156131,634.950408,0.0,0.036186,58.07928430446901,0.043669275165586,0.6344422393260946,13.233254651651167,0.043669275165586,0.6344422393260946,2.2055424419418608,0.043669275165586,0.6344422393260946,3.2104813262179235,46.64297619314458,0.2651289041606369,1,0,0,0,1,0,0,0,0,0,0,1,0,0,1,0,0,0,0,0,0,0,0,0,0,0
27.909897506250005,0.9311786004536444,6.842310665322723,0.9186283131297543,0.0,146018.83745503597,0.1217261191627247,1.1118709999999998,1.369278,0.209502,136.91181,8.826397,0.000214,28.479487251275515,0.0120191704950044,0.6078459336798886,6.488997095227332,0.0120191704950044,0.6078459336798886,1.081499515871222,0.0120191704950044,0.6078459336798886,0.433290902384034,21.912836099969685,0.2040596703311038,0,0,0,1,0,0,0,0,0,0,0,1,0,0,0,0,0,0,0,1,0,0,0,0,0,0
179.72697557296303,1.6376548273672018,5.366619797347547,0.8597548378171395,0.0,174441.56877622902,0.1378162842360046,2.586411,1.5753,0.450259,118.779287,0.370568,0.0,183.3948730336357,0.1085936528080417,0.7470420552669127,41.78617360260055,0.1085936528080417,0.7470420552669127,6.964362267100091,0.1085936528080417,0.7470420552669127,25.2095179354298,173.4223833879263,0.7234642810092402,1,0,0,0,0,0,1,0,0,0,1,0,0,0,0,0,0,0,0,1,0,0,0,0,0,0
2.000693,0.7815590264985888,5.001318214608611,0.8365870110994335,0.0,164775.23302607914,0.1389801100039367,1.256571,0.553374,0.891682,541.4732290000001,259.90782,0.0,51.97198920696334,0.0415037206663123,0.6289546514621327,11.841719059814432,0.0415037206663123,0.6289546514621327,1.973619843302405,0.0415037206663123,0.6289546514621327,2.730418889263809,41.37724602210045,0.5507126902084067,1,0,1,0,0,0,0,0,0,0,0,0,1,0,1,0,0,0,0,0,0,0,0,0,0,0
34.417229992175926,3.310262121456704,4.448510871230841,0.6271778009563899,0.0,167364.74870728416,0.1215450320866325,1.23235,1.150326,1.551077,121.636444,1.136754,0.0,35.11962244099584,0.0129515705985026,0.613812294351908,8.001939290353482,0.0129515705985026,0.613812294351908,1.333656548392247,0.0129515705985026,0.613812294351908,0.5757648980219172,27.28715952820305,0.7188883287131931,3,0,0,1,0,0,0,0,0,0,0,0,1,0,0,0,0,0,0,0,0,1,0,0,0,0
69.66941355092592,4.911369837159447,9.521799759899112,1.7857299296975992,0.0,200952.2099070744,0.1383831878002885,1.398539,1.319603,1.656765,151.276052,1.136474,0.0,71.09123831727135,0.051361433617035,0.6461338703652177,16.19800366722638,0.051361433617035,0.6461338703652177,2.699667277871064,0.051361433617035,0.6461338703652177,4.6219593893485404,58.14488223163873,0.4362163229285839,3,0,0,0,0,0,1,0,0,0,1,0,0,0,1,0,0,0,0,0,0,0,0,0,0,0
39.27766888310185,4.390594392085819,6.672721655248738,0.939816566108228,0.0,157669.97772407075,0.1307875107911279,1.113367,1.416211,3.3911580000000003,139.004052,0.370349,0.0,40.07925396234883,0.0259626191474558,0.6182686720627892,9.131981915471885,0.0259626191474558,0.6182686720627892,1.5219969859119806,0.0259626191474558,0.6182686720627892,1.3171676029602843,31.36676851211227,0.4732191860636234,2,0,0,1,0,0,0,0,0,0,0,0,1,0,0,0,0,0,0,0,0,0,1,0,0,0
43.07337523032408,0.3321497453559788,2.991424847563965,0.1934593297469673,0.0,146645.2993480216,0.1320660496465593,1.473302,1.341085,0.052939,133.61563600000002,100.675072,0.00014,43.952423704412325,0.0079672752271688,0.6217488312711256,10.014476287081289,0.0079672752271688,0.6217488312711256,1.6690793811802147,0.0079672752271688,0.6217488312711256,0.4432671601951821,34.5916051515844,0.2519095720987564,0,0,0,0,0,0,1,0,0,0,0,0,1,0,0,0,0,0,0,0,1,0,0,0,0,0
27.749388260648143,0.5980312335405419,1.4575458930836591,0.1716987272318032,0.0,221356.32977368103,0.1265910684222654,1.097467,1.382535,0.18285,140.9674,2.80303,0.001816,28.315702306783823,0.033603401587406,0.6076987679937145,6.451679006608972,0.033603401587406,0.6076987679937145,1.0752798344348289,0.033603401587406,0.6076987679937145,1.204435336511768,21.78154102115102,0.9000382229557727,1,0,0,1,0,0,0,0,0,0,0,0,1,0,1,0,0,0,0,0,0,0,0,0,0,0
33.86467595953703,0.6027001469469756,7.07409724571722,1.0373465752573037,0.0,81585.72973340077,0.1095996644633779,1.168393,1.336871,1.517085,139.57986499999998,1.136762,0.0,34.55579179544595,0.0014422020208542,0.613305675601962,7.873471548329456,0.0014422020208542,0.613305675601962,1.312245258054909,0.0014422020208542,0.613305675601962,0.0630840921007721,26.82691548489457,0.898524381020444,3,0,0,0,0,0,1,0,0,0,1,0,0,0,0,0,0,0,0,0,0,0,0,0,1,0
118.25929171157406,0.5870231754488224,8.718783433488804,2.9999753534079168,0.0,170491.54016786572,0.1302820228451161,1.911637,1.339694,0.274259,162.650706,84.491816,6.8e-05,120.67274664446332,0.0747346235653475,0.6906843430424496,27.495056197472657,0.0747346235653475,0.6906843430424496,4.582509366245442,0.0747346235653475,0.6906843430424496,11.415737082367755,105.50224903703686,0.4261670922433339,0,0,0,0,0,0,1,0,0,0,0,1,0,0,1,0,0,0,0,0,0,0,0,0,0,0
3.27103,7.091424884841882,7.973103392896035,1.3831538455091792,0.0,166194.85971223022,0.1386465966451368,1.604233,0.373253,0.990292,612.345108,4.929281,0.0,84.97152529431217,0.0532048572099006,0.6586057246226983,19.36060069996986,0.0532048572099006,0.6586057246226983,3.22676678332831,0.0532048572099006,0.6586057246226983,5.7226555318877725,70.83890251741317,0.8183197153336643,2,0,0,1,0,0,0,0,0,0,1,0,0,0,1,0,0,0,0,0,0,0,0,0,0,0
15.412909855462964,0.316298243703602,2.7513829152361096,0.4512781446500362,0.0,141808.3362091577,0.1202864414192646,0.8245450000000001,0.998602,0.97882,156.243315,1.135547,0.504317,15.727459036186698,0.0230416311812199,0.5963878537677848,3.5834716791311463,0.0230416311812199,0.5963878537677848,0.5972452798551909,0.0230416311812199,0.5963878537677848,0.4587168487715941,11.872994354192578,0.7977273889702141,2,0,0,0,0,0,1,0,0,0,0,1,0,0,0,0,1,0,0,0,0,0,0,0,0,0
31.64661893324074,18.021808905504663,5.225705852897333,1.208053549559568,0.0,194894.5313343076,0.1190244646416865,1.058745,1.333434,2.697684,152.290951,0.920385,0.0,32.29246829922525,0.035160337222415,0.6112720115409028,7.357777587165247,0.035160337222415,0.6112720115409028,1.2262962645275408,0.035160337222415,0.6112720115409028,1.437233006512541,24.986686145428173,0.7277284863141159,3,0,0,0,1,0,0,0,0,0,0,1,0,0,1,0,0,0,0,0,0,0,0,0,0,0
25.3206198900463,5.361737676375776,7.069209575653076,1.5581785774917054,0.0,196986.98853417265,0.1332061318881648,0.8466879999999999,1.201964,0.7223430000000001,167.499795,1.136752,0.268235,25.837367234741123,0.0261142877626684,0.6054719095814319,5.886995066143546,0.0261142877626684,0.6054719095814319,0.9811658443572576,0.0261142877626684,0.6054719095814319,0.8540815734148988,19.8022785799689,0.3342523446533834,3,0,0,0,0,0,0,1,0,0,0,1,0,0,0,0,1,0,0,0,0,0,0,0,0,0
32.639332340416665,4.761547419092924,6.167863862977611,1.28577538317056,0.0,187513.05882793764,0.1333516219126092,1.088763,1.24276,1.360146,163.439906,1.136736,0.0,33.305441163690475,0.0284480027357963,0.6121821980488108,7.58858153096745,0.0284480027357963,0.6121821980488108,1.2647635884945747,0.0284480027357963,0.6121821980488108,1.1993332675209742,25.808858453890352,0.6624042513254512,3,0,0,0,0,0,0,1,0,0,0,1,0,0,0,0,1,0,0,0,0,0,0,0,0,0
29.065436787314813,5.600090872755439,8.07274384121243,1.3276971079748598,0.0,190170.92989358515,0.1374687752742275,0.960006,1.144884,0.928905,131.078241,1.135864,0.0,29.65860896664777,0.0273016043789025,0.608905409914802,6.7576577392362,0.0273016043789025,0.608905409914802,1.1262762898727,0.0273016043789025,0.608905409914802,1.024971656248088,22.85985753207529,0.9983205749836104,3,0,0,0,0,0,1,0,0,0,0,0,0,1,0,0,1,0,0,0,0,0,0,0,0,0
51.78196282310185,2.783592734119589,11.812594183914952,2.053494456003038,0.0,170997.97159772183,0.1316502223001252,1.764579,1.540151,0.3378219999999999,97.347986,1.136211,0.0,52.83873757459372,0.0261067921984684,0.6297334508728997,12.039206029654263,0.0261067921984684,0.6297334508728997,2.006534338275711,0.0261067921984684,0.6297334508728997,1.746139166948513,42.11939310457779,0.0082719737884188,2,0,0,0,0,1,0,0,0,0,0,0,0,1,0,0,0,1,0,0,0,0,0,0,0,0
34.17815904444445,0.2418144759800222,2.5797594985801826,0.2769510533205039,0.0,143850.23445930754,0.1178472323579896,0.913205,1.313384,0.303274,167.14333200000002,1.322592,7.8e-05,34.87567249433107,0.0217092034823399,0.6135930980063312,7.946355758202015,0.0217092034823399,0.6135930980063312,1.3243926263670025,0.0217092034823399,0.6135930980063312,0.958383633877062,27.08793915297569,0.8463155477283788,1,0,0,0,0,0,1,0,0,0,0,0,0,1,0,0,0,1,0,0,0,0,0,0,0,0
44.15562250217592,2.327455686150695,13.725425644744217,3.206620748094517,0.0,259625.6505545564,0.1369871703429902,1.097639,1.085348,0.410921,195.00572,100.278427,0.0,45.05675765528156,0.0725181103416978,0.6227411084560001,10.266096680950229,0.0725181103416978,0.6227411084560001,1.7110161134917046,0.0725181103416978,0.6227411084560001,4.135988510487146,35.51733570339671,0.9028701642378668,0,0,0,1,0,0,0,0,0,0,0,1,0,0,0,0,0,0,0,0,0,0,0,0,0,1
65.7445869985185,0.9036300416758878,9.783429400812237,2.0894316869388097,0.0,194271.8176895984,0.1330940924781403,1.697628,1.439166,1.1462370000000002,115.71801,0.375151,0.0,67.0863132637944,0.0496042165759474,0.6425353250569171,15.285489098079736,0.0496042165759474,0.6425353250569171,2.547581516346622,0.0496042165759474,0.6425353250569171,4.212359509391279,54.56370392382569,0.431758754891731,1,0,0,0,1,0,0,0,0,0,0,0,1,0,0,1,0,0,0,0,0,0,0,0,0,0
1.836793,5.168716766851412,8.770743989830109,1.5040847869228116,0.0,168452.3112447542,0.1387236763318951,1.151449,0.392198,0.7884979999999999,573.028865,1.087388,0.0,47.71435995998678,0.0399940297106887,0.6251290438548469,10.871626319996988,0.0399940297106887,0.6251290438548469,1.8119377199994977,0.0399940297106887,0.6251290438548469,2.4155563669192497,37.75649648092725,0.6673535161830545,3,1,0,0,0,0,0,0,0,0,1,0,0,0,1,0,0,0,0,0,0,0,0,0,0,0
17.097429567037036,4.08464908399742,6.333449260222254,1.125685253017526,0.0,205211.3860911271,0.1328881653271419,0.8554809999999999,1.175204,2.56461,158.683225,0.0,0.0,17.4463567010582,0.0389132493884475,0.5979323348866018,3.975119248342376,0.0389132493884475,0.5979323348866018,0.662519874723729,0.0389132493884475,0.5979323348866018,0.8593600369975831,13.204735186744609,0.8128338329197348,1,0,0,1,0,0,0,0,0,0,0,1,0,0,0,0,0,0,0,0,0,0,0,0,0,1
148.67769033342591,0.3740704849862652,2.272941493587814,0.3773717998886566,0.0,222305.705438774,0.126560131092366,2.470845,1.629475,0.0496029999999999,107.115095,4.206479,0.0,151.7119289116591,0.0908912736835023,0.718573979484993,34.56727494189701,0.0908912736835023,0.718573979484993,5.761212490316168,0.0908912736835023,0.718573979484993,17.45479804020464,137.9952461941712,0.7490140736263474,1,0,0,0,1,0,0,0,0,0,1,0,0,0,1,0,0,0,0,0,0,0,0,0,0,0
49.68396314847223,4.584080626066926,10.917363924945858,2.2174313045520004,0.0,220762.15885416663,0.137744349005411,1.397275,1.439861,3.241987,120.296619,1.136514,0.0,50.6979215800737,0.0700200368660707,0.6278098634773436,11.551425170143377,0.0700200368660707,0.6278098634773436,1.925237528357229,0.0700200368660707,0.6278098634773436,4.493506757050539,40.28943699464702,0.9641401360183895,1,0,0,1,0,0,0,0,0,0,0,0,1,0,0,0,0,0,0,0,0,0,0,1,0,0
72.33816933759259,0.6966438586120125,5.222129741732737,2.9393200958661323,0.0,140299.63572579436,0.1335734432871393,2.1886810000000003,1.351765,0.249678,125.522657,1.498641,0.058237,73.81445850774755,0.0525674467522727,0.6485807654029664,16.818484216955138,0.0525674467522727,0.6485807654029664,2.803080702825856,0.0525674467522727,0.6485807654029664,4.911693186270718,60.60080759083596,0.8532816961663964,1,0,0,0,0,0,1,0,0,0,0,0,1,0,1,0,0,0,0,0,0,0,0,0,0,0
53.14887534226852,1.2239716022992306,5.060230064163391,0.7895341544128436,0.0,164204.41510229316,0.1255806778028285,1.432105,1.338712,1.150915,138.491888,1.13467,0.0,54.23354626762094,0.029919733816774,0.6309867283278454,12.35701054198958,0.029919733816774,0.6309867283278454,2.059501756998263,0.029919733816774,0.6309867283278454,2.0539914788188818,43.31727585445945,0.3394274133059199,2,0,0,0,0,0,0,0,0,1,1,0,0,0,0,0,0,0,0,0,0,0,0,0,1,0
44.18528043574074,0.4135661477879654,2.296378275330404,0.2786196434705091,0.0,173809.38337455035,0.1364801020430718,1.542778,1.349228,0.5945550000000001,162.291585,47.908195,6e-06,45.08702085279668,0.0161200927598414,0.6227683008468634,10.27299209304228,0.0161200927598414,0.6227683008468634,1.71216534884038,0.0161200927598414,0.6227683008468634,0.9200088081164384,35.54274350220669,0.9633323160340242,0,0,0,0,0,1,0,0,0,0,0,0,1,0,0,0,0,0,1,0,0,0,0,0,0,0
25.01380665800925,0.4249568363602499,2.2132184844222857,0.2391583371005184,0.0,164565.92071342925,0.1389473375263545,0.838764,1.118901,0.012628,172.066845,123.162507,0.181059,25.52429250817271,0.03252205201929,0.6051906025473683,5.815661584140617,0.03252205201929,0.6051906025473683,0.9692769306901028,0.03252205201929,0.6051906025473683,1.0507624920333771,19.553242990653573,0.8009441754123121,0,0,0,0,0,1,0,0,0,0,0,0,0,1,0,0,1,0,0,0,0,0,0,0,0,0
20.77664260611111,3.941756704585444,9.51347450786929,1.3484236961074298,0.0,100167.74457621404,0.1066547377834574,0.908649,1.330856,2.50181,145.811205,0.0,0.0,21.200655720521542,0.0061731764289671,0.6013056851845602,4.830529151511238,0.0061731764289671,0.6013056851845602,0.8050881919185394,0.0061731764289671,0.6013056851845602,0.1656650483197113,16.136803562519205,0.3438465036000871,0,0,0,0,1,0,0,0,0,0,0,0,1,0,0,0,0,0,0,0,0,1,0,0,0,0
70.5944610461574,4.197835506866876,9.427458254839305,1.9534095860213685,0.0,291248.78554031777,0.1430593429209231,1.78373,1.407823,0.865036,143.744659,1.305996,0.0,72.03516433281368,0.1014857428483255,0.646982016207963,16.413075417603118,0.1014857428483255,0.646982016207963,2.735512569600519,0.1014857428483255,0.646982016207963,9.253850839894682,58.99424792141233,0.8046417532544742,1,0,0,0,0,0,0,0,0,1,1,0,0,0,0,0,0,0,0,0,0,0,0,1,0,0
113.43393319185184,2.468831676444847,7.676426885796966,0.7715740188849058,0.0,49974.48226028552,0.0939653016698303,1.84838,1.462202,2.5488180000000003,129.78618,0.0,0.0,115.748911420257,0.002891180955909,0.6862601293784435,26.373169690691466,0.002891180955909,0.6862601293784435,4.39552828178191,0.002891180955909,0.6862601293784435,0.4236089219815811,100.54919357807536,0.1005863832072204,2,0,0,0,1,0,0,0,0,0,1,0,0,0,0,0,0,0,0,0,0,0,1,0,0,0
17.778620113240738,4.774851756987812,8.368343118283388,1.4155679879714544,0.0,192749.34176408872,0.127486909572169,0.8971969999999999,1.099015,1.200696,165.062199,0.0,0.475496,18.14144909514361,0.0297078118787248,0.5985568962554594,4.13349473053905,0.0297078118787248,0.5985568962554594,0.6889157884231749,0.0297078118787248,0.5985568962554594,0.6822060214253036,13.745176536665282,0.1206924405870915,1,0,0,0,1,0,0,0,0,0,0,1,0,0,0,0,1,0,0,0,0,0,0,0,0,0
157.98394256680552,1.3383399322450305,7.529669435190068,1.030806812808382,0.0,116321.63434877098,0.1330683786752555,2.089414,1.363181,1.6076700000000002,139.211728,1.135641,0.0,161.20810466000563,0.0342965502184625,0.7271065782801549,36.73096055544432,0.0342965502184625,0.7271065782801549,6.12182675924072,0.0342965502184625,0.7271065782801549,6.998584629234238,148.37401692451365,0.0067655671096448,1,0,0,0,0,0,1,0,0,0,0,1,0,0,0,0,0,0,0,1,0,0,0,0,0,0
86.28730106254629,0.3805315092527609,2.2566598438673453,0.106143363284693,0.0,147352.9690497602,0.1306341942265736,1.443465,1.249552,0.447853,172.317614,77.653627,0.0002089999999999,88.04826639035336,0.0,0.6613702687997242,20.061630316789373,0.0,0.6613702687997242,3.3436050527982286,0.0,0.6613702687997242,0.0,73.71203241764269,0.4304927048729664,0,0,0,0,0,1,0,0,0,0,1,0,0,0,0,1,0,0,0,0,0,0,0,0,0,0
56.05031225578704,0.126786070636851,2.9047372569854883,0.1126725670102117,0.0,76414.77922193495,0.1097803776123397,1.762217,1.3327790000000002,0.036258,108.918759,1.135532,0.105217,57.194196179374536,0.0,0.6336469610930534,13.031589002895464,0.0,0.6336469610930534,2.171931500482577,0.0,0.6336469610930534,0.0,45.87459316610203,0.9154676996232936,1,0,0,0,1,0,0,0,0,0,1,0,0,0,0,1,0,0,0,0,0,0,0,0,0,0
38.25944710731482,0.978621310324406,4.201278114776246,0.6253869592857589,0.0,187606.32778776973,0.1382569145741794,1.315229,1.2439870000000002,0.471439,178.156805,1.633537,5.5e-05,39.04025215032125,0.0378462351379299,0.6173350977646281,8.89524732538965,0.0378462351379299,0.6173350977646281,1.482541220898275,0.0378462351379299,0.6173350977646281,1.8702867882596603,30.5074909847776,0.4099594518836728,1,0,0,1,0,0,0,0,0,0,0,0,1,0,0,0,1,0,0,0,0,0,0,0,0,0
26.54186485912037,4.171670032062119,7.91628472124644,1.3285133517045769,0.0,180218.35036345923,0.1379003466712199,0.887774,1.255158,0.341903,149.004773,0.370639,0.478396,27.08353557053099,0.0331249085495023,0.6065916292161891,6.170932155310858,0.0331249085495023,0.6065916292161891,1.0284886925518095,0.0331249085495023,0.6065916292161891,1.135619796165866,20.795754388181017,0.239022809773548,2,0,0,0,0,0,0,1,0,0,1,0,0,0,0,0,0,0,1,0,0,0,0,0,0,0
15.544677635833333,6.699875462827065,8.27679966851104,1.7655875652814084,0.0,198379.68019334527,0.136944252952969,0.51343,1.061984,1.629944,186.055654,1.135271,0.0,15.861915954931971,0.0173113817589513,0.596508667342985,3.6141074327693103,0.0173113817589513,0.596508667342985,0.602351238794885,0.0173113817589513,0.596508667342985,0.3475844082585178,11.976924490864434,0.1535679133266709,3,0,0,0,0,0,0,1,0,0,0,1,0,0,0,0,0,1,0,0,0,0,0,0,0,0
33.151434479120375,0.3386461307390702,3.797128874906819,0.6799278254274556,0.0,165668.56635941248,0.1389275774609842,1.11671,1.235149,0.231823,144.061652,0.387656,0.281121,33.82799436644936,0.0357666644535803,0.6126517277780857,7.707644286026436,0.0357666644535803,0.6126517277780857,1.284607381004406,0.0357666644535803,0.6126517277780857,1.5315373716992415,26.23389771629437,0.8745984190308662,0,0,0,0,0,0,1,0,0,0,0,0,0,1,0,0,0,0,1,0,0,0,0,0,0,0
22.00577938583333,0.4724447305897157,1.8570529526943784,0.1842205718838625,0.0,210162.4742580935,0.1366923691736136,0.66661,1.109654,0.158321,184.265511,136.394553,0.0588389999999999,22.454876924319727,0.0313439665182301,0.602432640562809,5.1163010713639885,0.0313439665182301,0.602432640562809,0.8527168452273313,0.0313439665182301,0.602432640562809,0.8909176082112114,17.123482024089643,0.8437949954342493,0,0,0,0,0,1,0,0,0,0,0,0,0,1,1,0,0,0,0,0,0,0,0,0,0,0
22.98665507703704,0.4972914592396441,1.770277846416981,0.2005932344485529,0.0,167354.11842401078,0.1389449303456061,0.773698,1.064685,0.2470239999999999,199.592553,149.714915,0.054945,23.45577048677249,0.0317268624597243,0.6033319734554796,5.344352769138036,0.0317268624597243,0.6033319734554796,0.8907254615230058,0.0317268624597243,0.6033319734554796,0.941997473570496,17.91343835025727,0.2967149840447316,1,0,0,0,0,0,0,1,0,0,0,1,0,0,0,0,0,0,1,0,0,0,0,0,0,0
98.17593194217592,0.5645849328103969,2.1168292189101807,0.2082714775769258,0.0,220975.78323591128,0.1365588343114875,1.800125,1.313548,0.422149,164.780622,115.352529,0.0,100.17952238997542,0.0647107668259417,0.6722705662530646,22.82571396227288,0.0647107668259417,0.6722705662530646,3.8042856603788127,0.0647107668259417,0.6722705662530646,8.205941410268244,85.2503091697093,0.0426464955599364,0,0,0,1,0,0,0,0,0,0,1,0,0,0,1,0,0,0,0,0,0,0,0,0,0,0
113.66722529759257,0.9435617767935462,5.37892460737297,0.2643291724028347,0.0,141081.36611960432,0.1226317841264841,1.909096,1.408682,2.367161,136.72005,0.0,0.0,115.98696458938016,0.0,0.6864740272924957,26.42740965327649,0.0,0.6864740272924957,4.404568275546081,0.0,0.6864740272924957,0.0,100.78739075329608,0.2545690506989653,3,0,0,0,1,0,0,0,0,0,1,0,0,0,0,1,0,0,0,0,0,0,0,0,0,0
1.077439,7.173102377129974,7.695748736246599,1.895728958667897,0.0,172856.9007419065,0.138310565508241,0.913036,0.287694,0.3865989999999999,551.099289,0.0,0.239526,27.988625980678385,0.0329995826947237,0.6074048801024189,6.377155286736847,0.0329995826947237,0.6074048801024189,1.062859214456141,0.0329995826947237,0.6074048801024189,1.1691303513431512,21.519529124082787,0.8726007012309936,3,0,0,0,1,0,0,0,0,0,0,1,0,0,1,0,0,0,0,0,0,0,0,0,0,0
9.62161916986111,3.462033157725986,8.696856282597823,1.1398185897502395,0.0,101068.35827431805,0.1096622657021887,0.704655,1.056215,0.075448,153.909428,1.135948,0.483714,9.817978744756235,0.0053229320231719,0.5910780084415258,2.2370078152609145,0.0053229320231719,0.5910780084415258,0.372834635876819,0.0053229320231719,0.5910780084415258,0.0661524474218785,7.345811801736389,0.7503659211051218,0,0,0,0,0,0,0,0,0,1,0,0,1,0,0,0,0,0,0,0,0,1,0,0,0,0
39.1081731563426,2.407850299807761,8.128232139477626,1.502264671474338,0.0,176260.13850794366,0.1375203131557368,1.348614,1.301436,1.817016,138.833814,0.37214,0.0,39.906299139125096,0.0381949748601477,0.6181132669654781,9.092574487395591,0.0381949748601477,0.6181132669654781,1.5154290812325983,0.0381949748601477,0.6181132669654781,1.9293925220005284,31.22356067517248,0.6329526660512703,1,0,0,1,0,0,0,0,0,0,0,1,0,0,0,0,0,0,0,0,0,0,0,0,1,0
2.8189,6.33505413858153,10.138114627316702,2.154504901499485,0.0,172529.22570068945,0.1379102616251515,1.384671,0.460122,1.121015,602.921911,1.096062,0.0,73.22654718915344,0.0490402655578803,0.64805250944587,16.684529739300782,0.0490402655578803,0.64805250944587,2.78075495655013,0.0490402655578803,0.64805250944587,4.545632050687011,60.06917425821177,0.4578469103534136,3,0,1,0,0,0,0,0,0,0,0,0,1,0,1,0,0,0,0,0,0,0,0,0,0,0
74.81670703018517,1.5825639949571029,9.68452294210164,1.559033543371754,0.0,146789.56191921464,0.118653790547336,1.440801,1.316453,0.301581,157.62523000000002,89.074947,0.00021,76.34357860222977,0.0322173556700891,0.6508532556814615,17.39473942835615,0.0322173556700891,0.6508532556814615,2.899123238059358,0.0322173556700891,0.6508532556814615,3.1134028163992986,62.8967932704238,0.3375834527265289,0,0,0,1,0,0,0,0,0,0,0,0,1,0,0,0,0,1,0,0,0,0,0,0,0,0
1.236071,4.693217628007885,10.365960674606066,1.9881612119628944,0.0,167937.54912320143,0.1387298900625116,1.071164,0.324807,0.552091,556.096284,1.042307,0.175647,32.10940842550075,0.0344607498434271,0.6111075267525652,7.3160677425191585,0.0344607498434271,0.6111075267525652,1.2193446237531929,0.0344607498434271,0.6111075267525652,1.4006510017362206,24.8383559093617,0.410282342588654,2,0,0,0,1,0,0,0,0,0,0,0,1,0,1,0,0,0,0,0,0,0,0,0,0,0
31.62289258638889,1.0649905689328694,3.992766532966559,0.3999644481092334,0.0,172376.18884892086,0.1400788066734513,1.045683,1.349883,0.107455,146.806434,1.358363,0.0438389999999999,32.268257741213155,0.0125488357064517,0.6112502576282123,7.352261257491604,0.0125488357064517,0.6112502576282123,1.2253768762486006,0.0125488357064517,0.6112502576282123,0.5125684366176245,24.96706437662037,0.8391138790956886,1,0,0,1,0,0,0,0,0,0,0,0,1,0,0,0,0,0,0,1,0,0,0,0,0,0
36.41925506634259,1.1388492105390242,2.979679892103164,0.3345598243266273,0.0,167369.63558528177,0.1384365865223699,1.069971,1.267433,0.4337479999999999,173.717049,1.596742,1.7e-05,37.162505169737344,0.0370932428973955,0.615647885770164,8.467406241205977,0.0370932428973955,0.615647885770164,1.4112343735343291,0.0370932428973955,0.615647885770164,1.7449086467554251,28.96078194641973,0.6949343470393992,1,0,0,0,0,0,0,1,0,0,1,0,0,0,0,0,1,0,0,0,0,0,0,0,0,0
22.01736252726852,3.45988049324182,8.493328689099501,0.8334044506795687,0.0,163904.43565460132,0.1255514093940492,0.907543,1.332534,3.340297,138.184905,0.0,0.0,22.466696456396445,0.0,0.6024432607669659,5.118994129305519,0.0,0.6024432607669659,0.8531656882175864,0.0,0.6024432607669659,0.0,17.13279730614318,0.2611031529379778,1,0,0,0,1,0,0,0,0,0,1,0,0,0,0,1,0,0,0,0,0,0,0,0,0,0
130.4623476018982,2.7517053203331194,8.947578777798075,0.8707273435249603,0.0,108255.97941958932,0.124952222499773,2.121816,1.514782,0.997998,111.543259,1.136485,0.0,133.12484449173286,0.0,0.7018729265211567,30.33224304874926,0.0,0.7018729265211567,5.055373841458209,0.0,0.7018729265211567,0.0,118.27433442542586,0.862738565329978,2,0,0,0,0,1,0,0,0,0,0,0,0,1,0,1,0,0,0,0,0,0,0,0,0,0
50.34168192236111,3.4052140892838403,12.063355228597883,2.300111624262602,0.0,231657.2293540168,0.1275776378738937,1.631635,1.389778,0.080072,118.843067,1.018659,0.0,51.36906318608277,0.0428968945669296,0.628412904344591,11.704343510753036,0.0428968945669296,0.628412904344591,1.950723918458839,0.0428968945669296,0.628412904344591,2.789333275310556,40.86200277243934,0.6032946507112618,1,0,0,0,1,0,0,0,0,0,0,0,1,0,1,0,0,0,0,0,0,0,0,0,0,0
82.41494232222222,0.565532860066965,5.3105337388223885,0.7025120194367082,0.0,176234.5632868705,0.1365455031144819,2.811159,1.231671,0.333553,98.170367,27.528336,0.379786,84.09687992063492,0.011440523769854,0.6578198295150881,19.16131441229656,0.011440523769854,0.6578198295150881,3.193552402049427,0.011440523769854,0.6578198295150881,1.2178637388640317,70.02606988878847,0.6000907420863855,1,0,0,1,0,0,0,0,0,0,0,1,0,0,0,0,0,0,0,0,1,0,0,0,0,0
45.87272775449074,4.301589086187257,10.101418888540293,1.6940711407924445,0.0,197078.63537919664,0.1372105740814757,1.013939,1.249757,2.409122,153.193768,1.135011,0.0,46.808905871929326,0.0328057473291011,0.6243154661931046,10.66532032524972,0.0328057473291011,0.6243154661931046,1.7775533875416196,0.0328057473291011,0.6243154661931046,1.9437989098559407,36.99180239420597,0.9424580126810777,2,0,0,1,0,0,0,0,0,0,0,1,0,0,0,0,1,0,0,0,0,0,0,0,0,0
9.866316214861111,1.1727773262013634,12.073651835215175,6.171115454438207,0.0,259533.7898493705,0.1344539376257134,0.710541,0.984854,1.249717,193.207319,162.464054,0.0553419999999999,10.067669607001134,0.0438783221038883,0.5913023631719787,2.293899404126841,0.0438783221038883,0.5913023631719787,0.3823165673544734,0.0438783221038883,0.5913023631719787,0.5591803162677502,7.53548965854997,0.1026796919687179,0,0,0,1,0,0,0,0,0,0,0,1,0,0,0,0,0,0,0,0,0,0,0,0,0,1
77.87743123152778,5.081992574161191,10.619218504972023,2.490672317911967,0.0,177959.7693532674,0.1380436041658159,2.555304,1.573786,2.338663,104.746282,0.371199,0.0,79.46676656278345,0.0550994848243778,0.6536595337596578,18.106351875064583,0.0550994848243778,0.6536595337596578,3.0177253125107635,0.0550994848243778,0.6536595337596578,5.542503668694263,65.75216402635012,0.2751724899475913,3,0,0,0,0,0,0,1,0,0,0,0,0,1,0,0,1,0,0,0,0,0,0,0,0,0
31.084798387453706,1.227561296962148,7.61946608751512,1.4586632236016457,0.0,186037.8570331235,0.1235307168295915,1.161444,1.359744,1.777264,135.28161799999998,1.1352719999999998,0.262479,31.719182028013982,0.0349347023991608,0.6107568966276313,7.227155398787996,0.0349347023991608,0.6107568966276313,1.2045258997979993,0.0349347023991608,0.6107568966276313,1.4026584613841495,24.52241668227438,0.3082017820282343,3,0,0,0,0,0,0,0,0,1,0,0,1,0,1,0,0,0,0,0,0,0,0,0,0,0
31.714539419722225,7.828432182899768,6.19664767434557,2.017228051341123,0.0,239566.1105178357,0.1417049940863101,1.077593,1.368419,2.786741,133.33750600000002,1.135344,0.0,32.3617749180839,0.0633377558726056,0.6113342856171459,7.373568968677345,0.0633377558726056,0.6113342856171459,1.228928161446224,0.0633377558726056,0.6113342856171459,2.594585062488369,25.04286398841733,0.6321873784862905,1,0,0,0,0,0,1,0,0,0,0,1,0,0,0,0,0,0,0,0,0,0,0,1,0,0
106.36638397972224,1.5800657328084218,8.547825294147007,2.833928779732409,0.0,173782.7559202638,0.1357642886021154,2.345745,1.4456719999999998,0.99176,144.454141,0.371458,0.0,108.53712650992064,0.0687369352128071,0.679780124282959,24.729978192133817,0.0687369352128071,0.679780124282959,4.121663032022302,0.0687369352128071,0.679780124282959,9.443682826704643,93.39415360535328,0.646821171672892,2,0,0,1,0,0,0,0,0,0,0,0,1,0,0,0,0,0,0,0,0,1,0,0,0,0
47.01630203231482,3.238649510937057,8.648316182106806,3.0404537927618414,0.0,173253.0373107764,0.1305897514775788,1.1997950000000002,1.293866,2.743319,158.18325,1.136762,0.0,47.975818400321245,0.0414883356660704,0.6253639721072406,10.93119912918712,0.0414883356660704,0.6253639721072406,1.8218665215311864,0.0414883356660704,0.6253639721072406,2.5195403261354,37.97765615179814,0.5387630389442479,3,0,0,0,0,0,1,0,0,0,0,0,1,0,0,0,0,0,0,0,0,1,0,0,0,0
36.755089795601855,0.9186835359040496,3.6016451420543865,0.8294619115994131,0.0,215665.3742131295,0.1221941212813059,1.310925,1.278317,0.023571,131.257224,0.013497,0.383254,37.50519366898149,0.0372303433780565,0.61595580166739,8.545487165084388,0.0372303433780565,0.61595580166739,1.424247860847398,0.0372303433780565,0.61595580166739,1.7675078971603702,29.24245776337748,0.3090551216566609,2,0,0,0,1,0,0,0,0,0,0,0,1,0,1,0,0,0,0,0,0,0,0,0,0,0
50.27617989398147,1.085341684109301,11.092861761006231,3.634003080195374,0.0,207659.1973546163,0.136149046160906,1.725112,1.435769,1.489162,102.871825,1.13566,0.0,51.30222438161375,0.0257214083273127,0.6283528476736113,11.689114416063893,0.0257214083273127,0.6283528476736113,1.9481857360106485,0.0257214083273127,0.6283528476736113,1.6703360271125385,40.804935167313374,0.0957053523110222,1,0,0,1,0,0,0,0,0,0,1,0,0,0,0,0,0,1,0,0,0,0,0,0,0,0
6.238883636620371,0.6191119202493626,4.474698214222201,0.61398956172472,0.0,133500.25648231414,0.1215048770663692,0.609156,1.103107,0.682908,173.521108,1.135271,0.0,6.366207792469766,0.0090523352439361,0.5879764886877679,1.450528357777921,0.0090523352439361,0.5879764886877679,0.2417547262963202,0.0090523352439361,0.5879764886877679,0.072948160974677,4.738203169712759,0.1447822705345257,3,0,0,0,0,0,1,0,0,0,1,0,0,0,0,0,0,0,0,1,0,0,0,0,0,0
29.821777736851853,1.2361831849427531,6.215936456081107,0.923117047412504,0.0,143798.80210206835,0.1337671799661158,0.911163,1.267228,0.477066,154.419769,1.135823,0.0,30.4303854457672,0.0137715672094594,0.6095988742345851,6.933505544605183,0.0137715672094594,0.6095988742345851,1.1555842574341972,0.0137715672094594,0.6095988742345851,0.5304735422482767,23.48142874716986,0.0105386505335826,1,0,0,0,0,0,1,0,0,0,0,1,0,0,0,0,0,0,1,0,0,0,0,0,0,0
5.374447,5.308188106516282,7.6548205222443135,1.737670340126367,0.0,166024.73430005996,0.1383970221348232,2.149975,0.351117,0.801449,669.025921,1.103842,0.0,139.61197518929515,0.0725795345790592,0.7077018080668374,31.810323460852057,0.0725795345790592,0.7077018080668374,5.301720576808676,0.0725795345790592,0.7077018080668374,12.82654706443317,125.0679079357552,0.6198054795429395,2,0,0,0,1,0,0,0,0,0,1,0,0,0,1,0,0,0,0,0,0,0,0,0,0,0
30.068587750509256,0.572324798618861,1.9384965183351823,0.1894625339040653,0.0,179420.3028327338,0.1378387592250494,1.021885,1.015829,0.127798,189.149554,140.08627099999998,0.080072,30.68223239847883,0.0345275955124547,0.6098251662770051,6.9908883945901135,0.0345275955124547,0.6098251662770051,1.1651480657650188,0.0345275955124547,0.6098251662770051,1.3409920375617852,23.68455376474945,0.4424184389516183,0,0,0,0,0,0,0,1,0,0,1,0,0,0,0,0,0,0,1,0,0,0,0,0,0,0
16.44312209194445,36.57560682569226,7.443624459868141,2.9703362790657746,0.0,148496.45620690947,0.1331176772820863,0.849635,1.210721,0.671186,159.596821,4.755241000000001,0.0,16.778696012188213,0.029195609437893,0.5973324217278314,3.822994028093517,0.029195609437893,0.5973324217278314,0.6371656713489194,0.029195609437893,0.5973324217278314,0.6200813362645333,12.68665711695632,0.9154500535234814,3,0,0,0,0,0,1,0,0,0,0,1,0,0,1,0,0,0,0,0,0,0,0,0,0,0
29.30226747912037,22.80528082664636,5.570349621829941,0.9562269612181958,0.0,164386.6090939748,0.1296996157839715,0.956516,1.18261,1.807808,158.856787,0.369709,0.0,29.900272937877933,0.0232192635730935,0.6091225522428714,6.812720416225352,0.0232192635730935,0.6091225522428714,1.1354534027042251,0.0232192635730935,0.6091225522428714,0.8788130610785109,23.05434248693502,0.069671475746205,3,0,0,0,1,0,0,0,0,0,0,0,1,0,0,0,0,0,0,0,0,0,1,0,0,0
80.10910799555555,0.4180231459206528,2.7550362931738657,0.1915382609057197,0.0,171945.93770608513,0.1365827164954418,1.528356,1.14783,0.3992429999999999,173.731439,114.034526,0.0,81.74398775056689,0.0200386247925405,0.6557056853135168,18.62521239886334,0.0200386247925405,0.6557056853135168,3.104202066477223,0.0200386247925405,0.6557056853135168,2.0734646830122023,67.84809811170277,0.555371961999603,0,0,0,0,0,0,0,1,0,0,0,0,1,0,0,0,0,0,0,1,0,0,0,0,0,0
3.0211650000000003,0.6229943364358349,3.603544517672605,0.8790319456185083,0.0,160918.07677607914,0.1382608055818281,1.835076,0.347884,0.01289,699.410771,6.23249,0.0,78.48078379464287,0.0509033384141293,0.6527735986630004,17.881697573462933,0.0509033384141293,0.6527735986630004,2.9802829289104884,0.0509033384141293,0.6527735986630004,5.056878350006111,64.84833375129357,0.305556933408875,1,1,0,0,0,0,0,0,0,0,1,0,0,0,1,0,0,0,0,0,0,0,0,0,0,0
106.72953455680556,1.1246087387454309,5.467570176799234,0.9076028806771592,0.0,149522.12261128597,0.1246989485439207,1.789955,1.32971,2.384491,142.413012,0.0,0.0,108.907688323271,0.0551339351901439,0.6801130851891086,24.814409997707312,0.0551339351901439,0.6801130851891086,4.135734999617885,0.0551339351901439,0.6801130851891086,7.600644847751415,93.75891633715656,0.8609558612328743,2,0,0,0,0,0,1,0,0,0,1,0,0,0,0,0,1,0,0,0,0,0,0,0,0,0
27.48256868837963,4.358111864657139,9.176595477463245,1.5143030660329675,0.0,185436.123426259,0.1384884840685972,0.8991790000000001,1.207652,1.505126,148.61109299999998,1.135576,0.0,28.04343743712208,0.0133990049956293,0.6074541298403773,6.389643973015156,0.0133990049956293,0.6074541298403773,1.0649406621691924,0.0133990049956293,0.6074541298403773,0.4756381750817951,21.563420108987405,0.5339139998598916,3,0,0,0,0,0,1,0,0,0,0,1,0,0,0,0,0,0,1,0,0,0,0,0,0,0
84.83732087194444,0.4216819958721133,3.971429921168504,0.8025330274010734,0.0,191043.0942183753,0.1380811837865866,2.289771,1.449354,0.820626,116.453147,24.320051,9.5e-05,86.56869476729025,0.0583360845134389,0.6600408293092532,19.72451273178765,0.0583360845134389,0.6600408293092532,3.287418788631275,0.0583360845134389,0.6600408293092532,6.392504676155367,72.32768745116692,0.9368521409264596,0,0,0,1,0,0,0,0,0,0,0,0,1,0,0,0,1,0,0,0,0,0,0,0,0,0
1.603468,3.222686046604916,10.56557970481525,1.7226632093068222,0.0,170248.2225344724,0.1386595617988698,0.903603,0.330658,1.365001,560.10435,5.957365,0.0,41.6532779340514,0.0378448616678522,0.6196829798220832,9.490620288771206,0.0378448616678522,0.6196829798220832,1.581770048128534,0.0378448616678522,0.6196829798220832,1.9953956220592133,32.67319922725367,0.9662852797709915,2,0,1,0,0,0,0,0,0,0,1,0,0,0,1,0,0,0,0,0,0,0,0,0,0,0
44.25348095421297,1.2363587599292365,6.067268074845239,0.7196885865512226,0.0,122445.83159097722,0.1215417645692968,1.476374,1.43045,0.491056,129.187448,1.462044,0.046389,45.15661321858466,0.0080657468604677,0.6228308316752948,10.288848581449669,0.0080657468604677,0.6228308316752948,1.714808096908278,0.0080657468604677,0.6228308316752948,0.4610402674647565,35.60117843869709,0.2216447600245658,1,0,0,0,0,0,0,1,0,0,0,0,0,1,0,0,0,0,0,0,1,0,0,0,0,0
47.90245053828704,5.225920581989151,8.433687641180391,1.5766044978043443,0.0,196114.7226656175,0.1386679808656089,1.633968,1.413878,2.441212,145.77794,1.134981,0.0,48.880051569680646,0.0418623178645576,0.6261764527369051,11.137226939927237,0.0418623178645576,0.6261764527369051,1.856204489987872,0.0418623178645576,0.6261764527369051,2.590167412716378,38.74371810316408,0.3222737990981826,2,0,0,0,0,1,0,0,0,0,0,0,1,0,1,0,0,0,0,0,0,0,0,0,0,0
53.15042824694444,7.524183848493105,8.341563509522581,1.6625116328827196,0.0,211165.6006070144,0.1406239200052883,1.766427,1.4547139999999998,2.31746,135.689941,1.1352870000000002,0.0,54.23513086422902,0.0440975476703498,0.6309881521354357,12.357371589318005,0.0440975476703498,0.6309881521354357,2.0595619315530005,0.0440975476703498,0.6309881521354357,3.0273876818898784,43.318639246637225,0.3620569108227907,3,0,0,0,0,0,1,0,0,0,0,1,0,0,1,0,0,0,0,0,0,0,0,0,0,0
42.86169650277778,6.276874641148592,8.32220299352559,2.0108151395829745,0.0,202917.7970061451,0.1242034588661268,1.470337,1.140997,1.154425,102.005422,0.0,0.824105,43.73642500283447,0.0397482474120475,0.6215547499577968,9.965261393050891,0.0397482474120475,0.6215547499577968,1.6608768988418152,0.0397482474120475,0.6215547499577968,2.2005648632039603,34.41086418567685,0.7626740966569203,2,0,0,0,1,0,0,0,0,0,1,0,0,0,1,0,0,0,0,0,0,0,0,0,0,0
33.8472885186574,1.398975743592786,8.67583059750015,1.7933145913002877,0.0,162334.72729316546,0.1243205908462583,1.251815,1.212808,0.098096,127.272068,7.119304,0.011931,34.538049508834085,0.036048012554765,0.6132897336251727,7.869429002012829,0.036048012554765,0.6132897336251727,1.311571500335471,0.036048012554765,0.6132897336251727,1.5759848636855052,26.812444535703648,0.9080677995982672,3,0,0,0,0,0,1,0,0,0,0,1,0,0,1,0,0,0,0,0,0,0,0,0,0,0
17.6278101575,6.076750961139048,8.615247964287262,1.308567414895522,0.0,181810.9841782824,0.1290941433512049,0.869309,1.36715,0.682912,136.575377,1.137096,0.0,17.98756138520408,0.0105849994956723,0.5984186235314474,4.098431708021183,0.0105849994956723,0.5984186235314474,0.6830719513368637,0.0105849994956723,0.5984186235314474,0.2410105420136198,13.625432563064862,0.9039151387014048,1,0,0,1,0,0,0,0,0,0,0,1,0,0,0,0,0,0,0,1,0,0,0,0,0,0
120.18542811624998,2.22492741652244,9.99271897103289,1.607513988904244,0.0,146102.56729616306,0.1190095703503925,1.779681,1.388878,1.494004,137.83471799999998,56.82786,0.0,122.63819195535712,0.0454337242291055,0.692450354617647,27.942879179701624,0.0454337242291055,0.692450354617647,4.65714652995027,0.0454337242291055,0.692450354617647,7.053050371209878,107.49475887234698,0.3415547351868488,0,0,0,1,0,0,0,0,0,0,0,1,0,0,0,0,0,1,0,0,0,0,0,0,0,0
31.329062655740746,2.143371057739075,9.337910342845412,1.6254204191464028,0.0,169023.24554106715,0.1315941605850947,1.208785,1.4077,0.277258,113.902044,1.136533,0.0,31.968431281368108,0.0237697229581036,0.6109808545592477,7.283946367906657,0.0237697229581036,0.6109808545592477,1.213991061317776,0.0237697229581036,0.6109808545592477,0.9618743733712584,24.72417653570744,0.8505633415910564,1,0,0,0,0,0,0,0,0,1,0,0,1,0,0,0,0,0,0,0,0,0,0,0,1,0
121.58716643208334,2.4813757774641187,9.038089688733328,1.6698635231962593,0.0,166760.81131032674,0.1320961512786021,1.489098,1.449027,2.308145,132.490017,1.087857,0.0,124.06853717559524,0.0764450279639737,0.6937355627083875,28.26878062228752,0.0764450279639737,0.6937355627083875,4.71146343704792,0.0764450279639737,0.6937355627083875,12.00559847321228,108.9503246226811,0.8089178607114453,1,0,0,1,0,0,0,0,0,0,1,0,0,0,1,0,0,0,0,0,0,0,0,0,0,0
13.894245454768518,1.7241885061029625,8.433676728813483,2.119944650635159,0.0,164425.59099595324,0.1279881355895412,0.792229,1.060879,0.021993,164.280223,1.134389,1.27025,14.177801484457673,0.0282243212735957,0.5949954399678298,3.230385148357444,0.0282243212735957,0.5949954399678298,0.5383975247262406,0.0282243212735957,0.5949954399678298,0.5065301570260717,10.678135736736,0.6419717984661085,3,0,0,0,0,0,1,0,0,0,1,0,0,0,1,0,0,0,0,0,0,0,0,0,0,0
48.48333871689815,3.066903760964922,8.359689455238177,1.1965081267219653,0.0,144178.04317483513,0.1191327270540259,1.292144,1.305323,2.534996,117.99215,1.134774,0.0,49.47279460907974,0.0150325600295652,0.6267090501400964,11.272282315992852,0.0150325600295652,0.6267090501400964,1.8787137193321417,0.0150325600295652,0.6267090501400964,0.9413958921409435,39.246896350927145,0.6331137436865858,1,0,0,0,0,0,0,0,0,1,1,0,0,0,0,0,0,0,0,1,0,0,0,0,0,0
66.59927009171297,2.6057390237597824,8.95154836480852,1.6830696497175048,0.0,157252.50282898682,0.1337822700004211,2.012223,1.470222,2.691762,117.441047,0.0,0.0,67.95843886909486,0.0499852094375986,0.6433189560770478,15.484201261312752,0.0499852094375986,0.6433189560770478,2.580700210218792,0.0499852094375986,0.6433189560770478,4.299894683448036,55.34044550619237,0.4276071074590734,3,0,0,0,0,0,0,0,0,1,1,0,0,0,0,0,1,0,0,0,0,0,0,0,0,0
74.37662402800926,0.5656708895588378,6.613139279454732,2.5894766222658774,0.0,204704.6815797362,0.1313630798451906,2.229917,1.456474,0.349601,110.705139,33.416957000000004,0.021988,75.89451431429517,0.0706932631284778,0.6504497579468236,17.29242098300396,0.0706932631284778,0.6504497579468236,2.882070163833993,0.0706932631284778,0.6504497579468236,6.791431481555058,62.4880613483861,0.7476952176096365,1,0,0,0,0,0,1,0,0,0,0,0,1,0,0,0,0,0,0,0,0,0,0,0,0,1
38.237808271666665,6.040082398078424,7.690537569334181,1.3290702158884464,0.0,163253.52227592925,0.1349918950768969,1.3116219999999998,1.347591,1.167165,133.471919,4.757491,0.0,39.01817170578232,0.0378373557333026,0.6173152578227965,8.89021633802635,0.0378373557333026,0.6173152578227965,1.4817027230043915,0.0378373557333026,0.6173152578227965,1.8687904340440105,30.489256615606525,0.0212337153921895,2,0,0,0,0,0,1,0,0,0,0,1,0,0,1,0,0,0,0,0,0,0,0,0,0,0
21.020474097685184,6.952940613245793,5.688637693437169,1.171308511238304,0.0,166739.21550884293,0.1395575344848404,0.701637,0.938494,0.561228,164.42351200000002,0.371186,0.0,21.449463364984883,0.0309605703125233,0.6015292463173398,4.887219500882631,0.0309605703125233,0.6015292463173398,0.8145365834804384,0.0309605703125233,0.6015292463173398,0.8406172388322899,16.33225257196297,0.3861439916620633,3,0,0,0,0,0,0,0,1,0,0,0,1,0,0,0,0,0,0,1,0,0,0,0,0,0
24.398932778703703,0.5174387284605909,2.332577727967315,0.1247343116080303,0.0,197349.8798711032,0.135243984792444,0.808326,1.220705,0.070243,160.736145,123.964047,0.041745,24.89687018235072,0.0,0.6046268447649475,5.672704598510291,0.0,0.6046268447649475,0.9454507664183815,0.0,0.6046268447649475,0.0,19.05483045933825,0.8729627611640198,0,0,0,1,0,0,0,0,0,0,0,0,0,1,0,1,0,0,0,0,0,0,0,0,0,0
132.6238636235185,0.233765449437449,2.7536394879114714,0.4403187692951527,0.0,150497.20616943945,0.1268559998834876,1.837101,1.457006,0.168713,142.494846,1.135623,0.0,135.33047308522296,0.0657744373358535,0.7038547499812654,30.834791335873582,0.0657744373358535,0.7038547499812654,5.139131889312264,0.0657744373358535,0.7038547499812654,11.26745028047521,120.5734130357544,0.9351074798289976,1,0,0,0,0,0,1,0,0,0,0,1,0,0,0,0,1,0,0,0,0,0,0,0,0,0
4.885842,2.0807317623989188,11.178885840683533,2.834112338024936,0.0,174070.25665092925,0.1390478360674364,2.256195,0.352835,0.3912199999999999,734.139651,0.933139,0.0,126.91948624348076,0.0680789699093062,0.6962972259743547,28.918363954210804,0.0680789699093062,0.6962972259743547,4.8197273257018,0.0680789699093062,0.6962972259743547,10.937402385917135,111.86542556129864,0.0897248568079164,1,1,0,0,0,0,0,0,0,0,1,0,0,0,1,0,0,0,0,0,0,0,0,0,0,0
33.560179355787035,0.8728654714082357,7.546482776280501,0.7646180690049553,0.0,55657.0955438774,0.0889414365691461,1.19809,1.129499,0.253542,159.68588799999998,73.83931899999999,0.024608,34.24508097529289,0.001437274158933,0.6130264926087299,7.802676677914836,0.001437274158933,0.6130264926087299,1.3004461129858058,0.001437274158933,0.6130264926087299,0.062303253109314,26.57359731567816,0.3801592745349943,0,0,0,1,0,0,0,0,0,0,1,0,0,0,0,0,0,0,0,0,0,0,1,0,0,0
20.168973186203704,3.6920470925543807,7.507737566813005,1.0531122370017805,0.0,141053.22804256596,0.1287045341422803,0.670358,1.223324,0.697325,164.709755,1.135273,0.0,20.580584883881333,0.0,0.6007485329357138,4.689247188732455,0.0,0.6007485329357138,0.7815411981220758,0.0,0.6007485329357138,0.0,15.65032427335524,0.7092104605086712,2,0,0,1,0,0,0,0,0,0,0,0,0,1,0,1,0,0,0,0,0,0,0,0,0,0
39.951349480462966,5.177719660800138,10.279451566920292,2.09173722147084,0.0,190763.99949415468,0.1369166287551109,1.279513,1.434092,2.475565,121.36753600000002,1.136462,0.0,40.76668314332956,0.0385423391288867,0.6188863478047759,9.288611349113063,0.0385423391288867,0.6188863478047759,1.5481018915188438,0.0385423391288867,0.6188863478047759,1.9889156036330105,31.936637522392093,0.265444816755842,3,0,0,0,0,1,0,0,0,0,1,0,0,0,0,0,0,0,1,0,0,0,0,0,0,0
42.31148455587963,0.6400969910035602,6.17705110908984,1.4513960247703022,0.0,180378.18292865707,0.1309776657419525,1.1475540000000002,1.2275790000000002,0.447496,170.177932,113.827312,0.0,43.174984240693504,0.0395194422345218,0.6210502785897903,9.837338181423837,0.0395194422345218,0.6210502785897903,1.6395563635706392,0.0395194422345218,0.6210502785897903,2.159811766679084,33.941564545306974,0.2259803806110412,0,0,0,1,0,0,0,0,0,0,0,1,0,0,1,0,0,0,0,0,0,0,0,0,0,0
27.164197772361103,0.7860470940169099,6.952512110451714,0.717328506622383,0.0,88737.31536645684,0.1199710514369628,0.913479,1.229789,1.67965,142.44763799999998,1.134477,0.0,27.71856915547052,0.0,0.6071622259432649,6.315623351879358,0.0,0.6071622259432649,1.052603891979893,0.0,0.6071622259432649,0.0,21.303377403035192,0.0486346682659276,0,0,0,0,0,0,0,1,0,0,0,0,1,0,0,1,0,0,0,0,0,0,0,0,0,0
42.67756274013889,2.8391310445410456,8.701820474162663,1.335918239909682,0.0,204762.22039868103,0.1363663715031221,1.468386,1.32615,0.974795,144.263981,1.13613,0.072913,43.54853340830499,0.0396716327825265,0.6213859237233642,9.92245064999354,0.0396716327825265,0.6213859237233642,1.6537417749989234,0.0396716327825265,0.6213859237233642,2.1868878804960303,34.253728681920734,0.1485644264931075,2,0,0,1,0,0,0,0,0,0,0,0,0,1,0,1,0,0,0,0,0,0,0,0,0,0
42.4116087212963,1.076079822558579,4.184537681744253,0.9125891943915572,0.0,210838.5693570144,0.1363046025808194,1.430414,1.474028,0.41136,110.947112,6.113695,9.2e-05,43.27715175642479,0.0395610501990516,0.6211420791677004,9.860616855894255,0.0395610501990516,0.6211420791677004,1.6434361426490425,0.0395610501990516,0.6211420791677004,2.1672019912758205,34.0269114208124,0.5177763354819813,1,0,0,0,0,0,0,1,0,0,0,0,0,1,0,0,0,0,1,0,0,0,0,0,0,0
28.16121348921296,20.6571558756794,4.63347060674672,0.9520384151872684,0.0,161769.53191509293,0.1332691353466585,1.099854,1.285273,1.942854,153.589448,0.0,0.0,28.73593213184996,0.0337670144164083,0.6080763570984311,6.547427574345559,0.0337670144164083,0.6080763570984311,1.091237929057593,0.0337670144164083,0.6080763570984311,1.2282615627406452,22.11853282096592,0.506308511166401,3,0,0,0,0,0,0,0,0,1,1,0,0,0,0,0,0,0,0,0,1,0,0,0,0,0
32.65743258999999,0.4119995627328932,3.380680613666416,0.6194060857204511,0.0,168439.85928132493,0.1385928173180964,1.113717,1.212071,0.148264,156.68051599999998,99.465923,0.032197,33.32391080612244,0.0355673021818876,0.6121987935766252,7.592789803926632,0.0355673021818876,0.6121987935766252,1.2654649673211051,0.0355673021818876,0.6121987935766252,1.5003058297767426,25.823870876915468,0.6102521521843908,0,0,0,0,0,0,0,1,0,0,0,0,1,0,0,0,0,0,1,0,0,0,0,0,0,0
60.22390904578703,0.4797296238174255,7.792693322796902,4.330814509083041,0.0,182487.5886915468,0.131948691227739,1.597381,1.387568,0.353057,145.27187800000002,103.999128,0.039774,61.4529684140684,0.0471655849909672,0.6374735957090929,14.001942170294068,0.0471655849909672,0.6374735957090929,2.333657028382344,0.0471655849909672,0.6374735957090929,3.6689432970645206,49.58815790115633,0.1003950928045069,0,0,0,0,0,0,0,0,0,1,0,0,1,0,0,0,0,0,0,1,0,0,0,0,0,0
68.58961019462963,7.081460395877024,8.56402979651801,1.1107776682439754,0.0,182671.417135042,0.1369695641832957,1.550144,1.3955879999999998,2.672631,144.68580500000002,1.134702,0.0,69.98939815778533,0.0203504148363055,0.6451438339267148,15.946951478989062,0.0203504148363055,0.6451438339267148,2.657825246498177,0.0203504148363055,0.6451438339267148,1.802928210954796,57.15598564776833,0.6988470269676568,2,0,0,0,0,0,1,0,0,0,0,0,0,1,0,0,0,0,1,0,0,0,0,0,0,0
34.16097526319444,4.731737617394336,9.55481776802374,1.7176543588546829,0.0,209765.67193120503,0.1315558487080412,1.144482,1.296035,0.5827479999999999,122.996407,1.13675,0.01848,34.85813802366779,0.0289400347495723,0.6135773427584061,7.942360562354686,0.0289400347495723,0.6135773427584061,1.3237267603924476,0.0289400347495723,0.6135773427584061,1.276956614823207,27.073624939326383,0.8412702363191792,3,0,0,1,0,0,0,0,0,0,1,0,0,0,0,0,1,0,0,0,0,0,0,0,0,0
32.092913554120365,0.3930741530313766,3.24496796033937,0.4022010243910965,0.0,172977.77988234413,0.1380955596014464,0.873539,1.181669,0.308736,177.920301,97.54321,0.000446,32.74787097359221,0.0353398606477294,0.6116812045059018,7.461540221831135,0.0353398606477294,0.6116812045059018,1.2435900369718558,0.0353398606477294,0.6116812045059018,1.4649432869830024,25.356021724216127,0.4211677810245366,0,0,0,0,0,0,1,0,0,0,0,1,0,0,0,0,1,0,0,0,0,0,0,0,0,0
29.78575543986111,1.1666743325100817,5.947381138515701,1.0363635746337814,0.0,167690.15924760193,0.1389017048285162,1.145889,1.312566,0.5708310000000001,150.02136399999998,0.375702,0.00922,30.393627999858275,0.0344145223567484,0.6095658465667126,6.925130430347455,0.0344145223567484,0.6095658465667126,1.154188405057909,0.0344145223567484,0.6095658465667126,1.3240280889921738,23.451794407553606,0.2545854527402366,2,0,0,0,1,0,0,0,0,0,1,0,0,0,0,0,1,0,0,0,0,0,0,0,0,0
2.247864,1.5946251324040712,5.782277660118305,0.9395089874164664,0.0,170806.37050359714,0.1378521088251678,1.344254,0.409916,0.256473,583.178176,1.058168,0.0,58.39274868594104,0.0437804248956745,0.6347238964767786,13.304676915784034,0.0437804248956745,0.6347238964767786,2.2174461526306724,0.0437804248956745,0.6347238964767786,3.2360244915149896,46.91553540750607,0.5438268434789892,2,0,0,1,0,0,0,0,0,0,1,0,0,0,1,0,0,0,0,0,0,0,0,0,0,0
64.50526723731481,14.555669584791724,10.241188263149857,3.6203230883863617,0.0,252429.95488609112,0.1230864190726543,1.91271,1.499888,0.992048,111.514492,0.013481,0.0,65.82170126256614,0.0490534100492908,0.6413990332354536,14.997349654761903,0.0490534100492908,0.6413990332354536,2.4995582757936505,0.0490534100492908,0.6413990332354536,4.087061901486812,53.440475386990826,0.8982699422897898,2,0,0,0,1,0,0,0,0,0,1,0,0,0,1,0,0,0,0,0,0,0,0,0,0,0
2.627881,0.4610104689495169,2.4756776314559312,0.3295496967520645,0.0,164790.5399992506,0.1389188746289669,1.586469,0.370594,0.2008339999999999,565.420153,133.068757,0.004998,68.26444785341081,0.0472807801603679,0.6435939143297252,15.553924827359426,0.0472807801603679,0.6435939143297252,2.592320804559904,0.0472807801603679,0.6435939143297252,4.085565002184833,55.61339646016972,0.1614924681078342,0,0,0,0,1,0,0,0,0,0,0,0,1,0,1,0,0,0,0,0,0,0,0,0,0,0
120.33101929398148,0.3773135404935557,3.1298512945072257,0.4017596715788761,0.0,176109.76489433454,0.1379838050733939,1.7503650000000002,1.390269,0.376137,141.475681,13.769241,0.0,122.78675438161376,0.0757977640656814,0.6925838424145114,27.97672884644364,0.0757977640656814,0.6925838424145114,4.662788141073939,0.0757977640656814,0.6925838424145114,11.780963846845989,107.64572423699352,0.9222108469378334,0,0,0,0,0,0,1,0,0,0,0,0,1,0,0,0,0,0,0,1,0,0,0,0,0,0
131.11589135337962,17.380381167935525,7.175305737008293,1.6670684500706854,0.0,189800.54553544664,0.1270193285096606,1.708437,1.448945,1.598617,134.425731,1.017534,0.0,133.79172587079557,0.0814201495904253,0.7024721394466859,30.484190704738225,0.0814201495904253,0.7024721394466859,5.080698450789703,0.0814201495904253,0.7024721394466859,13.78904092957134,118.9683036869902,0.7520719909806423,3,0,0,0,0,0,0,0,0,1,0,0,1,0,1,0,0,0,0,0,0,0,0,0,0,0
21.088929190694444,1.4975917077750611,7.353265422711269,1.5028180148389985,0.0,155054.34700989208,0.1338656552368216,0.69955,1.10548,0.6832590000000001,154.772198,1.137001,0.0,21.51931550070861,0.0185923004062357,0.6015920105568516,4.903135177376647,0.0185923004062357,0.6015920105568516,0.817189196229441,0.0185923004062357,0.6015920105568516,0.5064475675009362,16.387149718833566,0.5742941167326981,2,0,0,0,0,0,1,0,0,0,0,0,1,0,0,0,0,1,0,0,0,0,0,0,0,0
36.318672666759255,1.207908953551194,9.111658078017566,1.2601980319697794,0.0,163395.54665017987,0.1291188484848403,1.228789,1.364327,0.4109529999999999,130.500816,1.136831,0.0,37.05987006812169,0.0148208836757835,0.6155556650523093,8.444021028179625,0.0148208836757835,0.6155556650523093,1.4073368380299374,0.0148208836757835,0.6155556650523093,0.6952658523028927,28.876472109537744,0.5118277747859872,1,0,0,1,0,0,0,0,0,0,0,0,0,1,0,0,0,0,1,0,0,0,0,0,0,0
66.9451605151852,16.491691400678896,6.451105768446157,1.4245938764487525,0.0,241278.13697167265,0.1291192479753237,1.7169009999999998,1.438184,2.847718,130.123614,1.0178049999999998,0.0,68.31138828080122,0.0501396607430226,0.6436360917119484,15.564620114612936,0.0501396607430226,0.6436360917119484,2.5941033524354893,0.0501396607430226,0.6436360917119484,4.335582067448438,55.65528477528138,0.8814868012137352,2,0,0,1,0,0,0,0,0,0,0,0,1,0,1,0,0,0,0,0,0,0,0,0,0,0
9.28082,0.9481961019605184,9.729795377031504,2.716320120459266,0.0,182820.4173598621,0.1388759363255055,2.042065,0.343261,1.076424,715.061376,0.0,0.0,241.08780151266063,0.1085613282788306,0.798880882293171,54.93139781301128,0.1085613282788306,0.798880882293171,9.155232968835213,0.1085613282788306,0.798880882293171,33.13014172662975,243.79801972475343,0.7996806822654653,2,0,0,1,0,0,0,0,0,0,0,1,0,0,1,0,0,0,0,0,0,0,0,0,0,0
24.22999711592593,9.034111016088252,6.342092897108705,1.1179812732789156,0.0,195488.46086256,0.136751958238278,0.796151,1.285355,0.916036,161.264911,0.369695,0.0,24.72448685298564,0.0322139693292173,0.6044719531720132,5.633427384224576,0.0322139693292173,0.6044719531720132,0.9389045640374292,0.0322139693292173,0.6044719531720132,1.0081947609654658,18.91804918886075,0.4935015796278239,2,0,0,1,0,0,0,0,0,0,0,0,0,1,0,0,0,1,0,0,0,0,0,0,0,0
39.45480184597222,0.469934920684325,3.2060289268585134,1.406426262798355,0.0,290263.4243386541,0.1463096450111991,1.047168,1.37161,0.6200760000000001,151.6775,1.134643,0.0,40.26000188364512,0.0751418266922269,0.6184310794925116,9.17316498614699,0.0751418266922269,0.6184310794925116,1.5288608310244982,0.0751418266922269,0.6184310794925116,3.829379853379232,31.516501804143296,0.071035215685515,2,0,0,0,1,0,0,0,0,0,1,0,0,0,0,0,0,0,0,0,0,0,0,1,0,0
25.41145208486111,3.78092698199,7.782150777409688,1.222952639170402,0.0,149784.68701288968,0.1363524630201234,0.8400540000000001,1.200982,1.853912,161.533698,1.135286,0.0,25.93005314781746,0.0116662772587722,0.6055551906549084,5.908113375452079,0.0116662772587722,0.6055551906549084,0.9846855625753465,0.0116662772587722,0.6055551906549084,0.3829204928571368,19.87604845268166,0.5278400556578324,2,0,0,1,0,0,0,0,0,0,0,1,0,0,0,0,0,0,0,1,0,0,0,0,0,0
93.56599439569446,0.3545872216387618,5.524916703180729,1.2004738964622828,0.0,148954.3598340078,0.1318542134704635,1.856618,1.366536,0.054682,100.302539,16.838928,0.285151,95.47550448540252,0.0624820977926627,0.6680438650452687,21.753912414395508,0.0624820977926627,0.6680438650452687,3.6256520690659175,0.0624820977926627,0.6680438650452687,7.551278238051561,80.73648738427238,0.4360618490076675,1,0,0,0,0,0,1,0,0,0,0,0,1,0,0,0,0,0,0,1,0,0,0,0,0,0
46.91719616504631,4.780844853078719,9.38312411594162,1.6277525099061376,0.0,189033.71168690047,0.1379214237562472,1.551206,1.368091,2.272977,143.80084,0.369726,0.0,47.874689964332966,0.0414465718500486,0.6252731051736521,10.908157207063208,0.0414465718500486,0.6252731051736521,1.818026201177201,0.0414465718500486,0.6252731051736521,2.511698452412064,37.89209626990424,0.7521111750623023,3,0,0,0,0,0,0,1,0,0,0,1,0,0,0,0,0,0,1,0,0,0,0,0,0,0
0.6614,0.4600836182955644,2.020246957631992,0.2051624120961276,0.0,164439.6264238609,0.1388776976820662,0.577491,0.315559,0.581847,539.37435,266.48817599999995,2.5e-05,17.18118355064248,0.0291674270175625,0.5976940688557587,3.914700049513476,0.0291674270175625,0.5976940688557587,0.652450008252246,0.0291674270175625,0.5976940688557587,0.6343429332768487,12.998850005241945,0.5020132964240659,0,0,1,0,0,0,0,0,0,0,0,1,0,0,1,0,0,0,0,0,0,0,0,0,0,0
25.99218751875,3.114797996102477,8.893517525076009,1.96249453326781,0.0,182800.9753259892,0.1351624013279839,1.000839,1.3899,2.724662,140.295375,0.0,0.0,26.5226403252551,0.0329077061855503,0.6060876480114514,6.043133238665719,0.0329077061855503,0.6060876480114514,1.007188873110953,0.0329077061855503,0.6060876480114514,1.104809183656359,20.34815784023739,0.6593181372697317,1,0,0,1,0,0,0,0,0,0,0,0,1,0,0,0,0,0,0,0,0,0,0,0,0,1
23.975677153425924,3.716311463349157,7.604256487578797,1.382503611292485,0.0,173375.88950089927,0.1389308650788071,1.011952,1.283555,0.828227,139.025822,0.0,0.0,24.46497668716931,0.0321141742815314,0.6042387755027222,5.574298485684147,0.0321141742815314,0.6042387755027222,0.9290497476140244,0.0321141742815314,0.6042387755027222,0.9945221837029852,18.71226272931371,0.3813682292598119,2,0,0,0,1,0,0,0,0,0,0,1,0,0,0,0,0,0,0,0,0,1,0,0,0,0
76.23720748939814,1.9791905547672832,9.358466988844835,2.303796280345185,0.0,233574.6579548861,0.1302588284283662,1.28014,1.331674,2.4888790000000003,151.838192,0.0,0.0,77.7930688667328,0.0978222051920996,0.6521556661688254,17.72500303292646,0.0978222051920996,0.6521556661688254,2.9541671721544094,0.0978222051920996,0.6521556661688254,9.632771576208444,64.21922867101448,0.0927093602449399,3,0,0,0,1,0,0,0,0,0,0,1,0,0,0,0,0,0,0,0,0,0,0,0,0,1
218.21156840083333,8.855054612925871,7.097609853858856,1.6677058706466528,0.0,169785.69318607613,0.1056629048361123,3.707446,1.679804,2.180238,72.17922,7.603088,0.0,222.66486571513605,0.1322326385509058,0.7823273217910212,50.73376687180315,0.1322326385509058,0.7823273217910212,8.45562781196719,0.1322326385509058,0.7823273217910212,37.27033253936149,220.5022886732655,0.8135707377005963,1,0,0,0,1,0,0,0,0,0,0,1,0,0,1,0,0,0,0,0,0,0,0,0,0,0
12.038218877592591,0.571837453604888,7.993750179986016,4.942093778428414,0.0,177785.26867880695,0.1306689847216045,0.751346,1.125898,0.5928800000000001,177.049006,83.871034,0.0132139999999999,12.283896813869992,0.0275222401850925,0.5932937098041666,2.798862565185568,0.0275222401850925,0.5932937098041666,0.4664770941975946,0.0275222401850925,0.5932937098041666,0.4279498209116749,9.22526419183862,0.1162225294761464,0,0,0,1,0,0,0,0,0,0,1,0,0,0,0,0,1,0,0,0,0,0,0,0,0,0
42.79224856907407,0.261248275530424,2.45653398359994,0.1594349084158452,0.0,126874.02463654077,0.126120657175422,1.095398,1.2633,0.273782,165.97448899999998,69.951193,0.004478,43.6655597643613,0.0141798066533469,0.6214910754150715,9.94911488301903,0.0141798066533469,0.6214910754150715,1.6581858138365049,0.0141798066533469,0.6214910754150715,0.7837584745174815,34.35158948930884,0.7890207473432672,0,0,0,0,0,0,0,1,0,0,1,0,0,0,0,0,0,0,0,1,0,0,0,0,0,0
22.115908330555555,0.5477383889987109,6.0107759457412095,0.712711229527311,0.0,67301.3202516112,0.0993114473115054,0.976831,1.309251,0.429643,137.501011,1.1358780000000002,0.0,22.56725339852608,0.0,0.6025336141961776,5.141905837638853,0.0,0.6025336141961776,0.856984306273142,0.0,0.6025336141961776,0.0,17.21206171227201,0.7957383279356014,3,0,0,0,1,0,0,0,0,0,0,1,0,0,0,1,0,0,0,0,0,0,0,0,0,0
22.62801046925925,0.2853700833069049,1.9064356989140128,0.1038816452553446,0.0,148281.91424985012,0.1297593325090637,0.697591,1.21068,0.293604,176.554981,100.727409,3.9e-05,23.089806601284955,0.0063173439832032,0.6030031439254525,5.260968592697838,0.0063173439832032,0.6030031439254525,0.8768280987829729,0.0063173439832032,0.6030031439254525,0.1846408238050044,17.624336674943667,0.7052095893592046,0,0,0,0,0,1,0,0,0,0,1,0,0,0,0,0,0,0,0,0,1,0,0,0,0,0
30.77151896217593,2.762727747503802,7.500287113143957,1.4122865813241587,0.0,121504.0127163894,0.1106089017749261,1.184016,1.326846,0.137264,148.452495,1.135608,0.0,31.39950914507748,0.012426834061106,0.6104696609521264,7.154318539384742,0.012426834061106,0.6104696609521264,1.19238642323079,0.012426834061106,0.6104696609521264,0.4939196072734946,24.263857850453977,0.4148092528477014,2,0,0,0,1,0,0,0,0,0,0,0,1,0,0,0,0,0,0,0,0,1,0,0,0,0
12.53784686398148,0.4844389424907218,2.19767817690504,0.2988761208719201,0.0,169732.76277727817,0.1386435527345545,0.761674,1.144843,0.218777,179.75868799999998,139.022546,0.001563,12.793721289777022,0.0277108050973472,0.5937518023905033,2.915025103999828,0.0277108050973472,0.5937518023905033,0.4858375173333045,0.0277108050973472,0.5937518023905033,0.4487649583934086,9.6155633861859,0.9458781769733018,0,0,0,0,0,0,1,0,0,0,1,0,0,0,0,1,0,0,0,0,0,0,0,0,0,0
0.639521,0.3861424531296288,2.7097704859374523,0.4596595707342779,0.0,165747.1504796163,0.1389473097072802,0.521363,0.4131069999999999,0.336954,483.007244,106.163277,9e-06,16.61283290821051,0.0289658984732178,0.5971833887530144,3.785202434782141,0.0289658984732178,0.5971833887530144,0.6308670724636902,0.0289658984732178,0.5971833887530144,0.6091210523693145,12.558111206218667,0.3308867545502308,0,0,1,0,0,0,0,0,0,0,0,1,0,0,1,0,0,0,0,0,0,0,0,0,0,0
67.16468013847222,1.1956777069494309,8.27215207852334,1.1271725950195348,0.0,104750.10890194094,0.1169658749402284,1.559059,1.312443,0.284486,155.913546,59.449431,0.000136,68.53538789640022,0.0100475524229768,0.6438373620865525,15.615658001711443,0.0100475524229768,0.6438373620865525,2.6026096669519068,0.0100475524229768,0.6438373620865525,0.8716619021748544,55.855244750375896,0.9925477142187848,0,0,0,0,0,0,1,0,0,0,1,0,0,0,0,0,0,0,0,0,1,0,0,0,0,0
35.94841946009259,4.80304432143982,8.760033668088113,1.595043319949715,0.0,169026.7365482614,0.1388016726544721,1.051166,1.369564,2.703939,140.983009,0.371792,0.0,36.68206067356387,0.0369012708598719,0.6152161919770173,8.357937874989235,0.0369012708598719,0.6152161919770173,1.3929896458315392,0.0369012708598719,0.6152161919770173,1.7134362741942226,28.56632617906312,0.0268376015897308,3,0,0,0,0,1,0,0,0,0,1,0,0,0,0,0,0,0,0,1,0,0,0,0,0,0
39.42323460337963,11.025744897856129,4.241519260177795,0.7941409144327223,0.0,165566.32257006894,0.1316431352524734,1.155943,1.286255,1.893503,148.774476,1.135857,0.0,40.22779041161187,0.0383246655224749,0.6184021365185456,9.165825663405236,0.0383246655224749,0.6184021365185456,1.527637610567539,0.0383246655224749,0.6184021365185456,1.951540015485128,31.48981207336841,0.6278620259786689,3,0,0,0,0,0,1,0,0,0,0,1,0,0,0,1,0,0,0,0,0,0,0,0,0,0
24.77570309351852,4.994025278434479,6.769898634734485,1.1765743311074712,0.0,201057.8773606115,0.1370205966224201,0.69829,1.221073,3.011749,173.088791,1.134988,0.0,25.2813296872638,0.0259427048504894,0.6049722931638971,5.760302966718333,0.0259427048504894,0.6049722931638971,0.9600504944530552,0.0259427048504894,0.6049722931638971,0.8302102206387361,19.36013163941328,0.4906273375669802,3,0,0,0,0,0,0,1,0,0,0,1,0,0,0,0,1,0,0,0,0,0,0,0,0,0
1.188195,0.4073728355858251,2.4892473388061247,0.2560671047269583,0.0,164558.83586255996,0.138897869977162,0.990358,0.438027,0.750954,550.7875650000001,248.580318,0.002569,30.86573388109411,0.0340197616543396,0.6099900478641794,7.032698858983467,0.0340197616543396,0.6099900478641794,1.1721164764972445,0.0340197616543396,0.6099900478641794,1.3291707720520236,23.83264618669825,0.2518003912652421,0,0,1,0,0,0,0,0,0,0,0,1,0,0,1,0,0,0,0,0,0,0,0,0,0,0
37.18868114708334,0.4359615681340082,2.2009116668495343,0.2227377566001969,0.0,221339.4111211032,0.1357944691263371,1.236281,1.204133,0.446418,163.687137,61.28874,0.0,37.947633823554426,0.0374075634443198,0.6163533474194783,8.646296314227591,0.0374075634443198,0.6163533474194783,1.4410493857045985,0.0374075634443198,0.6163533474194783,1.7968715440714318,29.60652042252708,0.58137848010204,0,0,0,1,0,0,0,0,0,0,0,0,0,1,1,0,0,0,0,0,0,0,0,0,0,0
52.80049008833334,0.5623392201870752,3.111105349424074,0.6068783083693873,0.0,181594.81892610912,0.1373413695420006,1.038455,1.055683,0.338276,198.341635,89.013598,0.0,53.87805111054423,0.0439474140193938,0.6306673052643573,12.276011645440455,0.0439474140193938,0.6306673052643573,2.0460019409067427,0.0439474140193938,0.6306673052643573,2.997216479383736,43.01155102124335,0.898941510657091,0,0,0,0,1,0,0,0,0,0,0,0,1,0,1,0,0,0,0,0,0,0,0,0,0,0
42.626800577453714,9.51258367396516,7.401938457854932,2.353214201452635,0.0,138781.51895046464,0.1336675004171524,1.481829,1.222178,0.11494,145.730233,0.371189,0.4047659999999999,43.49673528311604,0.0396505191556076,0.6213393815539382,9.91064854552011,0.0396505191556076,0.6213393815539382,1.6517747575866848,0.0396505191556076,0.6213393815539382,2.183124222214666,34.2104235448439,0.5504207907312905,3,0,0,0,0,0,1,0,0,0,0,0,0,1,1,0,0,0,0,0,0,0,0,0,0,0
53.94200231240742,6.198223168043781,9.555065540386904,2.647989973747473,0.0,195951.62503747,0.1232923043431709,1.761829,0.969469,1.184717,131.492338,0.0,0.7249270000000001,55.04285950245655,0.0444377291487398,0.6317139205487423,12.541411025876176,0.0444377291487398,0.6317139205487423,2.0902351709793625,0.0444377291487398,0.6317139205487423,3.0961768128383613,44.01435515760813,0.2475669914406882,1,0,0,0,1,0,0,0,0,0,1,0,0,0,1,0,0,0,0,0,0,0,0,0,0,0
43.779081304444446,5.894616768228636,7.043352754853612,1.8853961049223973,0.0,195366.2382718825,0.1320660559000443,1.428319,1.420384,2.90451,114.292018,0.0,0.0,44.67253194331066,0.0401305951439158,0.6223958701270229,10.17855158202015,0.0401305951439158,0.6223958701270229,1.6964252636700248,0.0401305951439158,0.6223958701270229,2.2692851816084145,35.194935936245656,0.7116337525343159,3,0,0,0,1,0,0,0,0,0,0,0,1,0,0,0,0,1,0,0,0,0,0,0,0,0
81.27488117300926,0.975608703186758,8.427863828855738,1.080596828346344,0.0,110243.6513882644,0.1252380455140587,2.81067,1.592935,1.765136,92.84843,1.135349,0.0,82.9335522173564,0.0113343488304612,0.6567745446738612,18.89625240395462,0.0113343488304612,0.6567745446738612,3.149375400659104,0.0113343488304612,0.6567745446738612,1.189870646304802,68.94765315916473,0.0721708841921914,1,0,0,1,0,0,0,0,0,0,0,1,0,0,0,0,0,0,0,0,1,0,0,0,0,0
72.41881855092592,3.4446160884784,10.25028778894914,1.7887342379247542,0.0,172618.70621627697,0.1385988862894707,1.942769,1.530085,2.983876,109.145248,0.372127,0.0,73.89675362339379,0.0526040328586924,0.648654710033228,16.837235002798586,0.0526040328586924,0.648654710033228,2.806205833799764,0.0526040328586924,0.648654710033228,4.920591462981909,60.675287713897966,0.3815103224982703,2,0,0,0,0,0,1,0,0,0,1,0,0,0,0,0,0,0,0,1,0,0,0,0,0,0
30.44423793736112,0.2763149314861503,3.140853565945614,0.3174114253738229,0.0,160111.16518660073,0.1380673904391787,0.961209,1.326723,0.544825,146.92873,52.253988,0.003215,31.065548915674604,0.0123800221207597,0.6101695876672011,7.078226335216998,0.0123800221207597,0.6101695876672011,1.179704389202833,0.0123800221207597,0.6101695876672011,0.4868255478096167,23.993991357636,0.8828970478986927,0,0,0,0,0,0,1,0,0,0,0,1,0,0,0,0,0,0,0,1,0,0,0,0,0,0
48.939256255277776,0.3574218448046014,4.074611719849584,0.9622488946651668,0.0,166280.47491381894,0.1389187663900766,1.555048,1.398534,0.966927,142.27158899999998,0.3736739999999999,0.0,49.93801658701814,0.0423011467679939,0.6271270660439334,11.378282260333249,0.0423011467679939,0.6271270660439334,1.896380376722208,0.0423011467679939,0.6271270660439334,2.6739688214556603,39.64238205856958,0.9597625807378568,0,0,0,0,0,0,1,0,0,0,0,1,0,0,0,0,0,0,0,0,1,0,0,0,0,0
48.05909025092593,2.312282826403062,7.852762181124241,1.387534175666688,0.0,176694.359375,0.1372170122943336,1.5908209999999998,1.323163,1.7073470000000002,144.043901,0.0,0.088948,49.0398880111489,0.041928528302109,0.6263200705746576,11.173645369628863,0.041928528302109,0.6263200705746576,1.862274228271477,0.041928528302109,0.6263200705746576,2.602747256212294,38.87932420267859,0.2983617071645119,2,0,0,0,1,0,0,0,0,0,0,1,0,0,0,0,0,0,0,1,0,0,0,0,0,0
38.98994874134259,2.281531122591284,5.776894132582118,1.0278940020705298,0.0,159187.39664830634,0.1227754054935001,1.321111,1.268251,2.353279,133.68223899999998,0.0,0.0,39.78566198096183,0.0305170735341281,0.6180048708597536,9.065087539965983,0.0305170735341281,0.6180048708597536,1.5108479233276642,0.0305170735341281,0.6180048708597536,1.5368885725025028,31.123712524828004,0.2955789304736245,3,0,0,0,0,0,1,0,0,0,1,0,0,0,0,0,1,0,0,0,0,0,0,0,0,0
51.97813796134259,4.1512819974542525,15.788044145067246,3.717271693890615,0.0,198960.65070443644,0.1311925374132266,1.692119,1.423003,0.45861,104.16875,1.1356540000000002,0.42031,53.03891628708428,0.0435952125478935,0.6299133174514338,12.084816369209076,0.0435952125478935,0.6299133174514338,2.014136061534846,0.0435952125478935,0.6299133174514338,2.926889656766297,42.291037610666,0.1086761074712339,1,0,0,0,0,0,0,0,0,1,0,0,1,0,0,0,0,0,0,0,0,1,0,0,0,0
25.90186447300925,2.6590548768032085,6.094759484275068,0.7658370598900518,0.0,122153.86214778178,0.1294539627804458,0.8522,1.238831,1.037203,159.581955,1.137046,0.0,26.430473952050264,0.0,0.6060048337601357,6.022133305530439,0.0,0.6060048337601357,1.003688884255073,0.0,0.6060048337601357,0.0,20.27467718166306,0.6564223991584951,2,0,0,0,0,0,0,0,1,0,1,0,0,0,0,1,0,0,0,0,0,0,0,0,0,0
254.7944639795833,4.509547549185993,8.18117194438724,1.685422461381633,0.0,186646.557797512,0.1326595298606429,2.067826,1.423085,3.083542,137.859507,0.0,0.0,259.9943509995748,0.2067427310608004,0.815868984203648,59.239219215092994,0.2067427310608004,0.815868984203648,9.873203202515498,0.2067427310608004,0.815868984203648,68.04043314687651,268.50800892241745,0.4542817726705408,3,0,0,1,0,0,0,0,0,0,0,1,0,0,0,0,0,0,0,0,0,0,0,0,0,1
40.39273081277778,6.035341652463094,7.563216584477779,1.3397442510516808,0.0,135304.5957733813,0.1323379210109333,1.388313,1.2597,0.422817,148.416124,1.1358700000000002,0.118799,41.21707225793651,0.0,0.6192910359359236,9.391231653707052,0.0,0.6192910359359236,1.5652052756178418,0.0,0.6192910359359236,0.0,32.31058655299154,0.0847398971378733,3,0,0,0,0,1,0,0,0,0,0,0,1,0,0,1,0,0,0,0,0,0,0,0,0,0
13.580915114583334,0.8393194381710437,4.590882738717168,0.6310685036851348,0.0,126790.88059240108,0.1190222974339549,0.777682,1.064153,1.465111,170.499601,0.0,0.0,13.858076647534014,0.0056210981728867,0.5947081576101088,3.157536451336864,0.0056210981728867,0.5947081576101088,0.5262560752228106,0.0056210981728867,0.5947081576101088,0.0986045687635168,10.43229269756282,0.8315429096958384,3,0,0,1,0,0,0,0,0,0,0,1,0,0,0,0,0,0,0,0,1,0,0,0,0,0
2.112728,6.569495626490751,7.580354676829825,2.1525177139458327,0.0,174577.9369004796,0.1385814511625887,1.755925,0.407093,1.1476030000000002,589.590532,0.0,0.0,54.88232168216175,0.0425356805577907,0.6315696725010728,12.50483278834065,0.0425356805577907,0.6315696725010728,2.0841387980567747,0.0425356805577907,0.6315696725010728,2.955008738408029,43.8759619378499,0.7551039693470863,3,0,1,0,0,0,0,0,0,0,0,0,1,0,1,0,0,0,0,0,0,0,0,0,0,0
10.97101696087963,6.442873584687245,8.062093671277273,2.482433827089177,0.0,149273.4214066247,0.1315954512329124,0.721082,1.20757,1.345832,153.88378400000002,0.0,0.0,11.194915266203704,0.0184012779200162,0.592315227214142,2.550740187236287,0.0184012779200162,0.592315227214142,0.4251233645393811,0.0184012779200162,0.592315227214142,0.2607604393727183,8.393568075372801,0.2360257371455778,3,0,0,0,0,0,1,0,0,0,1,0,0,0,0,0,0,0,0,0,0,0,1,0,0,0
125.67517526273149,3.849738804985293,7.364833442999019,1.2030256678589242,0.0,137934.98647332133,0.1239305359246633,1.939695,1.424312,2.379837,122.10088799999998,1.13679,0.0,128.23997475788929,0.0471392061657247,0.6974837245192063,29.21923475496212,0.0471392061657247,0.6974837245192063,4.869872459160352,0.0471392061657247,0.6974837245192063,7.652064061771493,113.2218926916223,0.0467889004681304,2,0,0,0,0,0,1,0,0,0,0,1,0,0,0,0,0,1,0,0,0,0,0,0,0,0
41.22233831407407,2.5091707269064814,8.243843184958259,1.0710818215811566,0.0,135998.54419589328,0.1306382992374096,1.375745,1.35913,1.663745,125.548383,1.137082,0.0,42.06361052456538,0.0156270617109399,0.6200516759646377,9.584113790407304,0.0156270617109399,0.6200516759646377,1.597352298401217,0.0156270617109399,0.6200516759646377,0.832064098040918,33.01469899098802,0.8276837162248659,2,0,0,0,0,0,1,0,0,0,0,1,0,0,0,0,0,0,1,0,0,0,0,0,0,0
1.607532,1.6093768616088575,13.133544590261629,3.435936482690221,0.0,185127.3773231415,0.1385946759252811,1.488399,0.304634,0.587052,546.323901,0.0,0.338748,41.75884843594104,0.0378822953715963,0.6197778380851461,9.51467432717644,0.0378822953715963,0.6197778380851461,1.5857790545294064,0.0378822953715963,0.6197778380851461,2.0024316845924592,32.76102380323142,0.6972026921502457,2,0,0,1,0,0,0,0,0,0,0,1,0,0,1,0,0,0,0,0,0,0,0,0,0,0
116.89225190513888,0.8570082285921636,5.081814594977765,0.8095037596974727,0.0,161957.10659285073,0.1170842438328752,1.7935,1.39878,0.937347,137.20084,1.135869,0.0,119.27780806646824,0.05922886954298,0.6894309488819637,27.177222091094027,0.05922886954298,0.6894309488819637,4.5295370151823375,0.05922886954298,0.6894309488819637,8.942645232077801,104.09343341243788,0.7702904666922412,3,0,0,0,1,0,0,0,0,0,1,0,0,0,0,0,1,0,0,0,0,0,0,0,0,0
3.279208,0.6682293714522172,7.145426627829206,1.6837564293715022,0.0,168091.9607876199,0.1388685744550588,2.23939,0.43954,0.3749989999999999,676.2677570000001,1.102135,0.0,85.18396514777022,0.0532801851698462,0.6587966082042259,19.409004717213467,0.0532801851698462,0.6587966082042259,3.2348341195355776,0.0532801851698462,0.6587966082042259,5.745085362753076,71.03659153511141,0.07130300409018,1,0,0,1,0,0,0,0,0,0,1,0,0,0,1,0,0,0,0,0,0,0,0,0,0,0
3.161357,3.6232380795536,8.59518866230258,1.5845690359600442,0.0,167932.59146432855,0.1387896922459419,1.428639,0.469574,0.99181,596.609822,0.349553,0.0,82.12255047793839,0.0521946538165137,0.656045835280942,18.71146719750495,0.0521946538165137,0.656045835280942,3.118577866250825,0.0521946538165137,0.656045835280942,5.425769737626796,68.19766737177267,0.5864567088131608,3,1,0,0,0,0,0,0,0,0,0,1,0,0,1,0,0,0,0,0,0,0,0,0,0,0
32.12595732902778,0.3385638080412249,3.847389827815177,0.668535549863637,0.0,165647.75177982613,0.1389311407860234,1.082871,1.238791,0.84931,145.30103799999998,0.376823,0.0,32.781589111252835,0.035353162658123,0.611711501264134,7.469222835475329,0.035353162658123,0.611711501264134,1.2448704725792217,0.035353162658123,0.611711501264134,1.4670036101795896,25.38338618869425,0.4303745506244629,0,0,0,0,0,0,1,0,0,0,0,0,1,0,0,0,0,0,1,0,0,0,0,0,0,0
165.26520710277777,2.0921962547073547,7.823543221544591,0.9807034060537672,0.0,41189.19923045938,0.0976480781915876,2.237332,1.518628,1.196595,116.893216,1.135657,0.0,168.63796643140589,0.0,0.7337825319776111,38.42384045272539,0.0,0.7337825319776111,6.403973408787564,0.0,0.7337825319776111,0.0,156.63746075391444,0.5809666080130658,0,0,0,0,0,0,0,0,0,1,0,0,1,0,0,1,0,0,0,0,0,0,0,0,0,0
26.75369633138889,1.6529879818002668,5.583473660677171,0.515937967587718,0.0,90802.47921818796,0.1138688943547596,1.075645,1.264528,0.780225,137.899175,1.136477,0.0,27.299690134070296,0.0,0.6067858505761662,6.220182562193232,0.0,0.6067858505761662,1.0366970936988718,0.0,0.6067858505761662,0.0,20.968437592996985,0.6678598185283515,3,0,0,0,1,0,0,0,0,0,1,0,0,0,0,1,0,0,0,0,0,0,0,0,0,0
27.920640551712967,3.521256399383362,7.921361694518897,1.3431179284763566,0.0,179974.7206047662,0.1367915865721748,0.932393,1.275944,0.31784,140.061893,0.370898,0.0,28.490449542564253,0.033671411770915,0.6078557836274803,6.491494832482994,0.033671411770915,0.6078557836274803,1.0819158054138325,0.033671411770915,0.6078557836274803,1.2143210861850118,21.92162599062605,0.2151635247907227,3,0,0,0,0,0,1,0,0,0,0,0,1,0,0,0,0,1,0,0,0,0,0,0,0,0
2.351014,0.744152273491418,9.377994554505932,4.861898515721877,0.0,174269.80112784772,0.1385454740062606,2.188318,0.276278,0.5211180000000001,566.4348610000001,1.043991,0.125324,61.07227557322374,0.0447305446154584,0.6371315317708087,13.91520202934212,0.0447305446154584,0.6371315317708087,2.319200338223686,0.0447305446154584,0.6371315317708087,3.4579698067033666,49.25452213252783,0.9977270713390988,1,0,0,1,0,0,0,0,0,0,0,0,1,0,1,0,0,0,0,0,0,0,0,0,0,0
31.340365765185183,6.17829399657764,8.828463721332504,1.4521016974529202,0.0,225905.3166779077,0.1363690606267046,1.042416,1.247465,0.329156,140.856456,1.135604,0.102629,31.979965066515494,0.0350372921092136,0.6109912180112161,7.286574318952897,0.0350372921092136,0.6109912180112161,1.214429053158816,0.0350372921092136,0.6109912180112161,1.418343516048038,24.73351621259044,0.7758695371226899,3,0,0,0,0,0,0,1,0,0,0,1,0,0,1,0,0,0,0,0,0,0,0,0,0,0
1.517662,3.791420049804578,12.94585308925711,3.297550987282531,0.0,168150.05976468825,0.1388151077486628,1.249999,0.4686329999999999,0.658537,391.43087,1.078986,0.0,39.42429602333712,0.0370544983845194,0.6176801727058491,8.982750992659088,0.0370544983845194,0.6176801727058491,1.4971251654431812,0.0370544983845194,0.6176801727058491,1.8491740674779271,30.824817691773905,0.1909893396512918,2,0,1,0,0,0,0,0,0,0,0,0,1,0,1,0,0,0,0,0,0,0,0,0,0,0
36.28534885986111,4.5401168384140345,8.254778283391353,1.2052373392976443,0.0,181367.0848508693,0.1340867848419171,1.238854,0.972251,0.564758,144.186404,1.135874,1.205843,37.02586618353175,0.0222231703215413,0.6155251115418887,8.436273307640144,0.0222231703215413,0.6155251115418887,1.4060455512733572,0.0222231703215413,0.6155251115418887,1.041559658859777,28.84854482601699,0.9443469159389354,3,0,0,0,0,0,0,1,0,0,0,1,0,0,0,0,0,1,0,0,0,0,0,0,0,0
39.05369420541667,0.71252710899289,3.640759302843674,0.5650972811867008,0.0,167428.63637215228,0.1389516618647735,1.3286360000000002,1.066199,0.0411949999999999,187.766714,146.564777,0.159968,39.85070837287415,0.038172562128204,0.6180633169942786,9.0799082368574,0.038172562128204,0.6180633169942786,1.5133180394762331,0.038172562128204,0.6180633169942786,1.925574229387948,31.177545571531983,0.5504747901941742,1,0,0,0,0,0,0,1,0,0,0,0,1,0,0,1,0,0,0,0,0,0,0,0,0,0
44.93658080944444,9.966166365346748,11.601561351931638,2.363015880687631,0.0,191160.6980478117,0.137613413288153,1.45294,1.379794,1.663401,117.747246,0.372119,0.0,45.85365388718821,0.0536721164089549,0.6234571436272552,10.447667974296047,0.0536721164089549,0.6234571436272552,1.7412779957160076,0.0536721164089549,0.6234571436272552,3.115269176214046,36.1870735156698,0.0224486319691146,2,0,0,0,0,0,1,0,0,0,0,1,0,0,0,0,0,0,0,0,0,0,0,1,0,0
56.00176489157408,2.7647013981565296,8.318043322300168,1.1573412301157304,0.0,124724.7995353717,0.1263375871901889,1.645071,1.448413,2.439501,131.61378100000002,1.134989,0.0,57.14465805262661,0.0090653288299212,0.6336024496000265,13.020301834775683,0.0090653288299212,0.6336024496000265,2.170050305795947,0.0090653288299212,0.6336024496000265,0.6557406533170497,45.831639650253294,0.296441054560718,2,0,0,0,0,0,0,0,1,0,1,0,0,0,0,0,0,0,0,0,1,0,0,0,0,0
38.50737724893519,1.7757962310342763,8.895668292788864,0.9755759611547136,0.0,119316.03883767984,0.1281884379988666,1.32096,1.0220479999999998,0.011739,127.392297,1.137098,1.20974,39.2932420907502,0.0,0.6175624168158017,8.95289060295574,0.0,0.6175624168158017,1.4921484338259567,0.0,0.6175624168158017,0.0,30.716493101382376,0.7335231527956755,1,0,0,1,0,0,0,0,0,0,0,0,1,0,0,1,0,0,0,0,0,0,0,0,0,0
46.11370801125,21.94001815559195,11.47907142273242,2.871429282984288,0.0,231121.93870840827,0.1192410212608693,1.515146,1.511018,0.7412920000000001,105.40753,0.920759,0.0,47.054804093112246,0.0411084370794821,0.6245364131217841,10.721347768050892,0.0411084370794821,0.6245364131217841,1.7868912946751483,0.0411084370794821,0.6245364131217841,2.4485436118342565,37.19928932716528,0.1184340591918268,2,0,0,0,1,0,0,0,0,0,0,1,0,0,1,0,0,0,0,0,0,0,0,0,0,0
0.735159,0.3616780238471728,2.268727866151064,0.2545350508974324,0.0,164677.071886241,0.1389937958807396,0.616646,0.358114,0.6244529999999999,668.979697,157.800465,0.0,19.09722061975624,0.0298468247917897,0.5994156856434696,4.351265457665978,0.0298468247917897,0.5994156856434696,0.7252109096109962,0.0298468247917897,0.5994156856434696,0.721508098541797,14.490093154019986,0.4028694595011608,0,0,1,0,0,0,0,0,0,0,0,1,0,0,1,0,0,0,0,0,0,0,0,0,0,0
44.30686523462963,0.2362003449877674,1.1454038296957954,0.070963936056093,0.0,95855.60997452038,0.1279900964769385,1.451278,1.127166,0.102333,185.474386,127.275716,0.027672,45.21108697411187,0.0,0.6228797779788487,10.301260323215365,0.0,0.6228797779788487,1.7168767205358937,0.0,0.6228797779788487,0.0,35.646926350148384,0.23481154597822,0,0,0,0,0,0,1,0,0,0,1,0,0,0,0,1,0,0,0,0,0,0,0,0,0,0
43.60332304407408,0.9723368920296502,4.716302315965831,0.4567172312550693,0.0,149047.86379646283,0.1323052965801396,1.422422,1.467685,0.798762,115.453819,1.135825,0.0,44.49318677966743,0.0080114519830342,0.6222347231171346,10.137688127012831,0.0080114519830342,0.6222347231171346,1.6896146878354716,0.0080114519830342,0.6222347231171346,0.4512088980474414,35.044564248664955,0.4312027566791099,1,0,0,0,0,0,0,0,1,0,0,0,1,0,0,0,0,0,0,0,1,0,0,0,0,0
61.55836331148148,1.5957370107408335,5.266071401911674,1.828302398574152,0.0,257946.8152353117,0.1516771493859285,1.29959,1.395956,1.905106,133.66337099999998,1.135875,0.0,62.81465644028722,0.1012331920351213,0.6386971132512913,14.31220020158443,0.1012331920351213,0.6386971132512913,2.3853667002640715,0.1012331920351213,0.6386971132512913,8.049276174733887,50.78422751681403,0.0062655257710718,3,0,0,0,0,0,1,0,0,0,0,1,0,0,0,0,0,0,0,0,0,0,0,1,0,0
102.3582351813426,0.8949249028730736,9.903491939572122,1.4243860669273267,0.0,123441.10573104017,0.1218396831187698,1.368387,1.255771,0.40126,166.314536,67.657909,0.0,104.44717875647204,0.023831899850047,0.6761051835280528,23.79809136223413,0.023831899850047,0.6761051835280528,3.966348560372356,0.023831899850047,0.6761051835280528,3.150854055372408,89.38896071155932,0.043282242709052,0,0,0,1,0,0,0,0,0,0,0,1,0,0,0,0,0,0,0,0,0,0,1,0,0,0
2.159953,4.442291470740339,8.300986437488802,1.4956426270288243,0.0,169950.1879683753,0.1384895717640289,1.182885,0.363801,0.987889,584.804073,1.059309,0.0,56.109085203750936,0.0429706723538818,0.6326719563281263,12.784348527436922,0.0429706723538818,0.6326719563281263,2.13072475457282,0.0429706723538818,0.6326719563281263,3.0519558435017964,44.9349932957451,0.0322034174124679,3,0,1,0,0,0,0,0,0,0,0,1,0,0,1,0,0,0,0,0,0,0,0,0,0,0
1.371536,3.6893515421046335,8.529848341747439,1.514568185063003,0.0,168433.43995428656,0.1389853471188808,1.243556,0.303775,0.19774,569.073965,0.717623,0.199164,35.628381860166286,0.0357085246164812,0.6142694299528152,8.117859158012571,0.0357085246164812,0.6142694299528152,1.3529765263354283,0.0357085246164812,0.6142694299528152,1.610426519872331,27.703070652386792,0.356561706607803,2,0,1,0,0,0,0,0,0,0,0,0,1,0,1,0,0,0,0,0,0,0,0,0,0,0
1.665937,0.7338955314468136,4.046378396397872,1.040378119233701,0.0,169782.28231789568,0.1389527662123421,1.263136,0.414171,0.047383,541.260386,0.5315489999999999,1e-06,43.27603474570106,0.0384202666971802,0.6211410755000547,9.86036234712176,0.0384202666971802,0.6211410755000547,1.6433937245202932,0.0384202666971802,0.6211410755000547,2.104654172818068,34.025978183952525,0.2010009777650067,1,1,0,0,0,0,0,0,0,0,1,0,0,0,1,0,0,0,0,0,0,0,0,0,0,0
20.361787940555555,5.047083041079039,8.253261093898928,1.324728601198974,0.0,196976.2161083633,0.1389754355775652,0.6764760000000001,1.075528,0.111811,168.175985,1.1358700000000002,0.532723,20.777334633219954,0.03070495312353,0.6009253184879871,4.734076245543787,0.03070495312353,0.6009253184879871,0.789012707590631,0.03070495312353,0.6009253184879871,0.807553273347994,15.80459041999897,0.4178053932708805,3,0,0,1,0,0,0,0,0,0,0,1,0,0,0,1,0,0,0,0,0,0,0,0,0,0
43.152853400787045,2.094360481063239,9.75595693794086,1.4952907405025382,0.0,191214.46964928057,0.136518156053208,1.071698,1.336216,3.2040040000000003,136.534378,1.134459,0.0,44.03352387835413,0.0239216880937525,0.6218217022104175,10.032954807726258,0.0239216880937525,0.6218217022104175,1.6721591346210427,0.0239216880937525,0.6218217022104175,1.3333623087174598,34.65949464855852,0.9154755637441364,1,0,0,0,0,0,0,1,0,0,0,1,0,0,0,0,0,1,0,0,0,0,0,0,0,0
75.98632428314816,1.1377639175176049,4.539122384229152,0.8570949136496162,0.0,211220.568738759,0.1191771967734078,2.277467,1.402626,2.174474,138.613925,0.919859,0.13581,77.53706559504914,0.0542306694123706,0.6519256395491195,17.666673173555502,0.0542306694123706,0.6519256395491195,2.9444455289259164,0.0542306694123706,0.6519256395491195,5.322641736063808,63.985317818752456,0.1762641483935746,3,0,0,0,1,0,0,0,0,0,0,1,0,0,1,0,0,0,0,0,0,0,0,0,0,0
57.4928334124537,5.84781567255656,10.432800860141963,2.3085675525436584,0.0,184024.2762477518,0.1273685239023156,1.802021,1.487203,0.505807,98.216712,0.8415379999999999,0.106029,58.6661565433201,0.0459734909541896,0.6349695616388694,13.36697237695901,0.0459734909541896,0.6349695616388694,2.227828729493168,0.0459734909541896,0.6349695616388694,3.414035464761264,47.15344772575855,0.5315401307740888,2,0,0,0,0,0,1,0,0,0,0,1,0,0,1,0,0,0,0,0,0,0,0,0,0,0
1.376854,0.3995948191598165,2.6313699755451374,0.3193925854971083,0.0,164626.96760716426,0.138936486354263,1.034555,0.480868,0.523185,489.621055,129.025987,5.8e-05,35.76652751199924,0.0357575089758589,0.6143935579653567,8.14933538248084,0.0357575089758589,0.6143935579653567,1.3582225637468064,0.0357575089758589,0.6143935579653567,1.6188885171463536,27.81610644830764,0.9382117891338734,0,0,0,1,0,0,0,0,0,0,0,0,1,0,1,0,0,0,0,0,0,0,0,0,0,0
0.582919,0.4675021341664614,2.568719874754798,0.3100807513657519,0.0,164548.21519034772,0.1389012325832026,0.505352,0.2346639999999999,0.4978399999999999,630.559118,141.592104,0.000727,15.14248311786659,0.0284445346692507,0.5958622353558967,3.4501860268556785,0.0284445346692507,0.5958622353558967,0.5750310044759464,0.0284445346692507,0.5958622353558967,0.5452163114236714,11.421308657532805,0.2108629815589314,0,0,0,1,0,0,0,0,0,0,1,0,0,0,1,0,0,0,0,0,0,0,0,0,0,0
33.44640999518519,4.7505246260755065,6.234130106955695,0.9346959789594016,0.0,202154.2454848621,0.1333884638544324,0.914452,1.282859,1.401943,165.587395,1.137019,0.0,34.128989791005296,0.0287086832904185,0.612922181196912,7.776225522001206,0.0287086832904185,0.612922181196912,1.296037587000201,0.0287086832904185,0.612922181196912,1.2402510872555697,26.479006157911527,0.7038883852683439,2,0,0,1,0,0,0,0,0,0,0,0,0,1,0,0,1,0,0,0,0,0,0,0,0,0
103.72924635055556,1.4086770116568184,8.39916001349616,1.4173309454243246,0.0,177745.83464478416,0.1244210003466486,1.601422,1.37116,1.639301,149.774319,21.371026,0.0,105.84616974546483,0.053945049367057,0.6773622189013925,24.116848802764142,0.053945049367057,0.6773622189013925,4.0194748004606895,0.053945049367057,0.6773622189013925,7.227692218016452,90.7546789886095,0.2700688130194081,0,0,0,1,0,0,0,0,0,0,0,1,0,0,0,0,1,0,0,0,0,0,0,0,0,0
5.7077393225462965,0.5687395557225179,4.405412412375855,0.8951209921488087,0.0,158194.47714328536,0.1323386592080267,0.587963,1.15851,0.620052,183.402594,33.707578000000005,0.067724,5.824223798516629,0.0251604769641813,0.5874894998096811,1.3270383338392318,0.0251604769641813,0.5874894998096811,0.2211730556398719,0.0251604769641813,0.5874894998096811,0.1854939857174868,4.331228260974905,0.4476135745764091,0,0,0,0,0,0,1,0,0,0,0,1,0,0,0,0,0,0,0,0,1,0,0,0,0,0
20.361049674398146,2.194961321010864,6.587947718531108,1.6275022064896223,0.0,210576.8791779077,0.1293900748915809,0.957133,1.114768,2.676173,166.309315,0.0,0.358763,20.77658130040627,0.0405762173512173,0.600924641595854,4.733904600092568,0.0405762173512173,0.600924641595854,0.7889841000154278,0.0405762173512173,0.600924641595854,1.0671330109626884,15.803999584219952,0.1051214118434887,3,0,0,0,1,0,0,0,0,0,0,1,0,0,0,0,0,0,0,0,0,0,0,0,0,1
33.01335325023148,5.189194464855057,7.377094385435256,1.5691469791981814,0.0,207103.3275535821,0.1289055244528132,1.1888459999999998,1.385686,1.234517,126.300154,1.0185879999999998,0.0,33.687095153297435,0.0357109084160995,0.6125251256080924,7.675540667839922,0.0357109084160995,0.6125251256080924,1.2792567779733202,0.0357109084160995,0.6125251256080924,1.5227807212959934,26.11923062043705,0.2493183772303809,3,0,0,1,0,0,0,0,0,0,0,1,0,0,1,0,0,0,0,0,0,0,0,0,0,0
11.934479753750002,3.917172801866234,9.14500372244014,1.745699980419031,0.0,170020.27023381295,0.1388721989749146,0.7328859999999999,0.974502,1.581962,173.666293,0.0,0.0,12.178040565051024,0.0274831276416253,0.5931985947889152,2.774743419885043,0.0274831276416253,0.5931985947889152,0.4624572366475071,0.0274831276416253,0.5931985947889152,0.4236590421192256,9.144299430975536,0.9188260620848102,2,0,0,0,1,0,0,0,0,0,0,1,0,0,0,0,0,0,0,1,0,0,0,0,0,0
7.3633139092592605,0.8303797436918287,12.92060440392803,14.123217050406002,0.0,193880.9301558753,0.1270484913060133,0.656187,1.040011,0.1922289999999999,198.965742,166.795094,1.5e-05,7.513585621693123,0.025773226078428,0.5890074420886598,1.7119562176009646,0.025773226078428,0.5890074420886598,0.2853260362668274,0.025773226078428,0.5890074420886598,0.2451257479588897,5.601971959427341,0.901312432311914,0,0,0,1,0,0,0,0,0,0,1,0,0,0,1,0,0,0,0,0,0,0,0,0,0,0
49.924281511435176,2.4245737716734266,6.468705586678119,1.1358297695930628,0.0,166946.38744941546,0.1302492344658151,1.644093,1.297958,3.085173,134.941555,0.0,0.442234,50.94314439942365,0.0427193228489562,0.6280302035372141,11.607298723919312,0.0427193228489562,0.6280302035372141,1.9345497873198847,0.0427193228489562,0.6280302035372141,2.754755231063258,40.4985232227794,0.7176358251840161,0,0,0,0,1,0,0,0,0,0,1,0,0,0,0,0,0,0,0,0,1,0,0,0,0,0
40.13039175236111,1.0023126199805763,5.030996085928498,0.3277120625586818,0.0,95353.9612559952,0.12304756190065,1.360144,1.167307,0.079783,110.100162,1.136713,0.478838,40.949379339144,0.0,0.619050505817601,9.330238330437872,0.0,0.619050505817601,1.5550397217396452,0.0,0.619050505817601,0.0,32.088270876979635,0.9942346241682531,1,0,0,0,0,1,0,0,0,0,1,0,0,0,0,1,0,0,0,0,0,0,0,0,0,0
124.48228989708332,0.2804948995760876,2.2040331572365703,0.324677433434436,0.0,156186.32215321492,0.1173354043698997,2.459822,1.579105,0.266975,122.364657,7.113821000000001,0.0,127.02274479294216,0.0779444425390842,0.6963900068788023,28.94189121864505,0.0779444425390842,0.6963900068788023,4.823648536440841,0.0779444425390842,0.6963900068788023,12.532553205911702,111.97135458243208,0.7780182295851891,1,0,0,0,0,0,0,0,0,1,1,0,0,0,1,0,0,0,0,0,0,0,0,0,0,0
58.38073848273148,0.5055985148433301,4.920199231563998,0.3891848554785589,0.0,185174.42989358515,0.1400686972182717,2.034902,1.261418,0.387964,110.54112,111.323161,0.215684,59.5721821252362,0.0092720033482972,0.6357836528049885,13.573408585496855,0.0092720033482972,0.6357836528049885,2.262234764249476,0.0092720033482972,0.6357836528049885,0.699181610291854,47.94306273056546,0.5192572631532837,0,0,0,0,0,0,0,0,1,0,0,0,1,0,0,0,0,0,0,0,1,0,0,0,0,0
58.67747056310185,0.2383502295298828,1.727859342555634,0.1535531377477897,0.0,110613.17953293616,0.1055367715227947,1.152372,1.305773,0.159698,155.88103600000002,1.1385120000000002,0.0,59.87496996234883,0.0165967208396533,0.6360557167602693,13.642398219269351,0.0165967208396533,0.6360557167602693,2.273733036544892,0.0165967208396533,0.6360557167602693,1.257883749047767,48.20736320936884,0.6271307833833678,1,0,0,0,1,0,0,0,0,0,0,1,0,0,0,0,0,0,0,1,0,0,0,0,0,0
9.86567977851852,0.3531051450889173,2.437974879067007,0.7286195603491877,0.0,234017.14574902577,0.1492893915685961,0.689136,1.105234,0.121183,169.552199,1.137002,0.181748,10.067020182161754,0.0566166847379221,0.5913017796442778,2.293751433910273,0.0566166847379221,0.5913017796442778,0.3822919056517121,0.0566166847379221,0.5913017796442778,0.7214700100047485,7.534996138515324,0.9321437387694907,2,0,0,0,0,0,1,0,0,0,0,1,0,0,0,0,0,0,0,0,0,0,0,1,0,0
9.707563533564814,1.025350806417225,5.1048801179698335,1.209490348395112,0.0,147885.3429818645,0.1251863617834141,0.688301,1.205974,0.285479,165.356317,1.017778,0.009403,9.905677075066135,0.0266468103876272,0.5911568080222591,2.256989713306208,0.0266468103876272,0.5911568080222591,0.3761649522177013,0.0266468103876272,0.5911568080222591,0.3341198718738652,7.412415748095398,0.2224486935257545,3,0,0,0,0,0,1,0,0,0,0,0,1,0,1,0,0,0,0,0,0,0,0,0,0,0
2.4550110000000003,1.6531349797900632,6.033337187138107,1.2849575285431292,0.0,172161.41471822542,0.1386234177102288,1.569053,0.355618,0.3537659999999999,644.080696,0.0,0.0,63.77380497406464,0.0456884660938721,0.6395589369833463,14.530740373837512,0.0456884660938721,0.6395589369833463,2.421790062306252,0.0456884660938721,0.6395589369833463,3.688262438271855,51.62924926151395,0.3141735742067084,2,0,1,0,0,0,0,0,0,0,0,1,0,0,1,0,0,0,0,0,0,0,0,0,0,0
78.39383567990741,12.659834386919329,9.407413896610985,2.207661102715728,0.0,179937.6226768585,0.1339907760707308,1.507671,1.425008,2.067072,126.640511,0.370612,0.0,79.99370987745654,0.0553375208208677,0.654133008136191,18.226414908787564,0.0553375208208677,0.654133008136191,3.0377358181312606,0.0553375208208677,0.654133008136191,5.603358969471147,66.23610895457516,0.7536877002546616,3,0,0,0,1,0,0,0,0,0,0,0,1,0,0,0,0,0,0,0,0,1,0,0,0,0
13.83597334324074,3.2309890978342053,17.762029416841283,5.199549299064014,0.0,296654.2865332734,0.1416551437077047,0.785275,1.232489,0.453614,160.325367,178.74989,0.021029,14.11834014616402,0.0552763358535013,0.5949420121715328,3.216836995328511,0.0552763358535013,0.5949420121715328,0.5361394992214185,0.0552763358535013,0.5949420121715328,0.987860900776372,10.632397082380956,0.8597539200536263,0,0,0,1,0,0,0,0,0,0,0,1,0,0,0,0,0,0,0,0,0,0,0,0,0,1
24.49124150583333,0.5500277151807035,4.691745349257398,0.7696526216374313,0.0,136186.7582902428,0.1190647712196234,1.0396219999999998,1.132445,0.247071,143.049249,1.137049,0.030992,24.99106276105442,0.0193899401736565,0.6047114796226902,5.69416619872126,0.0193899401736565,0.6047114796226902,0.9490276997868764,0.0193899401736565,0.6047114796226902,0.613386344067014,19.12959815136801,0.6797029486599969,3,0,0,0,0,0,1,0,0,0,1,0,0,0,0,0,0,1,0,0,0,0,0,0,0,0
33.437678088564816,2.98597332499296,7.487727372194652,1.506685357442577,0.0,177193.94377622902,0.1375129848754377,1.070386,1.367355,1.922436,141.692299,0.0,0.0,34.120079682209,0.0358823242585222,0.6129141751968552,7.774195370629897,0.0358823242585222,0.6129141751968552,1.2956992284383162,0.0358823242585222,0.6129141751968552,1.5497566618780254,26.471747463382407,0.3946265749070522,2,0,0,0,1,0,0,0,0,0,1,0,0,0,0,1,0,0,0,0,0,0,0,0,0,0
54.7577609588889,0.8236433916526447,4.005597271507592,1.2513159021770923,0.0,215927.2634330036,0.1323490910928884,1.7357479999999998,1.429304,0.5491550000000001,128.324724,1.302034,0.009754,55.87526628458051,0.0591888429040401,0.6324618630146841,12.731073330663914,0.0591888429040401,0.6324618630146841,2.121845555110652,0.0591888429040401,0.6324618630146841,4.186319440936012,44.73287976049033,0.504718805736787,1,0,0,0,1,0,0,0,0,0,0,0,1,0,0,0,0,0,0,0,0,0,0,0,0,1
82.62208962300927,0.8584187891629103,7.202354752474266,0.6375608003253845,0.0,181146.2321642686,0.1278936260288282,1.441971,1.281141,0.512089,157.146108,59.688871,0.0,84.3082547173564,0.0,0.6580097561111862,19.209475758385004,0.0,0.6580097561111862,3.201579293064167,0.0,0.6580097561111862,0.0,70.22234699332589,0.2939098052732367,0,0,0,0,0,0,0,0,0,1,0,0,1,0,0,1,0,0,0,0,0,0,0,0,0,0
182.7119893069908,0.5750728128768271,3.654827867766364,0.5582481543723342,0.0,172359.52883318346,0.1359927959972434,1.943118,1.289488,0.736075,165.482778,67.277463,0.0,186.4408054152967,0.1103599660714682,0.7497789168898066,42.48018351234608,0.1103599660714682,0.7497789168898066,7.080030585391013,0.1103599660714682,0.7497789168898066,26.04506450629032,176.9485887953726,0.2435630947104574,0,0,0,1,0,0,0,0,0,0,1,0,0,0,0,1,0,0,0,0,0,0,0,0,0,0
29.624864332453708,1.066887520414462,8.356818981307873,0.8096901457801425,0.0,74257.95386503298,0.1048079962245852,1.115759,1.301886,1.363315,154.464192,109.37246299999998,0.0002029999999999,30.22945340046297,0.0013740098079619,0.6094183307639179,6.8877235595991575,0.0013740098079619,0.6094183307639179,1.1479539265998595,0.0013740098079619,0.6094183307639179,0.0525766651412207,23.319472191412387,0.9848319749796648,0,0,0,1,0,0,0,0,0,0,0,1,0,0,0,0,0,0,0,0,0,0,1,0,0,0
0.958229,6.943144372327151,6.601412056161346,1.2229599377377145,0.0,173818.15476993404,0.1381002297218469,0.726078,0.362206,0.823118,486.566417,0.0,0.0,24.89190857657785,0.0319015335255968,0.6046223866133125,5.671574106055713,0.0319015335255968,0.6046223866133125,0.9452623510092856,0.0319015335255968,0.6046223866133125,1.00517728604024,19.050892621431498,0.2767950349292608,2,0,0,1,0,0,0,0,0,0,0,1,0,0,1,0,0,0,0,0,0,0,0,0,0,0
117.00457019087962,0.3560965815536696,4.944948856779139,1.2745495358531138,0.0,172122.94727967627,0.1384846774472607,2.85116,1.510854,0.59354,91.350341,12.723948,0.0,119.39241856212206,0.0740933904767367,0.6895339298506236,27.203335874913886,0.0740933904767367,0.6895339298506236,4.533889312485647,0.0740933904767367,0.6895339298506236,11.19770770694342,104.20901717153237,0.2621492804392867,1,0,0,0,0,0,0,1,0,0,1,0,0,0,0,0,0,0,0,1,0,0,0,0,0,0
45.49616109930556,0.8911050974036292,6.755159155070353,0.8419634702680208,0.0,108207.95343881146,0.1138131229354323,1.4270040000000002,1.400007,0.288657,135.289004,27.758752,0.00157,46.42465418296486,0.008169821856189,0.6239702045230194,10.57776930751098,0.008169821856189,0.6239702045230194,1.7629615512518295,0.008169821856189,0.6239702045230194,0.4801027271012715,36.6678493233608,0.4967263768737174,0,0,0,0,0,0,1,0,0,0,0,0,0,1,0,0,0,0,0,0,0,0,0,0,1,0
11.717821,2.01230384148568,7.830290171168119,1.955103110924041,0.0,172751.31336181055,0.1385452425201162,1.969747,0.3795139999999999,0.974189,687.397168,0.308137,0.0,304.3937608324358,0.1310086642675179,0.8557631859207686,69.35554044283347,0.1310086642675179,0.8557631859207686,11.559256740472245,0.1310086642675179,0.8557631859207686,50.47875951648574,329.73287917008827,0.3855764400721462,1,0,1,0,0,0,0,0,0,0,1,0,0,0,1,0,0,0,0,0,0,0,0,0,0,0
119.9180993949074,18.878730834530984,7.842840390239688,2.05216709229586,0.0,229432.3481339928,0.1271913591102301,1.552391,1.455778,2.281478,127.219326,0.8417629999999999,0.0,122.3654075458239,0.0755854330572975,0.6922052496421491,27.88072576993456,0.0755854330572975,0.6922052496421491,4.646787628322426,0.0755854330572975,0.6922052496421491,11.7076485070681,107.21769300989918,0.0260835039468007,1,0,0,1,0,0,0,0,0,0,0,1,0,0,1,0,0,0,0,0,0,0,0,0,0,0
36.311697324444445,0.4648866213911728,2.31364167665692,0.2287497986063396,0.0,180230.5284210132,0.1381420945163539,0.935998,1.087271,0.345785,185.199659,76.722999,0.0,37.052752371882086,0.0370493639969339,0.6155492695887071,8.442399274606045,0.0370493639969339,0.6155492695887071,1.407066545767674,0.0370493639969339,0.6155492695887071,1.737697354068504,28.87062615033324,0.5437114753207372,0,0,0,0,0,1,0,0,0,0,0,0,1,0,0,0,0,0,0,0,1,0,0,0,0,0
128.47063279648148,0.4218397460324015,5.2605744528827625,2.7566121164843334,0.0,179918.42180005996,0.136624646683534,1.693545,1.323982,0.372575,141.588422,134.317001,8e-06,131.0924824453893,0.0800274614797808,0.7000467882516556,29.869173215405148,0.0800274614797808,0.7000467882516556,4.978195535900857,0.0800274614797808,0.7000467882516556,13.279745049604092,116.16565987320418,0.3348326450470371,0,0,0,1,0,0,0,0,0,0,0,0,1,0,1,0,0,0,0,0,0,0,0,0,0,0
29.80861623328704,9.729510395932827,7.624577548006456,2.1027819660070133,0.0,345750.3462230216,0.1383144647972904,1.16824,1.263505,0.163923,112.041767,1.135371,0.204649,30.416955340088816,0.0674703698235169,0.60958680688173,6.930445520526566,0.0674703698235169,0.60958680688173,1.155074253421094,0.0674703698235169,0.60958680688173,2.597776235064799,23.47060086180877,0.7549292893709749,2,0,0,1,0,0,0,0,0,0,1,0,0,0,0,0,0,0,0,0,0,0,0,0,0,1
21.364480669583333,2.432756250710796,15.934510718146674,5.468768445993785,0.0,264209.84416217025,0.1356904996509889,0.964851,1.009773,0.020551,180.584487,156.84660300000002,0.176674,21.800490479166665,0.0510879154944167,0.6018446547102456,4.967200362341772,0.0510879154944167,0.6018446547102456,0.8278667270569618,0.0510879154944167,0.6018446547102456,1.4097995130841805,16.608238816389946,0.9767628017943656,0,0,0,0,0,0,0,0,0,1,1,0,0,0,0,0,0,0,0,0,0,0,0,0,0,1
68.91281802685185,1.259741305304374,7.772333993614435,2.233254575043273,0.0,178479.8180080935,0.1351161990627396,1.954804,1.511386,0.650439,119.030053,0.013491,0.0,70.31920206821617,0.0510211713523138,0.6454401726343543,16.022096673770772,0.0510211713523138,0.6454401726343543,2.670349445628462,0.0510211713523138,0.6454401726343543,4.541478554532201,57.4516935726829,0.8540761636962352,2,0,0,1,0,0,0,0,0,0,0,0,1,0,1,0,0,0,0,0,0,0,0,0,0,0
60.62305646240741,0.9877315003523152,5.40071829674627,2.1369148756531504,0.0,169278.20572916666,0.1384010400167472,1.88037,1.539619,0.386144,91.77809,0.507526,0.011174,61.86026169633409,0.047340602389756,0.637839560942007,14.094743171316628,0.047340602389756,0.637839560942007,2.3491238618861043,0.047340602389756,0.637839560942007,3.706964623661275,49.94547108879416,0.2117305359482773,1,0,0,0,0,0,1,0,0,0,0,1,0,0,0,0,0,0,0,0,0,0,0,0,1,0
1.940295,1.3063458937535184,6.537389626034158,1.4760463921000346,0.0,169830.9492281175,0.1389201742103345,1.319171,0.33344,0.102498,532.6730110000001,0.0,0.0,50.40303074900794,0.0409473917197732,0.6275448952189061,11.48423485420434,0.0409473917197732,0.6275448952189061,1.91403914236739,0.0409473917197732,0.6275448952189061,2.612497017649882,40.03818310139429,0.6925984533637559,2,0,0,0,1,0,0,0,0,0,0,0,1,0,1,0,0,0,0,0,0,0,0,0,0,0
98.49404828365742,8.634775754327862,7.882599978138217,1.5583449214768352,0.0,203580.46479691248,0.1257396113368676,2.191382,1.540438,1.296999,111.532049,0.013489,0.0,100.50413090169124,0.0648655542420867,0.6725622367390967,22.899675395322053,0.0648655542420867,0.6725622367390967,3.816612565887009,0.0648655542420867,0.6725622367390967,8.252222980452457,85.56364946931699,0.4559961670602882,3,0,0,0,0,0,0,0,0,1,0,0,1,0,1,0,0,0,0,0,0,0,0,0,0,0
330.24910934212966,0.9396444447606588,9.982187706789524,1.4506454017522523,0.0,123468.01188736512,0.1218444912893166,2.418519,1.372838,0.3932,151.534174,61.920227,0.0,336.98888708380576,0.0755942507376418,0.885050884711412,76.7822780697279,0.0755942507376418,0.885050884711412,12.797046344954648,0.0755942507376418,0.885050884711412,32.246104336724166,377.53457297650175,0.3424148273021299,0,0,0,1,0,0,0,0,0,0,0,1,0,0,0,0,0,0,0,0,0,0,1,0,0,0
48.69873423268518,1.4035061207606638,8.19452569924956,0.9700639257185178,0.0,91619.72110592776,0.1062428262218725,1.443505,1.418216,0.4669399999999999,125.003342,40.16757,0.018975,49.69258595171958,0.0016879689651103,0.6269065392551986,11.322361356088004,0.0016879689651103,0.6269065392551986,1.8870602260146672,0.0016879689651103,0.6269065392551986,0.1061766365602311,39.43367985523293,0.9036169814695096,0,0,0,1,0,0,0,0,0,0,0,0,1,0,0,0,0,0,0,0,0,0,0,0,1,0
2.671773,8.416261147537963,9.43195899556295,1.6941718106075443,0.0,172801.67086330935,0.1382146989234345,1.543732,0.388393,1.193231,608.323073,0.3068929999999999,0.0,69.40463005541385,0.0476850715296433,0.6446184022436909,15.8137131771829,0.0476850715296433,0.6446184022436909,2.6356188628638164,0.0476850715296433,0.6446184022436909,4.189322466684609,56.63228067675357,0.1664907478691828,2,0,0,1,0,0,0,0,0,0,0,0,1,0,1,0,0,0,0,0,0,0,0,0,0,0
30.26239534555556,4.215981341094422,10.021985489687474,1.7987181445677505,0.0,190129.0245803357,0.1373405794409825,0.976658,1.20622,2.114286,158.795712,1.137064,0.0,30.879995250566896,0.0346051361918503,0.6100028621324919,7.035948284939293,0.0346051361918503,0.6100028621324919,1.172658047489882,0.0346051361918503,0.6100028621324919,1.3526663813285555,23.844158842384257,0.8302583388489888,3,0,0,0,0,0,1,0,0,0,0,0,0,1,0,0,0,1,0,0,0,0,0,0,0,0
38.58115294976852,5.620524638562466,9.526502026070794,2.3334853479044613,0.0,182818.04509517387,0.1344846593890544,1.071336,1.35197,3.2860970000000003,138.182943,1.088018,0.0,39.36852341813114,0.0379783158343282,0.6176300593468933,8.970043310460259,0.0379783158343282,0.6176300593468933,1.4950072184100431,0.0379783158343282,0.6176300593468933,1.8925952105125745,30.778713234354296,0.8067515489456395,2,0,0,0,1,0,0,0,0,0,0,0,1,0,1,0,0,0,0,0,0,0,0,0,0,0
19.537017355462964,1.7345582750632609,6.79258377546315,0.9585039276870893,0.0,80920.55089366007,0.1051991449923609,0.870489,1.219109,1.180595,157.301321,1.134785,0.0,19.93573199537037,0.0060771318890226,0.6001691132698002,4.542318682489452,0.0060771318890226,0.6001691132698002,0.7570531137482418,0.0060771318890226,0.6001691132698002,0.1533570539747772,15.145329865880786,0.8468207046762468,1,0,0,0,0,0,0,0,0,1,1,0,0,0,0,0,0,0,0,0,0,0,0,0,1,0
53.50097738444445,0.4907126040767423,5.860315377763707,1.7099954401560538,0.0,179223.9042078837,0.137192654148709,1.713361,1.390269,0.6865100000000001,126.722204,0.020543,0.219088,54.59283406575964,0.0442480992119298,0.6313095591931069,12.438873584603462,0.0442480992119298,0.6313095591931069,2.07314559743391,0.0442480992119298,0.6313095591931069,3.057758402534372,43.62655444197108,0.5728457515761665,1,0,0,1,0,0,0,0,0,0,0,1,0,0,1,0,0,0,0,0,0,0,0,0,0,0
21.619793472777776,2.5741295453598747,6.663907298081213,2.059403160636088,0.0,217590.521011316,0.1268923118781986,0.8324739999999999,1.232735,2.557053,153.839943,0.920548,0.0,22.061013747732424,0.0311936272084616,0.60207874268275,5.026560094420046,0.0311936272084616,0.60207874268275,0.8377600157366742,0.0311936272084616,0.60207874268275,0.8710924540348255,16.813249898153924,0.0551278320329268,3,0,0,0,1,0,0,0,0,0,1,0,0,0,1,0,0,0,0,0,0,0,0,0,0,0
89.63383609662037,2.3481828287351045,9.823503570876818,1.644978288695109,0.0,139823.77754046762,0.1185815630735253,2.45686,1.569203,0.7201420000000001,82.725975,1.2586959999999998,0.0,91.4630980577759,0.036361444063465,0.6644385974978534,20.839693228354,0.036361444063465,0.6644385974978534,3.4732822047256664,0.036361444063465,0.6644385974978534,4.209785220125364,76.92609189407247,0.724875911828678,1,0,0,0,0,0,1,0,0,0,1,0,0,0,0,0,0,1,0,0,0,0,0,0,0,0
14.524693,0.5212328734157754,9.04856433914148,10.45953840317486,0.0,196902.4517198741,0.138597595284311,4.485937,0.298906,0.124624,784.754094,24.46338,0.0,377.3078567428665,0.1568629002162265,0.9212786885191678,85.96887875153921,0.1568629002162265,0.9212786885191678,14.328146458589869,0.1568629002162265,0.9212786885191678,74.9184869405754,440.0071992760078,0.4278804549263286,1,0,0,0,1,0,0,0,0,0,0,1,0,0,1,0,0,0,0,0,0,0,0,0,0,0
0.99127,3.8933195015795214,9.788999462585084,1.93989254044686,0.0,168329.08456984413,0.1385366789264072,0.915011,0.183271,0.4943369999999999,528.828938,5.826045,0.119144,25.750214421296302,0.0322058758005496,0.6053936001639674,5.86713746308017,0.0322058758005496,0.6053936001639674,0.9778562438466948,0.0322058758005496,0.6053936001639674,1.049757224670621,19.732930396838835,0.3832128098203234,3,0,0,0,1,0,0,0,0,0,1,0,0,0,1,0,0,0,0,0,0,0,0,0,0,0
63.92028040865739,2.785186501429807,9.42627677414343,1.256961786918503,0.0,169083.76661795564,0.1323888326684633,1.363934,1.392601,2.80958,131.99483999999998,1.134445,0.0,65.22477592720142,0.0097588187843142,0.6408626779138683,14.86134135050159,0.0097588187843142,0.6408626779138683,2.476890225083598,0.0097588187843142,0.6408626779138683,0.8057174285076758,52.91155008485863,0.7654401427295129,1,0,0,0,0,1,0,0,0,0,1,0,0,0,0,0,0,0,0,0,1,0,0,0,0,0
5.191716735972222,9.922428214292731,5.296151600724501,3.7030827223682863,0.0,183084.54777428057,0.1244541231533892,0.5955729999999999,1.152126,0.17831,164.541676,1.13708,0.498677,5.297670138747166,0.0249702012972615,0.5870163755497685,1.2070640822461896,0.0249702012972615,0.5870163755497685,0.2011773470410315,0.0249702012972615,0.5870163755497685,0.1674479617354538,3.9364799034248095,0.2075238108092391,3,0,0,0,0,0,1,0,0,0,0,0,1,0,1,0,0,0,0,0,0,0,0,0,0,0
33.75795831361111,0.643009880999867,6.089815828725874,2.5666267551678263,0.0,213042.33649955035,0.1348794506643887,0.833573,1.028268,0.292494,173.25753500000002,102.322713,0.0,34.446896238378685,0.059167486221349,0.6132078296770703,7.848659902415396,0.059167486221349,0.6132078296770703,1.3081099837358992,0.059167486221349,0.6132078296770703,2.5799193146234325,26.73810947018661,0.4964745250279233,0,0,0,0,1,0,0,0,0,0,0,1,0,0,0,0,0,0,0,0,0,0,0,1,0,0
47.23661083666666,3.9687195435988247,11.158446880267393,2.525769114494324,0.0,203639.6725119904,0.1357172574642465,1.6306040000000002,1.3878549999999998,0.2358469999999999,119.543785,1.137081,0.0,48.20062330272109,0.0415812197755822,0.625565966056194,10.98242049935417,0.0415812197755822,0.625565966056194,1.830403416559028,0.0415812197755822,0.625565966056194,2.5370135580639173,38.16793605174356,0.7759204358553432,2,0,0,0,0,0,0,1,0,0,1,0,0,0,0,0,0,1,0,0,0,0,0,0,0,0
20.2610018813426,4.320820021543572,7.197532570333504,1.9441080369251809,0.0,164809.59333782975,0.1273777873324547,0.935458,1.320217,0.278348,158.81331200000002,6.235858,0.0,20.67449171565571,0.0306658895014141,0.6008329110412681,4.710643682048136,0.0306658895014141,0.6008329110412681,0.7851072803413559,0.0306658895014141,0.6008329110412681,0.8025337701901262,15.72394309090633,0.9820888263438976,3,0,0,1,0,0,0,0,0,0,1,0,0,0,1,0,0,0,0,0,0,0,0,0,0,0
155.10737758555555,3.856495847519067,8.350159867490223,1.503040733383142,0.0,165798.36724370503,0.135484377811138,1.746172,1.431678,1.630633,130.955508,1.0883459999999998,0.0,158.27283427097507,0.0944566710596619,0.7244691497774992,36.06216477060191,0.0944566710596619,0.7244691497774992,6.010360795100318,0.0944566710596619,0.7244691497774992,18.923955752422632,145.14403250274475,0.8854762887296342,2,0,0,0,0,0,1,0,0,0,0,1,0,0,1,0,0,0,0,0,0,0,0,0,0,0
25.28363020981481,0.4047464392275261,4.369230928180887,0.443623736322069,0.0,94566.1749241232,0.110381105436767,1.045353,1.179337,0.828692,139.289501,1.136747,0.0,25.79962266307633,0.0116482990619172,0.6054379949514539,5.878395037156633,0.0116482990619172,0.6054379949514539,0.979732506192772,0.0116482990619172,0.6054379949514539,0.3804072410938353,19.77224280460383,0.8426934670887762,3,0,0,0,0,0,1,0,0,0,0,0,1,0,0,0,0,0,0,1,0,0,0,0,0,0
20.468938363194443,1.0620324451574603,4.710217497617506,0.8876747028004351,0.0,188929.51090377697,0.1324652682820098,0.921818,1.304873,1.963394,151.396446,0.0,0.0,20.886671799178004,0.0307464976394908,0.6010235612117154,4.758988511205114,0.0307464976394908,0.6010235612117154,0.793164751867519,0.0307464976394908,0.6010235612117154,0.8129012723674006,15.890356793167433,0.0981129366280754,2,0,0,0,1,0,0,0,0,0,0,0,1,0,0,0,0,1,0,0,0,0,0,0,0,0
57.75845648439815,21.49241525177761,8.892505887029268,1.936280422073474,0.0,164844.03130620503,0.1168075419640798,1.661027,1.507949,1.179047,108.26169,7.610189999999999,0.0,58.93720049428382,0.0460890180231389,0.6352131027601288,13.42872922654568,0.0460890180231389,0.6352131027601288,2.238121537757613,0.0460890180231389,0.6352131027601288,3.438427463056206,47.38947087844281,0.3648219734378204,2,0,0,0,0,0,0,0,0,1,1,0,0,0,1,0,0,0,0,0,0,0,0,0,0,0
82.24509019111112,0.4127287376555893,4.240915952540702,0.7498499404826611,0.0,168327.04071118106,0.1364696865066064,2.039406,1.339981,0.5138050000000001,151.618988,88.99550500000001,0.001538,83.92356141950114,0.038758241754965,0.6576640976422643,19.121824120898992,0.038758241754965,0.6576640976422643,3.1869706868164984,0.038758241754965,0.6576640976422643,4.117379344854024,69.865206698584,0.7380914397892734,0,0,0,1,0,0,0,0,0,0,0,0,1,0,0,0,0,0,0,0,0,0,1,0,0,0
216.232709609537,0.4198366454322275,9.722450608543928,6.211938197092472,0.0,178113.78392910672,0.1361431247896427,4.296905000000001,1.628043,0.737626,74.014117,1.307638,0.0,220.645622050548,0.1309713097931448,0.7805129707810788,50.27368603683372,0.1309713097931448,0.7805129707810788,8.378947672805618,0.1309713097931448,0.7805129707810788,36.580058379852495,217.99591133735737,0.9370725273379732,1,0,0,1,0,0,0,0,0,0,0,0,1,0,0,0,0,0,0,1,0,0,0,0,0,0
30.965326557222223,3.491938315707145,7.524717036482813,0.9098039839765152,0.0,160350.73572392086,0.1344552557709977,1.0353370000000002,1.328646,0.257585,143.368594,1.137051,0.2146429999999999,31.59727199716553,0.0,0.6106473568076132,7.199378429733919,0.0,0.6106473568076132,1.199896404955653,0.0,0.6106473568076132,0.0,24.42378560430424,0.5529198872045148,2,0,0,0,0,0,0,0,1,0,1,0,0,0,0,1,0,0,0,0,0,0,0,0,0,0
120.20737244134256,4.17251584569899,13.40054869937668,2.6760670658495784,0.0,272064.23304481414,0.1409412523468049,1.7797459999999998,1.388878,0.356142,137.911444,57.962375,0.0,122.66058412381896,0.1363214878035822,0.692470474652775,27.947981192768875,0.1363214878035822,0.692470474652775,4.657996865461478,0.1363214878035822,0.692470474652775,21.16616876280437,107.51751001190829,0.6058848469694679,0,0,0,1,0,0,0,0,0,0,0,1,0,0,0,0,0,0,0,0,0,0,0,0,0,1
34.58489278226852,0.8231123863793105,9.160053158263796,3.169571737591311,0.0,194307.6087754796,0.1291771323132,1.227755,1.291206,0.255586,154.976263,72.169898,0.0,35.29070692068216,0.0363469118226557,0.6139660188894405,8.040920564206061,0.0363469118226557,0.6139660188894405,1.3401534273676767,0.0363469118226557,0.6139660188894405,1.623681281778761,27.42695548339905,0.5508701824224178,0,0,0,0,1,0,0,0,0,0,0,0,1,0,0,0,0,0,0,1,0,0,0,0,0,0
72.35232368185184,4.806052136192505,6.384468743555265,1.488137036919308,0.0,176446.4368630096,0.132323340028167,1.521288,1.399025,2.502734,143.624769,1.465209,0.0,73.82890171617535,0.0525738672017023,0.648593743059035,16.821775074571597,0.0525738672017023,0.648593743059035,2.803629179095266,0.0525738672017023,0.648593743059035,4.913254271485748,60.61387811396429,0.468307410030817,3,0,0,0,0,0,0,0,0,1,0,0,1,0,1,0,0,0,0,0,0,0,0,0,0,0
12.241318443240742,2.675459597036421,11.82092548045609,2.1349832700024978,0.0,166274.40975344725,0.1309679763780223,0.7166170000000001,1.217063,1.856678,155.077689,1.136822,0.019277,12.491141268613,0.0275988539174095,0.5934799251640868,2.846082820696633,0.0275988539174095,0.5934799251640868,0.4743471367827721,0.0275988539174095,0.5934799251640868,0.4363812444736402,9.38385010798795,0.0877082234217861,0,0,0,0,0,0,1,0,0,0,0,0,0,1,0,1,0,0,0,0,0,0,0,0,0,0
200.0207921121296,3.365749718188096,12.460698367880402,2.5282901914285527,0.0,176240.59723471224,0.1384231213399832,3.159387,1.561674,2.130592,109.82672,0.372096,0.0,204.1028490940098,0.1208248678900392,0.7656487929964406,46.504446629014886,0.1208248678900392,0.7656487929964406,7.750741104835814,0.1208248678900392,0.7656487929964406,31.21607566805614,197.8115190581813,0.008216702493331,2,0,0,1,0,0,0,0,0,0,0,0,1,0,0,0,0,0,0,0,1,0,0,0,0,0
67.85811571990742,9.767057819046276,6.365084246765796,1.5523099942887717,0.0,280695.5248800959,0.1412303427533566,1.385884,1.345505,2.436083,146.420098,1.13441,0.0,69.24297522439532,0.0909864970234596,0.644473150528376,15.776880430874884,0.0909864970234596,0.644473150528376,2.6294800718124804,0.0909864970234596,0.644473150528376,7.974906024240424,56.48764353775232,0.921584309727164,3,0,0,0,0,0,0,0,0,1,1,0,0,0,0,0,0,0,0,0,0,0,0,1,0,0
36.92150517046296,12.358244371642884,9.423744702510696,1.3028190671254118,0.0,157378.22648755996,0.1292850180424088,1.214321,1.286542,2.436583,151.15971399999998,1.136759,0.0,37.67500527598262,0.0,0.6161083824906286,8.584178417312495,0.0,0.6161083824906286,1.4306964028854157,0.0,0.6161083824906286,0.0,29.38213488722981,0.7832277872380352,3,0,0,0,0,0,0,1,0,0,0,0,1,0,0,1,0,0,0,0,0,0,0,0,0,0
41.69101003675926,5.61748987865105,7.369673250390472,0.7485837033755488,0.0,108940.96248313849,0.1128643113824961,1.444266,1.304259,0.178514,123.666275,1.134769,0.587442,42.54184697628496,0.0,0.6204813857636013,9.693079057887712,0.0,0.6204813857636013,1.6155131763146184,0.0,0.6204813857636013,0.0,33.41319514530173,0.8041495086714309,0,0,0,0,1,0,0,0,0,0,0,0,1,0,0,1,0,0,0,0,0,0,0,0,0,0
29.91607214537037,0.587351042696898,2.8737211927807302,0.2769799327893222,0.0,123345.18054931056,0.1158847214310146,1.1527889999999998,1.294316,1.865594,160.192492,1.137032,0.0,30.52660422996977,0.006893321778544,0.6096853296987547,6.955428811891847,0.006893321778544,0.6096853296987547,1.1592381353153076,0.006893321778544,0.6096853296987547,0.2663667161562612,23.5590161576361,0.6579552188329278,2,0,0,0,0,0,1,0,0,0,0,0,0,1,0,0,0,0,0,0,0,1,0,0,0,0
1.735891,3.5907097831904458,6.017018636639455,1.13762728044455,0.0,164543.80583033574,0.1388360487757255,1.33237,0.437986,0.566695,519.7946469999999,1.076533,0.002657,45.09322935426116,0.0390646164293931,0.6227738793716843,10.274406688312668,0.0390646164293931,0.6227738793716843,1.712401114718778,0.0390646164293931,0.6227738793716843,2.229809757325145,35.547956175127,0.2277089069153519,2,0,1,0,0,0,0,0,0,0,1,0,0,0,1,0,0,0,0,0,0,0,0,0,0,0
44.2378755350926,8.290926494186731,9.130567552946168,1.4129099042581426,0.0,179012.63758992805,0.1284721801213795,1.363993,1.321158,2.398622,157.36521100000002,1.1355959999999998,0.0,45.14068932152306,0.0241933271731917,0.6228165235760681,10.285220351739431,0.0241933271731917,0.6228165235760681,1.7142033919565718,0.0241933271731917,0.6228165235760681,1.3824094501000104,35.58780657602321,0.0802726041193189,3,0,0,1,0,0,0,0,0,0,0,0,0,1,0,0,0,1,0,0,0,0,0,0,0,0
39.53384723972223,7.23681557950356,7.045720309662304,1.2422854305028344,0.0,198727.0488983813,0.1336675475862958,1.367065,1.386422,1.074091,134.398162,1.1361629999999998,0.019091,40.34066044869615,0.0507062556980992,0.6185035536329669,9.191542887044692,0.0507062556980992,0.6185035536329669,1.5319238145074483,0.0507062556980992,0.6185035536329669,2.5892706882807426,31.58334410559424,0.4911423508428854,3,0,0,1,0,0,0,0,0,0,0,0,1,0,0,0,0,0,0,0,0,0,0,0,0,1
50.32920777004629,2.741445097134268,7.621588099774697,1.0982938124407395,0.0,150066.0349970024,0.1253424964898782,1.721645,1.481966,1.180501,112.49967,1.135853,0.0,51.35633445923091,0.0171566338288279,0.6284014672016527,11.701443294508309,0.0171566338288279,0.6284014672016527,1.9502405490847177,0.0171566338288279,0.6284014672016527,1.1153187659592934,40.85113408136646,0.5746329289800982,2,0,0,0,0,0,0,1,0,0,0,0,0,1,0,0,0,0,1,0,0,0,0,0,0,0
145.0393365075463,2.5400514868523576,16.847484570327136,10.25670884381667,0.0,269092.2256070144,0.1437791132097907,1.721199,1.26105,0.350867,165.894079,127.21318,0.000183,147.99932296688397,0.1600145384900238,0.7152380916654342,33.72136472663179,0.1600145384900238,0.7152380916654342,5.620227454438631,0.1600145384900238,0.7152380916654342,29.97727007769864,133.99335864127892,0.2711125260571742,0,0,0,0,0,0,1,0,0,0,0,1,0,0,0,0,0,0,0,0,0,0,0,1,0,0
37.8401119299074,0.7135747278051124,1.4688379084177725,0.2571307969965237,0.0,269554.546893735,0.1403784550708546,1.2811549999999998,1.412364,1.443226,137.179745,5.30733,0.001232,38.61235911215041,0.0678136833153108,0.6169506230330405,8.79775270909756,0.0678136833153108,0.6169506230330405,1.4662921181829267,0.0678136833153108,0.6169506230330405,3.314488978339777,30.154327862046443,0.1537689782385284,1,0,0,1,0,0,0,0,0,0,0,1,0,0,0,0,0,0,0,0,0,0,0,1,0,0
86.67392341194444,1.088825029470652,4.143217101943293,0.8053214284155866,0.0,180939.31512290167,0.127802405157964,1.254481,1.348287,0.944784,155.908756,1.137004,0.0,88.44277899178005,0.0355202513650949,0.6617247502074841,20.151519263949883,0.0355202513650949,0.6617247502074841,3.3585865439916467,0.0355202513650949,0.6617247502074841,3.976594609133632,74.081994729103,0.2640048362050153,2,0,0,0,0,0,0,0,0,1,0,0,1,0,0,0,0,1,0,0,0,0,0,0,0,0
73.81798566393519,3.3968217580152644,9.095359775945722,2.6919476804401663,0.0,188718.48240782373,0.1208352735377758,1.599324,1.4029120000000002,2.613667,124.578853,0.0,0.0,75.32447516728081,0.0532400713058995,0.6499375606720568,17.16253864570955,0.0532400713058995,0.6499375606720568,2.8604231076182582,0.0532400713058995,0.6499375606720568,5.076304340487957,61.96988056851317,0.2408684058018038,3,0,0,0,1,0,0,0,0,0,0,1,0,0,1,0,0,0,0,0,0,0,0,0,0,0
41.78734104157408,6.466970079522625,9.049957043261266,1.7441646633960075,0.0,193954.19053507195,0.136446887408372,1.371243,1.454428,1.6891459999999998,129.089067,1.135895,0.0,42.640143919973546,0.0393018347942112,0.6205697085164138,9.71547582986739,0.0393018347942112,0.6205697085164138,1.6192459716445649,0.0393018347942112,0.6205697085164138,2.12131125562556,33.49516668799483,0.751249843616092,2,0,0,0,0,1,0,0,0,0,1,0,0,0,0,0,0,0,0,0,1,0,0,0,0,0
24.99817578143519,4.0272066836162725,6.26803778029746,1.1797445262078758,0.0,177995.73226731116,0.1242910225382097,0.724132,1.197545,3.954882,169.993088,0.0,0.0,25.50834263411754,0.0325159005600408,0.6051762711070336,5.812027435621718,0.0325159005600408,0.6051762711070336,0.9686712392702862,0.0325159005600408,0.6051762711070336,1.049907256382806,19.54056161700737,0.8059998859145472,2,0,0,1,0,0,0,0,0,0,1,0,0,0,1,0,0,0,0,0,0,0,0,0,0,0
58.378294567175935,1.2103412061286487,9.374595802179057,2.4131393572695248,0.0,213312.22793015587,0.1386642816255418,2.022184,1.435238,0.161997,98.345001,1.135665,0.199666,59.569688333852994,0.0463589514753571,0.6357814120586169,13.57284037986524,0.0463589514753571,0.6357814120586169,2.262140063310873,0.0463589514753571,0.6357814120586169,3.4956813808496703,47.94088679087187,0.2412034541538131,1,0,0,0,0,0,0,0,1,0,0,0,1,0,1,0,0,0,0,0,0,0,0,0,0,0
36.05009653018518,1.382691868346372,9.493796932897409,2.1681732452816243,0.0,164604.0272032374,0.134894407785339,1.319652,1.1697620000000002,0.105421,124.961913,0.37145,0.104742,36.785812785903246,0.0369427034611492,0.6153094163625176,8.38157759678808,0.0369427034611492,0.6153094163625176,1.39692959946468,0.0369427034611492,0.6153094163625176,1.7202118649708558,28.651464551537927,0.6196179077456527,2,0,0,0,0,0,1,0,0,0,0,0,0,1,0,0,1,0,0,0,0,0,0,0,0,0
5.259094,10.793178523473031,10.836140371912675,2.6248557250276745,0.0,180406.24138189448,0.1381333024381733,2.2148790000000003,0.350912,0.5169520000000001,722.286614,0.958942,0.0,136.6154510494142,0.0715170124265024,0.7050093412314301,31.12757112518298,0.0715170124265024,0.7050093412314301,5.187928520863829,0.0715170124265024,0.7050093412314301,12.36750494981416,121.91793562833188,0.5409690492289422,3,1,0,0,0,0,0,0,0,0,0,1,0,0,1,0,0,0,0,0,0,0,0,0,0,0
2.313091,4.062239476530958,12.385645436440155,3.288311889989199,0.0,184205.3084719724,0.1387557493661233,1.7306,0.39985,0.413312,665.86914,0.0,0.0,60.08715004587113,0.0443812339985572,0.6362463669307166,13.690743048426333,0.0443812339985572,0.6362463669307166,2.281790508071055,0.0443812339985572,0.6362463669307166,3.3756226158129423,48.39269736190677,0.5827945232169014,2,0,0,0,1,0,0,0,0,0,0,0,1,0,1,0,0,0,0,0,0,0,0,0,0,0
43.12879610703704,0.5640249048991741,7.724632983585056,6.610128639127425,0.0,219076.4070368705,0.136999553592085,1.456785,1.388796,0.18056,145.404073,103.673157,0.0,44.00897561942555,0.0654890911949677,0.6217996448633224,10.02736153354,0.0654890911949677,0.6217996448633224,1.6712269222566662,0.0654890911949677,0.6217996448633224,3.648237743971737,34.63894355817395,0.4827658073132026,0,0,0,0,0,0,0,0,0,1,0,0,1,0,0,0,0,0,0,0,0,0,0,1,0,0
24.11632958513889,4.430939337618345,7.689825587993045,1.257016259560482,0.0,166345.84637290167,0.1322734070052917,1.036285,0.918321,0.394399,146.023861,0.0,1.613302,24.608499576672337,0.021826908111081,0.6043677351246274,5.606999903545596,0.021826908111081,0.6043677351246274,0.9344999839242658,0.021826908111081,0.6043677351246274,0.6799081759640554,18.82605462527697,0.1440737020201733,2,0,0,1,0,0,0,0,0,0,0,1,0,0,0,0,0,0,0,0,0,0,1,0,0,0
30.4042442775926,1.5372833307090994,5.45982030713015,1.3247035101449176,0.0,231428.1386952937,0.1237130417204875,1.154451,1.2767620000000002,0.3358219999999999,148.21873,0.01348,0.018062,31.02473905876796,0.0346619188785173,0.6101329187864747,7.068927886807888,0.0346619188785173,0.6101329187864747,1.1781546478013143,0.0346619188785173,0.6101329187864747,1.3612366942812464,23.961031134828907,0.3964173599584625,3,0,0,1,0,0,0,0,0,0,0,1,0,0,1,0,0,0,0,0,0,0,0,0,0,0
62.03563965351852,2.4486337776521414,6.073440184124368,0.867152121998995,0.0,101021.51626667417,0.1177662273676847,1.943177,1.336543,1.018602,137.83116,1.134996,0.277155,63.30167311583523,0.0171222956856662,0.6391347123447714,14.423166026392837,0.0171222956856662,0.6391347123447714,2.403861004398806,0.0171222956856662,0.6391347123447714,1.3719872968186355,51.21303371877481,0.1284585859376117,2,0,0,0,0,0,1,0,0,0,0,0,1,0,0,0,0,0,0,1,0,0,0,0,0,0
24.155534063842595,1.2145924189036412,10.706860597185091,6.445008575630417,0.0,200630.07698216423,0.1283427433287211,0.966233,1.324309,0.312061,145.55459399999998,80.08131800000001,0.0016179999999999,24.64850414677816,0.032184741563118,0.6044036804310046,5.616114868886163,0.032184741563118,0.6044036804310046,0.9360191448143604,0.032184741563118,0.6044036804310046,1.0041844757993652,18.857780535989363,0.416286302268503,0,0,0,0,0,0,1,0,0,0,0,1,0,0,1,0,0,0,0,0,0,0,0,0,0,0
24.975620477453703,2.4013849323887904,7.072388222463411,1.0424058907609477,0.0,100135.5160933753,0.1263267489181433,0.831507,1.1514719999999998,0.527358,160.272871,1.135555,0.056579,25.485327017809905,0.0,0.6051555908853127,5.80678337114656,0.0,0.6051555908853127,0.9677972285244266,0.0,0.6051555908853127,0.0,19.52226345616225,0.868913556256073,3,0,0,0,0,0,1,0,0,0,0,0,0,1,0,1,0,0,0,0,0,0,0,0,0,0
1.120535,5.422339024875376,7.910011212602794,1.4552028552948428,0.0,170916.0556242506,0.1389021870079372,0.984956,0.351731,0.272935,510.749167,0.0,0.066149,29.10813049579554,0.033396542068876,0.6084107884943871,6.632232264864806,0.033396542068876,0.6084107884943871,1.105372044144134,0.033396542068876,0.6084107884943871,1.2305201324673016,22.417342565246173,0.7006547563571651,3,0,0,1,0,0,0,0,0,0,0,1,0,0,1,0,0,0,0,0,0,0,0,0,0,0
15.545288614722224,3.6494981605086094,6.775466733699222,1.3248337868878024,0.0,145713.65698066546,0.1249045537923165,0.79803,1.1965629999999998,1.334923,157.965405,1.134431,0.0,15.86253940277778,0.0288525360460516,0.5965092275295779,3.6142494841772153,0.0288525360460516,0.5965092275295779,0.6023749140295358,0.0288525360460516,0.5965092275295779,0.5793347973424806,11.977406488365144,0.3373412432717897,3,0,0,0,0,0,1,0,0,0,0,1,0,0,1,0,0,0,0,0,0,0,0,0,0,0
24.769415102453703,31.65793704872223,6.666205149474475,1.7456149258058993,0.0,187101.3434689748,0.13177374939767,1.021799,1.435729,0.64904,135.967245,4.753067,0.0,25.27491336985072,0.0324259083154453,0.604966527910212,5.758841020978646,0.0324259083154453,0.604966527910212,0.959806836829774,0.0324259083154453,0.604966527910212,1.037420283052661,19.35503365137973,0.3390352410910056,3,0,0,1,0,0,0,0,0,0,1,0,0,0,1,0,0,0,0,0,0,0,0,0,0,0
12.450604170138888,0.5662465675551683,3.595090014757298,1.1888785957575416,0.0,186562.0102105816,0.1298659796730505,0.741996,1.198527,0.31279,169.234838,0.920185,0.0,12.704698132794784,0.0276778559557968,0.5936718124132601,2.894741346712736,0.0276778559557968,0.5936718124132601,0.4824568911187892,0.0276778559557968,0.5936718124132601,0.4451124112422465,9.547368565391947,0.0759347023445925,3,0,0,0,0,0,1,0,0,0,1,0,0,0,1,0,0,0,0,0,0,0,0,0,0,0
90.29567897800926,1.6755709791069122,12.401331670564428,3.5511221828506434,0.0,183123.8029170413,0.1258683278799343,2.590735,1.302704,1.6937369999999998,77.527425,0.056107,0.0,92.13844793674414,0.0609174147938991,0.6650454196246027,20.99357041596702,0.0609174147938991,0.6650454196246027,3.4989284026611696,0.0609174147938991,0.6650454196246027,7.104855761302186,77.5648769261413,0.8340420458928661,1,0,0,1,0,0,0,0,0,0,1,0,0,0,1,0,0,0,0,0,0,0,0,0,0,0
49.97051224736111,2.679457782984352,9.170375494648226,1.4829306935520767,0.0,151290.81103866905,0.126050912174318,1.524652,1.416865,2.237908,130.203912,1.134476,0.0,50.99031861975623,0.0289983976455019,0.6280725909894096,11.618047280450789,0.0289983976455019,0.6280725909894096,1.936341213408464,0.0289983976455019,0.6280725909894096,1.871693082793081,40.53876143150105,0.6356232852405805,1,0,0,0,0,0,1,0,0,0,0,0,1,0,0,0,0,0,0,0,0,0,0,0,1,0
99.61768937523148,0.5448512675093232,7.490110786126958,1.6484855459176666,0.0,173565.7478454736,0.1393203746071822,2.454427,1.509258,0.539299,104.711453,7.118567,0.0,101.65070344411376,0.0654133173804099,0.6735924665656395,23.16091977207656,0.0654133173804099,0.6735924665656395,3.860153295346092,0.0654133173804099,0.6735924665656395,8.416847754850311,86.67233931778853,0.9636093489125944,1,0,0,0,0,0,0,0,1,0,0,0,1,0,0,0,1,0,0,0,0,0,0,0,0,0
28.49177852555556,1.4218879200571732,8.69389200667969,1.231331727487578,0.0,144022.1387702338,0.1349733603461612,0.956554,1.2426780000000002,0.2329909999999999,143.17325,1.136815,0.2480429999999999,29.07324339342404,0.0121017642477009,0.6083794413862933,6.624283304830793,0.0121017642477009,0.6083794413862933,1.1040472174717986,0.0121017642477009,0.6083794413862933,0.4453639714724625,22.38932098098615,0.9496880056283526,1,0,0,0,0,0,0,0,1,0,1,0,0,0,0,0,0,0,0,1,0,0,0,0,0,0
30.85277915439815,3.359404376942477,11.522457310335811,2.109486704107097,0.0,168678.5045338729,0.1389623316322013,1.167274,1.288301,1.057585,133.269769,0.372405,0.0,31.482427708569546,0.0348416371331802,0.610544165768981,7.173211376636098,0.0348416371331802,0.610544165768981,1.1955352294393495,0.0348416371331802,0.610544165768981,1.388480154801974,24.33090197684917,0.2291701958362476,2,0,0,0,0,0,1,0,0,0,0,1,0,0,0,0,0,0,0,1,0,0,0,0,0,0
33.47874096138889,10.527010785589972,5.1142396795378025,1.0618025997845677,0.0,265676.854709982,0.1404834961523112,1.254315,1.29227,1.71335,151.913954,0.0,0.0,34.161980572845806,0.0646180644218814,0.6129518244041191,7.7837424090028415,0.0646180644218814,0.6129518244041191,1.2972904015004734,0.0646180644218814,0.6129518244041191,2.794279824601533,26.50588394605558,0.0923652298832653,3,0,0,1,0,0,0,0,0,0,0,1,0,0,0,0,0,0,0,0,0,0,0,1,0,0
0.763541,4.282993353242211,6.61438468205843,1.0784867981926711,0.0,168209.16151453837,0.13887475606063,0.670121,0.294527,1.315766,553.142596,1.322661,0.332298,19.83449965140779,0.0301082527887544,0.6000781529717794,4.519253085130889,0.0301082527887544,0.6000781529717794,0.7532088475218147,0.0301082527887544,0.6000781529717794,0.7559267461304408,15.06613913409644,0.8618330570763174,2,1,0,0,0,0,0,0,0,0,0,1,0,0,1,0,0,0,0,0,0,0,0,0,0,0
24.13751018662037,0.3428993338553739,2.5175604531519133,0.4039555948129374,0.0,172220.0540598771,0.1255024870415385,1.0256040000000002,1.324473,0.1742109999999999,131.82584599999998,1.136125,0.052546,24.63011243532691,0.0257421344018178,0.6043871549265143,5.611924352352967,0.0257421344018178,0.6043871549265143,0.935320725392161,0.0257421344018178,0.6043871549265143,0.8025717273950259,18.8431944054524,0.7159230398004791,1,0,0,0,1,0,0,0,0,0,1,0,0,0,0,0,1,0,0,0,0,0,0,0,0,0
20.107264318425926,2.221985636855201,5.941002490137406,0.985118689904396,0.0,150858.17387027878,0.1312820702898416,0.916498,1.246401,1.5883200000000002,166.292408,0.370278,0.0,20.51761665145503,0.0306063272516578,0.6006919540898319,4.674899996534057,0.0306063272516578,0.6006919540898319,0.7791499994223428,0.0306063272516578,0.6006919540898319,0.7948973286816422,15.600971189403282,0.0755213612324223,2,0,0,0,0,0,1,0,0,0,0,0,0,1,1,0,0,0,0,0,0,0,0,0,0,0
1.577443,45.47911007312848,7.542666900643914,1.6588806274840586,0.0,168309.59841501797,0.1388519363258954,1.109904,0.461309,0.758844,523.168104,0.928768,0.0,40.97722667625661,0.0376051441137332,0.6190755274854168,9.336583293324292,0.0376051441137332,0.6190755274854168,1.5560972155540485,0.0376051441137332,0.6190755274854168,1.950575334862968,32.111390151257034,0.0192795556479313,3,1,0,0,0,0,0,0,0,0,0,1,0,0,1,0,0,0,0,0,0,0,0,0,0,0
34.44141457319444,1.6133297731836351,12.012061034461006,2.6728202979341686,0.0,216852.2002960132,0.1404285089467926,1.161811,1.404549,0.530291,121.195613,1.137109,0.0,35.14430058489229,0.0362887160961024,0.6138344684045433,8.007562158583054,0.0362887160961024,0.6138344684045433,1.3345936930971751,0.0362887160961024,0.6138344684045433,1.6143563877484115,27.307320337945367,0.5509516788331184,1,0,0,1,0,0,0,0,0,0,0,1,0,0,1,0,0,0,0,0,0,0,0,0,0,0
29.883944838796296,0.5519959950189797,4.246969364529891,0.1793539558561871,0.0,90207.09097721822,0.124570723926778,0.989251,1.304136,0.042029,145.435334,2.177878,0.0551399999999999,30.49382126407785,0.0,0.6096558732204118,6.947959275359511,0.0,0.6096558732204118,1.1579932125599184,0.0,0.6096558732204118,0.0,23.53257877288424,0.1370476508003858,1,0,0,1,0,0,0,0,0,0,0,1,0,0,0,1,0,0,0,0,0,0,0,0,0,0
51.97610136504628,0.5841210518809531,8.007141488347408,1.1935182806970976,0.0,144703.8443682554,0.1276619327690104,1.582302,1.439207,1.149193,137.621606,1.135674,0.0,53.03683812759825,0.0174377365473146,0.6299114501627908,12.084342864516056,0.0174377365473146,0.6299114501627908,2.014057144086009,0.0174377365473146,0.6299114501627908,1.1706865956602903,42.28925521139825,0.7206437998442136,1,0,0,0,0,1,0,0,0,0,0,0,0,1,0,0,0,0,1,0,0,0,0,0,0,0
13.78643313833333,2.856380477226038,7.127863997178112,1.1984866281136048,0.0,153118.96361660672,0.133611675771735,0.7792819999999999,1.223733,0.730757,157.58830600000002,0.370881,0.0,14.067788916666665,0.0191224500897772,0.5948965903752925,3.205318993670885,0.0191224500897772,0.5948965903752925,0.5342198322784808,0.0191224500897772,0.5948965903752925,0.3405197359904813,10.593518557777632,0.2530700877384818,2,0,0,0,1,0,0,0,0,0,0,0,1,0,0,0,0,0,0,0,0,0,1,0,0,0
84.83004004018517,1.7261183639224484,10.939413580677206,2.012559740377559,0.0,165505.21040355216,0.1162922792404675,1.819821,1.473537,0.156822,120.042457,90.08897,7.3e-05,86.56126534712773,0.0395787142567816,0.6600341537523546,19.722819952510115,0.0395787142567816,0.6600341537523546,3.287136658751685,0.0395787142567816,0.6600341537523546,4.336688084657492,72.32074876091704,0.4379264409578804,0,0,0,0,1,0,0,0,0,0,0,1,0,0,0,0,0,0,0,0,0,1,0,0,0,0
263.0631467723611,0.4780030459951725,6.069193203100483,3.06835207679003,0.0,173804.00601393884,0.1387736147506345,3.41695,1.512204,0.963419,127.825711,21.16374,0.0,268.43178242077664,0.1621534866229175,0.8234502694585404,61.161671943974426,0.1621534866229175,0.8234502694585404,10.193611990662404,0.1621534866229175,0.8234502694585404,55.09765751890292,279.7977513488922,0.5782518579517613,1,0,0,0,1,0,0,0,0,0,0,0,1,0,0,0,1,0,0,0,0,0,0,0,0,0
36.17845301175926,0.9819725414545988,8.232241483043424,0.6896707993760097,0.0,51983.89071164943,0.1018783138435092,1.30486,1.398002,0.6163810000000001,143.98838,1.134498,0.0,36.91678878750945,0.0,0.6154271022292408,8.411420230065444,0.0,0.6154271022292408,1.4019033716775735,0.0,0.6154271022292408,0.0,28.75897765456439,0.168595842575385,0,0,0,0,0,0,0,0,0,1,1,0,0,0,0,1,0,0,0,0,0,0,0,0,0,0
46.46341705277778,40.22322831222479,6.915668934655132,2.8554123605755595,0.0,285770.77302532975,0.1451854878138724,1.514317,1.471491,1.22965,120.1523,1.135319,0.0,47.41165005385488,0.0808607911995397,0.6248570499228902,10.802654442650478,0.0808607911995397,0.6248570499228902,1.8004424071084129,0.0808607911995397,0.6248570499228902,4.852839918266336,37.500637702061006,0.1982522624895644,3,0,0,1,0,0,0,0,0,0,0,1,0,0,0,0,0,0,0,0,0,0,0,1,0,0
28.34980230625,0.4741863639806386,2.2457670432200536,0.155510021958777,0.0,186652.08505695444,0.1382023197033708,0.940408,1.247097,0.090794,161.344457,183.661443,0.011353,28.928369700255104,0.0135368040546605,0.6082492680267702,6.591274108918884,0.0135368040546605,0.6082492680267702,1.098545684819814,0.0135368040546605,0.6082492680267702,0.4956932560166246,22.27298695618729,0.8564793036779229,0,0,0,0,0,0,0,0,1,0,1,0,0,0,0,0,0,0,1,0,0,0,0,0,0,0
141.33553156819443,0.5499350453237836,10.123532622266444,2.462335142014409,0.0,129034.48789718225,0.1202098870877739,2.089569,1.313466,0.370407,157.471676,160.92679099999998,0.0,144.219930171627,0.0310175993720932,0.711842193857112,32.86023725429476,0.0310175993720932,0.711842193857112,5.476706209049126,0.0310175993720932,0.711842193857112,5.662475969031372,129.95168543201325,0.5448226021160034,0,0,0,0,0,0,0,0,0,1,1,0,0,0,0,0,0,0,0,0,0,0,1,0,0,0
1.144265,0.7618904571167285,3.4472759470379324,1.3083416340019491,0.0,163374.32332883694,0.1389359328136455,1.052648,0.285607,0.150126,515.213256,15.820586,0.0,29.724564553335217,0.0336151202651966,0.6089646729881083,6.772685594430809,0.0336151202651966,0.6089646729881083,1.1287809324051346,0.0336151202651966,0.6089646729881083,1.2648035598619798,22.91292371257683,0.3624950834447087,1,0,1,0,0,0,0,0,0,0,1,0,0,0,1,0,0,0,0,0,0,0,0,0,0,0
6.716554,4.117359245995537,9.545799972342072,2.456360684881965,0.0,175164.29288444246,0.1389139639638024,2.129013,0.356477,0.792605,694.376504,0.0,0.0,174.47588010553665,0.0849417481201161,0.7390280725512278,39.753997998729865,0.0849417481201161,0.7390280725512278,6.625666333121644,0.0849417481201161,0.7390280725512278,18.75985602653173,163.21844731781502,0.1515622922358047,2,0,0,0,1,0,0,0,0,0,1,0,0,0,1,0,0,0,0,0,0,0,0,0,0,0
41.76030522574074,2.669168267890418,13.49993287459266,2.977072077117664,0.0,181919.2053544664,0.1378533660257749,1.45369,1.040584,0.036073,136.13621,4.757624,0.8498870000000001,42.61255635279668,0.0392906198501234,0.6205449202596783,9.709190055067598,0.0392906198501234,0.6205449202596783,1.618198342511266,0.0392906198501234,0.6205449202596783,2.1193338639236687,33.47215871393325,0.3131906521736196,1,0,0,0,1,0,0,0,0,0,0,0,1,0,1,0,0,0,0,0,0,0,0,0,0,0
44.35862023800926,3.491448345801813,7.613284589003602,1.0599622735016638,0.0,173238.92058228416,0.1386866052623847,1.281867,1.291697,2.46833,146.093061,1.135317,0.0,45.26389820205026,0.0144130488081798,0.6229272304514882,10.313293261226642,0.0144130488081798,0.6229272304514882,1.71888221020444,0.0144130488081798,0.6229272304514882,0.8258111063729551,35.691284489166165,0.6145529255186281,2,0,0,0,0,1,0,0,0,0,0,0,1,0,0,0,0,0,0,1,0,0,0,0,0,0
0.651863,4.617730462293831,7.70202924650636,1.5559442552159444,0.0,165123.0410858813,0.1390053206424919,0.556736,0.302465,0.380635,513.124411,0.886911,0.0,16.933440962915718,0.0290795812418225,0.5974714647084086,3.858252371297252,0.0290795812418225,0.5974714647084086,0.6430420618828753,0.0290795812418225,0.5974714647084086,0.6233131293477387,12.806642752742556,0.2476814102888588,3,0,0,0,1,0,0,0,0,0,0,1,0,0,1,0,0,0,0,0,0,0,0,0,0,0
89.4786729162963,0.6386751478595986,3.9327516364250825,1.0499688372623437,0.0,232462.55752585432,0.13904393580463,2.488126,1.5112219999999998,1.222459,99.970703,1.136714,0.0,91.304768281935,0.1089515454397864,0.664296333444367,20.803618089554814,0.1089515454397864,0.664296333444367,3.467269681592468,0.1089515454397864,0.664296333444367,12.592146342200524,76.77648455148983,0.0699616926250633,2,0,0,0,0,0,0,0,0,1,1,0,0,0,0,0,0,0,0,0,0,0,0,1,0,0
51.552336590694445,0.8667707378915745,6.981311183467471,0.6458192197538966,0.0,119699.78273006594,0.1294429050021463,1.446842,1.385891,2.0914080000000004,141.249768,1.136837,0.0,52.60442509254536,0.0,0.6295229140784048,11.985818375516663,0.0,0.6295229140784048,1.997636395919444,0.0,0.6295229140784048,0.0,41.91859617427634,0.9834682861244368,1,0,0,1,0,0,0,0,0,0,0,1,0,0,0,1,0,0,0,0,0,0,0,0,0,0
26.248009471018523,0.2343143835234985,2.5736520013077366,0.1856453543086703,0.0,120311.6646901229,0.1336332410841965,0.792164,1.28245,0.305196,170.30481799999998,107.191593,0.003949,26.78368313369237,0.0117841220782314,0.6063222028061166,6.102611346917249,0.0117841220782314,0.6063222028061166,1.0171018911528746,0.0117841220782314,0.6063222028061166,0.39952176171152,20.55638197073593,0.2050800250191331,0,0,0,0,0,0,1,0,0,0,0,0,0,1,0,0,0,0,0,1,0,0,0,0,0,0
35.87601846175926,0.3592493159951066,7.812919955173556,0.5055708402066493,0.0,83307.87449415468,0.1159017768820269,1.210113,1.238177,0.773604,120.750131,1.135666,0.0,36.60818210383598,0.0,0.6151498098657597,8.3411047831525,0.0,0.6151498098657597,1.3901841305254168,0.0,0.6151498098657597,0.0,28.505716785703555,0.5785997236565139,1,0,0,1,0,0,0,0,0,0,1,0,0,0,0,1,0,0,0,0,0,0,0,0,0,0
71.59980135037037,0.2211265055645855,3.5031973023494656,0.394311428891955,0.0,141814.7505995204,0.1198243556602252,2.136696,1.554227,0.421811,91.485221,1.136098,0.0,73.06102178609221,0.0186471358263643,0.6479037799054574,16.646815090502024,0.0186471358263643,0.6479037799054574,2.774469181750337,0.0186471358263643,0.6479037799054574,1.724530122605347,59.91963566957483,0.559501518436054,1,0,0,0,0,0,0,0,0,1,1,0,0,0,0,0,0,0,0,0,0,0,0,0,1,0
32.16572187171296,1.843202009046678,4.996188763520129,0.6556229896539693,0.0,206661.7590490108,0.1360151643197027,1.028304,1.319317,0.8051,162.28098500000002,1.134939,0.0,32.82216517521731,0.0282953375989279,0.611747960074888,7.478468014606475,0.0282953375989279,0.611747960074888,1.2464113357677458,0.0282953375989279,0.611747960074888,1.1755876510893022,25.41631973567116,0.8191075349214909,2,0,0,1,0,0,0,0,0,0,0,0,0,1,0,0,1,0,0,0,0,0,0,0,0,0
41.97190758092593,3.697646354028075,9.596657969111162,1.4258153734447288,0.0,205861.2584120204,0.1362933137362523,1.253282,1.326232,1.954835,135.24333700000005,1.136156,0.0,42.8284771233938,0.0393784210975562,0.620738931549683,9.758387192672004,0.0393784210975562,0.620738931549683,1.6263978654453342,0.0393784210975562,0.620738931549683,2.134832667255765,33.652282442374066,0.4117993493698688,3,0,0,1,0,0,0,0,0,0,0,0,0,1,0,1,0,0,0,0,0,0,0,0,0,0
30.80927236601852,4.509680344046449,7.469051314200715,1.043459165582268,0.0,143562.3577918915,0.1348489029623335,1.023659,1.210557,1.249811,153.033801,1.1356,0.0,31.43803302654951,0.0124322371592076,0.6105042758153455,7.163096132631534,0.0124322371592076,0.6105042758153455,1.1938493554385887,0.0124322371592076,0.6105042758153455,0.4947406106393233,24.29500453915509,0.222262031571696,2,0,0,0,0,0,1,0,0,0,0,0,1,0,0,0,0,0,0,1,0,0,0,0,0,0
34.01920270351852,12.93183631633969,3.777438799254328,0.7882159783971682,0.0,105549.9111538894,0.111605107391195,1.26458,1.262277,1.130348,154.652918,1.135002,0.0,34.71347214644747,0.012893988778527,0.6134473561277474,7.909398716912082,0.012893988778527,0.6134473561277474,1.318233119485347,0.012893988778527,0.6134473561277474,0.5665761016708906,26.955554063610634,0.3282516518683941,3,0,0,0,0,0,0,0,0,1,0,0,1,0,0,0,0,0,0,1,0,0,0,0,0,0
29.12551637805556,7.905452627072231,7.513889391645253,0.8830931619774524,0.0,63121.452925940495,0.1006363089279019,1.161089,1.3167799999999998,1.155346,127.107388,0.0,0.5512,29.719914671485267,0.0,0.6089604949297697,6.771626127680187,0.0,0.6089604949297697,1.1286043546133644,0.0,0.6089604949297697,0.0,22.90918221217492,0.5279977825145613,0,0,0,0,1,0,0,0,0,0,0,0,1,0,0,1,0,0,0,0,0,0,0,0,0,0
43.85601372953704,0.6119923004858213,4.053786680852767,0.6414460967198836,0.0,172466.07838729018,0.1359906183372584,1.513708,1.274103,0.60577,164.51514699999998,72.12674,0.0025859999999999,44.75103441789494,0.0401627075711284,0.6224664069555111,10.196438221798848,0.0401627075711284,0.6224664069555111,1.6994063702998077,0.0401627075711284,0.6224664069555111,2.2750920364954688,35.260779242594275,0.4784295196414784,0,0,0,1,0,0,0,0,0,0,0,1,0,0,1,0,0,0,0,0,0,0,0,0,0,0
39.19253915791666,4.840093034634487,9.904713188143942,2.39416859197102,0.0,198129.91569244603,0.1367530375897741,1.167246,1.304505,2.880776,153.989739,0.369719,0.0,39.99238689583333,0.0382296906053469,0.6181906193975131,9.112189419303796,0.0382296906053469,0.6181906193975131,1.5186982365506323,0.0382296906053469,0.6181906193975131,1.9353121235405544,31.29483345103821,0.8745795482925488,3,0,0,1,0,0,0,0,0,0,0,0,0,1,0,0,1,0,0,0,0,0,0,0,0,0
35.852393944722216,0.4353672401796428,2.729320609312264,0.3194496645558652,0.0,174265.35630245804,0.1387521605625998,1.208433,1.260109,0.1358869999999999,163.58666200000002,91.023233,0.0,36.58407545379818,0.0368621532648339,0.6151281493175013,8.335612128713509,0.0368621532648339,0.6151281493175013,1.389268688118918,0.0368621532648339,0.6151281493175013,1.7070478435824763,28.4859425675781,0.7211714396240451,0,0,0,1,0,0,0,0,0,0,1,0,0,0,0,0,0,1,0,0,0,0,0,0,0,0
42.30700404402777,14.942314583254303,6.337389094080571,1.7565585242615616,0.0,177344.14994566847,0.1236890064958902,1.3529520000000002,1.3968969999999998,3.745772,114.939336,0.0,0.0,43.170412289824256,0.0316140644751374,0.6210461705547757,9.836296471099198,0.0316140644751374,0.6210461705547757,1.6393827451831993,0.0316140644751374,0.6210461705547757,1.727585060188316,33.93774586565339,0.8357530714818708,1,0,0,1,0,0,0,0,0,0,0,1,0,0,0,0,1,0,0,0,0,0,0,0,0,0
31.008375111435186,3.433035020062106,8.452810402968518,1.1833780576571,0.0,132837.64917753296,0.1295621234039179,1.058086,1.030068,0.0134479999999999,143.394266,1.135866,1.439066,31.64119909330121,0.0139616162822651,0.6106868266213039,7.209387135182554,0.0139616162822651,0.6106868266213039,1.2015645225304254,0.0139616162822651,0.6106868266213039,0.5591927600650977,24.45932084149493,0.900362114081544,3,0,0,0,0,0,1,0,0,0,0,1,0,0,0,0,0,0,1,0,0,0,0,0,0,0
197.9449913371297,0.2029169220611346,3.0358015353159367,0.1897370249962063,0.0,105366.9667266187,0.1267322341529585,2.6977580000000003,1.506435,0.27149,120.833558,37.650244,0.0,201.9846850378874,0.042679271766144,0.763745559047093,46.02182697065789,0.042679271766144,0.763745559047093,7.670304495109647,0.042679271766144,0.763745559047093,10.912100335862036,195.2720331559649,0.5673387386894041,0,0,0,0,0,1,0,0,0,0,0,0,0,1,0,0,0,0,0,1,0,0,0,0,0,0
33.4451625799537,4.747120233462583,7.700193537796716,1.4910405544068317,0.0,195322.63965077937,0.138956628775568,1.14038,1.214076,2.104047,165.90767,1.135882,0.0,34.127716918320104,0.0358853498421722,0.6129210374826182,7.7759355003767325,0.0358853498421722,0.6129210374826182,1.2959892500627883,0.0358853498421722,0.6129210374826182,1.5502342543399206,26.477969190493493,0.3762356808365884,3,0,0,1,0,0,0,0,0,0,0,0,1,0,0,0,1,0,0,0,0,0,0,0,0,0
7.059989,7.908703025868185,9.583766209993431,2.4657044222028994,0.0,186513.7189935552,0.1375905952865271,1.857225,0.349276,0.480492,701.96978,0.0,0.0,183.39728889403816,0.0881051447848178,0.7470442259899601,41.78672405180617,0.0881051447848178,0.7470442259899601,6.964454008634361,0.0881051447848178,0.7470442259899601,20.453474292597853,173.4251718107644,0.1615313924297063,3,0,0,1,0,0,0,0,0,0,1,0,0,0,1,0,0,0,0,0,0,0,0,0,0,0
42.54240911842593,0.419937917868868,2.5166356636465883,0.3237167897341634,0.0,163770.82990482613,0.139362234881313,1.228688,1.230689,0.5347770000000001,173.203328,77.258208,0.01204,43.410621549414216,0.0523517844686829,0.6212620057807952,9.891027694803238,0.0523517844686829,0.6212620057807952,1.6485046158005396,0.0523517844686829,0.6212620057807952,2.8767386114006284,34.13844280503808,0.8999259579238104,0,0,0,0,0,0,0,0,0,1,1,0,0,0,0,0,0,0,0,0,0,0,0,1,0,0
126.85515369935187,1.709722177444888,11.574749123278282,3.046237182274139,0.0,165440.6113796463,0.1348128427061245,1.710895,1.422021,0.683841,119.415516,0.371458,0.0,129.44403438709375,0.0791813026544415,0.6985656082178353,29.493577455287184,0.0791813026544415,0.6985656082178353,4.915596242547863,0.0791813026544415,0.6985656082178353,12.97411046027393,114.4622159642918,0.5225723332285024,2,0,0,0,0,0,1,0,0,0,1,0,0,0,1,0,0,0,0,0,0,0,0,0,0,0
1.810642,1.223625253430373,5.255017673368934,2.74619701297449,0.0,165370.5700127398,0.1390055753379988,1.2772059999999998,0.4390489999999999,0.0645049999999999,496.5775650000001,0.0,0.0,47.03503560100151,0.0397531515643768,0.6245186505385678,10.716843554658572,0.0397531515643768,0.6245186505385678,1.786140592443095,0.0397531515643768,0.6245186505385678,2.3668239228892074,37.182603748824,0.394471299333812,1,1,0,0,0,0,0,0,0,0,0,1,0,0,1,0,0,0,0,0,0,0,0,0,0,0
80.54241931504629,3.3119671965102784,14.154707439797674,3.1360654059073907,0.0,185924.06259367507,0.1312467428705961,2.193077,1.543343,3.299173,104.393708,1.137104,0.0,82.1861421582105,0.0563315399482196,0.6561029743134168,18.72595644111125,0.0563315399482196,0.6561029743134168,3.1209927401852084,0.0563315399482196,0.6561029743134168,5.8603442407282165,68.25642065486988,0.3426821848307111,1,0,0,0,1,0,0,0,0,0,0,1,0,0,0,0,0,1,0,0,0,0,0,0,0,0
42.3388258611574,3.6346377737516407,9.949371361904008,1.7762044639610273,0.0,195381.5408048561,0.1372468377724826,1.250992,1.39166,1.840886,138.445019,1.136157,0.0,43.20288353179327,0.0395308030250816,0.6210753469398221,9.84369498192758,0.0395308030250816,0.6210753469398221,1.6406158303212632,0.0395308030250816,0.6210753469398221,2.161828707608686,33.96486820039144,0.0967266611508371,3,0,0,0,0,1,0,0,0,0,0,0,1,0,0,0,0,0,1,0,0,0,0,0,0,0
25.43774963453704,4.46896962467715,8.821439950014476,1.414965152454605,0.0,208403.33256519784,0.1343613206375417,0.8405309999999999,1.303809,0.7762180000000001,151.884901,1.136783,0.0,25.956887382180653,0.0261512088230003,0.6055793020195107,5.914227504800655,0.0261512088230003,0.6055793020195107,0.9857045841334424,0.0261512088230003,0.6055793020195107,0.859245547248746,19.897409801898743,0.6451856448161706,2,0,0,0,0,0,0,1,0,0,0,0,0,1,0,0,1,0,0,0,0,0,0,0,0,0
89.0223989735648,3.5216704043838902,9.338750410423003,2.164248392736312,0.0,169961.91054031774,0.1364191619397925,2.3943380000000003,1.478979,2.44637,108.716929,0.371787,0.0,90.83918262608654,0.0409216129640908,0.6638779907650175,20.69753528189313,0.0409216129640908,0.6638779907650175,3.4495892136488555,0.0409216129640908,0.6638779907650175,4.705425156201365,76.33687853739598,0.6716049551922801,3,0,0,0,1,0,0,0,0,0,0,0,1,0,0,0,0,0,0,0,0,0,1,0,0,0
182.7119893069908,0.5750728128768271,3.654827867766364,0.5582481543723342,0.0,172359.52883318346,0.1359927959972434,1.943118,1.289488,0.736075,165.482778,67.277463,0.0,186.4408054152967,0.1103599660714682,0.7497789168898066,42.48018351234608,0.1103599660714682,0.7497789168898066,7.080030585391013,0.1103599660714682,0.7497789168898066,26.04506450629032,176.9485887953726,0.9609675939130956,0,0,0,1,0,0,0,0,0,0,0,0,1,0,0,0,0,0,0,0,0,0,0,0,0,1
35.880524431064806,1.4459783199022145,4.528699851436294,0.6814020983606791,0.0,179025.87867206236,0.1368906378424425,1.204473,1.41171,0.803558,130.498891,0.3724429999999999,0.003258,36.61278003169878,0.0368736114760398,0.6151539412418823,8.342152412285799,0.0368736114760398,0.6151539412418823,1.3903587353809663,0.0368736114760398,0.6151539412418823,1.7089182606918616,28.50948852698936,0.4453979444600616,1,0,0,0,0,0,1,0,0,0,0,0,1,0,0,0,0,1,0,0,0,0,0,0,0,0
26.61446951708334,5.583784308650797,8.279836154384293,1.1746596305204524,0.0,138446.42207171762,0.1318576303478196,0.8846,1.297303,0.737558,161.974423,1.134685,0.093887,27.15762195620749,0.013261450636456,0.606658198056311,6.187812597616896,0.013261450636456,0.606658198056311,1.031302099602816,0.013261450636456,0.606658198056311,0.455885396171875,20.85492911322449,0.8858907468606747,3,0,0,0,0,0,1,0,0,0,1,0,0,0,0,0,0,0,1,0,0,0,0,0,0,0
178.33542023861108,3.4667855423989056,11.493745730649367,1.9680999666095065,0.0,206079.2546088129,0.1362813223215887,2.320519,1.522843,2.112347,112.56781200000002,1.136803,0.0,181.97491861082764,0.0862192761140975,0.745766183619387,41.46263968347972,0.0862192761140975,0.745766183619387,6.910439947246618,0.0862192761140975,0.745766183619387,19.86043766271821,171.785747552969,0.8419838044012017,1,0,0,1,0,0,0,0,0,0,0,0,0,1,0,0,1,0,0,0,0,0,0,0,0,0
16.530059296342593,10.737874008768754,8.397605245347789,1.849550654562257,0.0,182155.80785371704,0.1312013689598305,0.55388,1.084734,0.102233,176.804646,1.135589,0.260186,16.867407445247544,0.017537330122275,0.5974121316117782,3.8432067596766553,0.017537330122275,0.5974121316117782,0.6405344599461091,0.017537330122275,0.5974121316117782,0.3744421426256022,12.755435236240142,0.3350840700291612,3,0,0,0,0,0,0,1,0,0,0,0,0,1,0,0,0,1,0,0,0,0,0,0,0,0
84.34420999370373,0.2889627446945337,2.0982651440359708,0.1407234371423149,0.0,141163.60802607914,0.1261672682041744,1.445905,1.238995,0.366482,171.39720400000002,112.850319,0.0,86.0655204017385,0.0232418989586871,0.6595887120465741,19.609865407991048,0.0232418989586871,0.6595887120465741,3.268310901331841,0.0232418989586871,0.6595887120465741,2.5320583911443464,71.85803259924157,0.1946518499349175,0,0,0,0,0,0,0,0,1,0,1,0,0,0,0,0,0,0,1,0,0,0,0,0,0,0
77.33595119125,1.2626924486183149,6.071845060915684,1.922037672510536,0.0,164750.17296163068,0.1188698576258526,2.290264,1.393829,0.461549,93.605716,7.11797,0.0153699999999999,78.91423590943879,0.054850253623297,0.653163068391708,17.980458814808838,0.054850253623297,0.653163068391708,2.9967431358014727,0.054850253623297,0.653163068391708,5.479070701419509,65.2453980587293,0.7346862543561722,3,0,0,0,0,0,0,0,0,1,1,0,0,0,1,0,0,0,0,0,0,0,0,0,0,0
39.71938116231482,0.3304915548139196,4.029557720648585,0.8396073403261263,0.0,161839.0134423711,0.1169867101315257,1.363374,1.415965,0.832369,144.20243,7.602662,0.0,40.52998077787226,0.0384466849523754,0.6186736636283415,9.23467916457849,0.0384466849523754,0.6186736636283415,1.539113194096415,0.0384466849523754,0.6186736636283415,1.972460002648972,31.74029328434492,0.3689281510874274,3,0,0,0,0,0,0,0,0,1,0,0,1,0,1,0,0,0,0,0,0,0,0,0,0,0
302.3140598716203,4.207338928890457,8.383275482580244,1.6004915499715782,0.0,182096.6049722721,0.1293420972798368,2.554277,1.485608,1.768819,122.482377,1.135603,0.0,308.4837345628779,0.1904320705912976,0.8594381500167827,70.2874331915418,0.1904320705912976,0.8594381500167827,11.714572198590298,0.1904320705912976,0.8594381500167827,74.36100799562666,335.5983419531494,0.3244966989167357,2,0,0,0,0,0,1,0,0,0,0,0,1,0,0,0,1,0,0,0,0,0,0,0,0,0
47.12375794439814,1.0602945104348571,4.346192056326557,0.5614948680789636,0.0,181996.2473958333,0.1389825166754728,1.155983,1.27263,0.160439,158.81578000000002,1.136095,0.0,48.08546729020219,0.0332269058572685,0.6254624949242653,10.956182420552397,0.0332269058572685,0.6254624949242653,1.8260304034254,0.0332269058572685,0.6254624949242653,2.0224446769041977,38.07045106446711,0.8256823274711622,1,0,0,0,0,0,1,0,0,0,0,1,0,0,0,0,1,0,0,0,0,0,0,0,0,0
37.87229015138889,1.016273254542042,4.456299470768844,0.5316214873064622,0.0,179071.16839028776,0.1352558707554849,1.275351,1.32525,0.4047739999999999,162.46786699999998,1.149735,0.023327,38.64519403202948,0.022612474011239,0.6169801261935994,8.805234083247223,0.022612474011239,0.6169801261935994,1.467539013874537,0.022612474011239,0.6169801261935994,1.1061562603905766,30.18141353247808,0.0508190747534609,1,0,0,0,0,0,0,0,1,0,1,0,0,0,0,0,0,1,0,0,0,0,0,0,0,0
49.54618740902779,2.3405558005225457,6.477284349125924,1.0750504645297854,0.0,179618.56770833334,0.1373515149279178,1.14662,1.405449,2.687916,137.158587,0.013496,0.0,50.55733409084469,0.0425586637254657,0.6276835414006466,11.519392577660811,0.0425586637254657,0.6276835414006466,1.9198987629434687,0.0425586637254657,0.6276835414006466,2.7236108613016285,40.16962848850257,0.8160891516116833,0,0,0,1,0,0,0,0,0,0,0,1,0,0,1,0,0,0,0,0,0,0,0,0,0,0
48.77737230717593,0.4506657182527103,3.942795921286805,0.3556400103677662,0.0,94241.39498557404,0.1088877091858741,1.611207,1.147012,2.432183,148.669024,0.0,0.482279,49.7728288848734,0.0150770165676656,0.6269786399379252,11.340644556047105,0.0150770165676656,0.6269786399379252,1.8901074260078503,0.0150770165676656,0.6269786399379252,0.9499060325529416,39.50189944316583,0.8915624702310548,2,0,0,0,0,0,1,0,0,0,0,1,0,0,0,0,0,0,0,1,0,0,0,0,0,0
1.359756,3.959200479429689,7.732637090934552,2.067044195797232,0.0,167534.15761765587,0.1391532102363001,0.885452,0.367648,0.7618149999999999,620.445834,0.0,0.0,35.32237287585034,0.0356000184574986,0.6139944717001378,8.0481355919659,0.0356000184574986,0.6139944717001378,1.3413559319943165,0.0356000184574986,0.6139944717001378,1.5917431979024328,27.45283756088988,0.2353461633807875,3,1,0,0,0,0,0,0,0,0,0,1,0,0,1,0,0,0,0,0,0,0,0,0,0,0
64.90044329115742,1.3537328438364344,5.514626886061341,0.7268120413489765,0.0,90646.67985143136,0.0980727047809093,1.013868,1.264937,2.738071,164.057378,1.134431,0.0,66.2249421338341,0.0098457663057155,0.641761357255514,15.089227321633087,0.0098457663057155,0.641761357255514,2.514871220272181,0.0098457663057155,0.641761357255514,0.8253611441256522,53.79823892149018,0.4902676850714996,2,0,0,1,0,0,0,0,0,0,1,0,0,0,0,0,0,0,0,0,0,0,0,0,1,0
86.29577839462962,2.959554316900331,8.265742476895559,1.1489913296356475,0.0,154811.6286345923,0.1326886415660238,2.017836,1.512122,2.857584,115.105306,1.135019,0.0,88.0569167292139,0.0210708925672415,0.6613780413887005,20.063601280074053,0.0210708925672415,0.6613780413887005,3.343933546679008,0.0210708925672415,0.6613780413887005,2.348655483802284,73.7201406545511,0.5590868998946956,2,0,0,1,0,0,0,0,0,0,0,0,0,1,0,0,0,0,0,1,0,0,0,0,0,0
47.34292116333333,1.3180277652020076,7.578057239381529,1.0156338121250663,0.0,128515.71572429556,0.131212271794641,1.603543,1.485894,0.904146,117.384547,1.135346,0.0,48.30910322789116,0.0166504252641827,0.625663438523357,11.007137444329633,0.0166504252641827,0.625663438523357,1.834522907388272,0.0166504252641827,0.625663438523357,1.0181862188299886,38.25979700954707,0.5950652940986393,1,0,0,0,0,0,1,0,0,0,1,0,0,0,0,0,0,0,1,0,0,0,0,0,0,0
31.35765137625,5.853280459090675,7.47399195378347,1.7363079741990253,0.0,192603.07632643884,0.1329956501364994,1.064946,1.296648,0.232816,169.123376,1.1346889999999998,0.175144,31.99760344515306,0.0280353871048438,0.6110070666235734,7.290593190034874,0.0280353871048438,0.6110070666235734,1.2150988650058123,0.0280353871048438,0.6110070666235734,1.13552556836981,24.74779977216116,0.2378353344036865,3,0,0,0,0,0,0,1,0,0,0,1,0,0,0,0,1,0,0,0,0,0,0,0,0,0
49.668001325000006,1.9509855585990192,6.685245461315274,1.2005505543961514,0.0,160398.95098920862,0.1378762838866213,1.193269,1.410932,3.5266940000000004,141.65677,0.0,0.0,50.68163400510205,0.028911159718729,0.6277952286026043,11.54771407711186,0.028911159718729,0.6277952286026043,1.924619012851976,0.028911159718729,0.6277952286026043,1.854765589275538,40.27555443821084,0.5992566584260964,0,0,0,0,0,0,0,0,0,1,1,0,0,0,0,0,0,0,0,0,0,0,1,0,0,0
30.264279197129625,51.53686253926594,6.363511823635879,3.0255966932653524,0.0,244300.0731321193,0.137161109891298,1.029731,1.2931700000000002,4.255012000000001,145.201861,0.0,0.0,30.88191754809145,0.0678275446700993,0.6100045893744865,7.036386276780331,0.0678275446700993,0.6100045893744865,1.172731046130055,0.0678275446700993,0.6100045893744865,2.6514489139132893,23.84571067470921,0.5679432234954197,3,0,0,0,1,0,0,0,0,0,0,0,1,0,0,0,0,0,0,0,0,0,0,0,0,1
37.3588896825463,4.154017931408734,8.203413161728308,1.6405794383953516,0.0,129657.84713166968,0.1162150147453629,1.304307,1.342026,1.398641,138.418183,1.136778,0.0,38.12131600259826,0.0133793594333808,0.6165094060678146,8.68586946894644,0.0133793594333808,0.6165094060678146,1.447644911491073,0.0133793594333808,0.6165094060678146,0.6456187200914634,29.74955681934852,0.7880741522979833,2,0,0,0,0,0,0,0,0,1,1,0,0,0,0,0,0,0,0,1,0,0,0,0,0,0
1.333193,6.068342043055619,6.596881399909369,1.235256264321238,0.0,167120.0198591127,0.1385526691409323,1.034066,0.349848,0.873632,634.846877,0.644895,0.0,34.6323459955121,0.0353553453589371,0.6133744618473475,7.890914277458452,0.0353553453589371,0.6133744618473475,1.3151523795764086,0.0353553453589371,0.6133744618473475,1.5499222193183972,26.88936276899793,0.1476451776158691,2,1,0,0,0,0,0,0,0,0,1,0,0,0,1,0,0,0,0,0,0,0,0,0,0,0
119.70308574092591,0.4993797993059639,2.0047312977788545,0.1092989270617778,0.0,186614.2660559053,0.1350940924575574,3.335814,1.5040209999999998,0.290603,110.549539,93.569809,0.001255,122.14600585808768,0.0,0.6920081106436675,27.830735511969344,0.0,0.6920081106436675,4.638455918661557,0.0,0.6920081106436675,0.0,106.99497055256404,0.0864272619675997,0,0,0,0,0,0,0,1,0,0,0,0,1,0,0,1,0,0,0,0,0,0,0,0,0,0
54.43254198782408,0.2227348095650295,3.053899017455195,0.2557492093573943,0.0,101945.46911064898,0.1060753838657189,1.756204,1.070945,0.775316,128.650427,1.135536,0.703294,55.543410191657216,0.0159396712535447,0.6321636803595098,12.655460549997846,0.0159396712535447,0.6321636803595098,2.109243424999641,0.0159396712535447,0.6321636803595098,1.1206882262731688,44.44623621072903,0.1496117673953114,2,0,0,0,1,0,0,0,0,0,1,0,0,0,0,0,0,0,0,1,0,0,0,0,0,0
1.004201,0.5542810626453061,2.4113334668911905,0.2704095183838185,0.0,165109.128128747,0.1389209634001306,0.8170569999999999,0.412576,0.982564,437.519334,126.043282,0.020318,26.08612292521732,0.0323249838771034,0.6056954240319955,5.943673577897616,0.0323249838771034,0.6056954240319955,0.9906122629829358,0.0323249838771034,0.6056954240319955,1.0673841809794784,20.00031048929147,0.1665890356320654,0,1,0,0,0,0,0,0,0,0,1,0,0,0,1,0,0,0,0,0,0,0,0,0,0,0
228.1368949933796,0.7489425038262237,2.9556903344550007,0.4324907838083285,0.0,145320.63007718825,0.1202780802597959,2.217601,1.419198,2.375035,130.804315,0.0,0.0,232.79274999324448,0.1109072083907632,0.7914275296514299,53.04138607441013,0.1109072083907632,0.7914275296514299,8.840231012401686,0.1109072083907632,0.7914275296514299,32.68151143716407,233.2134063897676,0.8414422740382818,2,0,0,0,0,0,1,0,0,0,0,0,1,0,0,0,1,0,0,0,0,0,0,0,0,0
1.091692,3.502942813100289,8.498478249108476,1.5459077174572065,0.0,167190.7403139988,0.1384709470277781,0.997125,0.349153,0.309904,524.013776,6.608702,0.0,28.358876070105826,0.0331308677782533,0.6077375609152722,6.461516066606389,0.0331308677782533,0.6077375609152722,1.076919344434398,0.0331308677782533,0.6077375609152722,1.189309080276644,21.81614452296784,0.7146713282388117,3,0,0,0,1,0,0,0,0,0,0,0,1,0,1,0,0,0,0,0,0,0,0,0,0,0
5.224714,2.5406068074617454,10.242460540158572,1.8209440738177127,0.0,170968.2476581235,0.1388043569360705,1.3072469999999998,0.417527,2.160855,565.111254,1.061142,0.0,135.72236201029855,0.0712003365567382,0.7042068739371136,30.924082483359165,0.0712003365567382,0.7042068739371136,5.154013747226527,0.0712003365567382,0.7042068739371136,12.23225044735282,120.98306363877673,0.8923954835562096,1,0,0,1,0,0,0,0,0,0,0,0,1,0,1,0,0,0,0,0,0,0,0,0,0,0
46.736550073564814,3.809505656182909,8.473186464332562,2.172467735388296,0.0,198231.46964928057,0.1293000479717906,1.382434,1.419116,1.443342,119.06879,6.234583,0.0,47.69035721792328,0.0413704785434985,0.6251074766710206,10.866157340792643,0.0413704785434985,0.6251074766710206,1.8110262234654408,0.0413704785434985,0.6251074766710206,2.4974340506530064,37.73620109118433,0.7253062442472229,3,0,0,0,1,0,0,0,0,0,0,0,1,0,1,0,0,0,0,0,0,0,0,0,0,0
44.70173579902778,19.2173786572844,6.361129245597968,1.778623830071456,0.0,262278.3133618106,0.1432172231268968,1.510875,1.117673,1.208057,106.955395,0.0,0.688974,45.61401612145692,0.0858943781172884,0.6232418219056126,10.393066964382587,0.0858943781172884,0.6232418219056126,1.732177827397098,0.0858943781172884,0.6232418219056126,4.959477909094315,35.985522167049105,0.3629115478552343,2,0,0,0,1,0,0,0,0,0,0,1,0,0,0,0,0,0,0,0,0,0,0,1,0,0
34.03954320902778,0.8396345240463742,7.913003579603968,0.8067587719832678,0.0,55611.98307760042,0.0889460566303998,1.1975870000000002,1.238136,0.267063,162.69455,74.49209499999999,0.000691,34.734227764314056,0.0014450341355167,0.6134660056730691,7.914127845033582,0.0014450341355167,0.6134660056730691,1.3190213075055968,0.0014450341355167,0.6134660056730691,0.0635343604939843,26.972491097104253,0.7983908347756702,0,0,0,1,0,0,0,0,0,0,1,0,0,0,0,0,0,0,0,0,0,0,1,0,0,0
10.20752246685185,1.5952346657963394,6.350034504485645,1.4104889910712803,0.0,176752.15662470023,0.1372593219796244,0.692175,1.010428,0.6226119999999999,159.885095,0.371454,0.155585,10.415839251889643,0.0268340220258277,0.5916152040430004,2.3732291966330834,0.0268340220258277,0.5916152040430004,0.3955381994388471,0.0268340220258277,0.5916152040430004,0.3537960251932756,7.800213752260485,0.9097102151626928,2,0,0,0,1,0,0,0,0,0,1,0,0,0,0,0,0,0,0,0,0,1,0,0,0,0
35.74982586375,2.9150735901699933,6.478528250321496,0.8085973832390005,0.0,129062.81513226918,0.1189841782089045,1.282705,1.370464,1.087746,146.661116,1.135603,0.0,36.47941414668367,0.0,0.6150341079932197,8.31176524861147,0.0,0.6150341079932197,1.3852942081019115,0.0,0.6150341079932197,0.0,28.40010625293776,0.0849447904147074,2,0,0,0,0,0,1,0,0,0,0,0,0,1,0,1,0,0,0,0,0,0,0,0,0,0
29.56180621962963,3.0885929503886818,14.46149610158065,3.376163629605044,0.0,202816.8503072542,0.1222048386913552,1.161499,1.028227,1.282083,173.240405,126.537655,0.206434,30.16510838737717,0.027460049588884,0.60936051483931,6.873062670541635,0.027460049588884,0.60936051483931,1.1455104450902722,0.027460049588884,0.60936051483931,1.0485257875587852,23.26762781913385,0.0201295341284821,0,0,0,1,0,0,0,0,0,0,0,0,1,0,0,0,1,0,0,0,0,0,0,0,0,0
2.065278,3.9250036549511,11.158333840130044,2.761708043747954,0.0,170515.90057329138,0.1386076020930025,1.86881,0.309135,0.773007,603.0354679999999,1.386128,0.0,53.64971333701813,0.0420986162756409,0.6304621369247109,12.22398531729527,0.0420986162756409,0.6304621369247109,2.0373308862158783,0.0420986162756409,0.6304621369247109,2.858960373510462,42.81533280487926,0.9478493649202028,3,0,0,1,0,0,0,0,0,0,0,1,0,0,1,0,0,0,0,0,0,0,0,0,0,0
43.07319702814815,0.7156338741739305,3.531812473738508,0.1858376153081441,0.0,189819.98909622303,0.1336119400976087,1.4553200000000002,1.374802,0.358009,155.607301,2.645138,0.000439,43.952241865457296,0.0,0.6217486678833694,10.01443485542065,0.0,0.6217486678833694,1.6690724759034414,0.0,0.6217486678833694,0.0,34.591452949792064,0.4389482566487324,1,0,0,0,0,0,0,1,0,0,1,0,0,0,0,1,0,0,0,0,0,0,0,0,0,0
110.4587714924074,3.649954589436666,19.065446483145514,5.603751790323417,0.0,283608.0130020983,0.1397804293147237,1.547651,1.273775,1.445752,166.402902,100.371513,0.000834,112.7130321351096,0.1274049168808224,0.68353230076436,25.681450359898385,0.1274049168808224,0.68353230076436,4.280241726649731,0.1274049168808224,0.68353230076436,18.17746138045456,97.52278250815026,0.8283139741702683,0,0,0,0,1,0,0,0,0,0,0,0,1,0,0,0,0,0,0,0,0,0,0,1,0,0
47.59169140092592,3.1851173194764044,7.027828509287296,1.327200382447643,0.0,129273.31815797364,0.1232544657834571,1.295492,1.370628,2.143713,150.880957,1.135873,0.0,48.56295040910809,0.0148979864321261,0.6258915278310959,11.06497604258159,0.0148979864321261,0.6258915278310959,1.844162673763598,0.0148979864321261,0.6258915278310959,0.915810349745454,38.47485978169925,0.280049802208318,3,0,0,0,0,0,1,0,0,0,0,1,0,0,0,0,0,0,0,0,0,0,0,0,1,0
51.461606225694446,12.31368420307013,7.90252245530236,1.4328116401493978,0.0,163930.5490857314,0.1265152044219079,1.669283,1.309742,2.247796,155.91303200000002,1.135871,0.0,52.51184308744331,0.0173497712780214,0.6294397263693604,11.96472374144278,0.0173497712780214,0.6294397263693604,1.9941206235737965,0.0173497712780214,0.6294397263693604,1.1532512239930282,41.83929132165962,0.6114444912792337,2,0,0,1,0,0,0,0,0,0,1,0,0,0,0,0,0,0,1,0,0,0,0,0,0,0
140.32930025310188,0.8002343823869738,6.855233422286219,0.9889693305217964,0.0,87084.57944113459,0.1199274632445485,2.453977,1.506066,0.550991,142.805791,1.134348,0.0,143.19316352357333,0.0,0.7109196132208363,32.626290423092655,0.0,0.7109196132208363,5.437715070515442,0.0,0.7109196132208363,0.0,128.8592764911984,0.0027688625097825,1,0,0,0,0,0,0,1,0,0,0,0,1,0,0,1,0,0,0,0,0,0,0,0,0,0
37.06416874101851,4.797446973032231,7.297188622202519,1.5282322179785164,0.0,178770.5659472422,0.1345950611989846,0.912778,1.228684,2.703596,178.83384099999998,1.134695,0.0,37.82058034797807,0.0149426590291344,0.6162391860600687,8.617347421058295,0.0149426590291344,0.6162391860600687,1.4362245701763825,0.0149426590291344,0.6162391860600687,0.7153671347136963,29.5019286708322,0.9521255324647556,3,0,0,0,0,1,0,0,0,0,1,0,0,0,0,0,0,0,1,0,0,0,0,0,0,0
215.9546887576389,7.351588515926608,5.168383387352923,0.8339040556685816,0.0,176727.99210319246,0.1270439548404525,2.0897900000000003,1.373042,1.532683,135.560632,1.136465,0.0,220.3619273037132,0.0784766980399176,0.7802580625402054,50.20904672742832,0.0784766980399176,0.7802580625402054,8.368174454571385,0.0784766980399176,0.7802580625402054,21.89022332722505,217.644519564077,0.2517950314811241,3,0,0,0,0,0,0,0,0,1,0,0,1,0,0,0,0,1,0,0,0,0,0,0,0,0
45.79378419055556,0.645063852770723,8.640916037616684,0.4947663824335276,0.0,137071.28948403776,0.1154875366879309,1.240273,1.288301,0.329387,168.069671,146.567072,0.0,46.72835121485261,0.0,0.6242430854170815,10.64696609958667,0.0,0.6242430854170815,1.7744943499311114,0.0,0.6242430854170815,0.0,36.92386093520585,0.7135959332274909,0,0,0,0,1,0,0,0,0,0,0,1,0,0,0,1,0,0,0,0,0,0,0,0,0,0
35.086786482037034,4.192785072383835,7.074050927333695,1.171429925470901,0.0,197376.7051858513,0.1370509685122137,1.175913,1.355857,1.444447,155.196613,1.136727,0.0,35.80284334901738,0.0365506887471758,0.6144261888343926,8.157609876991302,0.0365506887471758,0.6144261888343926,1.3596016461652167,0.0365506887471758,0.6144261888343926,1.6564792196377585,27.84582859287536,0.4075776927957876,2,0,0,1,0,0,0,0,0,0,1,0,0,0,0,0,0,1,0,0,0,0,0,0,0,0
31.14001560453704,0.4760242926774265,1.8684186922560493,0.1821436441952376,0.0,165813.27862709833,0.1347741220566294,0.8095140000000001,1.119924,0.393655,188.397218,153.979507,0.0,31.775526127078614,0.0349568606452972,0.6108075234909639,7.239993294777405,0.0349568606452972,0.6108075234909639,1.2066655491295677,0.0349568606452972,0.6108075234909639,1.4060413148801123,24.56801319152317,0.0968408387213849,0,0,0,1,0,0,0,0,0,0,0,0,1,0,0,0,0,0,0,0,0,0,0,0,1,0
43.12879610703704,0.4880116128092475,7.697592983428809,4.160028505525429,0.0,182013.035933753,0.1319552242791624,1.456785,1.388796,0.18056,145.404073,103.673157,0.0,44.00897561942555,0.0398594590352816,0.6217996448633224,10.02736153354,0.0398594590352816,0.6217996448633224,1.6712269222566662,0.0398594590352816,0.6217996448633224,2.2204733682116475,34.63894355817395,0.8496679564885522,0,0,0,0,0,0,0,0,0,1,0,0,1,0,0,0,0,0,0,0,0,1,0,0,0,0
33.98086377824074,2.723431866946552,7.075338369364933,0.875094881375059,0.0,119266.83334270083,0.1121266031954928,1.265945,1.303318,0.054178,144.334651,1.136793,0.544976,34.67435079412321,0.0072204180115724,0.6134122044190435,7.900484991066047,0.0072204180115724,0.6134122044190435,1.3167474985110077,0.0072204180115724,0.6134122044190435,0.3169155784980594,26.923632857496617,0.5224820127202725,2,0,0,0,1,0,0,0,0,0,1,0,0,0,0,0,0,0,0,0,0,1,0,0,0,0
4.993132,0.44767150139923,6.048084105804955,2.436729230183205,0.0,170286.80864058752,0.1389745692376324,2.80884,0.35525,0.260529,708.579073,3.658861,0.0,129.70655788416477,0.0690672233725696,0.6988014934556586,29.55339293563248,0.0690672233725696,0.6988014934556586,4.925565489272079,0.0690672233725696,0.6988014934556586,11.339837729459164,114.73308400056604,0.9475654499934218,1,0,0,1,0,0,0,0,0,0,0,1,0,0,1,0,0,0,0,0,0,0,0,0,0,0
1.1085,1.6989473856324486,10.48890256653015,2.1162408072885563,0.0,170407.84669139687,0.1389721528553276,1.016423,0.167068,2.401729,614.5790549999999,5.292668,1.243934,28.79549737811792,0.0332856870923602,0.6081298782591603,6.560999402609146,0.0332856870923602,0.6081298782591603,1.0934999004348576,0.0332856870923602,0.6081298782591603,1.2132631840467256,22.1663320442618,0.2832188378534235,1,0,0,0,1,0,0,0,0,0,0,0,1,0,1,0,0,0,0,0,0,0,0,0,0,0
45.855722175416666,8.47384127895895,7.325201200352584,1.4703025266135052,0.0,187119.159247602,0.1340232217769257,1.48783,1.446654,2.093674,134.380322,0.013487,0.0,46.79155324022109,0.041000041692954,0.6242998743329359,10.661366561063032,0.041000041692954,0.6242998743329359,1.7768944268438387,0.041000041692954,0.6242998743329359,2.428424852819169,36.977165579383424,0.3208757936776131,3,0,0,1,0,0,0,0,0,0,1,0,0,0,1,0,0,0,0,0,0,0,0,0,0,0
57.08615058953705,3.3669535767831964,18.442677090779767,4.765287285514301,0.0,288938.8267198741,0.1437044790733775,1.824237,1.351847,0.291774,147.956674,79.779883,8e-06,58.251174070956175,0.0897617013470786,0.6345966874379763,13.272419408572292,0.0897617013470786,0.6345966874379763,2.212069901428716,0.0897617013470786,0.6345966874379763,6.6186385950302045,46.79240772759712,0.3604368002982634,0,0,0,0,1,0,0,0,0,0,1,0,0,0,0,0,0,0,0,0,0,0,0,1,0,0
255.1188937695833,0.5190031271544006,6.115677391024803,1.631152477481668,0.0,162949.28591501797,0.1290633418112635,1.922743,1.143534,0.283638,173.238741,51.696019,0.161245,260.3254018056973,0.2070365314576443,0.8161664432844732,59.314648512690525,0.2070365314576443,0.8161664432844732,9.885774752115086,0.2070365314576443,0.8161664432844732,68.22388384831537,268.94792061817384,0.4367220465921793,0,0,0,0,0,0,1,0,0,0,1,0,0,0,0,0,0,0,0,0,0,0,0,0,0,1
3.543186,2.5339780216880268,11.277968203135243,2.1523732778837354,0.0,169943.37398830935,0.1388224893265205,1.051595,0.503618,1.450263,494.870787,1.070634,0.0,92.04131995776643,0.0557116995022662,0.6649581472216519,20.971439990377164,0.0557116995022662,0.6649581472216519,3.495239998396193,0.0557116995022662,0.6649581472216519,6.490858682631675,77.47294378095143,0.0539572619727699,1,0,0,0,1,0,0,0,0,0,1,0,0,0,1,0,0,0,0,0,0,0,0,0,0,0
66.32835186939815,0.6651854871702995,8.212355204337507,2.2006108389198067,0.0,192728.05005995205,0.1388871809668678,2.295537,1.52362,0.743119,112.318279,1.251247,0.0,67.6819917034675,0.0498643416538327,0.6430705600053166,15.42121329952424,0.0498643416538327,0.6430705600053166,2.570202216587373,0.0498643416538327,0.6430705600053166,4.272048048245031,55.09404595825827,0.4842785043419542,1,0,0,0,0,0,1,0,0,0,0,1,0,0,0,1,0,0,0,0,0,0,0,0,0,0
77.85271204398148,0.3497758955478096,2.260887868541608,0.136455203310477,0.0,149358.6157636391,0.1352086888550282,1.974144,1.310192,0.39427,160.288015,129.783603,0.0676659999999999,79.44154290202192,0.0196664513537469,0.6536368695437538,18.10060471185309,0.0196664513537469,0.6536368695437538,3.0167674519755154,0.0196664513537469,0.6536368695437538,1.977637011328124,65.72901444835877,0.1713439940036897,0,0,0,0,0,0,0,1,0,0,0,1,0,0,0,0,0,0,0,1,0,0,0,0,0,0
43.39192434851852,3.535431170063339,6.534727191467651,1.012209911783822,0.0,164187.9224932554,0.1353287937329541,1.462494,1.409418,1.095122,121.520658,0.371503,0.0,44.2774738250189,0.039969105612022,0.6220408985559942,10.088538339877724,0.039969105612022,0.6220408985559942,1.681423056646287,0.039969105612022,0.6220408985559942,2.240165857652815,34.863796966967435,0.1572847242275955,2,0,0,0,0,0,1,0,0,0,0,0,1,0,1,0,0,0,0,0,0,0,0,0,0,0
51.20502054981481,2.982495041488172,12.260222394975257,2.0997213534028125,0.0,198740.90147257195,0.138116315954166,1.4642309999999998,1.466826,2.476282,124.626581,1.136218,0.0,52.25002096919879,0.0432648800259365,0.6292044713414542,11.905068068931367,0.0432648800259365,0.6292044713414542,1.9841780114885608,0.0432648800259365,0.6292044713414542,2.861507453905133,41.61512255886661,0.822233231916263,1,0,0,0,0,0,0,1,0,0,0,1,0,0,0,0,0,0,0,0,1,0,0,0,0,0
39.13408884421296,6.542552300494352,10.503275969617372,2.758091388560599,0.0,296339.9706235012,0.1440703541987376,1.376364,1.350906,1.35383,147.99777,1.135936,0.0,39.93274371858465,0.0748830503610163,0.6181370282134598,9.098599834614223,0.0748830503610163,0.6181370282134598,1.5164333057690371,0.0748830503610163,0.6181370282134598,3.785171720167509,31.24545257039952,0.9662490665401936,1,0,0,0,1,0,0,0,0,0,1,0,0,0,0,0,0,0,0,0,0,0,0,1,0,0
42.84677843490741,5.286888971603174,7.43556082105751,1.654367364139008,0.0,174184.86853642086,0.1375056797330328,1.471343,1.345627,1.584069,142.79539,0.371185,2.8000000000000003e-05,43.7212024845994,0.039742038680542,0.6215410720684871,9.961792971174546,0.039742038680542,0.6215410720684871,1.6602988285290907,0.039742038680542,0.6215410720684871,2.1994553421553946,34.398130461267485,0.0648563011818041,3,0,0,0,0,0,1,0,0,0,0,1,0,0,0,0,0,0,1,0,0,0,0,0,0,0
1.7231419999999995,1.235024813553698,4.982279316126872,2.340698804786737,0.0,175801.8646957434,0.1390076469746139,1.549472,0.317687,0.058639,595.213492,0.092833,0.0,44.762048663170816,0.0389471847637845,0.6224763035853188,10.198947796671831,0.0389471847637845,0.6224763035853188,1.6998246327786384,0.0389471847637845,0.6224763035853188,2.2067794679620643,35.27001847184396,0.166297654618644,1,0,0,1,0,0,0,0,0,0,0,1,0,0,1,0,0,0,0,0,0,0,0,0,0,0
20.289641516759257,2.0059250550304384,6.8379655764829055,0.8312594806261772,0.0,57063.1953429444,0.0910919479605891,0.931933,1.278358,1.938495,134.92891,0.0,0.0,20.70371583342781,0.0012270795445515,0.6008591697878098,4.717302341793679,0.0012270795445515,0.6008591697878098,0.7862170569656131,0.0012270795445515,0.6008591697878098,0.0321583622726678,15.746857604045784,0.5456559808950022,0,0,0,0,1,0,0,0,0,0,0,1,0,0,0,0,0,0,0,0,0,0,1,0,0,0
22.86122620263889,2.65639173612892,8.861609797397678,1.5161720965977767,0.0,190458.82149280576,0.1374713164224899,0.774992,1.270052,0.8163590000000001,150.881955,1.137109,0.0,23.32778183942744,0.0316778318151134,0.6032169718161807,5.315190798856884,0.0316778318151134,0.6032169718161807,0.8858651331428139,0.0316778318151134,0.6032169718161807,0.9354095566190368,17.812296101731537,0.1542201717865658,1,0,0,0,0,0,1,0,0,0,0,0,0,1,0,1,0,0,0,0,0,0,0,0,0,0
168.90366275847222,2.6975494823295723,11.96390724982575,2.3569835144267093,0.0,166106.4381276229,0.1249124940118486,2.191536,1.345423,0.244747,154.37774299999998,24.443074,0.0,172.35067628415533,0.1022840079367192,0.737118513161602,39.26977434322527,0.1022840079367192,0.737118513161602,6.544962390537543,0.1022840079367192,0.737118513161602,22.314832836642363,160.81376486705466,0.9609783624878764,0,0,0,0,0,0,1,0,0,0,0,1,0,0,1,0,0,0,0,0,0,0,0,0,0,0
100.3971456927315,0.9782625645470562,7.435599578656167,1.3330306690945617,0.0,164480.13507943644,0.1355868539900231,1.664959,1.346282,0.516058,161.881179,0.371586,0.0,102.44606703339949,0.0657942350370291,0.6743071246115204,23.34214185571128,0.0657942350370291,0.6743071246115204,3.890356975951879,0.0657942350370291,0.6743071246115204,8.532102041790791,87.44318087221605,0.662322770560128,1,0,0,0,0,0,1,0,0,0,0,1,0,0,0,0,1,0,0,0,0,0,0,0,0,0
18.58233738412037,6.735269006207693,4.306732089685307,0.6320156259931249,0.0,182625.50522706835,0.1391500798846892,0.62,1.148976,0.61819,175.252483,0.370336,0.0,18.9615687593065,0.0300171515104559,0.5992937983772997,4.320357438829329,0.0300171515104559,0.5992937983772997,0.7200595731382213,0.0300171515104559,0.5992937983772997,0.7204712434481415,14.384241221464723,0.4164413955503764,2,0,0,0,0,0,0,0,1,0,1,0,0,0,1,0,0,0,0,0,0,0,0,0,0,0
12.71449613523148,5.033306326082856,4.563361349723322,1.4151695246319118,0.0,164146.7420563549,0.130794782647126,0.7654340000000001,1.075651,0.681906,159.91951,1.136761,0.000424,12.973975648195388,0.0277775501892566,0.5939137663391729,2.9560957173103417,0.0277775501892566,0.5939137663391729,0.4926826195517235,0.0277775501892566,0.5939137663391729,0.4561838730657475,9.753699672927134,0.4985637977181119,3,0,0,0,0,0,1,0,0,0,0,0,0,1,0,0,0,0,0,1,0,0,0,0,0,0
15.64449631180556,0.5182567685485172,1.741405498924301,0.1788489859845998,0.0,189462.1659172662,0.1377944869460533,0.514605,1.093164,0.070671,195.614343,125.299417,0.009295,15.963771746740369,0.0288903942890917,0.5966001878275986,3.63731508153578,0.0288903942890917,0.5966001878275986,0.6062191802559632,0.0288903942890917,0.5966001878275986,0.5837970381068253,12.055682560180015,0.4591965195267455,0,0,0,1,0,0,0,0,0,0,0,0,0,1,0,0,1,0,0,0,0,0,0,0,0,0
49.58783580328703,8.442436334898145,5.813407669822089,1.1820455100610674,0.0,207756.19370128887,0.1304330472573102,1.701083,1.395261,1.335063,146.518463,1.134368,0.015938,50.5998324523337,0.0340610816032724,0.6277217274533954,11.529075748632994,0.0340610816032724,0.6277217274533954,1.9215126247721648,0.0340610816032724,0.6277217274533954,2.18162661046943,40.20584080484973,0.4581165089697249,2,0,0,0,0,0,0,1,0,0,1,0,0,0,0,0,1,0,0,0,0,0,0,0,0,0
78.99951941842592,0.4609638982110743,2.180154151124634,0.2916188714869445,0.0,193935.5415355216,0.1381063525803941,1.691725,1.1784370000000002,0.392966,173.625257,144.913682,0.003904,80.61175450859788,0.0556171411062205,0.6546883397786104,18.36723520449065,0.0556171411062205,0.6546883397786104,3.061205867415109,0.0556171411062205,0.6546883397786104,5.6751839561072135,66.80452623528464,0.0674725515168215,0,0,0,0,0,0,0,1,0,0,0,1,0,0,0,0,1,0,0,0,0,0,0,0,0,0
71.44654747907408,22.703432927600485,5.055867504730499,1.3310281518551943,0.0,173636.11066771584,0.1259462822952287,1.310845,1.347755,2.482873,161.045472,1.134701,0.0,72.90464028476947,0.0521635169192053,0.6477632664350739,16.611183862352537,0.0521635169192053,0.6477632664350739,2.7685306437254225,0.0521635169192053,0.6477632664350739,4.813876502510319,59.77841510017259,0.170983697951231,3,0,0,0,1,0,0,0,0,0,1,0,0,0,0,0,0,0,0,1,0,0,0,0,0,0
60.57389811930555,0.4487796127796173,2.130089853307326,0.2337588367791627,0.0,194883.4914193645,0.1386512699816152,2.0083330000000004,1.293498,0.504492,155.101995,98.559129,0.024492,61.81010012174036,0.0473190366195647,0.6377944892623874,14.08331395178894,0.0473190366195647,0.6377944892623874,2.3472189919648234,0.0473190366195647,0.6377944892623874,3.702271381164045,49.901444605572685,0.3137673663503363,0,0,0,1,0,0,0,0,0,0,0,1,0,0,0,0,1,0,0,0,0,0,0,0,0,0
37.124681108472224,0.508852826105319,2.975999900334173,0.1246094168197336,0.0,138307.76802308153,0.1289177849996004,1.251256,1.394033,0.233431,139.978413,35.076313,6.4e-05,37.88232766170635,0.0,0.616294667873873,8.631416429249548,0.0,0.616294667873873,1.4385694048749245,0.0,0.616294667873873,0.0,29.55275511969689,0.7869479170539915,0,0,0,0,0,1,0,0,0,0,1,0,0,0,0,1,0,0,0,0,0,0,0,0,0,0
93.56260855435184,0.5659300587017188,6.115063109272104,1.5557588513949507,0.0,166868.38197879196,0.1288549911311204,1.4187,1.319644,0.404613,157.222652,45.975416,0.0,95.472049545257,0.0624804708197528,0.6680407606778997,21.753125212843365,0.0624804708197528,0.6680407606778997,3.625520868807227,0.0624804708197528,0.6680407606778997,7.550808361663837,80.73319063505268,0.4090022084048432,0,0,0,1,0,0,0,0,0,0,1,0,0,0,0,0,0,0,0,0,1,0,0,0,0,0
44.48427822949074,0.4896992453210931,1.9554672872991583,0.2401848850007966,0.0,192727.75355965228,0.1327714826956355,1.533687,1.194354,0.443325,170.801019,162.75298,0.016988,45.39212064233749,0.0323401864125367,0.6230424421607594,10.342508500785756,0.0323401864125367,0.6230424421607594,1.7237514167976258,0.0323401864125367,0.6230424421607594,1.8582147382703216,35.79900974665541,0.7650498125351172,0,0,0,0,0,0,0,1,0,0,0,1,0,0,0,0,1,0,0,0,0,0,0,0,0,0
28.022954058148144,0.494012762057624,2.2693220098241627,0.6001111159650542,0.0,271839.8730609263,0.1479322031426201,1.095158,1.241491,0.710203,152.506622,1.1346459999999998,0.0,28.594851079743005,0.0660756410163257,0.6079495915406814,6.515282524498407,0.0660756410163257,0.6079495915406814,1.085880420749734,0.0660756410163257,0.6079495915406814,2.3916748289372074,22.005351941894144,0.1854012655180384,2,0,0,0,0,0,0,0,0,1,0,0,1,0,0,0,0,0,0,0,0,0,0,1,0,0
32.21936072666667,18.61254695483106,8.593904503529592,20.604566282791485,0.0,273272.8346354167,0.1391603638567655,1.18296,1.3395709999999998,2.667615,141.48710400000002,0.0,0.0,32.87689870068028,0.0637033866528053,0.6117971397895222,7.490938944458797,0.0637033866528053,0.6117971397895222,1.248489824076466,0.0637033866528053,0.6117971397895222,2.6511009998412023,25.460750114210192,0.6715154406105731,3,0,0,0,1,0,0,0,0,0,0,0,1,0,0,0,0,0,0,0,0,0,0,1,0,0
49.05310198824074,7.474954130266496,8.358704626417275,1.6974112395759966,0.0,213884.0140418915,0.1245358611950628,1.589407,1.432782,0.415021,110.947002,0.013487,0.0,50.05418570228647,0.0423494151666075,0.6272314474790754,11.404751172672864,0.0423494151666075,0.6272314474790754,1.900791862112144,0.0423494151666075,0.6272314474790754,2.683247457129875,39.74121436763491,0.2203947786270089,3,0,0,0,1,0,0,0,0,0,1,0,0,0,1,0,0,0,0,0,0,0,0,0,0,0
111.08497393861109,0.4005761912329305,2.7641260999855666,0.2509587447313096,0.0,192825.16775329737,0.13408985573182,1.912495,1.377216,0.498293,142.050398,44.859404,0.0,113.35201422307254,0.0426570504437255,0.6841064453398573,25.827041215383616,0.0426570504437255,0.6841064453398573,4.304506869230602,0.0426570504437255,0.6841064453398573,6.120585555204428,98.15802977501151,0.5528146313574196,0,0,0,0,0,1,0,0,0,0,0,0,0,1,0,0,0,1,0,0,0,0,0,0,0,0
22.64493967597222,4.502973331250161,8.433493640497149,1.7521557217593386,0.0,102313.48518997304,0.1255969762248243,0.772688,0.844137,0.0195,174.568383,1.135278,1.45502,23.10708130201247,0.011278819322678,0.6030186657622972,5.264904600458538,0.011278819322678,0.6030186657622972,0.8774841000764229,0.011278819322678,0.6030186657622972,0.3298994874428245,17.637976375190487,0.0128021970521837,3,0,0,0,0,1,0,0,0,0,1,0,0,0,0,0,0,0,0,1,0,0,0,0,0,0
49.613929693333326,5.009092776609553,8.00926581275263,1.6469173990279364,0.0,143540.0272032374,0.1229564310799685,1.474858,1.421407,2.821989,134.55903,1.137094,0.0,50.62645887074829,0.0152037144125512,0.6277456520891335,11.535142527512267,0.0152037144125512,0.6277456520891335,1.922523754585378,0.0152037144125512,0.6277456520891335,0.9743167372020624,40.22853093263492,0.8441546405229571,2,0,0,0,0,0,1,0,0,0,1,0,0,0,0,0,0,0,0,0,0,1,0,0,0,0
52.156925658703706,4.158001250786175,9.60346511456606,1.828034176815042,0.0,169912.55410671464,0.1391260555322221,1.562838,1.393624,2.939844,135.33563700000002,0.3723869999999999,0.0,53.22135271296297,0.0577121670577818,0.6300772420531786,12.12638416244726,0.0577121670577818,0.6300772420531786,2.0210640270745426,0.0577121670577818,0.6300772420531786,3.887999492166645,42.4475482730673,0.0765719216135157,3,0,0,0,0,0,1,0,0,0,0,1,0,0,0,0,0,0,0,0,0,0,0,1,0,0
47.98264151745369,0.5874192409440138,3.798676049680733,0.8708381394116427,0.0,191269.16178619603,0.1265353634864163,1.048593,1.255076,1.254252,170.8081,0.920701,0.0,48.96187909944255,0.0418962101042409,0.6262499772272221,11.155871187214755,0.0418962101042409,0.6262499772272221,1.859311864535793,0.0418962101042409,0.6262499772272221,2.596604017529988,38.8131337607948,0.302859250149681,3,0,0,1,0,0,0,0,0,0,0,0,1,0,1,0,0,0,0,0,0,0,0,0,0,0
101.21290433921295,0.1964117467707152,3.274479677208322,0.2768071109263731,0.0,120287.36356227518,0.1297156043547234,1.806517,1.4343780000000002,0.293124,129.600359,78.58104300000001,0.0686919999999999,103.27847381552344,0.0236311576751831,0.6750550670774622,23.531804160499007,0.0236311576751831,0.6750550670774622,3.921967360083168,0.0236311576751831,0.6750550670774622,3.0893543027682364,88.25146464455202,0.6988909498444532,0,0,0,0,0,1,0,0,0,0,0,0,0,1,0,0,0,0,0,1,0,0,0,0,0,0
8.073835,8.075206932118185,8.343122600079726,2.5124629078437386,0.0,178810.29799910073,0.1375928301926997,2.383497,0.30668,0.151516,771.0171799999999,0.0,0.0,209.7339599222884,0.0974437301209694,0.7707085150089737,47.78748453925558,0.0974437301209694,0.7707085150089737,7.964580756542596,0.0974437301209694,0.7707085150089737,25.86994859224012,204.6123402514665,0.8821195398061626,3,0,0,0,1,0,0,0,0,0,0,0,1,0,1,0,0,0,0,0,0,0,0,0,0,0
80.9322238461574,0.0991663261176013,1.2561749084819136,0.1903234550894664,0.0,48703.2104995691,0.1014387479690696,1.451876,1.299963,0.223271,171.10111899999998,1.948904,0.0,82.58390188383409,0.0022605002591383,0.6564603733596814,18.8165852393546,0.0022605002591383,0.6564603733596814,3.1360975398924333,0.0022605002591383,0.6564603733596814,0.2363049767203305,68.62412539767219,0.7620753600292794,1,0,0,0,0,0,1,0,0,0,0,1,0,0,0,0,0,0,0,0,0,0,1,0,0,0
37.10563893310185,4.167256924745848,9.483739013580395,1.6768144983753597,0.0,194020.71949940047,0.1382775889347783,1.261377,1.274307,0.446453,143.79823000000002,1.134691,0.490901,37.862896870512095,0.0373736034653554,0.6162772087250612,8.626989160369844,0.0373736034653554,0.6162772087250612,1.4378315267283073,0.0373736034653554,0.6162772087250612,1.7912315109976795,29.536759996967152,0.7531426226394169,3,0,0,0,0,0,1,0,0,0,0,0,1,0,1,0,0,0,0,0,0,0,0,0,0,0
42.7284776475463,0.2447761281994249,2.288868246890372,0.2181996526799613,0.0,147212.62308902878,0.1121998765735889,1.437881,1.486221,1.499757,115.690444,2.506871,0.000589,43.60048739545541,0.0141703343212418,0.6214326059394385,9.934288267318951,0.0141703343212418,0.6214326059394385,1.6557147112198254,0.0141703343212418,0.6214326059394385,0.7820676999527791,34.2971702561867,0.5828178505240709,1,0,0,0,1,0,0,0,0,0,0,1,0,0,0,0,0,0,0,0,0,1,0,0,0,0
18.421548106527776,4.015713561353066,5.701087283287689,1.288672943767026,0.0,208491.2300191097,0.1360802372260917,0.865762,1.069063,1.703556,159.619578,1.136764,0.0,18.797498067885485,0.053919360671251,0.5991463759389372,4.28297424331568,0.053919360671251,0.5991463759389372,0.7138290405526132,0.053919360671251,0.5991463759389372,1.2829735165056493,14.256269422902228,0.6562337266237314,3,0,0,0,0,0,1,0,0,0,1,0,0,0,0,0,0,0,0,0,0,0,0,0,0,1
45.59763450976852,6.099109362069366,9.326243335394553,2.401905330250875,0.0,178754.46099370503,0.137220604671277,1.527635,1.4106459999999998,1.7944639999999998,135.681895,0.0,0.004538,46.52819847935563,0.0408916880093259,0.6240632421796554,10.601361678840522,0.0408916880093259,0.6240632421796554,1.766893613140087,0.0408916880093259,0.6240632421796554,2.4083754124731724,36.75511189342428,0.3449864416671445,3,0,0,1,0,0,0,0,0,0,0,1,0,0,0,0,0,1,0,0,0,0,0,0,0,0
51.53074866995371,3.244765106722605,9.389842822397355,1.4889276786673842,0.0,133010.42913481715,0.1294715065571615,1.426195,1.4384290000000002,1.006469,117.912357,1.135848,0.0,52.58239660199358,0.0173615850221353,0.6295031208187892,11.980799225770689,0.0173615850221353,0.6295031208187892,1.996799870961781,0.0173615850221353,0.6295031208187892,1.1555870243963964,41.89972501403324,0.3595800220271455,2,0,0,0,0,1,0,0,0,0,0,0,1,0,0,0,0,0,1,0,0,0,0,0,0,0
34.97563923916667,0.9842930059853218,8.974853155424269,1.616129056869937,0.0,140887.00689448442,0.1208581747643524,1.29759,1.286869,2.025261,159.302808,61.291619,1e-06,35.68942779506803,0.0130324755050165,0.6143242815567025,8.13176835836993,0.0130324755050165,0.6143242815567025,1.3552947263949882,0.0130324755050165,0.6143242815567025,0.588761510794027,27.753015303006297,0.4100503691432239,0,0,0,0,1,0,0,0,0,0,1,0,0,0,0,0,0,0,0,0,0,0,0,0,1,0
1.0057200000000002,0.6953151275356897,3.31393596022535,0.591316512734484,0.0,166412.9545301259,0.1379565413800074,0.910674,0.309872,0.123921,503.379168,10.299683,0.0,26.125581978458047,0.0323389754607617,0.6057308791751039,5.952664248256264,0.0323389754607617,0.6057308791751039,0.9921107080427104,0.0323389754607617,0.6057308791751039,1.069461461391738,20.031736380724865,0.3466416660382099,1,0,0,1,0,0,0,0,0,0,1,0,0,0,1,0,0,0,0,0,0,0,0,0,0,0
61.10743543402777,0.7819713965165529,4.5291945036652566,0.6531541632305232,0.0,164478.40853567145,0.1316876638528826,2.101159,1.556968,0.387886,84.814815,7.01059,0.0,62.35452595308956,0.0190213053708183,0.6382836722046296,14.207360343741923,0.0190213053708183,0.6382836722046296,2.367893390623654,0.0190213053708183,0.6382836722046296,1.5013474422864974,50.379589625211246,0.3542706994945475,1,0,0,0,0,0,0,1,0,0,0,1,0,0,0,0,0,0,1,0,0,0,0,0,0,0
44.77462048898148,3.691046497232908,7.537300853134631,1.0461045334950911,0.0,178790.3601618705,0.1363636651556554,1.41328,1.365841,2.450358,132.999243,1.136745,0.0,45.68838825406273,0.0162186896314625,0.6233086474979229,10.410012513583911,0.0162186896314625,0.6233086474979229,1.7350020855973185,0.0162186896314625,0.6233086474979229,0.9379820112081044,36.04806011265801,0.2248832615405739,2,0,0,1,0,0,0,0,0,0,0,1,0,0,0,0,0,0,1,0,0,0,0,0,0,0
68.57301193481482,3.209028570200328,7.070107502331265,1.0005652796593216,0.0,190318.5773755996,0.1373759235302321,1.549624,1.367232,1.796947,145.874833,1.134373,0.0,69.97246115797431,0.0305211524002256,0.6451286155242746,15.94309241574098,0.0305211524002256,0.6451286155242746,2.657182069290163,0.0305211524002256,0.6451286155242746,2.703341963065065,57.14080631856968,0.6372962424595584,2,0,0,1,0,0,0,0,0,0,0,0,1,0,0,0,0,1,0,0,0,0,0,0,0,0
23.21218265939815,3.645006828170886,6.214237265735507,1.120975380892948,0.0,190743.5693757494,0.1375938294995888,0.747354,1.194681,1.632168,171.536761,0.3703079999999999,0.0,23.68590067285525,0.0318150722938001,0.6035387523315806,5.396787495080944,0.0318150722938001,0.6035387523315806,0.8994645825134905,0.0318150722938001,0.6035387523315806,0.9538843572793152,18.095391063221275,0.7857173571008562,3,0,0,1,0,0,0,0,0,0,0,0,0,1,0,0,0,1,0,0,0,0,0,0,0,0
52.06082377097223,1.5834558281681237,15.705674173734742,3.4081345979544184,0.0,178261.92221223022,0.1384891093634873,1.810141,1.493177,0.310127,109.069429,0.371262,0.055696,53.12328956221656,0.0436305868836334,0.6299891293703385,12.104040659745545,0.0436305868836334,0.6299891293703385,2.0173401099575905,0.0436305868836334,0.6299891293703385,2.933924431378108,42.36341131720152,0.5732836105715096,1,0,0,0,0,0,0,1,0,0,0,0,1,0,0,0,0,0,1,0,0,0,0,0,0,0
74.5776615399074,4.275041720278257,9.526034104738304,1.7107947232911913,0.0,195801.1631070144,0.1372519604665198,2.284542,1.495387,2.109391,101.522057,1.136471,0.0,76.09965463255857,0.0535864478270221,0.6506340826769929,17.339161815013345,0.0535864478270221,0.6506340826769929,2.889860302502224,0.0535864478270221,0.6506340826769929,5.161911610913933,62.674720232773055,0.6690220408074478,3,0,0,0,0,0,0,1,0,0,0,0,1,0,0,0,0,1,0,0,0,0,0,0,0,0
50.29028332333333,3.704384669697256,6.561072851542375,1.0506440383924855,0.0,164145.59092101318,0.1353249505733986,1.495174,1.409705,2.232254,122.381188,0.371501,0.0,51.31661563605442,0.0428750164898411,0.6283657786474639,11.692393436063032,0.0428750164898411,0.6283657786474639,1.9487322393438384,0.0428750164898411,0.6283657786474639,2.7850642298717365,40.8172216983569,0.7915301720153949,2,0,0,0,0,0,1,0,0,0,0,0,1,0,0,0,1,0,0,0,0,0,0,0,0,0
0.98782,3.2198388570790097,9.746231781207117,1.6844972302016024,0.0,168073.86947317145,0.1390553125910621,0.870174,0.2937909999999999,0.226044,568.1317280000001,0.0,0.0,25.660593793461832,0.0321740976809834,0.6053130733412392,5.846717573193835,0.0321740976809834,0.6053130733412392,0.9744529288656392,0.0321740976809834,0.6053130733412392,1.045071457294782,19.66163657326773,0.9812041725313172,2,0,0,1,0,0,0,0,0,0,0,1,0,0,1,0,0,0,0,0,0,0,0,0,0,0
68.78041381013888,5.705694989906513,7.451961967870772,1.837561427546348,0.0,194759.173430006,0.1320801518982548,1.418237,1.326846,2.534369,122.684237,0.0,0.0,70.18409572463152,0.0509617001212031,0.6453187755314531,15.991312949916042,0.0509617001212031,0.6453187755314531,2.6652188249860065,0.0509617001212031,0.6453187755314531,4.527469417210744,57.330524955444936,0.6848692254503366,3,0,0,0,1,0,0,0,0,0,0,0,1,0,0,0,0,1,0,0,0,0,0,0,0,0
24.20571070509259,0.6273124198690593,4.267190588178108,1.294270597416148,0.0,159961.60614321043,0.1199003763371806,1.004128,1.3724690000000002,1.233162,145.753976,1.1370129999999998,0.0,24.699704801114887,0.0193226614847334,0.6044496857549457,5.627780840760354,0.0193226614847334,0.6044496857549457,0.9379634734600588,0.0193226614847334,0.6044496857549457,0.6041316894237826,18.898390892751667,0.6657701564514441,2,0,0,0,0,0,0,0,0,1,1,0,0,0,0,0,0,1,0,0,0,0,0,0,0,0
45.50456205902777,8.292400725453877,7.640079170108128,1.4419192215807433,0.0,161790.52552645383,0.1274952761632361,1.5393290000000002,1.337403,0.748677,121.67081,1.135296,0.5091180000000001,46.43322659084466,0.0408526338678458,0.6239779070886716,10.579722514369667,0.0408526338678458,0.6239779070886716,1.763287085728278,0.0408526338678458,0.6239779070886716,2.401164057238611,36.675072844973805,0.8590451765416885,3,0,0,0,0,0,1,0,0,0,1,0,0,0,0,0,0,1,0,0,0,0,0,0,0,0
60.86576782601852,2.479528728434793,7.325276028909843,0.6091096211108659,0.0,120652.6559502398,0.1283216390589015,1.564423,1.474069,2.724708,127.45,1.134423,0.0,62.10792635308013,0.0,0.6380620950660331,14.151173093106864,0.0,0.6380620950660331,2.358528848851144,0.0,0.6380620950660331,0.0,50.16292861905468,0.5894691087274627,2,0,0,0,0,0,1,0,0,0,0,0,0,1,0,1,0,0,0,0,0,0,0,0,0,0
16.833537601944446,0.4061919788448073,4.480931601078391,0.8244362197619833,0.0,152885.05157748802,0.1340219243932113,0.836307,1.162397,0.588214,166.665017,2.9231830000000003,0.237734,17.177079185657597,0.0199106578954503,0.5976903809606889,3.913764877744769,0.0199106578954503,0.5976903809606889,0.6522941462907947,0.0199106578954503,0.5976903809606889,0.4329201864666949,12.995664559832418,0.9542788429450032,0,0,0,0,0,0,1,0,0,0,0,1,0,0,0,0,0,0,0,0,0,0,1,0,0,0
42.688076668518526,0.2866993452326285,3.705707014607583,0.3328774704349984,0.0,145735.59321605216,0.1282941046253525,1.462558,1.383067,0.195275,129.268924,71.83031,1.3e-05,43.55926190665156,0.0158704025097612,0.6213955636009836,9.92489511797124,0.0158704025097612,0.6213955636009836,1.6541491863285398,0.0158704025097612,0.6213955636009836,0.8750671132742678,34.26269886395772,0.4532661785698249,1,0,0,0,0,1,0,0,0,0,0,0,0,1,0,0,0,0,1,0,0,0,0,0,0,0
40.84628080796297,1.636837008616907,5.813468154385793,1.1830567130081946,0.0,192438.3705223321,0.1341989675014139,1.387008,1.40193,0.315643,117.139104,1.136415,0.0,41.67987837547242,0.0311296093231563,0.6197068811167132,9.496681148841818,0.0311296093231563,0.6197068811167132,1.582780191473636,0.0311296093231563,0.6197068811167132,1.6423776335001632,32.69532586504804,0.4717517046819129,2,0,0,0,0,1,0,0,0,0,1,0,0,0,0,0,1,0,0,0,0,0,0,0,0,0
112.4432563809722,2.0466358270004785,7.792665941252125,1.178202070349412,0.0,149621.28145608513,0.1289807047953994,1.444725,1.409009,2.3249720000000003,143.339714,1.136829,0.0,114.73801671527774,0.0256251498381202,0.6853518101591785,26.14283925158227,0.0256251498381202,0.6853518101591785,4.357139875263711,0.0256251498381202,0.6853518101591785,3.721745405642712,99.53912335429072,0.8560673847737731,1,0,0,1,0,0,0,0,0,0,0,0,1,0,0,0,0,0,0,0,0,0,1,0,0,0
18.07891623712963,0.5376049370931493,2.4415719977957453,0.4038360171037898,0.0,210914.5878110012,0.1258000039296756,0.8431690000000001,1.294152,1.558509,163.270589,0.841607,0.0,18.447873711356763,0.0298232957973282,0.5988322279658653,4.203312997524326,0.0298232957973282,0.5988322279658653,0.7005521662540541,0.0298232957973282,0.5988322279658653,0.6964258158551251,13.983773817474288,0.4017091922609643,2,0,0,1,0,0,0,0,0,0,0,0,1,0,1,0,0,0,0,0,0,0,0,0,0,0
26.50372959347222,3.99353011048955,8.050451697205467,1.7592426920108657,0.0,166302.03370428656,0.1380489627234369,1.072531,1.24055,0.492806,148.884509,0.371787,0.454599,27.044622034155324,0.0331098272078692,0.6065566642363496,6.1620657799341245,0.0331098272078692,0.6065566642363496,1.027010963322354,0.0331098272078692,0.6065566642363496,1.1334718512063495,20.7646781348989,0.261182706065304,3,0,0,0,0,0,0,0,0,1,1,0,0,0,0,1,0,0,0,0,0,0,0,0,0,0
0.867489,7.54895069930765,5.4914324500863785,1.219539631327851,0.0,168046.9056317446,0.1381591760533319,0.755717,0.2715309999999999,0.380306,576.833513,5.889273,0.134346,22.53475617956349,0.0310657229257597,0.6025044144700231,5.1345014080018085,0.0310657229257597,0.6025044144700231,0.855750234666968,0.0310657229257597,0.6025044144700231,0.8861499894605982,17.186443135686883,0.9266448393710366,3,0,1,0,0,0,0,0,0,0,0,1,0,0,1,0,0,0,0,0,0,0,0,0,0,0
44.838187750879634,0.7855819426208949,3.7356138458069,0.5080471138874117,0.0,167733.7442108813,0.1256760294488865,1.314411,1.371365,1.899103,137.28903799999998,0.0,0.0,45.75325280702003,0.0275290094859828,0.6233669302446917,10.42479177881469,0.0275290094859828,0.6233669302446917,1.7374652964691149,0.0275290094859828,0.6233669302446917,1.5943566209354747,36.10261360888785,0.871913174547467,2,0,0,0,1,0,0,0,0,0,0,1,0,0,0,0,0,0,0,0,0,0,0,0,1,0
0.936266,11.100710361123944,7.8897136361193025,1.4441440189770944,0.0,168166.33584382493,0.1390599016484311,0.8338620000000001,0.272636,0.588937,571.437265,0.0,0.128111,24.321375866685564,0.0316992312531236,0.604109745857493,5.541579311396711,0.0316992312531236,0.604109745857493,0.9235965518994516,0.0316992312531236,0.604109745857493,0.9759100227749432,18.598455941427822,0.7875788284458358,3,0,1,0,0,0,0,0,0,0,1,0,0,0,1,0,0,0,0,0,0,0,0,0,0,0
0.705333,0.4743412928186732,1.6352923066495992,0.1675137146163901,0.0,164513.9456122602,0.1388660315200865,0.547185,0.468879,0.546858,396.866246,138.475207,0.0,18.322430809382084,0.029572096039853,0.5987195137551541,4.17473107049212,0.029572096039853,0.5987195137551541,0.6957885117486866,0.029572096039853,0.5987195137551541,0.6858641564286195,13.886071981019867,0.9143027099632804,0,0,1,0,0,0,0,0,0,0,0,0,1,0,1,0,0,0,0,0,0,0,0,0,0,0
