streamflow,CHLAVESurfaceMean,JPO4,JPON,JPOP,PO4JRES,PO4T2R,POPR,baseflow,%sat_area,evap,sat_def,snowpack,trans,missisquoi_Q,missisquoi_TP,missisquoi_TN,pike_Q,pike_TP,pike_TN,rock_Q,rock_TP,rock_TN,basin_TP_gps,basin_TN_gps,RandomNum,ipsl-cm5a-mr.1,miroc-esm-chem.1,mri-cgcm3.1,noresm1-m.1,canesm2.1,ccsm4.1,gfdl-esm2m.1,inmcm4.1,miroc-esm.1,rcp45,rcp60,rcp85,rcp26,0_redux,100_redux,20_redux,40_redux,60_redux,64_redux,80_redux,S0_redux,S1_redux,S2_redux,S3_redux,S4_redux
52.67564673537036,7.4039764058022275,4.405490110818145,6.28516797024569,1.1132441736239609,0.0,181660.6560813849,0.1262832215632037,1.686938,1.46744,0.175628,113.997997,1.1345379999999998,0.0032,53.75065993405138,0.0438938901876572,0.6305528404705432,12.246985807758543,0.0438938901876572,0.6305528404705432,2.0411643012930902,0.0438938901876572,0.6305528404705432,2.986488056530836,42.90206493491433,0.774320879211201,0,0,0,0,0,1,0,0,0,1,0,0,0,1,0,0,0,0,0,0,0,0,0,0,0
63.31212729712962,4.877906502428509,0.3245535460378912,1.7552684128141518,0.3439667824146559,0.0,195252.1147051109,0.1278693693057953,1.808451,1.50177,0.234461,126.037646,0.920161,0.0,64.60421152768329,0.0485249687955013,0.6403050821839692,14.719946930358216,0.0485249687955013,0.6403050821839692,2.453324488393036,0.0485249687955013,0.6403050821839692,3.968249808150377,52.36253793881491,0.0909403572332978,0,0,0,0,0,1,0,0,0,0,1,0,0,1,0,0,0,0,0,0,0,0,0,0,0
45.78668156097222,24.11107422056652,8.737362885646682,6.27519704740968,1.669678233367362,0.0,158325.71299835132,0.1192148016403904,1.526591,1.40058,0.366761,131.870258,1.13473,0.143118,46.72110363364512,0.0245826287369364,0.6242365732479391,10.645314751969774,0.0245826287369364,0.6242365732479391,1.7742191253282955,0.0245826287369364,0.6242365732479391,1.4538323351972515,36.917748899529705,0.0250890485320079,0,0,0,1,0,0,0,0,0,0,0,1,0,0,0,0,1,0,0,0,0,0,0,0,0
38.88511494699075,23.66881086712792,1.4706637933671618,7.914325942810205,1.3143039132765444,0.0,137319.03262702338,0.125814217207529,1.312947,1.364941,3.054693,141.81426100000002,0.0,0.0,39.67868872141913,0.0136028538920911,0.6179087521768567,9.040713885892966,0.0136028538920911,0.6179087521768567,1.5067856476488275,0.0136028538920911,0.6179087521768567,0.6832195003888978,31.035201311222803,0.4448089713333928,0,0,0,0,0,1,0,0,0,0,0,1,0,0,0,0,0,0,0,0,0,1,0,0,0
106.0493113938426,4.475782954125178,1.6030512467848597,8.758726605408484,1.3121117306270187,0.0,140063.8699977518,0.1224367652954958,2.25178,1.5303719999999998,0.675351,107.128457,1.135682,0.0,108.21358305494144,0.024482877483816,0.6794894107823565,24.656259430239825,0.024482877483816,0.6794894107823565,4.109376571706637,0.024482877483816,0.6794894107823565,3.35364543799859,93.0759288463921,0.0769042591107475,0,0,0,0,0,0,0,0,1,0,0,1,0,0,0,0,0,0,1,0,0,0,0,0,0
24.88713036837963,15.851148260207404,0.6590282005085933,3.2816887485037607,0.5881090242085125,0.0,180131.92604354018,0.115826062295291,1.044293,1.1907530000000002,1.210465,124.954907,0.0,0.202685,25.39503098814248,0.0259777664590766,0.6050744571937756,5.786209592234996,0.0259777664590766,0.6050744571937756,0.9643682653724992,0.0259777664590766,0.6050744571937756,0.8350711192797204,19.4504868235056,0.0797836729158473,0,0,1,0,0,0,0,0,0,1,0,0,0,0,0,1,0,0,0,0,0,0,0,0,0
1.085325,57.9992548942566,6.558702084657957,10.369429954236072,2.1774367224112403,0.0,167884.83149730216,0.1388101148591053,0.98002,0.314413,0.358759,530.584659,0.701626,0.0,28.19348055201248,0.0330722210283176,0.6075889480803998,6.423831011850943,0.0330722210283176,0.6075889480803998,1.070638501975157,0.0330722210283176,0.6075889480803998,1.180279772624978,21.68360403964869,0.0037308069708819,1,0,0,0,0,0,0,0,0,0,1,0,0,1,0,0,0,0,0,0,0,0,0,0,0
25.73488903416666,65.56685894557408,7.106479695089144,10.725252377901146,1.8712653370498185,0.0,216475.01214028776,0.1358409496716601,0.832942,1.292516,1.1498270000000002,146.899434,1.136465,0.0,26.26009085119047,0.0328061676319077,0.6058517394325201,5.983311839511752,0.0328061676319077,0.6058517394325201,0.9972186399186252,0.0328061676319077,0.6058517394325201,1.0904973955611168,20.13888825297437,0.9404500419064936,0,0,0,0,0,0,1,0,0,0,1,0,0,1,0,0,0,0,0,0,0,0,0,0,0
59.04362511972223,9.61621008373442,0.9987506742814748,6.430900510838278,1.0101540400613127,0.0,125452.16403439749,0.1242593298498675,1.233146,1.317967,0.632896,157.841969,1.137001,0.0,60.24859706094105,0.0186596955385453,0.6363914319171673,13.72752844426505,0.0186596955385453,0.6363914319171673,2.287921407377508,0.0186596955385453,0.6363914319171673,1.4230638959261523,48.53378601849711,0.3818682720199695,0,0,0,0,0,0,1,0,0,0,0,1,0,0,0,0,0,1,0,0,0,0,0,0,0
91.73000283458332,15.19228401865278,0.299805151142305,3.156522060183884,0.2050771674306558,0.0,78982.60145008993,0.1063528049746148,2.623043,1.5013610000000002,1.960968,115.022696,1.137026,0.0,93.6020437087585,0.0123203993706639,0.6663605043336307,21.32704793364117,0.0123203993706639,0.6663605043336307,3.554507988940196,0.0123203993706639,0.6663605043336307,1.4597652663319636,78.95279120560362,0.6085219893448485,0,0,0,0,0,0,0,0,1,0,0,1,0,0,0,0,0,0,0,1,0,0,0,0,0
54.32618074625,42.79560936746143,8.49511178420316,5.4848961029693095,0.9606202776483496,0.0,139735.96588354316,0.1255026374378507,1.191108,1.302377,2.519483,161.337161,1.135296,0.0,55.4348783125,0.0159233129765495,0.6320661612101306,12.630731767405065,0.0159233129765495,0.6320661612101306,2.105121961234177,0.0159233129765495,0.6320661612101306,1.1173505280846503,44.35254523054759,0.6098382671103856,0,0,0,0,0,1,0,0,0,0,1,0,0,0,0,0,0,0,1,0,0,0,0,0,0
46.30054026398148,6.236863010837919,3.70625042572296,8.721311399404952,1.706662682106169,0.0,169755.6290842326,0.1177306899028144,1.327459,1.386136,1.005583,146.895069,7.61189,0.0,47.245449248960696,0.0411869892774228,0.6247077135136686,10.764785904826487,0.0411869892774228,0.6247077135136686,1.7941309841377475,0.0411869892774228,0.6247077135136686,2.4631617868657822,37.36024882815735,0.361790289454845,0,0,0,0,0,0,0,0,1,1,0,0,0,1,0,0,0,0,0,0,0,0,0,0,0
1.2022540000000002,23.16356201171875,5.492668682436863,6.164212433840159,1.0816570689066425,0.0,164602.0120091427,0.1386707335067309,1.104155,0.225171,1.054722,566.636389,1.058639,0.089824,31.23094443376796,0.0341492597943342,0.6103182005020735,7.115911389972446,0.0341492597943342,0.6103182005020735,1.1859852316620745,0.0341492597943342,0.6103182005020735,1.3500172596090634,24.127612413667737,0.3886595149246787,0,1,0,0,0,0,0,0,0,0,0,1,0,1,0,0,0,0,0,0,0,0,0,0,0
29.78267508796296,6.728913603510176,2.725104296521889,14.11359446683376,2.4863055941584014,0.0,176189.27789643285,0.1396131257144667,0.969723,1.378566,1.896902,133.69956100000002,0.37066,0.0,30.390484783635674,0.0344132914255951,0.6095630222926401,6.924414254499268,0.0344132914255951,0.6095630222926401,1.1540690424165445,0.0344132914255951,0.6095630222926401,1.3238438093979346,23.44926044766007,0.3595237601936799,0,0,0,0,0,0,0,1,0,0,0,1,0,0,0,0,1,0,0,0,0,0,0,0,0
29.55307431300926,6.000060923894247,0.8086906301317741,3.376605724259246,0.6315560090384609,0.0,176162.46706384892,0.1368917050085765,1.1646530000000002,1.243537,0.316998,146.474132,0.37858,0.077808,30.15619827858088,0.0453559615799006,0.6093525088392533,6.871032519170327,0.0453559615799006,0.6093525088392533,1.1451720865283876,0.0453559615799006,0.6093525088392533,1.731346038631872,23.260449465958523,0.1430408929371445,0,0,0,0,0,1,0,0,0,0,0,1,0,0,0,0,0,0,0,0,0,0,1,0,0
34.83338298787037,4.991073529493241,0.9779119986138468,3.8119183824502594,0.5289115149626057,0.0,192295.8030013489,0.1359949668498634,1.174743,1.115177,0.158106,165.152102,0.502688,0.205564,35.544268354969766,0.0364477629051375,0.614193851444991,8.098694055562731,0.0364477629051375,0.614193851444991,1.3497823425937885,0.0364477629051375,0.614193851444991,1.639884893213318,27.63426718700404,0.3285182757123118,0,0,0,0,0,1,0,0,0,1,0,0,0,0,0,1,0,0,0,0,0,0,0,0,0
20.421740244027777,5.172380518345606,1.8316321583102928,12.31955124148362,2.2869696042520538,0.0,152116.01864133694,0.1274153653362529,0.6934130000000001,1.185311,0.090672,149.286531,1.135342,0.157608,20.83851045308957,0.0184369176731577,0.6009802867974146,4.748015039944459,0.0184369176731577,0.6009802867974146,0.791335839990743,0.0184369176731577,0.6009802867974146,0.4863264577909477,15.852574669023658,0.1873054967073287,0,0,0,0,1,0,0,0,0,0,0,0,1,0,0,0,1,0,0,0,0,0,0,0,0
1.767666,33.01492960793632,2.962379236873105,7.508140963044384,1.475676640689516,0.0,166623.146882494,0.1388813427312197,1.207134,0.3862239999999999,0.5646329999999999,595.756043,0.971127,0.0,45.91864832511338,0.0393572975161225,0.6235155430795641,10.462476833570138,0.0393572975161225,0.6235155430795641,1.743746138928356,0.0393572975161225,0.6235155430795641,2.287637852746442,36.24176069356024,0.955234513616153,0,1,0,0,0,0,0,0,0,1,0,0,0,1,0,0,0,0,0,0,0,0,0,0,0
26.662253157685186,13.157470615137193,0.0943968305252581,2.808431872360998,0.0955158583462524,0.0,63320.097087174014,0.1041479342275386,1.088072,1.169353,0.096206,136.938452,1.136121,0.273043,27.206380773148148,0.0013269012231296,0.6067020093160967,6.198922201476793,0.0013269012231296,0.6067020093160967,1.033153700246132,0.0013269012231296,0.6067020093160967,0.045696430284583,20.893880862389626,0.4176494956622298,0,0,0,0,0,1,0,0,0,0,1,0,0,0,0,0,0,0,0,0,0,0,0,1,0
30.97283650606481,40.83426351093111,1.4289133594476349,5.229496079954884,0.6804071254581571,0.0,163858.15303694544,0.1197530893291786,1.146308,1.287156,1.394474,134.51055,1.136168,0.0005059999999999,31.604935210270217,0.0124556531833106,0.6106542424344841,7.201124478289416,0.0124556531833106,0.6106542424344841,1.200187413048236,0.0124556531833106,0.6106542424344841,0.4983039390634545,24.429984516479127,0.0740676519476785,0,0,1,0,0,0,0,0,0,0,0,1,0,0,0,0,0,0,0,0,1,0,0,0,0
21.97912543180556,27.86709931577955,3.9883953415804334,7.245322469898837,1.189892301313597,0.0,172930.17805755397,0.1388298560568182,0.969135,1.334825,0.496114,150.92242,0.37211,0.000113,22.42767901204649,0.0313335788799232,0.6024082024226941,5.110104078694136,0.0313335788799232,0.6024082024226941,0.8516840131156892,0.0313335788799232,0.6024082024226941,0.8895436068576692,17.102047845772287,0.2180793739536043,0,0,0,1,0,0,0,0,0,1,0,0,0,0,0,0,1,0,0,0,0,0,0,0,0
27.58452579046296,13.786273321651278,8.712968151346384,8.87658656186623,8.228592028149027,0.0,268753.9019409472,0.1467007616226621,1.106409,1.345382,1.648019,145.316714,0.0,0.0,28.147475296390777,0.065734409776683,0.607547610978066,6.413348801709291,0.065734409776683,0.607547610978066,1.0688914669515484,0.065734409776683,0.607547610978066,2.3420983231797656,21.64674857137512,0.7226155774637266,0,0,0,0,0,1,0,0,0,0,1,0,0,0,0,0,0,0,0,0,0,0,1,0,0
52.58771669027777,8.889108446666173,5.109878439983304,11.795952061669146,2.422470244286443,0.0,222681.2456160072,0.1318096007874829,1.680954,1.531108,0.17967,104.166881,1.134756,0.0,53.66093539824263,0.0579559735722696,0.6304722202833829,12.22654224263756,0.0579559735722696,0.6304722202833829,2.037757040439593,0.0579559735722696,0.6304722202833829,3.936673106080781,42.82497352280153,0.3934144099706397,0,0,0,1,0,0,0,0,0,0,0,1,0,0,0,0,0,0,0,0,0,0,0,0,1
30.626971540046306,4.239983524594988,0.5930346259467607,2.1018211704363927,0.3129099252269708,0.0,188819.312481265,0.1325416329631702,1.1974790000000002,1.223651,0.18639,173.401528,1.466603,0.0,31.25201177555745,0.0347511289878969,0.6103371301406916,7.1207115437979,0.0347511289878969,0.6103371301406916,1.18678525729965,0.0347511289878969,0.6103371301406916,1.374737585245154,24.14463693445169,0.5883022732123038,0,0,0,1,0,0,0,0,0,0,0,1,0,0,0,0,0,0,0,0,1,0,0,0,0
41.02639229291666,33.90732453664144,9.08352765433794,5.557309179854908,0.8826183438729897,0.0,76108.84413406775,0.109640899813361,1.344236,1.362445,2.653355,133.01568899999998,1.135306,0.0,41.863665605017005,0.0,0.619872019456076,9.538556720130456,0.0,0.619872019456076,1.5897594533550758,0.0,0.619872019456076,0.0,32.84824676001995,0.7986147878067569,0,0,1,0,0,0,0,0,0,0,1,0,0,0,1,0,0,0,0,0,0,0,0,0,0
1.935352,6.955771480855487,0.655389307071265,7.427061356514764,2.3852146695271954,0.0,167977.38356190047,0.1386857435678978,1.736474,0.422314,0.182741,577.96919,6.227091000000001,0.0,50.274626469765685,0.0409018615038266,0.6274295201218786,11.454978182984586,0.0409018615038266,0.6274295201218786,1.9091630304974307,0.0409018615038266,0.6274295201218786,2.6029440620544,39.92884146864783,0.8387376177057607,1,0,0,0,0,0,0,0,0,1,0,0,0,1,0,0,0,0,0,0,0,0,0,0,0
249.69777991828707,4.961492878482456,0.5430483959561629,5.233997352403416,2.2941216276132232,0.0,212194.1678469724,0.1353171152962769,2.871416,1.50754,0.364194,121.838872,16.630409,0.0,254.79365297784395,0.1529704015341425,0.8111960010101821,58.054250045584695,0.1529704015341425,0.8111960010101821,9.67570834093078,0.1529704015341425,0.8111960010101821,49.33656633464779,261.62986377013044,0.0282985631371267,0,0,0,0,0,0,1,0,0,1,0,0,0,0,0,0,0,1,0,0,0,0,0,0,0
76.4389323525463,4.35740385055542,0.8230930135118589,3.715555980908785,0.4096554590286396,0.0,165491.9767123801,0.1347660651024011,1.762844,1.464903,0.2259159999999999,134.978043,1.1368200000000002,0.0,77.99891056382276,0.0194344353817513,0.6523406211089117,17.771903672769742,0.0194344353817513,0.6523406211089117,2.9619839454616232,0.0194344353817513,0.6523406211089117,1.9188161863286253,64.40741488990201,0.7518169441866717,0,0,0,0,0,0,1,0,0,0,0,0,1,0,0,0,0,0,1,0,0,0,0,0,0
53.2546256049537,46.37682039851234,4.599789212075926,4.973670388297212,1.1020092553943752,0.0,237446.70636615707,0.1253752531282764,1.676409,1.472677,0.613762,109.134752,0.013487,0.0,54.34145469893235,0.0441422813846899,0.6310836872906317,12.38159727317446,0.0441422813846899,0.6310836872906317,2.0635995455290765,0.0441422813846899,0.6310836872906317,3.036399726802094,43.41013367612538,0.208866722979628,0,0,0,0,0,0,0,0,1,1,0,0,0,1,0,0,0,0,0,0,0,0,0,0,0
43.2555996839352,7.238395701703571,2.1994179455067613,11.001595589754391,1.972604568341939,0.0,137725.18492393586,0.1269508604523089,1.468988,1.468708,0.941902,125.261616,0.013498,0.115588,44.13836702442367,0.0399122876209362,0.6219159069224554,10.056843119488938,0.0399122876209362,0.6219159069224554,1.6761405199148227,0.0399122876209362,0.6219159069224554,2.229953417464869,34.74728171907677,0.375777508037099,0,0,0,0,0,1,0,0,0,1,0,0,0,1,0,0,0,0,0,0,0,0,0,0,0
14.769650915277778,103.83297059422448,0.9905347415202518,3.890357137584,0.6529005404999502,0.0,117073.8449865108,0.1143267973900127,0.805638,1.323163,1.315041,158.167346,1.137062,0.0,15.071072362528344,0.017134187131349,0.5957980706499025,3.433915221841901,0.017134187131349,0.5957980706499025,0.5723192036403167,0.017134187131349,0.5957980706499025,0.3268741444679286,11.366222577492982,0.135205408628255,0,0,0,0,0,0,0,0,1,1,0,0,0,0,0,0,1,0,0,0,0,0,0,0,0
1.109601,35.74667978059678,3.3871183080924787,6.744361836275608,1.146630886289999,0.0,169333.74926933454,0.1384842643599144,0.99271,0.312081,0.557125,537.105487,5.4941,0.0,28.824098048044217,0.0332958284574739,0.6081555768191091,6.567516010946783,0.0332958284574739,0.6081555768191091,1.0945860018244638,0.0332958284574739,0.6081555768191091,1.2148382582899888,22.18928604392264,0.7783470946949291,0,0,1,0,0,0,0,0,0,0,1,0,0,1,0,0,0,0,0,0,0,0,0,0,0
31.304827159814817,23.5811292330424,3.944596250566076,10.983106923046158,1.8624174400485105,0.0,202100.0076626199,0.137817192420685,1.054859,1.3016,0.253308,137.243775,1.135905,0.497992,31.943701183484507,0.028018417009999,0.6109586338243963,7.278311662059761,0.028018417009999,0.6109586338243963,1.2130519436766267,0.028018417009999,0.6109586338243963,1.132926507090719,24.70415194222335,0.5497144152381619,0,0,1,0,0,0,0,0,0,0,0,1,0,0,0,1,0,0,0,0,0,0,0,0,0
68.55575178120371,4.9217950285900205,1.5603441947655712,8.63808558713332,1.2534907984790755,0.0,148350.45130770383,0.1374901493461869,2.397297,1.559423,0.369182,98.858753,1.1362290000000002,0.020515,69.95484875633032,0.0181573201910028,0.6451127902530255,15.939079463467667,0.0181573201910028,0.6451127902530255,2.6565132439112777,0.0181573201910028,0.6451127902530255,1.6078387187112229,57.12502237079069,0.1721547814347311,0,0,0,0,1,0,0,0,0,0,0,1,0,0,0,0,0,0,1,0,0,0,0,0,0
3.496281,4.338741619246346,0.6579068666882366,4.469567870064605,1.1442046270524855,0.0,172116.24803282373,0.137974113243804,1.926593,0.407624,0.045383,663.1768950000001,5.065318,0.0,90.82286907412131,0.055279655241903,0.6638633325491702,20.69381827005296,0.055279655241903,0.6638633325491702,3.4489697116754923,0.055279655241903,0.6638633325491702,6.355261886706231,76.32148422180144,0.3695948955192831,1,0,0,0,0,0,0,0,0,0,1,0,0,1,0,0,0,0,0,0,0,0,0,0,0
41.826698265000005,9.79767381463732,0.5665612255426333,3.871530267546217,0.5571008177398206,0.0,154341.9057722572,0.119635732009185,1.428312,1.437815,1.985684,143.675939,5.2e-05,0.004746,42.68030435204082,0.0266773732820041,0.6206057938694393,9.724626308059934,0.0266773732820041,0.6206057938694393,1.620771051343322,0.0266773732820041,0.6206057938694393,1.441263811378406,33.52866349998428,0.7853826286207287,0,0,0,1,0,0,0,0,0,0,1,0,0,0,0,0,0,0,0,0,0,0,0,1,0
52.884143281203706,9.789774256093162,8.173611423666243,8.044165709607606,1.7949864744282455,0.0,308497.2454473921,0.134739637392745,1.698164,1.381349,0.142021,117.598596,1.136517,0.562425,53.96341151143236,0.0862072475039565,0.6307440041453672,12.295460850706103,0.0862072475039565,0.6307440041453672,2.049243475117684,0.0862072475039565,0.6307440041453672,5.888654648511272,43.08493449881652,0.4421005692181144,0,0,1,0,0,0,0,0,0,1,0,0,0,0,0,0,0,0,0,0,0,0,0,0,1
30.25468173708334,38.513700480688186,0.8845100754813896,4.125090657378272,1.027530487349851,0.0,195112.08461668165,0.1240167110193547,1.123737,1.276599,3.251887,155.394778,0.0,0.0,30.872124221513616,0.0346020491357765,0.6099957897767566,7.034154885914495,0.0346020491357765,0.6099957897767566,1.1723591476524156,0.0346020491357765,0.6099957897767566,1.3522009610615315,23.83780480580802,0.9985645347235322,0,0,0,1,0,0,0,0,0,1,0,0,0,1,0,0,0,0,0,0,0,0,0,0,0
21.361782179490746,4.778592013745081,2.1909799658709006,10.691499015981917,1.778528202066033,0.0,174247.87366981414,0.1345493456514047,0.729888,1.036001,0.012986,144.58549399999998,1.137119,1.257667,21.797736917847697,0.0111002862094109,0.6018421805527937,4.966572968623526,0.0111002862094109,0.6018421805527937,0.8277621614372542,0.0111002862094109,0.6018421805527937,0.3062798968424716,16.606072807283024,0.4236577367066515,0,0,0,0,0,0,1,0,0,0,0,0,1,0,0,0,0,0,1,0,0,0,0,0,0
33.7716544237037,4.616000419571286,1.0293569193898344,7.071893582241141,0.9000525205112475,0.0,133991.67742993106,0.1302324461011434,1.108486,1.415188,1.730198,121.272848,1.13712,0.0,34.46087186092215,0.0144069609512835,0.6132203871931944,7.851844221475932,0.0144069609512835,0.6132203871931944,1.308640703579322,0.0144069609512835,0.6132203871931944,0.6284511838575846,26.74950529818954,0.2207271179292494,0,0,0,0,0,1,0,0,0,0,0,1,0,0,0,0,0,1,0,0,0,0,0,0,0
40.64878188212963,14.909454260553632,0.3053624384391079,3.802003462823461,0.1081179533716586,0.0,83600.4389051259,0.103449017988692,1.405096,1.389655,1.234318,110.424128,1.136427,0.0,41.47834885931595,0.0,0.6195258008005611,9.450763031236546,0.0,0.6195258008005611,1.5751271718727573,0.0,0.6195258008005611,0.0,32.527730750573106,0.972833524958174,0,0,0,1,0,0,0,0,0,0,1,0,0,0,1,0,0,0,0,0,0,0,0,0,0
45.39682611495371,21.72119005294073,3.222793372700826,4.271669172840439,0.704603120363016,0.0,162595.88745878296,0.1296941753414323,1.555097,1.190957,1.05946,157.896883,0.369693,0.0,46.3232919540344,0.0276878483789432,0.6238791275194585,10.554674116109105,0.0276878483789432,0.6238791275194585,1.7591123526848504,0.0276878483789432,0.6238791275194585,1.6235345367554757,36.58244932672422,0.1407074587682264,0,0,0,1,0,0,0,0,0,0,0,1,0,0,0,0,0,0,0,0,0,1,0,0,0
61.31771400162037,4.021760427951813,1.0409912672117174,9.116795146493889,1.7681242883634225,0.0,198225.4631294964,0.1289171895427669,1.903074,1.420262,0.251635,125.580929,20.39608,0.018183,62.56909592002079,0.047645676480207,0.6384764697570162,14.256249703295875,0.047645676480207,0.6384764697570162,2.3760416172159786,0.047645676480207,0.6384764697570162,3.7736036732460168,50.568222125193664,0.2353666299023658,0,0,0,0,0,0,0,0,1,1,0,0,0,1,0,0,0,0,0,0,0,0,0,0,0
79.11344152375001,4.458187661852155,0.5734064110891997,7.335287263925127,2.601876470396559,0.0,184450.8677120804,0.1317076799716595,2.802649,1.364081,0.665916,75.63788199999999,1.559416,0.2381239999999999,80.72800155484695,0.0334018718695521,0.6547927912370766,18.39372187325627,0.0334018718695521,0.6547927912370766,3.065620312209377,0.0334018718695521,0.6547927912370766,3.4132485623038016,66.91153603682189,0.8754395479096546,0,0,0,0,0,0,1,0,0,0,1,0,0,0,0,0,1,0,0,0,0,0,0,0,0
1.472166,8.296416899136135,1.0594299048256817,12.0336091844298,3.593480503816399,0.0,174035.13680305754,0.1381412301060678,1.229273,0.395104,0.665536,624.78245,5.857796,0.0,38.24244672363945,0.036635432492408,0.6166182456545918,8.713468873740634,0.036635432492408,0.6166182456545918,1.4522448122901055,0.036635432492408,0.6166182456545918,1.7734538927701349,29.849354947176906,0.0319427991231479,0,0,1,0,0,0,0,0,0,0,0,1,0,1,0,0,0,0,0,0,0,0,0,0,0
48.79068655546297,7.917929635729108,1.0670122918751028,4.8403469544234605,0.7285814984953947,0.0,197131.46549010792,0.1371391248181283,1.553586,1.462693,0.683955,128.24930600000002,1.299348,0.0012109999999999,49.78641485251323,0.0422381808066551,0.6269908473374287,11.3437400929777,0.0422381808066551,0.6269908473374287,1.890623348829616,0.0422381808066551,0.6269908473374287,2.661883028171641,39.51345118262027,0.592531560526993,0,0,1,0,0,0,0,0,0,1,0,0,0,0,0,0,0,0,0,1,0,0,0,0,0
29.997179592870367,10.086760698046003,0.5372391160738339,1.740816428935785,0.3307291524801894,0.0,277890.80425659474,0.1529227891128411,1.156157,1.332288,0.468739,150.746646,1.356059,0.00033,30.60936693150037,0.073137960057026,0.609759694468961,6.974286136291225,0.073137960057026,0.609759694468961,1.162381022715204,0.073137960057026,0.609759694468961,2.833805893679655,23.62576990891138,0.7660893434057328,0,0,0,0,0,1,0,0,0,0,0,1,0,0,0,0,0,0,0,0,0,0,1,0,0
41.71081593574075,19.586055992898487,6.613922736913466,5.966072566217656,1.0038174582328157,0.0,179441.64573965827,0.1360740235312093,1.409335,1.316412,1.3201459999999998,136.77589,1.134371,0.0,42.56205707728648,0.0157080372808977,0.6204995451456542,9.697683891027298,0.0157080372808977,0.6204995451456542,1.6162806485045496,0.0157080372808977,0.6204995451456542,0.8462865561034336,33.43004690749321,0.9673098843960846,0,0,0,0,0,1,0,0,0,1,0,0,0,0,0,0,0,1,0,0,0,0,0,0,0
2.357072,8.693521320252191,2.0220571304682635,6.770716269239247,1.4030252469243478,0.0,173739.31381145085,0.1376958710076711,1.679928,0.3981719999999999,0.298844,643.334,0.296198,0.0,61.229644200302346,0.0447863451512069,0.6372729322032976,13.951058172220788,0.0447863451512069,0.6372729322032976,2.325176362036798,0.0447863451512069,0.6372729322032976,3.471205036253589,49.39239860416622,0.1210470803258645,0,0,1,0,0,0,0,0,0,0,0,1,0,1,0,0,0,0,0,0,0,0,0,0,0
42.25934769069445,6.520287422906785,3.060937414066397,8.913006007242545,2.1966531829868288,0.0,170291.35915017987,0.1356790422392692,1.429694,1.41261,0.934609,129.753805,0.370953,0.0,43.12178335785148,0.0394977810836282,0.6210024760005303,9.825216461282617,0.0394977810836282,0.6210024760005303,1.6375360768804357,0.0394977810836282,0.6210024760005303,2.155968049372232,33.897131942764844,0.1294040006618244,0,0,0,1,0,0,0,0,0,0,0,1,0,1,0,0,0,0,0,0,0,0,0,0,0
32.438727605231485,4.894649954069228,3.6474838436936303,8.843828085801013,1.3782685587732055,0.0,148660.93841801558,0.1074272707569227,1.179457,1.43491,1.510842,129.832506,1.137126,0.0,33.10074245431784,0.0212874835214834,0.6119982701174782,7.54194131870533,0.0212874835214834,0.6119982701174782,1.2569902197842215,0.0212874835214834,0.6119982701174782,0.8919386196774156,25.64252800208441,0.1958617126188845,0,0,1,0,0,0,0,0,0,1,0,0,0,0,0,0,1,0,0,0,0,0,0,0,0
3.492711,4.041438405854361,0.5060459381098942,7.404145304247629,6.140419006347656,0.0,184529.8851543765,0.1385117141391447,3.375188,0.2737,0.2802739999999999,544.0500049999999,38.970566,0.0253919999999999,90.7301312070578,0.0552467717964388,0.6637800047934777,20.67268812312709,0.0552467717964388,0.6637800047934777,3.445448020521182,0.0552467717964388,0.6637800047934777,6.344996017540859,76.2339834525743,0.51233183504531,0,0,0,1,0,0,0,0,0,0,0,1,0,1,0,0,0,0,0,0,0,0,0,0,0
38.405852923564815,5.074800765230542,1.07532548768629,2.0943267645595744,0.2715423351569141,0.0,167733.90366456835,0.1369322401335199,1.363689,1.316657,0.430716,164.919897,0.385957,0.0,39.18964584037226,0.0379063277512286,0.6174693324769497,8.92928639400887,0.0379063277512286,0.6174693324769497,1.488214399001478,0.0379063277512286,0.6174693324769497,1.8804247590882603,30.63089171780092,0.753631743551694,0,0,1,0,0,0,0,0,0,1,0,0,0,0,0,0,0,0,0,1,0,0,0,0,0
43.905044785370364,3.5328529122329893,0.5959116045376666,6.742446885120383,0.5932912896577117,0.0,128619.47399580336,0.1305467927341552,1.494399,1.420794,0.52185,129.090913,1.134774,0.0,44.80106610752078,0.0,0.6225113619295907,10.207837847283216,0.0,0.6225113619295907,1.7013063078805355,0.0,0.6225113619295907,0.0,35.3027502259372,0.706350249593778,0,0,0,0,0,1,0,0,0,1,0,0,0,0,1,0,0,0,0,0,0,0,0,0,0
9.140748,4.423476107631411,2.18382293171734,10.53526327878737,2.1406949585576136,0.0,168636.8962642386,0.1390361673504614,1.801157,0.389416,1.235103,655.630441,1.061489,0.0,237.4491520685941,0.1072711182023442,0.7956114466081938,54.1023384460088,0.1072711182023442,0.7956114466081938,9.01705640766813,0.1072711182023442,0.7956114466081938,32.24232412480578,239.13577642175088,0.662103826847718,0,0,0,1,0,0,0,0,0,0,0,1,0,1,0,0,0,0,0,0,0,0,0,0,0
279.08120575981485,27.215672985712686,3.6085804506457393,9.043417736208982,1.248188663586724,0.0,164607.00026229018,0.1340249392250888,2.913055,1.545593,1.243549,104.129868,1.136764,0.0,284.77674057123966,0.1040746452771113,0.838136704705476,64.88583962382675,0.1040746452771113,0.838136704705476,10.814306603971124,0.1040746452771113,0.838136704705476,37.51650412420724,302.1289100242342,0.2388493720965189,0,0,0,0,0,1,0,0,0,0,0,1,0,0,0,0,1,0,0,0,0,0,0,0,0
233.912249312963,5.874932831809634,11.864370642234382,12.455608843613586,2.5291961105607395,0.0,256405.00792491008,0.1136186029538691,4.122755000000001,1.617322,0.639674,72.75296,10.491627,0.005867,238.68596868669687,0.1424163632862775,0.7967227634440578,54.38414476405753,0.1424163632862775,0.7967227634440578,9.06402412734292,0.1424163632862775,0.7967227634440578,43.02884509850848,240.7171450220089,0.0582861565336366,0,0,0,1,0,0,0,0,0,0,1,0,0,1,0,0,0,0,0,0,0,0,0,0,0
25.228158418194443,35.29548059985751,2.491906209529447,8.288215403934176,1.073838609871533,0.0,98312.01262739809,0.1278001695460409,0.849824,1.117673,0.302543,166.43634699999998,1.135004,0.453934,25.74301879407596,0.0,0.6053871346770411,5.865497953080599,0.0,0.6053871346770411,0.9775829921800996,0.0,0.6053871346770411,0.0,19.72720555149729,0.1610163377327708,0,0,0,0,0,1,0,0,0,1,0,0,0,0,1,0,0,0,0,0,0,0,0,0,0
49.56993921333333,48.041696425846645,12.645903379645208,4.807857697530331,1.0462096274899635,0.0,186133.078504384,0.1248548365236043,1.589285,1.489208,1.093253,117.632332,0.920383,0.0,50.58157062585033,0.0425687509643584,0.6277053186544452,11.524914826143114,0.0425687509643584,0.6277053186544452,1.9208191376905184,0.0425687509643584,0.6277053186544452,2.725562383997383,40.1902796300528,0.0128209438474272,0,0,0,0,0,0,0,0,1,1,0,0,0,1,0,0,0,0,0,0,0,0,0,0,0
48.05985397453703,4.766984261501403,0.1008240572563249,2.81762327478944,0.1011258267062745,0.0,74850.3139051259,0.1062379365684174,1.580057,1.450091,0.108964,115.878394,2.527573,0.003116,49.04066732095615,0.0016771540479453,0.6263207708078987,11.173822933888744,0.0016771540479453,0.6263207708078987,1.8623038223147903,0.0016771540479453,0.6263207708078987,0.1041123464699798,38.87998551568986,0.2609107364128987,0,0,0,0,0,1,0,0,0,0,0,0,1,0,0,0,0,0,0,0,0,1,0,0,0
32.897343633703706,34.086952014196484,5.554525777590361,8.513314408935804,1.898236801584276,0.0,175988.74138189448,0.1321012460999637,0.940193,1.30741,3.12337,153.944245,1.136776,0.0,33.56871799357521,0.0356640834079484,0.6124187601787671,7.648568656763972,0.0356640834079484,0.6124187601787671,1.2747614427939953,0.0356640834079484,0.6124187601787671,1.5154399473680578,26.022927410653164,0.06017164255729,0,0,0,0,0,0,0,0,1,1,0,0,0,1,0,0,0,0,0,0,0,0,0,0,0
1.01084,11.354216263407752,4.417632076665938,3.858837811781062,0.5560958063502391,0.0,170314.26240257794,0.1379529938316173,0.918292,0.26969,0.642602,569.785511,1.32969,0.309743,26.25858418556312,0.0323861360324078,0.605850385648254,5.982968548609319,0.0323861360324078,0.605850385648254,0.9971614247682196,0.0323861360324078,0.605850385648254,1.0764735182937712,20.13768779164628,0.5622683173596494,0,1,0,0,0,0,0,0,0,1,0,0,0,1,0,0,0,0,0,0,0,0,0,0,0
85.6844940162963,23.00915355001177,6.586003972472047,9.00970289175459,2.0934795695814867,0.0,180414.4615744904,0.136918102344163,2.36344,1.516173,3.4963580000000003,114.260633,0.0,0.0,87.43315715948602,0.0587342459916444,0.6608175747025129,19.921478846465167,0.0587342459916444,0.6608175747025129,3.320246474410861,0.0587342459916444,0.6608175747025129,6.500405772697929,73.13590742115848,0.0778479944997371,0,0,1,0,0,0,0,0,0,0,1,0,0,0,0,0,1,0,0,0,0,0,0,0,0
44.39112940638889,1.315333047083446,0.5449318864005361,1.399265685384508,0.1186573471722128,0.0,191075.08541291967,0.1381629592509006,1.115969,1.125366,0.500947,192.188812,112.225837,0.0,45.29707082284581,0.0403862784019456,0.6229570370464517,10.320851579888918,0.0403862784019456,0.6229570370464517,1.7201419299814862,0.0403862784019456,0.6229570370464517,2.3156710291697484,35.719150666687725,0.8141407111560275,0,0,1,0,0,0,0,0,0,0,1,0,0,0,0,0,0,0,0,1,0,0,0,0,0
105.70835971638888,6.781974384330568,2.970352784906932,14.175387272731864,2.619327090912872,0.0,223303.2251573741,0.1343358479601016,2.700093,1.50979,3.243445,120.676086,1.13446,0.0,107.86567317998866,0.0684103271327685,0.6791768033224151,24.5769888258202,0.0684103271327685,0.6791768033224151,4.096164804303366,0.0684103271327685,0.6791768033224151,9.340665808404204,92.7340039222849,0.5759496756613004,0,0,0,0,0,0,1,0,0,0,0,0,1,1,0,0,0,0,0,0,0,0,0,0,0
17.655609696944445,21.96962296281542,4.5579245553599845,7.881995583609711,1.2625456117897582,0.0,166176.9459494904,0.1321874537842451,0.8731399999999999,1.240018,0.8635280000000001,153.628061,0.0,0.349505,18.01592826218821,0.0201246758384723,0.5984441120214239,4.104895047080858,0.0201246758384723,0.5984441120214239,0.6841491745134762,0.0201246758384723,0.5984441120214239,0.4589426787414059,13.647501507730253,0.7287605209544711,0,0,1,0,0,0,0,0,0,0,1,0,0,0,0,0,0,0,0,0,0,1,0,0,0
50.49376475078704,9.468704023815336,1.025839290244402,6.841980323517065,1.1161500115474636,0.0,128469.64705110912,0.1317401374165388,1.120648,1.235313,0.331866,157.129776,1.136107,0.0,51.52424974570106,0.0171846596128944,0.6285523441240047,11.73970247370404,0.0171846596128944,0.6285523441240047,1.956617078950673,0.0171846596128944,0.6285523441240047,1.1207932831514371,40.99454171758362,0.2905558834731024,0,0,0,0,0,1,0,0,0,1,0,0,0,0,0,0,0,1,0,0,0,0,0,0,0
72.26016769944445,6.789673131420499,3.364428287501529,7.855907964477722,1.2736250583073505,0.0,172765.46916217025,0.1382993098786123,1.529147,1.429386,2.060812,131.27439099999998,0.3709449999999999,0.0,73.73486499943311,0.0525320695547457,0.6485092482479407,16.800348987212608,0.0525320695547457,0.6485092482479407,2.800058164535434,0.0525320695547457,0.6485092482479407,4.903095008556976,60.52878717777944,0.8225904528125267,0,0,0,0,0,1,0,0,0,0,1,0,0,0,0,0,0,0,1,0,0,0,0,0,0
21.55609892361112,57.54592738832746,1.5102347904543796,6.471733305951674,1.2776462774482562,0.0,154776.8029357764,0.1216304372969291,0.970149,1.205279,2.214556,166.47722199999998,0.0,0.429565,21.99601930980726,0.0187013020282459,0.6020203432304411,5.011751235145958,0.0187013020282459,0.6020203432304411,0.8352918725243261,0.0187013020282459,0.6020203432304411,0.5207015196605502,16.762089993156426,0.714326372784672,0,0,0,1,0,0,0,0,0,1,0,0,0,0,0,0,1,0,0,0,0,0,0,0,0
33.898559830416666,11.62274270682108,3.4419153511381264,9.813278085036243,1.731701287148382,0.0,188485.4888901379,0.137243817464339,1.148058,1.33818,0.245827,141.948116,1.1367969999999998,0.02474,34.59036717389456,0.0360687668993925,0.6133367426167594,7.881349482659519,0.0360687668993925,0.6133367426167594,1.3135582471099196,0.0360687668993925,0.6133367426167594,1.5792808741260782,26.85511788399262,0.7487983716990677,0,0,0,0,0,0,1,0,0,1,0,0,0,0,0,0,0,0,1,0,0,0,0,0,0
37.66493919097223,57.81144392149789,4.932187885975094,8.678045618162452,1.4411695998349636,0.0,192784.65121028177,0.1379056304371614,1.273884,1.285601,0.72665,152.434032,0.369726,0.3568199999999999,38.433611419359416,0.0376024973674436,0.616790012868637,8.757025386689486,0.0376024973674436,0.616790012868637,1.4595042311149142,0.0376024973674436,0.616790012868637,1.8293668002757124,30.00692111637328,0.9811308212406455,0,0,1,0,0,0,0,0,0,0,0,1,0,1,0,0,0,0,0,0,0,0,0,0,0
44.911123355740735,30.9293790272304,6.051816317960799,8.806311991574953,1.420839972776189,0.0,135859.41543952338,0.1196185573399495,1.4186040000000002,1.442562,1.280235,117.88938600000002,1.136191,0.0,45.827676893613,0.014495584950926,0.6234338025192181,10.44174916563334,0.014495584950926,0.6234338025192181,1.7402915276055566,0.014495584950926,0.6234338025192181,0.8408847892594377,36.16521881823704,0.2241729468746173,0,0,0,0,0,0,0,0,1,0,0,1,0,0,0,0,0,0,0,0,1,0,0,0,0
77.82465793000001,52.584643193653655,7.204336357917145,6.8160655401307615,1.4938368069753944,0.0,273277.9614433453,0.1386042048426554,2.151118,1.442603,3.003267,133.447824,1.1344040000000002,0.0,79.41291625510206,0.0904885176009316,0.6536111476426968,18.0940821847068,0.0904885176009316,0.6536111476426968,3.015680364117799,0.0904885176009316,0.6536111476426968,9.09614819024192,65.70274345715269,0.5541118970569298,0,0,1,0,0,0,0,0,0,0,0,1,0,0,0,0,0,0,0,0,0,0,1,0,0
462.32286284856485,3.1559870214689347,0.6124358727491731,5.254486223776564,2.629926791508421,0.0,199019.0371702638,0.139099572470291,4.876794,1.6642549999999998,0.34492,79.85499399999999,55.458753,0.0,471.7580233148621,0.2607488071193606,1.006144996689103,107.48916986920908,0.2607488071193606,1.006144996689103,17.91486164486818,0.2607488071193606,1.006144996689103,155.70929345359215,600.831613678721,0.2457552254027831,0,0,0,0,0,0,0,1,0,1,0,0,0,0,0,1,0,0,0,0,0,0,0,0,0
51.051588476342594,13.040773979822797,1.5770448120377905,5.432308028356062,0.8003270887285113,0.0,156600.75091801558,0.1357639495024292,1.167803,1.249593,0.4162909999999999,176.126046,1.135232,0.0,52.093457628921016,0.0172797651026704,0.6290637944833144,11.869395409121244,0.0172797651026704,0.6290637944833144,1.978232568186873,0.0172797651026704,0.6290637944833144,1.1394464698907252,41.481149523803566,0.2012678258925312,0,0,0,0,0,1,0,0,0,0,1,0,0,0,0,0,0,1,0,0,0,0,0,0,0
17.58718006138889,118.53192279679436,34.54406461677105,7.404579411879432,2.256211846852474,0.0,158937.7379627548,0.1302303301898552,0.589813,0.949992,0.28712,177.698672,1.135282,0.0,17.94610210345805,0.0237074000844923,0.5983813711230201,4.088985289395505,0.0237074000844923,0.5983813711230201,0.681497548232584,0.0237074000844923,0.5983813711230201,0.5385511677516822,13.593181244279675,0.0223697854598604,0,0,0,0,0,0,1,0,0,0,0,1,0,0,0,1,0,0,0,0,0,0,0,0,0
199.91835131842595,3.973731872581301,0.9516723437560832,4.23373973255249,0.6267997231557787,0.0,181154.82068720023,0.1359314436999728,3.105103,1.6759580000000005,0.203843,89.08698000000001,1.136103,0.0,203.9983176718632,0.072457088458815,0.7655548683776993,46.48062934295618,0.072457088458815,0.7655548683776993,7.746771557159361,0.072457088458815,0.7655548683776993,18.710283732910938,197.685955993108,0.7194002935219284,0,0,0,0,0,1,0,0,0,1,0,0,0,0,0,0,1,0,0,0,0,0,0,0,0
39.838369300925926,46.12063508714948,13.730588731720008,5.566192818488434,0.9842729170402464,0.0,173559.53635529077,0.1321910233985034,1.188459,1.41662,2.123208,142.018881,1.087757,0.0,40.65139724584278,0.038495742230536,0.618782759967307,9.262343676267976,0.038495742230536,0.618782759967307,1.5437239460446623,0.038495742230536,0.618782759967307,1.9808933034013745,31.840992132037947,0.3954036186820867,0,0,0,0,0,0,0,0,1,0,0,1,0,1,0,0,0,0,0,0,0,0,0,0,0
44.801859964444446,4.989012040978387,0.2580160091963889,2.0273518244997204,0.2203874388079849,0.0,149642.89181467326,0.1063470069578082,1.489742,1.453446,0.10334,111.073319,2.596896,0.022222,45.71618363718821,0.0243348766052764,0.6233336224835226,10.41634563885301,0.0243348766052764,0.6233336224835226,1.7360576064755011,0.0243348766052764,0.6233336224835226,1.4082249211077615,36.071435889481606,0.1878768169473416,0,0,1,0,0,0,0,0,0,1,0,0,0,0,0,0,1,0,0,0,0,0,0,0,0
70.52603141060185,34.70341502144223,8.579181239473447,6.059924754021551,1.0530442766291346,0.0,153066.23177083334,0.1222088683744986,1.271752,1.395465,3.343174,144.301266,0.0,0.0,71.96533817408351,0.0351107162852226,0.6469192753095592,16.39716565991776,0.0351107162852226,0.6469192753095592,2.7328609433196265,0.0351107162852226,0.6469192753095592,3.19842350759538,58.93134736580438,0.940942735047288,0,0,1,0,0,0,0,0,0,1,0,0,0,0,0,0,0,0,0,0,0,0,0,1,0
24.619241583055555,14.174534164156231,1.814006537842236,4.979476446728055,0.5104125838914364,0.0,126875.64817520983,0.1301836068753144,0.813121,1.094637,0.050098,165.292396,1.13465,0.080189,25.121675084750567,0.0,0.6048288387139009,5.723925968677344,0.0,0.6048288387139009,0.953987661446224,0.0,0.6048288387139009,0.0,19.23330831399699,0.5952573378361521,0,0,1,0,0,0,0,0,0,0,1,0,0,0,1,0,0,0,0,0,0,0,0,0,0
46.47675675851851,12.788676377705166,3.3702829607384954,10.156787326867631,1.6640846496291584,0.0,185481.028139988,0.1328049668198009,1.266581,1.356962,3.026909,148.51711699999998,1.134729,0.000677,47.42526199848828,0.0247566712452049,0.6248692806635017,10.805755898389735,0.0247566712452049,0.6248692806635017,1.8009593163982889,0.0247566712452049,0.6248692806635017,1.4861919240687145,37.51213841806769,0.9123867572839458,0,0,0,0,0,0,0,1,0,0,0,1,0,0,0,0,1,0,0,0,0,0,0,0,0
46.80238304884259,6.44018235547202,2.57637730948359,11.550450566289522,1.855796230782708,0.0,207623.25603267387,0.1364826531075745,1.427828,1.427668,1.613036,125.369157,1.136228,0.0,47.75753372330877,0.0413982044832469,0.6251678367764046,10.881463379994402,0.0413982044832469,0.6251678367764046,1.813577229999067,0.0413982044832469,0.6251678367764046,2.50262803378873,37.79300512351536,0.3430213570513231,0,0,1,0,0,0,0,0,0,0,0,0,1,1,0,0,0,0,0,0,0,0,0,0,0
59.3363094649537,3.383868967067628,0.9869187965238696,4.122716026340457,0.8592541919623633,0.0,211607.18926109112,0.1359638501342824,2.039085,1.531354,0.269604,127.927076,3.668934,1.4e-05,60.5472545560752,0.0467771164956779,0.6366597846362703,13.795576987460173,0.0467771164956779,0.6366597846362703,2.299262831243362,0.0467771164956779,0.6366597846362703,3.5850961770417715,48.79493929871933,0.3130434987257492,0,0,0,0,0,0,1,0,0,0,1,0,0,1,0,0,0,0,0,0,0,0,0,0,0
40.33977930907408,11.564974940390814,2.6067740496971625,8.296697248943705,0.6991751101091326,0.0,128289.16192670864,0.1304885373323512,1.36176,1.325209,0.0347079999999999,125.514992,1.134723,1.092717,41.16304011130008,0.0,0.6192424864312064,9.378920531688625,0.0,0.6192424864312064,1.563153421948104,0.0,0.6192424864312064,0.0,32.26570038935309,0.8152667004850247,0,0,0,0,0,1,0,0,0,1,0,0,0,0,1,0,0,0,0,0,0,0,0,0,0
1.355812,38.62487696693057,6.672781855082341,6.236812282237503,1.2317745073807898,0.0,164811.05167116306,0.1387217651418359,0.8076720000000001,0.434426,1.022765,507.259439,6.969351,0.0,35.219919613189724,0.0355636900796525,0.6139024143700393,8.02479181060019,0.0355636900796525,0.6139024143700393,1.3374653017666982,0.0355636900796525,0.6139024143700393,1.5855067161439935,27.369105929690978,0.5594135251825673,1,0,0,0,0,0,0,0,0,0,1,0,0,1,0,0,0,0,0,0,0,0,0,0,0
34.30727924962962,4.311036460456394,1.93212084961738,8.267488974747327,1.304917203150779,0.0,198743.14315422665,0.136495525388123,1.0017049999999998,1.3150620000000002,3.227822,147.53235700000002,1.137125,0.0,35.00742780574451,0.0289874668222141,0.6137114841062956,7.976375955739256,0.0289874668222141,0.6137114841062956,1.329395992623209,0.0289874668222141,0.6137114841062956,1.284527407658326,27.195519586591725,0.7544078504988041,0,0,0,0,0,1,0,0,0,0,0,0,1,0,0,1,0,0,0,0,0,0,0,0,0
6.52555,8.592126031149002,2.695734069501753,16.00571650681164,3.420240268432837,0.0,173952.32432179258,0.1381628856027155,1.633827,0.385652,1.606614,600.9221349999999,4.776889,0.0,169.51417042469765,0.0831824008883409,0.7345698275517035,38.62348186891845,0.0831824008883409,0.7345698275517035,6.437246978153074,0.0831824008883409,0.7345698275517035,17.848855291799687,157.62024675498765,0.046842676645979,0,0,0,1,0,0,0,0,0,0,0,1,0,1,0,0,0,0,0,0,0,0,0,0,0
26.487767769999994,42.29774385860989,3.9660072532489146,8.05885245759996,1.76299044425539,0.0,166495.85100044965,0.1380511809953397,1.072371,1.24055,0.865894,148.864324,0.0,0.454599,27.028334459183668,0.0331035153382461,0.6065420293616103,6.158354686902608,0.0331035153382461,0.6065420293616103,1.0263924478171012,0.0331035153382461,0.6065420293616103,1.132573271312446,20.75167194068052,0.6781267084032363,0,0,0,0,0,0,0,0,1,1,0,0,0,0,0,0,1,0,0,0,0,0,0,0,0
46.49162391148148,31.60075908842541,4.489929361023205,7.894057352194111,1.2398311530085775,0.0,163385.9837754796,0.1350051797658419,1.446532,1.370055,1.691534,131.92738500000002,4.7575,0.0,47.4404325627362,0.0412673747491,0.6248829118705953,10.809212482648752,0.0412673747491,0.6248829118705953,1.801535413774792,0.0412673747491,0.6248829118705953,2.4781545681339785,37.524956506586335,0.759977592153439,0,0,0,0,0,1,0,0,0,1,0,0,0,1,0,0,0,0,0,0,0,0,0,0,0
27.84169698777778,39.19271960031418,4.824100676629183,5.460400781757254,1.3688220979927257,0.0,176408.36308453238,0.1282250018928834,0.96447,1.303154,2.659983,158.577764,1.137066,0.0,28.40989488548753,0.0269120447520154,0.607783402851457,6.473140606819944,0.0269120447520154,0.607783402851457,1.0788567678033238,0.0269120447520154,0.607783402851457,0.9678080538712588,21.857041250827614,0.1659093094644098,0,0,0,0,0,1,0,0,0,0,0,0,1,0,0,1,0,0,0,0,0,0,0,0,0
66.32881010356482,10.801098747480482,1.0621710188097233,3.896119533968773,0.6328710051034566,0.0,180320.25429968524,0.129394894309467,1.342845,1.411914,0.522093,137.888583,1.1355309999999998,0.0,67.68245928935185,0.0498645460123637,0.6430709801452613,15.42131983808017,0.0498645460123637,0.6430709801452613,2.570219973013361,0.0498645460123637,0.6430709801452613,4.272095070207366,55.09446257448765,0.4199907348785282,0,0,0,0,0,1,0,0,0,0,0,1,0,0,0,1,0,0,0,0,0,0,0,0,0
1.2185290000000002,5.132725111643473,1.776600329996013,11.489354213650564,2.1104231458201967,0.0,167692.8603117506,0.1392091081904278,0.857822,0.35615,0.986874,583.453334,0.760484,0.20959,31.653720004204462,0.0342991696192444,0.6106980770353778,7.212240000957979,0.0342991696192444,0.6106980770353778,1.2020400001596632,0.0342991696192444,0.6106980770353778,1.3742991284864303,24.46945055390372,0.4678673621549121,0,1,0,0,0,0,0,0,0,1,0,0,0,1,0,0,0,0,0,0,0,0,0,0,0
61.64901730412038,5.93093124287469,2.36527047325953,10.816496924530687,1.958166809962522,0.0,182144.70645046464,0.1240717474129989,1.7342990000000005,1.498374,1.242358,105.587174,1.136207,0.0,62.90716051440855,0.0324264589301544,0.6387802309370115,14.333277079232328,0.0324264589301544,0.6387802309370115,2.388879513205388,0.0324264589301544,0.6387802309370115,2.5820967808013977,50.865633570867786,0.2490429756328094,0,0,0,0,0,1,0,0,0,0,0,0,1,0,0,0,0,0,0,0,1,0,0,0,0
55.53737002111109,21.323843605177743,4.594111469438036,7.151030318056651,1.139579641876175,0.0,181862.31564748203,0.1376107528233985,1.516237,1.356962,3.322849,153.158456,0.37063,0.0,56.67078573582765,0.0451257590661678,0.6331766611072132,12.912330927150604,0.0451257590661678,0.6331766611072132,2.1520551545251,0.0451257590661678,0.6331766611072132,3.2371040800068065,45.42103657535904,0.6340840924176755,0,0,0,0,0,0,1,0,0,0,0,1,0,0,0,1,0,0,0,0,0,0,0,0,0
27.321804868240744,49.80250853356861,1.243613515826438,6.1568141841202335,1.2074559366674449,0.0,140873.76742356116,0.1218710688414047,1.058177,1.370792,1.432385,141.433872,1.13704,0.0,27.87939272269464,0.020060253549457,0.6073067307431228,6.35226669631017,0.020060253549457,0.6073067307431228,1.0587111160516949,0.020060253549457,0.6073067307431228,0.7079337807875199,21.432079556358595,0.6924267010241837,0,0,0,0,0,0,0,0,1,0,0,1,0,0,0,0,1,0,0,0,0,0,0,0,0
51.38454651333333,8.43332502955482,1.16751697680933,10.944712705177654,2.19280638025819,0.0,189472.4840752398,0.1381433721747901,1.717796,1.511468,2.567535,102.089861,0.370682,0.0,52.43321072789116,0.0433415191013237,0.629369072835332,11.94680750762077,0.0433415191013237,0.629369072835332,1.9911345846034607,0.0433415191013237,0.629369072835332,2.876626587729906,41.77195091340816,0.4311696032064335,0,0,1,0,0,0,0,0,0,0,0,0,1,0,0,0,0,1,0,0,0,0,0,0,0
1.302638,25.102953976676577,3.720403741017806,7.659426210023803,1.8856784872871508,0.0,169523.2789455935,0.1386429249561376,1.124078,0.368998,0.533053,565.7854309999999,0.956776,0.0,33.83861895682162,0.0350739017521703,0.6126612742912729,7.710065078769483,0.0350739017521703,0.6126612742912729,1.2850108464615804,0.0350739017521703,0.6126612742912729,1.5023448059755564,26.242546089041973,0.4203479452598306,1,0,0,0,0,0,0,0,0,0,1,0,0,1,0,0,0,0,0,0,0,0,0,0,0
1.2644462680092592,35.32264862741743,0.0721130535214228,2.7640165802386165,0.3748919032603431,0.0,137472.4807685102,0.1250700470176246,0.497042,1.095087,0.528323,181.780699,1.134665,0.106338,1.2902512938869992,0.0235331476815863,0.5834155894950963,0.2939813074679238,0.0235331476815863,0.5834155894950963,0.0489968845779873,0.0235331476815863,0.5834155894950963,0.0384350306903805,0.952851543316322,0.6765607292316732,0,0,0,0,0,1,0,0,0,0,1,0,0,1,0,0,0,0,0,0,0,0,0,0,0
26.61398582546296,5.2727896630764,4.455846351971157,7.033024153263449,1.2038822308432855,0.0,192409.60101918463,0.1324192221752173,1.050951,1.309456,1.317866,150.012768,1.464924,0.0,27.15712839332955,0.0331534352496603,0.6066577545752584,6.187700140252303,0.0331534352496603,0.6066577545752584,1.031283356708717,0.0331534352496603,0.6066577545752584,1.1396861996898264,20.85453485039152,0.8310387680195168,0,0,0,0,0,0,0,0,1,0,0,1,0,1,0,0,0,0,0,0,0,0,0,0,0
1.279859,58.99882790474665,7.071905172700219,10.136276070162548,2.5526632490775567,0.0,174126.12627398083,0.1388293124681754,1.156169,0.30713,0.572026,563.274414,0.0,0.100722,33.24688902017196,0.034864083263591,0.6121295871912951,7.575240536241713,0.034864083263591,0.6121295871912951,1.2625400893736187,0.034864083263591,0.6121295871912951,1.4672434266514491,25.7612714573578,0.7346414205246383,0,0,0,1,0,0,0,0,0,0,0,1,0,1,0,0,0,0,0,0,0,0,0,0,0
8.886558,2.0857656417858035,0.4050079044535291,3.377065861539589,0.9885470470150026,0.0,167398.07514613308,0.1389169301525008,1.453827,0.313431,0.525095,595.8225719999999,187.187014,0.1295599999999999,230.8460600717121,0.1049297616190008,0.7896783703562354,52.59783647203566,0.1049297616190008,0.7896783703562354,8.766306078672608,0.1049297616190008,0.7896783703562354,30.661546903810493,230.75207660833823,0.7565454818981758,0,1,0,0,0,0,0,0,0,1,0,0,0,1,0,0,0,0,0,0,0,0,0,0,0
30.750440190509263,7.833939896878742,1.938630310179804,8.871860069622524,0.985043543634369,0.0,119266.98576139088,0.1281813531935358,1.013191,1.181137,2.466924,134.640228,1.137094,0.0,31.37800019439721,0.0,0.6104503345146717,7.1494177658120215,0.0,0.6104503345146717,1.1915696276353367,0.0,0.6104503345146717,0.0,24.246469259583808,0.8236386443242196,0,0,1,0,0,0,0,0,0,0,0,1,0,0,1,0,0,0,0,0,0,0,0,0,0
4.135744,7.369670335451762,0.7254644027716822,8.697084512641961,2.6141423698809505,0.0,168603.34449940047,0.1388883499218691,2.652353,0.456521,0.365292,627.361741,1.133949,0.0,107.43419531670445,0.0611697803642702,0.6787891075179184,24.47867741393265,0.0611697803642702,0.6787891075179184,4.079779568988776,0.0611697803642702,0.6787891075179184,8.318640672322683,92.31033108345764,0.1738707111996689,1,0,0,0,0,0,0,0,0,1,0,0,0,1,0,0,0,0,0,0,0,0,0,0,0
0.549643,83.22342306091672,5.584768227821917,6.994038563552234,2.079891325329705,0.0,166729.83340827338,0.1386920042175183,0.480031,0.213142,0.368358,547.0504540000001,1.113681,0.0,14.278072679657972,0.0281380277977478,0.5950855366448531,3.2532317497954875,0.0281380277977478,0.5950855366448531,0.5422052916325811,0.0281380277977478,0.5950855366448531,0.5085529189347842,10.755284231428456,0.6236729239981027,0,1,0,0,0,0,0,0,0,1,0,0,0,1,0,0,0,0,0,0,0,0,0,0,0
20.79881604828704,5.042727474939255,3.837659866689778,7.228318584908684,1.260830017516939,0.0,163179.47431429857,0.1332642774073054,0.934109,1.21735,0.393322,142.72897,0.0,0.467764,21.22328168192555,0.0209483412876292,0.6013260152896606,4.835684433856454,0.0209483412876292,0.6013260152896606,0.8059474056427423,0.0209483412876292,0.6013260152896606,0.5627753771094522,16.154571398939666,0.3881016119039082,0,0,1,0,0,0,0,0,0,0,1,0,0,0,0,0,0,0,0,0,0,1,0,0,0
5.205867,6.945309644653683,2.856961429262047,9.540781053136008,1.7524076277117648,0.0,175017.87007269185,0.1379878352300154,1.985094,0.383319,0.935167,616.453154,4.947099,0.0,135.2327736123866,0.0710267359134152,0.7037669640739377,30.812530696493152,0.0710267359134152,0.7037669640739377,5.135421782748858,0.0710267359134152,0.7037669640739377,12.158408225576782,120.47133990947776,0.7335714563379521,0,0,0,1,0,0,0,0,0,0,0,1,0,1,0,0,0,0,0,0,0,0,0,0,0
58.66573467694445,58.32821488380432,4.311443831994951,10.080970185551998,1.791490951316248,0.0,202775.2929968525,0.1354784277274454,1.940756,1.467154,2.628196,110.841073,1.136754,0.0,59.86299456831067,0.0464842942711295,0.6360449565094641,13.639669648475849,0.0464842942711295,0.6360449565094641,2.2732782747459743,0.0464842942711295,0.6360449565094641,3.522391209448585,48.19690604649044,0.1009416809784903,0,0,0,0,0,0,1,0,0,1,0,0,0,0,0,0,0,1,0,0,0,0,0,0,0
31.96112031629629,10.731970716658092,0.2894070453280739,2.640419803506179,0.2704337760448742,0.0,137832.12816621704,0.1229739890074272,1.177943,1.270379,0.437515,159.849984,1.135814,0.0,32.61338807785336,0.0125973947784894,0.6115603675895935,7.43089854938431,0.0125973947784894,0.6115603675895935,1.2384830915640517,0.0125973947784894,0.6115603675895935,0.5200553476972142,25.24690582434692,0.0449026175241129,0,0,0,0,0,0,0,0,1,0,0,1,0,0,0,0,0,0,1,0,0,0,0,0,0
75.41831757611112,6.378960415295192,0.9749485457257973,8.15288816939155,1.695804482598385,0.0,202172.1602592925,0.1282008106974389,2.046653,1.397266,0.426913,114.624846,12.369973,0.115845,76.9574669143991,0.0539706008795595,0.651404852746595,17.534612714673212,0.0539706008795595,0.651404852746595,2.922435452445536,0.0539706008795595,0.651404852746595,5.257519913340432,63.456287852057095,0.4917794618214963,0,0,0,1,0,0,0,0,0,0,1,0,0,1,0,0,0,0,0,0,0,0,0,0,0
31.31956702550925,17.68178229104905,1.9158715262687465,6.090436476883557,1.0609863791391432,0.0,205143.7588429257,0.1344062382761809,1.040644,1.09791,0.014509,138.864079,1.136717,0.471488,31.958741862764548,0.0280231519949688,0.6109721483259498,7.281738652275466,0.0280231519949688,0.6109721483259498,1.2136231087125775,0.0280231519949688,0.6109721483259498,1.1336514946686371,24.71633059960471,0.2207011428679852,0,0,0,0,0,0,1,0,0,0,0,0,1,0,0,1,0,0,0,0,0,0,0,0,0
278.8368651191667,6.5098306621824,0.7471726006455273,10.689302915577692,4.99113783876387,0.0,150748.93978567145,0.1327664716352375,3.175114,1.626324,0.736561,79.375952,0.0,0.0,284.5274133869048,0.1732828613826928,0.8379126767505356,64.82903089828211,0.1732828613826928,0.8379126767505356,10.804838483047016,0.1732828613826928,0.8379126767505356,62.40977763734071,301.7837045062375,0.5877914371435651,0,0,0,0,0,1,0,0,0,0,0,0,1,0,1,0,0,0,0,0,0,0,0,0,0
1.4932,21.992501523381183,3.904159967847865,8.466028608006539,1.7562949521650228,0.0,173060.54571342925,0.1381767421460552,1.37402,0.287408,0.408103,583.029093,0.3244309999999999,0.049144,38.78884680650038,0.0368291777002213,0.6171092025210447,8.837965095151985,0.0368291777002213,0.6171092025210447,1.4729941825253308,0.0368291777002213,0.6171092025210447,1.8083054833205885,30.299942176544835,0.050671659949053,0,0,1,0,0,0,0,0,0,0,1,0,0,1,0,0,0,0,0,0,0,0,0,0,0
34.66017047287037,30.83593613987877,3.3648242581662515,8.769729099685339,1.8883372376576888,0.0,170774.23473096525,0.1387236911437208,1.254758,1.381635,1.564131,143.705758,0.013497,0.0,35.36752089068405,0.0363774554060201,0.6140350385459064,8.058422481421681,0.0363774554060201,0.6140350385459064,1.34307041357028,0.0363774554060201,0.6140350385459064,1.6285828025599318,27.48974310554978,0.4145456102764311,0,0,0,1,0,0,0,0,0,0,0,1,0,1,0,0,0,0,0,0,0,0,0,0,0
54.2471098950463,8.676919183276949,1.9398867069102592,11.732860162675523,2.264624257167752,0.0,192198.96387889687,0.1373198471016449,1.857584,1.506967,1.867788,118.784228,0.3700699999999999,0.0,55.35419377045541,0.044569062355513,0.6319936637285672,12.6123479476987,0.044569062355513,0.6319936637285672,2.1020579912831163,0.044569062355513,0.6319936637285672,3.12289178961339,44.28291104269766,0.7452594065159562,0,0,0,0,0,0,1,0,0,1,0,0,0,0,0,1,0,0,0,0,0,0,0,0,0
77.92134533916668,2.7803300048623765,0.8299158625036692,9.249232435112091,2.134677039061805,0.0,170476.8998707284,0.1265986337900447,2.241837,1.553449,0.71586,90.516986,4.295289,0.00318,79.51157687670069,0.0551197138166842,0.6536997971710219,18.11656182000775,0.0551197138166842,0.6536997971710219,3.0194269700012915,0.0551197138166842,0.6536997971710219,5.547665015894972,65.79329326208526,0.966337596426526,0,0,1,0,0,0,0,0,0,1,0,0,0,0,1,0,0,0,0,0,0,0,0,0,0
49.535087959212966,11.450592020579746,0.5050033366651558,3.364247705439012,1.133529116710027,0.0,203400.658526304,0.1347700263098847,1.5962809999999998,1.494487,1.885867,116.19051,0.0,0.0,50.54600812164588,0.0699161400237028,0.6276733646775424,11.516811977083872,0.0699161400237028,0.6276733646775424,1.919468662847312,0.0699161400237028,0.6276733646775424,4.473394660091414,40.15997846674919,0.4981650327426508,0,0,0,0,0,1,0,0,0,0,1,0,0,0,0,0,0,0,0,0,0,0,0,0,1
48.62918446916667,11.909281910033451,2.26649591891314,6.444374262286033,0.7553306131911792,0.0,126130.54158235912,0.1235643982333388,1.649147,1.524111,0.576365,105.646971,1.136425,0.0,49.62161680527211,0.0168679062722534,0.6268427713480411,11.306191170821494,0.0168679062722534,0.6268427713480411,1.884365195136916,0.0168679062722534,0.6268427713480411,1.059509849808871,39.37335670504722,0.6544226752449933,0,0,0,0,1,0,0,0,0,0,0,0,1,0,0,0,0,1,0,0,0,0,0,0,0
32.20780304268518,5.941744074935005,1.522992014742012,11.554126665174818,2.4003961983916287,0.0,190117.63067670865,0.1330795611837785,1.207219,1.405163,0.898443,126.083905,1.13626,0.0,32.86510514559712,0.0353861162063823,0.6117865429264734,7.488251805325926,0.0353861162063823,0.6117865429264734,1.2480419675543208,0.0353861162063823,0.6117865429264734,1.472111936477308,25.4511760252404,0.545201646748809,0,0,1,0,0,0,0,0,0,0,0,1,0,0,0,0,0,0,0,1,0,0,0,0,0
84.83943384060186,9.614621190797717,0.5504488571227597,4.940190274080784,1.267601826065164,0.0,173615.59657898682,0.1321688215259453,2.450112,1.397675,2.116743,141.61351000000002,0.6129560000000001,0.012618,86.570850857757,0.0583370764513672,0.6600427666212204,19.725003992906657,0.0583370764513672,0.6600427666212204,3.2875006654844423,0.0583370764513672,0.6600427666212204,6.392772588542885,72.32970115051516,0.9995663525549208,0,0,1,0,0,0,0,0,0,0,1,0,0,0,0,0,1,0,0,0,0,0,0,0,0
42.06243428629629,10.20600688798087,2.8774262635256176,10.70539941947809,1.8265489497058969,0.0,167828.4337529976,0.139089874172811,1.439625,1.2398129999999998,0.572493,132.582234,0.372429,0.0,42.92085131254724,0.0394160011557804,0.6208219325298631,9.779434476276585,0.0394160011557804,0.6208219325298631,1.6299057460460973,0.0394160011557804,0.6208219325298631,2.141478892332207,33.72937450339555,0.6788513113275625,0,0,0,0,1,0,0,0,0,1,0,0,0,0,0,0,0,0,1,0,0,0,0,0,0
43.78682037037037,28.85712569327581,4.26947110362476,6.96015323837884,1.2739593904081294,0.0,169057.97581309953,0.1381574989758807,1.438435,1.368296,1.338823,129.938699,0.371171,0.0,44.68042894935752,0.040133825174149,0.6224029658238662,10.180350899853613,0.040133825174149,0.6224029658238662,1.6967251499756018,0.040133825174149,0.6224029658238662,2.26986901792342,35.20155885109196,0.9898928659574336,0,0,0,0,0,1,0,0,0,1,0,0,0,0,0,0,0,0,1,0,0,0,0,0,0
55.74006226750001,15.975668680100211,4.673060698189038,6.087164990335918,0.9306573609082248,0.0,185931.1485873801,0.1374803630353735,1.920254,1.37292,1.610425,133.286931,1.134673,0.1165539999999999,56.87761455867348,0.02712804287177,0.6333625030094049,12.959456481723072,0.02712804287177,0.6333625030094049,2.1599094136205115,0.02712804287177,0.6333625030094049,1.9531371723945647,45.600187749475445,0.0535492873037553,0,0,0,0,0,1,0,0,0,0,0,0,1,0,0,0,1,0,0,0,0,0,0,0,0
1.909021,6.923396148568108,1.9144497543787784,8.91266543116215,1.8049321783532344,0.0,173485.6784322542,0.1385879442453098,1.258932,0.4532069999999999,1.004558,619.34054,0.0,0.0,49.59062625193689,0.0406593253686679,0.6268149254061528,11.299130032086886,0.0406593253686679,0.6268149254061528,1.883188338681148,0.0406593253686679,0.6268149254061528,2.552305579763931,39.34701860120535,0.7054599252992206,1,0,0,0,0,0,0,0,0,1,0,0,0,1,0,0,0,0,0,0,0,0,0,0,0
24.88949791157407,44.22298062642415,2.7408601454407764,7.524993193235328,1.050441304556757,0.0,126141.38070481116,0.1307602746756099,0.814294,1.216327,0.954195,151.75366,1.13647,0.504433,25.397446848544973,0.0115929107858186,0.605076627916823,5.786760041440627,0.0115929107858186,0.605076627916823,0.964460006906771,0.0115929107858186,0.605076627916823,0.3726966272186747,19.45240695799283,0.5833593641636168,0,0,0,0,0,0,0,1,0,1,0,0,0,0,0,0,0,0,1,0,0,0,0,0,0
61.60469587722224,25.60260502951486,2.2676274058916013,6.432884388404498,0.7999321107955859,0.0,120330.37242393586,0.1205430879063314,1.357884,1.362117,3.694996,139.908847,0.0,0.0,62.86193456859412,0.0095543779124695,0.6387395940679188,14.32297243335056,0.0095543779124695,0.6387395940679188,2.387162072225093,0.0095543779124695,0.6387395940679188,0.7602616192117464,50.8258310995796,0.8824726943397627,0,0,1,0,0,0,0,0,0,0,1,0,0,0,0,0,0,0,0,0,0,1,0,0,0
37.98040795726852,4.106640606834775,2.0841763063872176,6.62396878590115,1.0034410958524516,0.0,61556.978056617205,0.0915074947176219,1.363196,1.413346,0.554561,111.38705,1.135366,0.195014,38.75551832374339,0.0015092711265693,0.6170792558794331,8.830371263637733,0.0015092711265693,0.6170792558794331,1.4717285439396222,0.0015092711265693,0.6170792558794331,0.074041246583869,30.272438491692792,0.394232733241624,0,0,1,0,0,0,0,0,0,1,0,0,0,0,0,0,0,0,0,0,0,1,0,0,0
59.649945294583326,11.294357651755924,0.1454009818676993,3.205569982242813,0.0705572552978992,0.0,69554.32485574041,0.1086765932147022,1.289049,1.416824,1.0720379999999998,150.630625,1.135242,0.0,60.86729111692176,0.0,0.6369473470872877,13.868496710184704,0.0,0.6369473470872877,2.311416118364117,0.0,0.6369473470872877,0.0,49.0750121535607,0.5193589185986118,0,0,0,0,0,1,0,0,0,0,0,0,1,0,1,0,0,0,0,0,0,0,0,0,0
58.11789027324073,4.843440388497852,0.9885485329502206,8.84741497039795,0.6342627150263432,0.0,139464.84815272782,0.1298663941540306,1.679946,1.487326,1.520912,109.637195,1.135956,0.0,59.30396966657218,0.0,0.6355426558645051,13.51229688605442,0.0,0.6355426558645051,2.25204948100907,0.0,0.6355426558645051,0.0,47.70911694329283,0.0980928452066289,0,0,0,0,0,0,1,0,0,0,1,0,0,0,1,0,0,0,0,0,0,0,0,0,0
1.333101,6.837266739209493,2.468277708231974,10.129370668809193,1.825328469276428,0.0,168183.87479391487,0.138954474217743,1.127305,0.375054,0.56001,546.578562,6.273315,0.115133,34.62995611210318,0.0353544979424153,0.6133723144654081,7.8903697470614835,0.0353544979424153,0.6133723144654081,1.315061624510247,0.0353544979424153,0.6133723144654081,1.5497781165965654,26.887413076349663,0.8617200133884341,0,0,0,1,0,0,0,0,0,0,0,1,0,1,0,0,0,0,0,0,0,0,0,0,0
383.6189299250926,4.539500668219158,3.0206070623809484,11.443164521269948,2.247404769456072,0.0,199716.1926708633,0.1280086121434788,4.927046,1.57665,0.425584,78.004655,17.116054000000002,0.10314,391.4478876786659,0.255226263082801,0.9339839305159116,89.19065795210109,0.255226263082801,0.9339839305159116,14.865109658683512,0.255226263082801,0.9339839305159116,126.46554628339484,462.7924515522424,0.9287470763671688,0,0,0,0,0,1,0,0,0,0,1,0,0,1,0,0,0,0,0,0,0,0,0,0,0
37.94721143763889,44.52094251314799,2.552238608721635,6.21560550136246,1.033678870800016,0.0,171536.89589890587,0.1231232144796162,1.343379,1.405818,0.437008,128.47583,7.115371000000001,0.162019,38.72164432412132,0.0377181681080271,0.6170488190745527,8.822653137141566,0.0377181681080271,0.6170488190745527,1.4704421895235942,0.0377181681080271,0.6170488190745527,1.8487461899195503,30.24448721876445,0.3353366085474871,0,0,0,1,0,0,0,0,0,1,0,0,0,1,0,0,0,0,0,0,0,0,0,0,0
48.964000900277775,2.90285950870741,1.2712720096540109,6.555270929130719,0.7079010655125269,0.0,66766.27403233663,0.1041879928190645,1.6212540000000002,1.293498,1.2916,112.450428,1.122528,0.201128,49.96326622477324,0.0016924654648979,0.6271497536009455,11.384035342353396,0.0016924654648979,0.6271497536009455,1.897339223725566,0.0016924654648979,0.6271497536009455,0.107039370378393,39.66386088856327,0.0367405611572118,0,0,1,0,0,0,0,0,0,0,1,0,0,0,0,0,0,0,0,0,0,1,0,0,0
1.157945,16.51311546507336,2.6806257946028125,5.141865758873005,0.8623782928398759,0.0,169430.01322691847,0.1386413217591439,0.967632,0.37399,0.282071,509.715655,1.0189700000000002,0.000663,30.07992982544407,0.0337411274175635,0.6092839793460563,6.853654896936623,0.0337411274175635,0.6092839793460563,1.1422758161561035,0.0337411274175635,0.6092839793460563,1.2847224619641482,23.19901182594517,0.0040442837739543,0,0,0,1,0,0,0,0,0,1,0,0,0,1,0,0,0,0,0,0,0,0,0,0,0
57.741349075509255,5.120649934382666,0.3225015194939195,2.3104672506272936,0.1957062089221654,0.0,156351.70723733513,0.1257580294758438,1.813257,1.428281,0.3458969999999999,132.798835,1.136396,0.000758,58.91974395460128,0.0164511222125376,0.6351974175355278,13.42475178712434,0.0164511222125376,0.6351974175355278,2.23745863118739,0.0164511222125376,0.6351974175355278,1.2269568462386973,47.37426481242692,0.9277579766783476,0,0,0,0,0,1,0,0,0,1,0,0,0,0,0,0,0,0,1,0,0,0,0,0,0
46.388495766527775,2.64717223190126,0.4634200930595398,3.77830051861221,0.3899488500196585,0.0,125900.71268922364,0.1235174012216303,1.537974,1.508972,0.153192,105.891835,22.204078,2.5e-05,47.33519976176304,0.0164895939319437,0.6247883570419369,10.785235388756137,0.0164895939319437,0.6247883570419369,1.7975392314593557,0.0164895939319437,0.6247883570419369,0.9880230667834354,37.43605277139723,0.8123136413808004,0,0,0,0,1,0,0,0,0,0,0,0,1,0,0,0,0,1,0,0,0,0,0,0,0
62.09719577657408,67.0406116281237,4.772776124002836,8.569940360044118,1.975562768445598,0.0,197947.77473021584,0.1367526805693869,1.35746,1.313998,2.047169,152.597604,0.369718,0.0,63.36448548630008,0.0479887318793604,0.6391911511440052,14.437477705739257,0.0479887318793604,0.6391911511440052,2.406246284289876,0.0479887318793604,0.6391911511440052,3.849090259083141,51.26837774637437,0.0916127657536496,0,0,1,0,0,0,0,0,0,0,0,0,1,0,0,0,0,1,0,0,0,0,0,0,0
20.806173252407408,9.75832623243332,5.960559694458254,9.845792813838528,2.639422766882167,0.0,224454.98777540468,0.1346801206541004,0.821635,1.172667,2.7949900000000003,173.266108,1.134751,0.0,21.230789033068785,0.0507314793099988,0.6013327608698833,4.837394969559976,0.0507314793099988,0.6013327608698833,0.8062324949266626,0.0507314793099988,0.6013327608698833,1.3633789045140257,16.16046706924214,0.6328145453077708,0,0,0,0,0,0,0,0,1,0,0,1,0,0,0,0,0,0,0,0,0,0,0,0,1
4.145362,5.9722588402884345,0.521893208189834,6.87318880437947,3.4817700863456267,0.0,176442.03917491008,0.1385045709262649,1.61526,0.316337,0.270874,580.823163,18.07865,0.054111,107.68404204091084,0.0612583722349913,0.6790136022950196,24.53560451565057,0.0612583722349913,0.6790136022950196,4.089267419275094,0.0612583722349913,0.6790136022950196,8.350062191279207,92.55560670365468,0.5360979769104165,0,0,1,0,0,0,0,0,0,0,1,0,0,1,0,0,0,0,0,0,0,0,0,0,0
58.84660988550925,10.092123775822776,8.099320780459069,12.059301274571771,2.344790482120834,0.0,179068.41682591426,0.1302018642461271,1.8011,1.4895770000000002,2.564518,105.175892,0.0,0.000687,60.0475611076625,0.04656322149201,0.6362107950820679,13.681722784024368,0.04656322149201,0.6362107950820679,2.2802871306707275,0.04656322149201,0.6362107950820679,3.539250491026702,48.35810961398104,0.17475359708497,0,0,0,1,0,0,0,0,0,1,0,0,0,1,0,0,0,0,0,0,0,0,0,0,0
0.967301,5.737912560644604,1.639392293042702,10.303391540079094,1.9726531840056825,0.0,167611.6009629796,0.1390615352373614,0.850175,0.293668,0.2394489999999999,609.919763,1.098069,0.191411,25.12757186229214,0.0319850961634822,0.6048341371454253,5.725269538243778,0.0319850961634822,0.6048341371454253,0.9542115897072962,0.0319850961634822,0.6048341371454253,1.0173516485699043,19.237991450492576,0.6011975235808292,0,0,0,1,0,0,0,0,0,0,0,1,0,1,0,0,0,0,0,0,0,0,0,0,0
24.955458174120366,4.940898734614962,1.1636948841367123,7.274446984846815,0.869492947269115,0.0,87732.22475457135,0.1213701627791213,0.832463,1.126839,0.307183,146.712071,1.136511,0.19992,25.46475323889833,0.0,0.6051371047277473,5.802095674685696,0.0,0.6051371047277473,0.9670159457809492,0.0,0.6051371047277473,0.0,19.5059076551816,0.8094442346020189,0,0,0,0,0,0,0,1,0,1,0,0,0,0,1,0,0,0,0,0,0,0,0,0,0
44.24989145324074,7.560751741273062,8.967710171957954,10.84839632413942,1.876293803004624,0.0,200748.30378821943,0.1292714079042418,1.43249,1.48172,2.109285,112.631979,1.134757,0.0,45.15295046249055,0.0403272340287646,0.6228275405790616,10.288014029428227,0.0403272340287646,0.6228275405790616,1.7146690049047042,0.0403272340287646,0.6228275405790616,2.304928608088704,35.598102641064806,0.5703523048595077,0,0,0,0,0,0,0,0,1,1,0,0,0,0,0,0,0,0,0,0,1,0,0,0,0
46.70485554370371,27.11691690172468,4.8673516586244245,9.355253033214908,1.8471148843102032,0.0,192163.6948815947,0.1270877375519818,1.415057,1.413019,2.59797,125.160568,1.018089,0.0,47.65801586092215,0.0413571321690052,0.6250784169915143,10.858788424007578,0.0413571321690052,0.6250784169915143,1.8097980706679293,0.0413571321690052,0.6250784169915143,2.494935266927475,37.70885710291355,0.066630682666235,0,0,0,1,0,0,0,0,0,1,0,0,0,1,0,0,0,0,0,0,0,0,0,0,0
32.98957598847222,3.672230117945444,0.137119675416955,1.8385418376190767,0.1574561731349364,0.0,86750.7946221148,0.0965265247935085,1.186586,1.437079,1.235681,122.911272,0.467211,2e-06,33.66283264129818,0.0071402619598545,0.6125033250131856,7.670012500548952,0.0071402619598545,0.6125033250131856,1.2783354167581586,0.0071402619598545,0.6125033250131856,0.3042549916071023,26.099489774882954,0.4346621474935396,0,0,1,0,0,0,0,0,0,1,0,0,0,0,0,0,0,0,0,1,0,0,0,0,0
2.514098,3.2911949180421374,0.5432505388911679,2.9962704101626536,0.3163000413839765,0.0,164727.03273006596,0.1388837178047898,1.187355,0.454312,0.778158,541.312991,188.458183,0.0,65.30870759344293,0.046232719354976,0.6409380930339362,14.880465021290794,0.046232719354976,0.6409380930339362,2.480077503548465,0.046232719354976,0.6409380930339362,3.8220242400048616,52.98587152335729,0.2923391158293115,1,0,0,0,0,0,0,0,0,0,0,1,0,1,0,0,0,0,0,0,0,0,0,0,0
68.33992348870369,7.258816807610648,1.2528228949871567,3.878538349835421,0.5895911002938125,0.0,160484.67161270982,0.1353042431943994,1.875373,1.414042,0.67694,131.295129,0.374399,0.000244,69.73461580479969,0.0507640077241245,0.6449149043390866,15.888899803625243,0.0507640077241245,0.6449149043390866,2.6481499672708737,0.0507640077241245,0.6449149043390866,4.481023513105956,56.9277127606017,0.4926841137676097,0,0,0,0,0,1,0,0,0,0,0,0,1,0,0,0,0,0,0,0,0,0,0,0,1
38.54449421643519,49.828887823649815,4.308623482855104,8.705344904526818,1.912681396058995,0.0,174853.18446492805,0.1320872031313052,1.3236370000000002,1.3529520000000002,2.307237,147.394468,1.136764,0.0,39.33111654738285,0.0379632584658108,0.6175964481513199,8.961520225985964,0.0379632584658108,0.6175964481513199,1.493586704330994,0.0379632584658108,0.6175964481513199,1.89004726992054,30.74779478669525,0.9952491637366798,0,0,0,0,0,0,0,0,1,1,0,0,0,1,0,0,0,0,0,0,0,0,0,0,0
2.133913,8.953027797880626,3.229153286638877,13.028376395182072,2.452647465024349,0.0,176482.5368705036,0.1386189008538099,1.501302,0.3846699999999999,1.335537,625.87094,0.917782,0.001739,55.43264429105254,0.0427308166340255,0.6320641538748394,12.630222749860073,0.0427308166340255,0.6320641538748394,2.1050371249766786,0.0427308166340255,0.6320641538748394,2.998331846506493,44.35061697578363,0.2540557732031029,0,0,0,1,0,0,0,0,0,0,0,1,0,1,0,0,0,0,0,0,0,0,0,0,0
36.977409738796304,26.754174739973887,3.678437019137741,8.964964778589117,1.569285139048414,0.0,173538.15240932253,0.138583368105854,1.223262,1.443994,0.903277,125.84656,0.3718059999999999,0.0,37.73205075387378,0.0373211815286661,0.6161596395638782,8.597176121135798,0.0373211815286661,0.6161596395638782,1.432862686855966,0.0373211815286661,0.6161596395638782,1.7825376147267964,29.42907188925674,0.5002246469891275,0,0,0,0,1,0,0,0,0,1,0,0,0,0,0,1,0,0,0,0,0,0,0,0,0
22.277054012500003,9.784153768562136,1.20813729308492,11.666860980667373,3.2800269101163466,0.0,185078.6370091427,0.1382674186599912,1.001672,1.191203,0.117822,122.911942,1.088359,0.133043,22.731687767857142,0.0314497395365093,0.6026813634100526,5.17937189647378,0.0314497395365093,0.6026813634100526,0.8632286494122966,0.0314497395365093,0.6026813634100526,0.9049438728156486,17.34172731208071,0.4513996252376777,0,0,0,1,0,0,0,0,0,1,0,0,0,1,0,0,0,0,0,0,0,0,0,0,0
50.537246081712965,4.423133918217251,0.3872561233935596,6.52425202763052,2.1065513280084094,0.0,170800.2476768585,0.1392166115683045,1.756154,1.199141,0.017809,101.982239,1.86637,0.351051,51.56861845072751,0.0429801680898531,0.6285922107365322,11.74981179889994,0.0429801680898531,0.6285922107365322,1.958301966483323,0.0429801680898531,0.6285922107365322,2.805604923004774,41.03244541338169,0.422939913075291,0,0,0,0,0,0,0,1,0,0,0,1,0,0,0,0,0,0,0,1,0,0,0,0,0
25.83081271972222,12.239648360297794,8.517407733187687,8.89042111723829,2.213577613556128,0.0,294603.58005470625,0.1444124652416729,1.06462,1.34219,1.413403,123.79546299999998,0.0,0.325553,26.35797216298186,0.0643742644894476,0.6059396887276041,6.005613910552828,0.0643742644894476,0.6059396887276041,1.0009356517588046,0.0643742644894476,0.6059396887276041,2.147816546107966,20.216887908769724,0.9616825243435156,0,0,0,1,0,0,0,0,0,0,0,1,0,0,0,0,0,0,0,0,0,0,1,0,0
11.427257,4.4324472989354815,0.5066078935595725,3.2552504052075264,1.313285620967976,0.0,169614.4204511391,0.1389171767720787,1.878853,0.449238,0.278882,586.202006,191.226944,0.0,296.8457816712491,0.128332264982406,0.8489811002050673,67.63574772256308,0.128332264982406,0.8489811002050673,11.272624620427178,0.128332264982406,0.8489811002050673,48.22138166119518,319.0081750816332,0.0827880806420821,0,0,1,0,0,0,0,0,0,1,0,0,0,1,0,0,0,0,0,0,0,0,0,0,0
120.99255668592592,6.075167532194229,1.0244076156930673,6.448352277421837,0.9202224863804788,0.0,115323.22876386392,0.1332349998148368,2.073955,1.482007,0.308004,120.339388,1.136406,0.0,123.4617925366591,0.0271814051014614,0.6931903844479643,28.130535008352705,0.0271814051014614,0.6931903844479643,4.688422501392117,0.0271814051014614,0.6931903844479643,4.24793037657154,108.33231320648297,0.8323743836411315,0,0,0,0,0,1,0,0,0,0,0,1,0,0,0,0,0,0,1,0,0,0,0,0,0
68.30659968180555,10.376209589980895,5.002022064847054,10.59937680425118,1.940799991575648,0.0,208743.50710056955,0.1291421584481243,2.058823,1.483357,0.250028,91.968104,1.01863,0.0,69.70061192020975,0.050749061989417,0.644884350828666,15.881152083085766,0.050749061989417,0.644884350828666,2.646858680514294,0.050749061989417,0.644884350828666,4.477519841821553,56.89725806395601,0.6347541015263819,0,0,0,0,0,0,0,0,1,0,0,1,0,1,0,0,0,0,0,0,0,0,0,0,0
24.346566796435184,4.880702278159913,0.741289032877778,5.067500808542009,0.9054328578410388,0.0,161712.11853642086,0.1388076031736904,0.751981,1.110431,0.8752540000000001,183.515556,86.511471,0.0,24.843435506566514,0.0322597386483553,0.6045788321057152,5.660529609091104,0.0322597386483553,0.6045788321057152,0.943421601515184,0.0322597386483553,0.6045788321057152,1.0144844766697556,19.012424334245114,0.2137595180442291,0,0,0,0,0,0,0,0,1,0,0,1,0,1,0,0,0,0,0,0,0,0,0,0,0
53.02555943652777,6.050543715272631,0.3958868959324537,2.4967334141834177,0.7185356309659762,0.0,270730.48786907975,0.1455840358256007,1.584714,1.533645,0.327272,109.835558,1.453325,0.0,54.10771371074262,0.0863261566814401,0.6308736640005136,12.328339832827432,0.0863261566814401,0.6308736640005136,2.0547233054712386,0.0863261566814401,0.6308736640005136,5.912545533503895,43.20902734099623,0.4199601396502218,0,0,0,0,0,1,0,0,0,0,0,0,1,0,0,0,0,0,0,0,0,0,1,0,0
60.1460346949074,9.788667883759452,0.435780376999927,3.3560336210744843,0.4284996355680538,0.0,148090.72978492206,0.1224245505242181,1.852565,1.527507,2.540045,112.859612,0.0,0.0,61.37350479072184,0.0282788774147263,0.6374021952596073,13.983836534594849,0.0282788774147263,0.6374021952596073,2.3306394224324745,0.0282788774147263,0.6374021952596073,2.196928884163217,49.51848947390143,0.8482793830752389,0,0,0,0,0,1,0,0,0,1,0,0,0,0,0,0,1,0,0,0,0,0,0,0,0
69.5571461800926,6.787970863637471,1.3230665927882388,12.11177379621876,2.135669637355301,0.0,189105.27197616905,0.1380467510623611,2.389305,1.609753,1.931337,91.668705,0.3703909999999999,0.0,70.9766797756047,0.0513108979405652,0.646030936078774,16.171901721023854,0.0513108979405652,0.646030936078774,2.695316953503976,0.0513108979405652,0.646030936078774,4.609971103957262,58.04193781670543,0.0460555295932093,0,0,1,0,0,0,0,0,0,0,0,1,0,0,0,0,1,0,0,0,0,0,0,0,0
53.096458445092594,5.00211958033698,1.800573677753659,7.250151496996983,1.1027451874397929,0.0,184466.83456984413,0.1359615161371745,1.757956,1.374352,2.456958,116.244865,1.135346,0.0,54.18005963784959,0.0264446297536911,0.6309386689863969,12.34482371495307,0.0264446297536911,0.6309386689863969,2.057470619158845,0.0264446297536911,0.6309386689863969,1.813634958425114,43.27125913102333,0.2110768505244601,0,0,1,0,0,0,0,0,0,0,0,1,0,0,0,0,1,0,0,0,0,0,0,0,0
58.15986961439814,7.579757757413954,0.2807791898254868,2.421958018835786,0.5750602645267971,0.0,189197.8426540018,0.1281311039676626,1.815648,1.4698129999999998,0.43095,94.047218,0.8415600000000001,0.06927,59.34680572897769,0.0462637739171883,0.6355811453516583,13.52205700153922,0.0462637739171883,0.6355811453516583,2.253676166923204,0.0462637739171883,0.6355811453516583,3.475452155636356,47.74646931415949,0.6466854034848262,0,0,0,0,0,1,0,0,0,0,1,0,0,1,0,0,0,0,0,0,0,0,0,0,0
46.40812346333333,8.883731509390332,3.199984244305453,11.121750139218154,2.059662182125256,0.0,207329.5767948141,0.1359087454257823,1.573509,1.356143,0.8995709999999999,132.068046,1.135919,0.0,47.35522802380952,0.0412322419061984,0.6248063530362336,10.78979879023508,0.0412322419061984,0.6248063530362336,1.7982997983725133,0.0412322419061984,0.6248063530362336,2.4715977435454466,37.45297128956415,0.7424934878867951,0,0,0,0,1,0,0,0,0,0,0,0,1,0,0,0,0,1,0,0,0,0,0,0,0
46.37991660462962,47.45993049258278,1.9215482925053693,4.904014661157731,0.9243331360016508,0.0,300652.56961930456,0.1478052905780806,1.212202,1.342354,3.728856,148.746129,0.0,0.0,47.32644551492819,0.0873871968215103,0.6247804910885284,10.783240750236802,0.0873871968215103,0.6247804910885284,1.7972067917061334,0.0873871968215103,0.6247804910885284,5.235095454525968,37.428658063659896,0.7190248748180201,0,0,1,0,0,0,0,0,0,0,1,0,0,0,0,0,0,0,0,0,0,0,1,0,0
39.973599295,44.199694747016544,4.799824968802271,7.692587319609644,1.1775843573988771,0.0,164584.22043615108,0.1384868605031098,1.271885,1.343009,2.216743,153.982815,1.134411,0.0,40.789387035714284,0.0137628917916232,0.6189067479332003,9.293784387884267,0.0137628917916232,0.6189067479332003,1.5489640646473777,0.0137628917916232,0.6189067479332003,0.7106074936951592,31.95547706387667,0.6365899330918736,0,0,0,0,0,1,0,0,0,0,0,1,0,0,0,0,0,0,1,0,0,0,0,0,0
180.171259055,4.746740825403304,0.5307404760548251,3.657568869830893,0.5166813922014167,0.0,179450.66509292566,0.1376286046110468,1.825854,1.300331,0.408953,156.380263,56.813611,0.0,183.8482235255101,0.1088558313122907,0.7474494042843767,41.88946865138207,0.1088558313122907,0.7474494042843767,6.981578108563677,0.1088558313122907,0.7474494042843767,25.332849629313,173.94587994035888,0.2241435513622766,0,0,0,0,0,0,1,0,0,0,0,1,0,0,0,0,0,1,0,0,0,0,0,0,0
34.11538096361112,4.53497648977098,2.997322726592744,9.267041322424545,1.1868259522983495,0.0,171395.22158835432,0.1273108329489934,1.215849,1.299308,2.65818,128.711298,0.0,0.2194159999999999,34.81161322817461,0.0,0.6135355388339117,7.931759976039784,0.0,0.6135355388339117,1.3219599960066304,0.0,0.6135355388339117,0.0,27.035647948893462,0.5198434696377734,0,0,1,0,0,0,0,0,0,0,1,0,0,0,1,0,0,0,0,0,0,0,0,0,0
36.14899873782407,3.9724077011857712,0.9066409910325524,8.800253474740959,1.1916658568153564,0.0,120791.21555568044,0.133227937852593,1.216457,1.438879,0.293241,115.197481,1.134478,0.034291,36.88673340594293,0.0132029373944406,0.6154000965672419,8.404572168442694,0.0132029373944406,0.6154000965672419,1.400762028073782,0.0132029373944406,0.6154000965672419,0.6164724453722621,28.73430291147771,0.3058662375926561,0,0,0,0,0,1,0,0,0,0,0,1,0,0,0,0,0,0,1,0,0,0,0,0,0
67.58345525189816,12.863733010064989,1.809794553749853,5.086604348189539,0.8775514344946086,0.0,230959.69162170263,0.1330069513987008,2.041687,1.460116,1.939658,133.73810600000002,1.134669,0.0,68.9627094407124,0.0666367413101742,0.6442213233137632,15.713022404212952,0.0666367413101742,0.6442213233137632,2.618837067368825,0.0666367413101742,0.6442213233137632,5.817025606391728,56.23702270278265,0.372183389169355,0,0,1,0,0,0,0,0,0,0,0,1,0,0,0,0,0,0,0,0,0,0,0,0,1
46.286818696435176,4.822418055647895,0.3302615502898355,5.83169593856775,0.2927968670710099,0.0,101007.2368854916,0.1280629784404802,1.568014,1.406677,1.005565,132.467049,1.135382,0.0,47.23144764942365,0.0,0.6246951326564366,10.761595666957287,0.0,0.6246951326564366,1.7935992778262142,0.0,0.6246951326564366,0.0,37.3484246264712,0.0614171163729242,0,0,0,0,0,1,0,0,0,1,0,0,0,0,1,0,0,0,0,0,0,0,0,0,0
11.62351695675926,11.712517839386347,0.4767381726837844,2.625377484648633,0.2075423956524839,0.0,164520.15070443644,0.1229056819951791,0.729902,1.106339,0.01925,157.683988,1.217585,0.180204,11.860731588529855,0.0097696505024811,0.5929134831542417,2.7024451720700937,0.0097696505024811,0.5929134831542417,0.4504075286783489,0.0097696505024811,0.5929134831542417,0.1466774712957906,8.901756555585795,0.6698506712185489,0,0,0,1,0,0,0,0,0,0,0,1,0,0,0,0,0,0,0,0,0,0,0,1,0
0.7538090000000001,81.43793110620408,56.90644278572046,10.43709946479157,2.508383289515544,0.0,190713.9175284772,0.1381715797691894,0.6612899999999999,0.314659,0.128666,515.365303,0.0,0.053639,19.581691549933865,0.0300186108584303,0.599850997308362,4.4616512392254375,0.0300186108584303,0.599850997308362,0.7436085398709061,0.0300186108584303,0.599850997308362,0.74406984631301,14.8684774749526,0.5958779634577075,0,0,1,0,0,0,0,0,0,1,0,0,0,1,0,0,0,0,0,0,0,0,0,0,0
169.12106941310188,8.402642860866727,0.8591049132015494,5.634132536766912,1.6343326985978963,0.0,177873.98975194845,0.1384582701060983,3.708043,1.691261,0.327017,99.593557,0.4236939999999999,0.0,172.57251980928763,0.1024092864228746,0.7373178462242391,39.32032096920477,0.1024092864228746,0.7373178462242391,6.553386828200795,0.1024092864228746,0.7373178462242391,22.370922290970302,161.06430205477696,0.129932391911464,0,0,0,0,0,0,1,0,0,0,1,0,0,0,1,0,0,0,0,0,0,0,0,0,0
360.32614896726847,2.936430450280507,0.1713126137924137,2.6319260357095184,0.1765355152084673,0.0,119583.43142985612,0.1136878545907475,2.892342,1.496737,0.302801,136.458143,1.137367,0.0,367.6797438441515,0.0471612858556872,0.9126275402362856,83.77513150879402,0.0471612858556872,0.9126275402362856,13.962521918132332,0.0471612858556872,0.9126275402362856,21.94968291491127,424.7527344546779,0.4526875285281129,0,0,0,0,0,0,0,0,1,1,0,0,0,0,0,0,0,0,0,0,0,0,0,1,0
1.44905,34.70125745137533,4.316232504604532,10.629469665692008,1.8780620211034085,0.0,170280.6851768585,0.1386678150053218,1.090776,0.348703,0.922072,603.394038,0.647479,0.0,37.64196254015495,0.0364225098802653,0.6160786926012054,8.576649692693533,0.0364225098802653,0.6160786926012054,1.429441615448922,0.0364225098802653,0.6160786926012054,1.735461712065027,29.3549507198509,0.938989722496732,1,0,0,0,0,0,0,0,0,1,0,0,0,1,0,0,0,0,0,0,0,0,0,0,0
19.787085923194443,5.222691493374961,2.365189983690385,8.848801516800476,1.5152181499867703,0.0,163224.66209532373,0.1351899521992647,0.929353,0.853794,0.016467,153.874374,4.756526999999999,2.055135,20.19090400325964,0.0304823774004558,0.6003983929740488,4.600459139983208,0.0304823774004558,0.6003983929740488,0.7667431899972013,0.0304823774004558,0.6003983929740488,0.7790718428908027,15.345045969937184,0.2877379757157945,0,0,0,0,0,1,0,0,0,0,0,1,0,1,0,0,0,0,0,0,0,0,0,0,0
77.25772043601852,85.11307390303838,1.28211102204155,5.790959415390051,1.2788532670024488,0.0,240049.799188774,0.123146676831394,2.265171,1.5053299999999998,0.507955,109.07362,0.01348,0.0780889999999999,78.83440860818216,0.0548142765018256,0.6530913411667099,17.962270315788338,0.0548142765018256,0.6530913411667099,2.993711719298056,0.0548142765018256,0.6530913411667099,5.469938064945321,65.17224006076215,0.8955534111963931,0,0,0,1,0,0,0,0,0,1,0,0,0,1,0,0,0,0,0,0,0,0,0,0,0
56.04987947907407,20.014866180646987,3.471096986775204,7.160806260234732,1.2554507964520718,0.0,173906.48647332133,0.138405919753962,1.88033,1.462039,1.804787,116.734469,0.371505,0.0,57.19375457048375,0.0453474729046704,0.6336465642942167,13.031488383148195,0.0453474729046704,0.6336465642942167,2.171914730524699,0.0453474729046704,0.6336465642942167,3.2830281464574496,45.87421023123251,0.5377399448632864,0,0,0,0,0,0,1,0,0,0,1,0,0,0,0,0,0,0,0,1,0,0,0,0,0
30.37471363129629,13.875676445733934,3.1135261963597305,4.953382810528615,0.5989126635255287,0.0,138416.22630957735,0.1309299027319434,0.967027,1.2708700000000002,0.900284,157.27553999999998,1.134359,0.0,30.994605746220707,0.0123700841079336,0.6101058431011517,7.062062068759148,0.0123700841079336,0.6101058431011517,1.1770103447931912,0.0123700841079336,0.6101058431011517,0.4853238986999917,23.936696291627577,0.2912861544811139,0,0,0,0,0,0,1,0,0,0,0,0,1,0,0,0,0,0,1,0,0,0,0,0,0
7.690208,4.326082916486831,0.5329381894293449,5.93199649503191,2.9400781361605053,0.0,170644.21507793764,0.1387063736716906,3.14268,0.346043,0.479983,745.936912,43.451034,0.0,199.7684838080121,0.0939101229688459,0.7617542357560131,45.51686972840783,0.0939101229688459,0.7617542357560131,7.586144954734636,0.0939101229688459,0.7617542357560131,23.747193518620666,192.62593507760727,0.0674519513791451,1,0,0,0,0,0,0,0,0,0,0,1,0,1,0,0,0,0,0,0,0,0,0,0,0
35.83882512189815,28.14451471907752,0.474844823781249,6.683447340409533,0.9422501628633312,0.0,49548.91629196643,0.0989442478945787,0.959083,1.160801,2.645241,180.071455,1.1370559999999998,0.0,36.5702297162226,0.0014742650688747,0.6151157085069174,8.332457403696289,0.0014742650688747,0.6151157085069174,1.388742900616048,0.0014742650688747,0.6151157085069174,0.068245838267534,28.47458577487973,0.8138038225148516,0,0,0,0,0,1,0,0,0,0,0,1,0,0,0,0,0,0,0,0,0,1,0,0,0
1.6666490000000005,18.572382009597053,4.061152401302072,6.217161092826788,1.0496696963441745,0.0,166662.01807928656,0.1384189644162889,1.232411,0.466301,0.453277,530.74985,5.58608,0.0,43.29453036512661,0.0384268249641747,0.6211576943689772,9.864576538889608,0.0384268249641747,0.6211576943689772,1.6440960898149344,0.0384268249641747,0.6211576943689772,2.1059130889200888,34.04143121568318,0.3168857202203844,0,1,0,0,0,0,0,0,0,0,1,0,0,1,0,0,0,0,0,0,0,0,0,0,0
65.2873202150926,7.930862920624869,0.3985209576160216,2.900757900244898,0.7890637951145927,0.0,203793.90212829737,0.1291844166404337,1.973514,1.54903,0.375849,109.390943,0.01349,0.0,66.61971450519654,0.0494007608862942,0.6421160720743542,15.179175456880223,0.0494007608862942,0.6421160720743542,2.529862576146704,0.0494007608862942,0.6421160720743542,4.165904539980257,54.14884734277428,0.3403715508898031,0,0,0,0,0,1,0,0,0,0,1,0,0,1,0,0,0,0,0,0,0,0,0,0,0
42.934708480000005,8.234094861575535,0.6200425249638317,6.78111126325685,1.860738565310014,0.0,191813.58473845923,0.1378984192220999,1.483101,1.227661,0.292775,102.568159,1.137142,0.1834869999999999,43.810927020408165,0.0397786382454287,0.6216216922556473,9.982236536295533,0.0397786382454287,0.6216216922556473,1.6637060893825883,0.0397786382454287,0.6216216922556473,2.205998755875564,34.47319315660099,0.8575830925660143,0,0,0,0,0,0,1,0,0,0,1,0,0,0,1,0,0,0,0,0,0,0,0,0,0
46.509189554537045,4.789936091218676,0.6298397632954503,3.553298823839183,0.4529139322342632,0.0,172968.93470848323,0.1385407272181351,1.575117,1.4802879999999998,0.390808,135.003109,0.372015,0.001368,47.45835668830311,0.0412747666257077,0.624899017235141,10.813296460626024,0.0412747666257077,0.624899017235141,1.802216076771004,0.0412747666257077,0.624899017235141,2.479534932594061,37.54010184065239,0.8354670321946251,0,0,1,0,0,0,0,0,0,0,0,1,0,0,0,0,1,0,0,0,0,0,0,0,0
22.78577030986112,6.225418942882901,1.179776328073131,4.128920826694662,0.3806978766080572,0.0,186349.8940535072,0.1343702901360228,0.7482880000000001,1.2066290000000002,0.424491,170.523077,1.134929,0.058885,23.25078603047053,0.0,0.6031477887719586,5.2976474499806265,0.0,0.6031477887719586,0.8829412416634377,0.0,0.6031477887719586,0.0,17.751468584162335,0.5160423390413303,0,0,1,0,0,0,0,0,0,0,0,0,1,0,1,0,0,0,0,0,0,0,0,0,0
29.85892016180556,16.214048476446244,4.90574563178513,4.089316284485,0.6021652253125783,0.0,170184.74754571344,0.1356541198506343,1.148144,1.188461,0.464765,145.89984099999998,0.371162,0.044002,30.468285879393424,0.0344437630534606,0.6096329289112113,6.942141086444071,0.0344437630534606,0.6096329289112113,1.157023514407345,0.0344437630534606,0.6096329289112113,1.328408125917631,23.511987796909768,0.1564269640824616,0,0,1,0,0,0,0,0,0,0,0,1,0,0,0,1,0,0,0,0,0,0,0,0,0
32.14627237708333,18.123919071469988,11.363140172523844,9.88665712823113,4.612479746198768,0.0,320429.13725269784,0.1495415222355358,1.2176,1.356307,1.289591,117.65606499999998,0.0,0.368921,32.80231875212584,0.0749660435880922,0.6117301274683477,7.473946044788167,0.0749660435880922,0.6117301274683477,1.245657674131361,0.0749660435880922,0.6117301274683477,3.1127342498257726,25.40021092594343,0.7454820874615345,0,0,0,1,0,0,0,0,0,1,0,0,0,0,0,0,0,0,0,0,0,0,1,0,0
2.714605,68.41587075278872,6.082680603011335,7.15023040657135,1.899641235955328,0.0,173055.29511390888,0.1381941612997501,0.989734,0.414785,0.559778,528.494527,0.701132,0.0,70.51727664422714,0.04807959918682,0.6456181485831374,16.067227589823904,0.04807959918682,0.6456181485831374,2.6778712649706504,0.04807959918682,0.6456181485831374,4.291699236456393,57.62940960781119,0.9187899714174996,0,0,1,0,0,0,0,0,0,0,0,1,0,1,0,0,0,0,0,0,0,0,0,0,0
60.38235623763888,8.70303788752783,11.671846208240774,11.711650475609504,3.050988705609914,0.0,181278.85490669965,0.119501475789707,1.834533,1.464698,0.931666,109.142181,7.118364,0.0,61.614649222080494,0.0472350364215481,0.6376188707655159,14.038780835410746,0.0472350364215481,0.6376188707655159,2.3397968059017904,0.0472350364215481,0.6376188707655159,3.6840129115264335,49.729953239995375,0.4788880416416436,0,0,0,0,0,0,0,0,1,1,0,0,0,1,0,0,0,0,0,0,0,0,0,0,0
74.51083572393519,30.0309653770356,3.258869900406121,6.646526988461721,1.1703803534630677,0.0,184555.85570293764,0.1258536055058741,1.547106,1.427668,4.187123000000001,132.853718,0.0,0.0,76.03146502442367,0.0535559490238008,0.6505728122683954,17.323624942273746,0.0535559490238008,0.6505728122683954,2.887270823712291,0.0535559490238008,0.6505728122683954,5.154350968421436,62.61266331876639,0.0418566923349511,0,0,1,0,0,0,0,0,0,0,1,0,0,1,0,0,0,0,0,0,0,0,0,0,0
42.31186641768519,70.3505634421394,4.404549092554646,8.651990614920782,2.098467162973303,0.0,245553.19098471224,0.1435139232384358,1.464489,1.421694,0.3518969999999999,128.282422,1.136184,0.0,43.17537389559713,0.0774584177605714,0.6210506287064108,9.837426963553776,0.0774584177605714,0.6210506287064108,1.639571160592296,0.0774584177605714,0.6210506287064108,4.233286263511435,33.94189000315817,0.2288666678449015,0,0,0,0,0,1,0,0,0,0,0,1,0,0,0,0,0,0,0,0,0,0,1,0,0
48.249079227916674,13.930873819759912,3.230228129908335,9.777928568476396,1.6031150739255855,0.0,198407.42048860912,0.136942477749406,1.041582,1.240468,3.024814,158.519269,1.134741,0.0,49.23375431420069,0.0336071015991889,0.6264942652639387,11.217817438678637,0.0336071015991889,0.6264942652639387,1.8696362397797728,0.0336071015991889,0.6264942652639387,2.0944351687934826,39.04387941172207,0.9741588641784764,0,0,0,0,0,0,0,1,0,1,0,0,0,0,0,1,0,0,0,0,0,0,0,0,0
36.65664582212963,4.576634765522821,2.8340646814671064,10.521575713900924,2.0085422712550174,0.0,172025.80944619305,0.1344491507438161,1.158651,1.3955879999999998,2.404668,126.232075,0.371256,0.0,37.40474063482616,0.0371901399882743,0.6158655416026103,8.522599131985706,0.0371901399882743,0.6158655416026103,1.420433188664284,0.0371901399882743,0.6158655416026103,1.7608703043471887,29.159861834901736,0.1376374980395568,0,0,0,0,0,1,0,0,0,0,0,0,1,0,0,0,0,0,0,0,0,0,0,1,0
281.3127552365741,6.604644061270214,0.5036772461317712,1.8918913622840128,0.6581686838782377,0.0,305100.30225194845,0.1459981487612787,2.577085,1.526853,0.222124,123.783509,1.136104,0.0,287.0538318740552,0.3711238566874831,0.8401827395537949,65.4046705535822,0.3711238566874831,0.8401827395537949,10.900778425597032,0.3711238566874831,0.8401827395537949,134.85129767344273,305.2881960295673,0.1509947631423666,0,0,0,1,0,0,0,0,0,0,0,1,0,0,0,0,0,0,0,0,0,0,1,0,0
25.06742005550926,16.02675427028111,1.6423290424781452,7.969762592864551,0.6318335098614224,0.0,59978.062415692446,0.1085777581095409,1.032751,1.135023,0.997573,127.48531,1.136196,0.0,25.5790000566421,0.0,0.6052397589208947,5.828126595184276,0.0,0.6052397589208947,0.9713544325307124,0.0,0.6052397589208947,0.0,19.59674408572103,0.7030337236723311,0,0,0,0,0,1,0,0,0,0,0,1,0,0,1,0,0,0,0,0,0,0,0,0,0
263.93855223287034,7.223364269733429,6.355698748458203,8.4943891840873,1.027979334552797,0.0,160450.9382868705,0.1227471372313636,2.368258,1.539947,3.055898,110.301389,0.0,0.0,269.3250532988473,0.0,0.8242529001406133,61.36520201745888,0.0,0.8242529001406133,10.22753366957648,0.0,0.8242529001406133,0.0,281.0024762811394,0.8838917600475636,0,0,1,0,0,0,0,0,0,0,0,1,0,0,1,0,0,0,0,0,0,0,0,0,0
219.25249822532408,3.5843098414795738,1.0378069212253718,11.33628206230182,3.2891766496127746,0.0,184010.62477517987,0.1321375591577671,2.318037,1.437693,1.542088,134.54414,42.245968,0.0,223.7270390054328,0.1328981233550952,0.7832817163575514,50.97578103921252,0.1328981233550952,0.7832817163575514,8.49596350653542,0.1328981233550952,0.7832817163575514,37.63658687039773,221.8244292503395,0.2141756245309338,0,0,0,0,0,0,0,0,1,0,0,1,0,0,0,1,0,0,0,0,0,0,0,0,0
19.37266403435185,41.27324101130168,3.5069919315745217,10.162162483453178,2.342625363982267,0.0,177971.34487410073,0.1372564329231957,0.908029,1.1367,0.062796,149.372878,0.372363,0.0,19.768024524848823,0.0303221364159987,0.6000184230763124,4.504106853763023,0.0303221364159987,0.6000184230763124,0.7506844756271703,0.0303221364159987,0.6000184230763124,0.7587452358446527,15.014150509789442,0.501859272744765,0,0,1,0,0,0,0,0,0,0,1,0,0,0,0,0,0,0,0,0,0,0,0,1,0
47.77788721731482,3.776302865005675,2.298314014784724,7.233447999977093,1.3851253476074274,0.0,182940.3165280276,0.1353165465150234,1.572372,1.426195,1.619677,136.686895,0.370969,0.0,48.75294614011717,0.0418096880974097,0.6260622446952795,11.10826620914062,0.0418096880974097,0.6260622446952795,1.8513777015234365,0.0418096880974097,0.6260622446952795,2.5801841417064733,38.63592265315167,0.9398229740635092,0,0,1,0,0,0,0,0,0,1,0,0,0,0,0,0,0,0,0,1,0,0,0,0,0
348.6494513897222,32.20471412113735,5.624816174987409,7.366855405217452,1.4092385537332768,0.0,105671.44806654676,0.1269719501604422,3.130609,1.461793,0.717974,133.159343,1.136752,0.0,355.76474631604304,0.0807999024638849,0.901921557507354,81.06032194542753,0.0807999024638849,0.901921557507354,13.510053657571254,0.0807999024638849,0.901921557507354,36.38703392712034,406.1669545614864,0.3571341337200361,0,0,0,0,1,0,0,0,0,1,0,0,0,0,0,0,0,0,1,0,0,0,0,0,0
48.40286770574075,3.810255652666092,0.1940095879191117,5.911992871218162,0.2473541829797575,0.0,81067.18574827637,0.1167088964109798,1.408035,1.210025,0.284,132.717976,6.292388,2.5e-05,49.390681332388525,0.0,0.626635268897591,11.253572961810043,0.0,0.626635268897591,1.875595493635007,0.0,0.626635268897591,0.0,39.177142883236094,0.3376733634969771,0,0,1,0,0,0,0,0,0,0,0,0,1,0,1,0,0,0,0,0,0,0,0,0,0
1.227652,28.34697509947277,7.816786750329198,6.153192416083613,1.2327282013510057,0.0,164725.78606489807,0.1382461711406993,1.104218,0.31294,0.901151,589.100722,6.238678,0.0,31.89070811659108,0.0343832020206364,0.6109110179640006,7.266237292387841,0.0343832020206364,0.6109110179640006,1.2110395487313068,0.0343832020206364,0.6109110179640006,1.3879805819669655,24.66124678367022,0.158813976710488,0,0,0,1,0,0,0,0,0,0,1,0,0,1,0,0,0,0,0,0,0,0,0,0,0
45.0201830874074,4.860910367681867,3.102509694133731,8.149413234610066,0.6756548411268696,0.0,143722.3287619904,0.1171194784772053,1.503891,1.483848,0.306576,117.647077,1.136235,0.0,45.93896233408918,0.0,0.6235337958260492,10.46710534194437,0.0,0.6235337958260492,1.7445175569907283,0.0,0.6235337958260492,0.0,36.25885513985384,0.2031587322884114,0,0,0,1,0,0,0,0,0,0,1,0,0,0,1,0,0,0,0,0,0,0,0,0,0
41.86730290365741,7.843605958847773,0.5177189777795074,3.9931783496047095,0.4672415793942605,0.0,153380.51511915468,0.1252560039861597,1.433846,1.40905,0.4501,130.62209099999998,1.273555,0.0,42.72173765679328,0.0140425985143555,0.6206430229367584,9.73406680787695,0.0140425985143555,0.6206430229367584,1.6223444679794914,0.0140425985143555,0.6206430229367584,0.7593977338607244,33.56322582838396,0.5550337683222825,0,0,0,1,0,0,0,0,0,0,0,1,0,0,0,0,0,0,0,0,0,1,0,0,0
1.237264,100.25428734733944,6.392725398786348,8.820322289455422,2.4233431483058334,0.0,169192.47259067747,0.1382853082186884,0.902145,0.349071,0.861102,495.5399900000001,1.077698,0.0,32.140398978835975,0.0344717386250626,0.6111353726944535,7.3231288812537665,0.0344717386250626,0.6111353726944535,1.220521480208961,0.0344717386250626,0.6111353726944535,1.4024499150679306,24.863461656302984,0.410895803395228,1,0,0,0,0,0,0,0,0,0,0,1,0,1,0,0,0,0,0,0,0,0,0,0,0
136.79208889078703,3.7787766028018224,1.457117710325072,9.59105424172015,1.1316370389444366,0.0,74844.45314373501,0.1065515632332443,2.368912,1.557009,0.362501,94.727764,1.142781,0.0,139.5837641742725,0.0168877085418048,0.707676459623509,31.803895634644363,0.0168877085418048,0.707676459623509,5.300649272440727,0.0168877085418048,0.707676459623509,2.983860666510289,125.03815702755942,0.7013475218055621,0,0,0,0,0,1,0,0,0,0,0,1,0,0,0,0,0,0,0,1,0,0,0,0,0
85.87056254541666,8.126285822050912,1.4455695162288291,5.764003459784052,0.8755343128308404,0.0,195444.98555530576,0.1381577833307732,1.579518,1.320258,0.339367,158.93052,1.1366969999999998,0.0,87.6230230055272,0.0470574543825982,0.6609881748611564,19.96473941898088,0.0470574543825982,0.6609881748611564,3.3274565698301464,0.0470574543825982,0.6609881748611564,5.219387858161963,73.31364816739308,0.2382593938990841,0,0,1,0,0,0,0,0,0,0,1,0,0,0,0,1,0,0,0,0,0,0,0,0,0
18.58791256648148,9.28237636770521,10.032749525362926,7.600322435228087,1.502838098602615,0.0,204584.46924647785,0.1307052833606585,0.89159,1.342927,0.16145,143.31742,0.0134849999999999,0.030711,18.96725772089947,0.0300193001828956,0.5992989100799597,4.321653657926462,0.0300193001828956,0.5992989100799597,0.7202756096544102,0.0300193001828956,0.5992989100799597,0.7207389913544634,14.38867959410222,0.272027741260174,0,0,0,0,0,1,0,0,0,0,1,0,0,1,0,0,0,0,0,0,0,0,0,0,0
414.4124186698148,6.379030697686332,0.1672360960581748,3.947860401025493,0.3064283171146036,0.0,111639.43805268286,0.1110692847457578,3.51997,1.620678,0.957299,92.693837,1.135543,0.0,422.8698149691988,0.0563912245264642,0.9622174748442742,96.35008442336176,0.0563912245264642,0.9622174748442742,16.058347403893624,0.0563912245264642,0.9622174748442742,30.184995799231007,515.0540829715543,0.2312732318755535,0,0,1,0,0,0,0,0,0,0,1,0,0,0,0,0,0,0,0,0,1,0,0,0,0
12.752885975416667,28.63484079156603,7.743966109461064,3.621696618249376,0.5958948745358762,0.0,159008.11134217627,0.133265228794633,0.727514,1.1514719999999998,1.639616,171.880671,0.369695,0.0,13.013148954506804,0.0277920606281242,0.593948964730093,2.965021280773702,0.0277920606281242,0.593948964730093,0.4941702134622836,0.0277920606281242,0.593948964730093,0.4578002844385628,9.783729556212416,0.0650936664139968,0,0,0,0,0,0,0,0,1,1,0,0,0,1,0,0,0,0,0,0,0,0,0,0,0
35.36804043055556,32.61336482820057,2.567519579431136,5.274240169022009,1.013915700377892,0.0,167184.69601506295,0.132319920926357,1.062265,1.33949,1.899333,153.406454,0.369994,0.0,36.08983717403628,0.0366650220990824,0.6146840613959867,8.223000875096874,0.0366650220990824,0.6146840613959867,1.370500145849479,0.0366650220990824,0.6146840613959867,1.6749806044788944,28.080819859818337,0.8461173111706305,0,0,0,0,0,0,0,0,1,0,0,1,0,0,0,0,1,0,0,0,0,0,0,0,0
25.11461817467592,2.772457358666829,0.3441690720385499,3.5571165848121367,0.4287006429059328,0.0,186180.4488908873,0.139178937412709,0.84734,1.169926,1.020525,181.279031,101.059036,0.000989,25.627161402730533,0.0325617333720731,0.6052830333351954,5.839100066444932,0.0325617333720731,0.6052830333351954,0.9731833444074884,0.0325617333720731,0.6052830333351954,1.0562845527579705,19.63504555647516,0.2537663841801961,0,0,0,0,0,0,0,1,0,1,0,0,0,0,0,0,1,0,0,0,0,0,0,0,0
44.85610979828704,3.969592842317762,0.1959325957873599,3.1238111354750124,0.3562192843615008,0.0,129793.46212717326,0.1177904467574126,1.476312,1.434296,0.26748,150.627604,1.138048,0.0,45.77154061049698,0.0144873605066054,0.6233833623847498,10.428958620113235,0.0144873605066054,0.6233833623847498,1.7381597700188722,0.0144873605066054,0.6233833623847498,0.8393782402113918,36.11799605987561,0.526266358202243,0,0,1,0,0,0,0,0,0,0,1,0,0,0,0,0,0,0,0,0,1,0,0,0,0
27.618867895509258,47.65014537175497,3.094338990229782,8.321833759188937,1.3418412387228127,0.0,182051.117168765,0.137404469045089,0.914613,1.188257,1.618208,165.193607,0.370298,0.0,28.18251826072373,0.0335515924393162,0.6075790981328081,6.4213332745952805,0.0335515924393162,0.6075790981328081,1.070222212432547,0.0335515924393162,0.6075790981328081,1.1969219830346718,21.674821554382177,0.6648250418843523,0,0,0,0,0,1,0,0,0,0,1,0,0,0,0,0,1,0,0,0,0,0,0,0,0
33.20038916259259,110.11924948238192,74.13351069537283,6.404040897492882,2.192187896449503,0.0,143316.8282842476,0.1281503719999064,1.167342,1.279995,2.188666,166.735603,0.369714,0.0,33.877948125094484,0.0357864377506328,0.6126966127288411,7.719026155084819,0.0357864377506328,0.6126966127288411,1.286504359180803,0.0357864377506328,0.6126966127288411,1.534646938858053,26.27456210436555,0.0936897940036973,0,0,0,0,0,1,0,0,0,1,0,0,0,0,0,0,0,0,0,0,1,0,0,0,0
68.44322983583335,19.836864650817144,3.094390055830244,8.52319516723962,1.220966705029531,0.0,151698.88837679857,0.1308576685133026,2.384629,1.530781,0.8961889999999999,108.172963,1.135887,0.0,69.84003044472792,0.0304862097581365,0.6450096225555013,15.912918329178511,0.0304862097581365,0.6450096225555013,2.652153054863085,0.0304862097581365,0.6450096225555013,2.695136478041287,57.02214136255528,0.5611252229955677,0,0,0,0,0,0,1,0,0,0,0,1,0,0,0,0,1,0,0,0,0,0,0,0,0
48.660955371388894,5.577212161109561,2.2868251117299216,10.266002052407757,1.7467171931438308,0.0,170982.41715377697,0.1386644020497942,1.525416,1.47812,2.740964,117.358691,0.370955,0.0,49.65403609325397,0.0421832217794484,0.6268719010508714,11.31357784403255,0.0421832217794484,0.6268719010508714,1.885596307338758,0.0421832217794484,0.6268719010508714,2.6513509072993298,39.40091139319836,0.1001964793131202,0,0,0,0,0,0,1,0,0,1,0,0,0,0,0,0,0,0,1,0,0,0,0,0,0
39.0566981849537,7.472610187530518,3.0738945676268434,10.823853779753907,1.906007968550392,0.0,196590.9824265588,0.136388208493769,1.345855,1.390842,1.552758,142.210574,1.137101,0.0,39.853773658116026,0.0381737978723464,0.618066071245027,9.0806066562796,0.0381737978723464,0.618066071245027,1.5134344427132669,0.0381737978723464,0.618066071245027,1.9257846836394523,31.18008266982319,0.2992550950242617,0,0,0,0,1,0,0,0,0,0,0,0,1,0,0,1,0,0,0,0,0,0,0,0,0
59.25830782680555,7.229486019270761,6.738334784690711,10.59588436314242,1.9828697726023283,0.0,257580.7314242356,0.1240364420864221,1.850904,1.53565,0.149566,97.665595,0.117045,0.008879,60.46766104776077,0.0467430259293331,0.6365882674812444,13.77744175771764,0.0467430259293331,0.6365882674812444,2.29624029295294,0.0467430259293331,0.6365882674812444,3.5777739851159645,48.72532099371792,0.5135538881141121,0,0,0,1,0,0,0,0,0,1,0,0,0,1,0,0,0,0,0,0,0,0,0,0,0
0.978587,43.54917392730713,4.695404316309831,7.397141704742285,1.378886428525408,0.0,164936.6309577338,0.1388477509577783,0.8352290000000001,0.380496,0.935428,427.407235,5.495705,0.0,25.42074821178194,0.0320890520641849,0.6050975648907324,5.792069212811075,0.0320890520641849,0.6050975648907324,0.9653448688018456,0.0320890520641849,0.6050975648907324,1.0325667251625397,19.470927646392017,0.0844156335355217,1,0,0,0,0,0,0,0,0,0,1,0,0,1,0,0,0,0,0,0,0,0,0,0,0
39.06234973967592,9.458252269881111,3.932760570117896,13.748352263471206,2.739062081709754,0.0,259580.77497377087,0.1253696334787267,1.35463,1.421448,0.076925,116.040825,0.0134919999999999,0.072246,39.85954055068972,0.0381761227779492,0.6180712529710112,9.08192063180272,0.0381761227779492,0.6180712529710112,1.5136534386337863,0.0381761227779492,0.6180712529710112,1.9261806505516148,31.18485591267547,0.7308966284693638,0,0,0,1,0,0,0,0,0,0,0,1,0,1,0,0,0,0,0,0,0,0,0,0,0
35.54682812791666,4.643330919174921,3.7112060546589127,8.034159024556478,1.2497935569543632,0.0,113599.30306692146,0.116525532530366,1.295847,1.315225,0.630015,136.01613799999998,1.13446,0.0,36.27227359991496,0.0131153780972647,0.6148479859977316,8.264568668335054,0.0131153780972647,0.6148479859977316,1.3774281113891755,0.0131153780972647,0.6148479859977316,0.6021830160890137,28.230296671476456,0.8021049616595156,0,0,0,0,0,0,0,0,1,0,0,1,0,0,0,0,0,0,0,0,0,0,0,1,0
32.26846815486112,3.394504071417309,0.3679528619281108,2.420035222451464,0.295820631211896,0.0,178956.08790467627,0.1292449333470502,1.214568,1.293375,0.181576,156.46588400000002,15.701548999999998,0.001326,32.927008321286856,0.0354105472909036,0.6118421647869259,7.502356326369156,0.0354105472909036,0.6118421647869259,1.250392721061526,0.0354105472909036,0.6118421647869259,1.4759030193783615,25.501432976269964,0.7144084493054318,0,0,0,0,0,1,0,0,0,0,0,1,0,0,0,0,0,0,0,1,0,0,0,0,0
78.16367484097222,40.08247522399539,0.8817160301785961,4.227100390038616,0.7607570841586847,0.0,185767.75747526973,0.1236113770116719,1.951182,1.484666,1.220767,117.94003700000002,1.136443,0.0,79.75885187854308,0.0552313866737929,0.6539219811784273,18.172902959668043,0.0552313866737929,0.6539219811784273,3.0288171599446736,0.0552313866737929,0.6539219811784273,5.576192390837459,66.0203372619413,0.6734457683945502,0,0,0,0,0,0,0,0,1,0,0,1,0,1,0,0,0,0,0,0,0,0,0,0,0
57.04664062138888,5.746694373516809,0.4188804846944854,2.8390824760464457,0.8601406034376982,0.0,229244.0323741008,0.1285201903673813,1.450086,1.437897,0.383135,133.058542,1.141018,0.0,58.21085777692743,0.0752159327782603,0.6345604620383025,13.263233417527768,0.0752159327782603,0.6345604620383025,2.2105389029212947,0.0752159327782603,0.6345604620383025,5.542258184195253,46.75735291971265,0.3653614642749941,0,0,1,0,0,0,0,0,0,1,0,0,0,0,0,0,0,0,0,0,0,0,0,0,1
117.30873584773146,80.02350467046102,3.336838118606906,7.20257164591508,1.8730313427728429,0.0,191322.92476019185,0.128931014086131,1.704867,1.335521,1.968767,151.121134,1.135289,0.0,119.70279168135863,0.0742486527900634,0.6898128094094511,27.27405380081589,0.0742486527900634,0.6898128094094511,4.5456756334693145,0.0742486527900634,0.6898128094094511,11.250343060190492,104.52217597958516,0.2390856879359991,0,0,0,1,0,0,0,0,0,0,0,1,0,1,0,0,0,0,0,0,0,0,0,0,0
6.357297,3.204731949596178,0.4853772311616572,4.575482123904377,3.416234292036338,0.0,176256.36634442446,0.1387634800135088,3.4550410000000005,0.35885,0.210257,696.930751,116.244952,0.00206,165.1434633246882,0.0816326142357689,0.7306426161011321,37.62762455499225,0.0816326142357689,0.7306426161011321,6.271270759165375,0.0816326142357689,0.7306426161011321,17.064674221700173,152.7352557918374,0.4670163068379473,0,0,0,1,0,0,0,0,0,0,0,1,0,1,0,0,0,0,0,0,0,0,0,0,0
132.80020740532407,14.92615292072296,5.440463172731926,7.756569789182082,1.1400806898836324,0.0,128585.5957640138,0.1149261155360036,2.1181080000000003,1.527426,0.96031,104.68086,1.135907,0.0,135.51041571971845,0.0493869251748259,0.7040164338366386,30.87579092348016,0.0493869251748259,0.7040164338366386,5.145965153913358,0.0493869251748259,0.7040164338366386,8.471446533619353,120.7614678768564,0.1722031135857747,0,0,0,0,0,1,0,0,0,0,0,1,0,0,0,0,1,0,0,0,0,0,0,0,0
24.12969474833333,8.327841849554153,1.303675650120925,5.846981429367614,0.674919466106154,0.0,162654.43944844123,0.1348824627357993,0.783756,1.2339209999999998,0.453455,164.026629,1.134343,0.0,24.622137498299324,0.0,0.6043799892063468,5.610107278093516,0.0,0.6043799892063468,0.9350178796822528,0.0,0.6043799892063468,0.0,18.83686986767004,0.8645806671983399,0,0,0,0,0,1,0,0,0,0,0,0,1,0,1,0,0,0,0,0,0,0,0,0,0
40.877695305833335,16.985548897016617,1.6174066286864612,8.449906651064646,0.870523721408501,0.0,75967.48074977518,0.1174504843314917,1.337823,1.446122,1.172098,119.50198799999998,1.136193,0.0,41.71193398554422,0.0,0.619735684044031,9.503984958731596,0.0,0.619735684044031,1.5839974931219325,0.0,0.619735684044031,0.0,32.72199233079837,0.9476298244094544,0,0,0,0,0,0,1,0,0,0,1,0,0,0,1,0,0,0,0,0,0,0,0,0,0
35.915019280833334,7.136307323546637,0.1987297849224911,1.5802007919306948,0.1018204671024776,0.0,82935.0635163744,0.1013689374716447,1.24304,1.403158,0.352402,136.488655,2.386807,0.000419,36.6479788579932,0.0014755065365213,0.6151855684432725,8.350172398023767,0.0014755065365213,0.6151855684432725,1.3916953996706276,0.0014755065365213,0.6151855684432725,0.0684485219686895,28.53836418487542,0.2644052220537307,0,0,1,0,0,0,0,0,0,1,0,0,0,0,0,0,0,0,0,0,0,1,0,0,0
50.41734147476851,6.834994484697069,0.8094920891223194,7.293536334872532,2.288907768629152,0.0,195722.9414343525,0.1379862897437539,1.7463810000000002,1.489086,1.211726,102.22814,1.183676,4.2e-05,51.44626681098828,0.0429291055410712,0.6284822741176773,11.721934210098594,0.0429291055410712,0.6284822741176773,1.9536557016830989,0.0429291055410712,0.6284822741176773,2.795623060282311,40.927932607892025,0.853520422118851,0,0,1,0,0,0,0,0,0,0,1,0,0,0,0,1,0,0,0,0,0,0,0,0,0
57.91377240944444,6.327783655552637,1.4050620504134566,13.259860253734267,4.4750500062672645,0.0,183351.08792341128,0.1346024259103002,1.825521,1.311747,0.063915,86.303099,0.370687,0.000107,59.095686132086165,0.0461566108314165,0.6353555068602633,13.464839878196848,0.0461566108314165,0.6353555068602633,2.244139979699474,0.0461566108314165,0.6353555068602633,3.4527298564737223,47.52755647557802,0.1519660479560183,0,0,0,1,0,0,0,0,0,0,0,1,0,0,1,0,0,0,0,0,0,0,0,0,0
48.93184813624999,4.936374724478949,1.745751492839923,8.335836309894955,0.9200135395109512,0.0,162072.3457546463,0.1310178561390732,1.516315,1.467726,2.791196,109.195214,1.136815,0.0,49.93045728188775,0.0,0.6271202737814946,11.376559887012398,0.0,0.6271202737814946,1.896093314502066,0.0,0.6271202737814946,0.0,39.635951950193245,0.3026606355714466,0,0,0,0,1,0,0,0,0,0,0,0,1,0,1,0,0,0,0,0,0,0,0,0,0
27.48086303898148,33.64152542522975,4.049065050175436,8.622964578280918,1.3328443459040826,0.0,191287.74106339927,0.1374024578707395,0.923486,1.237481,0.184822,157.675024,0.370012,0.000688,28.041696978552533,0.0334968358814451,0.6074525659861387,6.389247412834754,0.0334968358814451,0.6074525659861387,1.0648745688057923,0.0334968358814451,0.6074525659861387,1.1889976221870746,21.562026309148724,0.5081848026005699,0,0,1,0,0,0,0,0,0,1,0,0,0,0,0,0,0,0,0,1,0,0,0,0,0
24.756864577777776,10.725684633709136,10.712565779114229,3.970807120096769,0.568644757822549,0.0,177937.63286870503,0.1382740756018842,0.833525,1.259577,1.416589,171.933156,0.36968,0.0,25.26210671201813,0.032420972981213,0.6049550207439496,5.75592304830793,0.032420972981213,0.6049550207439496,0.9593205080513216,0.032420972981213,0.6049550207439496,1.0367368090618478,19.344858594942785,0.451766916899656,0,0,0,0,1,0,0,0,0,1,0,0,0,0,0,0,0,0,1,0,0,0,0,0,0
29.394067057175928,125.89534628277733,0.5374146714481041,3.4563880458438425,0.5192724389137982,0.0,150920.4980187725,0.1177782248928964,0.927384,1.293211,2.379146,159.412014,7.611358,0.0,29.99394597671013,0.0342580973669148,0.6092067202784534,6.834063640263067,0.0342580973669148,0.6092067202784534,1.139010606710511,0.0342580973669148,0.6092067202784534,1.3006778755545805,23.12976386921606,0.1595140119071608,0,0,0,0,0,0,0,0,1,1,0,0,0,1,0,0,0,0,0,0,0,0,0,0,0
1.877126,35.39047454425267,6.690315537601352,8.285189635462041,1.414966332826683,0.0,170965.94643660073,0.1381760869595072,1.077434,0.525018,1.983956,519.135995,1.068924,0.0,48.76209004185562,0.0403655389560405,0.6260704607653085,11.110349629789887,0.0403655389560405,0.6260704607653085,1.8517249382983143,0.0403655389560405,0.6260704607653085,2.4915291710917487,38.64367617770127,0.2485604993313561,0,0,1,0,0,0,0,0,0,0,0,1,0,1,0,0,0,0,0,0,0,0,0,0,0
36.15228274935185,36.28791980062212,4.845340430879479,8.60121142206718,1.3539814473056109,0.0,179249.5933190947,0.1305385060358247,1.219163,1.317435,1.144179,150.829345,1.135009,0.0,36.89008443811413,0.0221906140506043,0.6154031075701787,8.405335694760181,0.0221906140506043,0.6154031075701787,1.40088928246003,0.0221906140506043,0.6154031075701787,1.0362197798232853,28.73705392625535,0.0809774607063091,0,0,0,0,0,0,1,0,0,0,0,0,1,0,0,0,1,0,0,0,0,0,0,0,0
33.39763351388889,14.990535412515912,3.100685415508078,6.189405447573399,0.6533751042841149,0.0,153575.05073441248,0.1273691325540022,1.119059,1.3904729999999998,0.622215,135.939505,1.134954,0.0001629999999999,34.079217871315194,0.0071732275128384,0.6128774596339128,7.764885084603462,0.0071732275128384,0.6128774596339128,1.2941475141005767,0.0071732275128384,0.6128774596339128,0.3094404851272562,26.43846136111684,0.4099493619048791,0,0,0,0,0,0,1,0,0,1,0,0,0,0,0,0,0,0,0,1,0,0,0,0,0
36.93578680199074,32.84219384647551,4.203301613279384,7.709375989808739,1.0900270776640024,0.0,173845.37994604316,0.1384658528853663,1.2471290000000002,1.367846,1.201069,144.109182,0.372069,0.079478,37.6895783693783,0.0373041699587191,0.6161214768522375,8.587498868972272,0.0373041699587191,0.6161214768522375,1.4312498114953784,0.0373041699587191,0.6161214768522375,1.7797195407136126,29.39412492010064,0.3523109843185489,0,0,1,0,0,0,0,0,0,1,0,0,0,0,1,0,0,0,0,0,0,0,0,0,0
61.86540566060185,8.329805365062896,2.975773811340332,10.173605119581705,1.7746089512495686,0.0,184972.6864883093,0.1375796105042636,1.561708,1.458479,2.984534,124.16441299999998,0.370359,0.0,63.12796495979781,0.0478866388949246,0.6389786303553271,14.383586952865324,0.0478866388949246,0.6389786303553271,2.3972644921442203,0.0478866388949246,0.6389786303553271,3.826564635697842,51.06002605965909,0.6887023714025213,0,0,0,0,0,1,0,0,0,0,1,0,0,1,0,0,0,0,0,0,0,0,0,0,0
61.83363475837962,4.462005323171615,1.8090692187527675,8.697721569372309,1.1607795908010834,0.0,108018.69295657224,0.1166086959377896,1.916969,1.454755,0.445296,111.403203,1.136554,0.0,63.09554567181594,0.0095745301143516,0.6389495006524968,14.376200279654263,0.0095745301143516,0.6389495006524968,2.396033379942377,0.0095745301143516,0.6389495006524968,0.7646964583749993,51.03147772202988,0.903930608339842,0,0,0,0,0,1,0,0,0,1,0,0,0,0,0,0,0,0,0,0,0,0,0,1,0
141.82622398833334,34.70481358936855,4.6095998881818,7.499247655022344,1.4109498477525275,0.0,170257.21245503597,0.1352421885593046,1.639723,1.356675,1.864475,147.17690100000002,0.3706239999999999,0.0,144.72063672278912,0.0871497119393501,0.7122920937145276,32.97432229126841,0.0871497119393501,0.7122920937145276,5.495720381878067,0.0871497119393501,0.7122920937145276,15.965014939329633,130.48527257591775,0.3537318748898274,0,0,0,1,0,0,0,0,0,1,0,0,0,0,0,0,0,0,0,1,0,0,0,0,0
44.31422243875,5.656274819374085,0.1741342975242103,2.8630058576734805,0.4668310585853865,0.0,135047.0020936376,0.1114717598656098,1.413125,1.4119959999999998,0.209663,149.946248,4.416306,0.0,45.2185943252551,0.0242124746334975,0.6228865235590715,10.302970858918885,0.0242124746334975,0.6228865235590715,1.7171618098198136,0.0242124746334975,0.6228865235590715,1.3858912253957636,35.65323167023558,0.9244583966067734,0,0,0,1,0,0,0,0,0,0,0,1,0,0,0,0,1,0,0,0,0,0,0,0,0
33.04008357662037,8.981120681762695,0.3688105875425201,3.3314703654328124,0.5871693648808866,0.0,136857.72698872152,0.1240319888279449,1.203698,1.408477,0.366628,137.583875,1.153248,1.1e-05,33.714370996551395,0.0357217000087592,0.6125496337715313,7.68175541693576,0.0357217000087592,0.6125496337715313,1.2802925694892933,0.0357217000087592,0.6125496337715313,1.524474236358002,26.14142481870265,0.7581435011830423,0,0,0,0,0,1,0,0,0,0,0,1,0,1,0,0,0,0,0,0,0,0,0,0,0
69.26344353671296,76.19336883227031,27.876911232708025,6.711092042122528,1.848146166161096,0.0,248565.42380470625,0.1183532586754511,2.03013,1.528735,0.903507,107.855421,0.0134949999999999,0.0,70.6769832007275,0.0511787672027451,0.6457616497153497,16.103616425482215,0.0511787672027451,0.6457616497153497,2.683936070913702,0.0511787672027451,0.6457616497153497,4.578684645344763,57.772766162792216,0.0532421996653041,0,0,1,0,0,0,0,0,0,1,0,0,0,1,0,0,0,0,0,0,0,0,0,0,0
31.59379471680556,36.75711844308036,6.939965979086695,7.353217905945629,0.9988704672534404,0.0,134676.8137552458,0.1265000840224665,1.041832,1.366168,1.41956,155.91575,1.134978,0.0,32.238566037556694,0.0,0.6112235787417258,7.345496059190133,0.0,0.6112235787417258,1.2242493431983552,0.0,0.6112235787417258,0.0,24.94300216073021,0.5378043826008752,0,0,1,0,0,0,0,0,0,0,0,0,1,0,1,0,0,0,0,0,0,0,0,0,0
4.704346,8.036293034326462,1.4625928510578987,12.580345371072529,3.06556536368043,0.0,171079.2710768885,0.1385168114797674,2.075043,0.400423,0.946655,629.066376,5.037413,0.0,122.2047658175548,0.0664072013328457,0.6920609082300475,27.844123857164384,0.0664072013328457,0.6920609082300475,4.640687309527396,0.0664072013328457,0.6920609082300475,10.27250188288561,107.05460914143954,0.5699741112011363,0,1,0,0,0,0,0,0,0,1,0,0,0,1,0,0,0,0,0,0,0,0,0,0,0
11.998148845462964,3.328009553750356,1.980004775724251,7.136089316374964,1.01282171201077,0.0,112429.4487410072,0.1164297438907823,0.753035,1.271484,0.947716,156.664228,1.137146,0.0,12.243009025982616,0.0055014262093839,0.5932569709001161,2.789546360350469,0.0055014262093839,0.5932569709001161,0.4649243933917448,0.0055014262093839,0.5932569709001161,0.0852582414395765,9.19398791070535,0.8382214263315437,0,0,0,0,0,0,0,0,1,0,0,1,0,0,0,0,0,0,0,0,0,0,0,1,0
86.79128227351852,33.66080682391212,2.6712448385486054,5.217681040295022,0.8531290414593489,0.0,144221.1332902428,0.1091139495765848,2.095366,1.506312,2.8332900000000003,121.645356,1.135592,0.0,88.56253293216176,0.0355534772122123,0.6618323527155353,20.17880497188496,0.0355534772122123,0.6618323527155353,3.3631341619808257,0.0355534772122123,0.6618323527155353,3.985703792986608,74.19436649739202,0.8315899197001309,0,0,1,0,0,0,0,0,0,1,0,0,0,0,0,0,1,0,0,0,0,0,0,0,0
15.851872729675923,82.20935275441124,20.605566109398858,7.838369132231751,2.1752187292352856,0.0,184253.4029526379,0.1374073834370652,0.828001,1.234781,0.426885,165.605189,1.088502,0.0,16.175380336404004,0.0289695706843309,0.5967903244936691,3.685529696902178,0.0289695706843309,0.5967903244936691,0.6142549494836963,0.0289695706843309,0.5967903244936691,0.5931567392422685,12.21938035414058,0.9377527327784366,0,0,1,0,0,0,0,0,0,1,0,0,0,1,0,0,0,0,0,0,0,0,0,0,0
60.32657895657408,8.192351923670088,0.6509618391807702,7.744663532975195,2.695615248428546,0.0,208557.2405013489,0.1355351278071495,2.09813,1.473537,0.398149,92.490883,1.135374,0.116992,61.55773362915722,0.0377684673514298,0.6375677303978066,14.02581272563076,0.0377684673514298,0.6375677303978066,2.3376354542717928,0.0377684673514298,0.6375677303978066,2.942963611140301,49.68003103591709,0.0784184884949525,0,0,1,0,0,0,0,0,0,0,0,1,0,0,0,1,0,0,0,0,0,0,0,0,0
17.828414892685185,3.618465593599138,0.1515341856800537,2.9240198464130613,0.2854896933197689,0.0,114593.96178057554,0.1161194877873221,0.865851,1.300127,1.351784,157.775686,3.3678730000000003,0.017763,18.19226009457672,0.0106125223585051,0.59860255146278,4.145071920283304,0.0106125223585051,0.59860255146278,0.6908453200472171,0.0106125223585051,0.59860255146278,0.2443870468423238,13.784725708212834,0.4498965038549701,0,0,0,0,0,1,0,0,0,0,0,0,1,0,0,0,0,0,0,0,0,0,0,1,0
24.72107139787037,5.3939705261162345,0.5206888400965172,3.745946754368661,0.3276585384452943,0.0,88874.2567165018,0.1203508411290691,0.825968,1.250861,0.255954,177.709123,1.511077,0.004268,25.2255830590514,0.0,0.6049222031460494,5.747601203328166,0.0,0.6049222031460494,0.9579335338880276,0.0,0.6049222031460494,0.0,19.315842126234216,0.8119327098268481,0,0,0,0,0,0,1,0,0,0,0,1,0,0,1,0,0,0,0,0,0,0,0,0,0
57.84315343287036,42.7305801368895,1.160936550413676,7.056060355344265,1.041914818598498,0.0,109995.64804406474,0.1097702539974837,1.816304,1.41932,0.241701,124.117725,1.136771,0.021845,59.02362595190853,0.0164669370069264,0.6352907586265684,13.4484211029665,0.0164669370069264,0.6352907586265684,2.241403517161083,0.0164669370069264,0.6352907586265684,1.2303016841398349,47.46476469351744,0.2110374233038897,0,0,0,1,0,0,0,0,0,1,0,0,0,0,0,0,0,0,1,0,0,0,0,0,0
20.94063952287037,41.869654323941184,3.843390125450756,7.37658374772655,1.3573558043232925,0.0,193093.7084270084,0.1391569244489967,0.691772,1.182733,0.784517,168.189172,1.135566,0.150294,21.367999513133032,0.0309295594919437,0.6014560486025354,4.868658116916387,0.0309295594919437,0.6014560486025354,0.8114430194860643,0.0309295594919437,0.6014560486025354,0.8365858381838888,16.268243738873284,0.4725203575469114,0,0,0,0,0,0,0,1,0,1,0,0,0,1,0,0,0,0,0,0,0,0,0,0,0
28.384348070925924,7.94261427947453,7.766978040301828,7.552713332416342,1.7658462728813684,0.0,203941.27493630096,0.1156694726209989,1.121032,1.365022,0.243184,130.608562,1.13651,0.0,28.96362048053665,0.0338557527682384,0.6082809419103766,6.599305932274175,0.0338557527682384,0.6082809419103766,1.0998843220456958,0.0338557527682384,0.6082809419103766,1.2412470560280204,22.301289046880395,0.1475543824735838,0,0,1,0,0,0,0,0,0,1,0,0,0,1,0,0,0,0,0,0,0,0,0,0,0
37.96755194314815,4.783435042131515,4.060943603515625,7.922362069145953,1.2408653990827876,0.0,166718.942979991,0.1244483093956677,1.029547,1.177332,1.879527,152.123615,1.135941,0.0,38.74239994198791,0.0226359043396357,0.6170674686198744,8.827382265263068,0.0226359043396357,0.6170674686198744,1.4712303775438444,0.0226359043396357,0.6170674686198744,1.1100876695882906,30.261613494254743,0.5174809833902138,0,0,0,1,0,0,0,0,0,1,0,0,0,0,0,0,1,0,0,0,0,0,0,0,0
85.34318593449073,32.02090917201269,0.6156357118337275,4.555453956841851,0.5095030842639273,0.0,116502.83054181654,0.1184721027704165,1.454307,1.371324,0.8555229999999999,129.892682,1.136154,0.0,87.0848836066232,0.0209108200609309,0.6605046404670591,19.84212537872428,0.0209108200609309,0.6605046404670591,3.307020896454045,0.0209108200609309,0.6605046404670591,2.3050839634496367,72.81008827431437,0.1196629010243665,0,0,0,0,0,1,0,0,0,1,0,0,0,0,0,0,0,0,1,0,0,0,0,0,0
167.11550575287035,7.265142298312414,1.2863046321079885,6.909042561940438,1.1808240466552389,0.0,191054.6311076139,0.1373305246055269,2.274214,1.561756,1.925383,105.627448,1.137127,0.0,170.52602627843913,0.101255874594935,0.735479010391966,38.85403130394816,0.101255874594935,0.735479010391966,6.475671883991359,0.101255874594935,0.735479010391966,21.85666067344585,158.75735829536808,0.1068702033986361,0,0,0,0,1,0,0,0,0,1,0,0,0,0,0,0,0,0,0,1,0,0,0,0,0
75.14854493921295,7.882550844692049,2.4359534761602646,9.152724439863391,1.3816718767872818,0.0,159452.9238983813,0.1338262089329372,1.57161,1.336462,1.6977330000000002,149.72868200000002,1.136219,0.0,76.6821887134826,0.0107694451356857,0.6511575070247255,17.471891099274515,0.0107694451356857,0.6511575070247255,2.9119818498790857,0.0107694451356857,0.6511575070247255,1.0453476256128462,63.20529472895047,0.6737859800126497,0,0,0,0,0,1,0,0,0,0,0,0,1,0,0,0,0,0,0,1,0,0,0,0,0
75.67197564481482,4.055430655820029,0.6108074720671994,5.601987727254414,1.3430225834857932,0.0,209078.1205035972,0.1328840356686418,2.32861,1.425908,0.435442,121.442543,5.631694,0.0,77.21630167838248,0.0432693524974645,0.651637423547077,17.593587724188414,0.0432693524974645,0.651637423547077,2.9322646206980685,0.0432693524974645,0.651637423547077,4.229239716294294,63.69244541966455,0.0964067750597572,0,0,0,0,0,0,1,0,0,1,0,0,0,0,0,1,0,0,0,0,0,0,0,0,0
1.651864,8.28782075388091,0.6244765129163683,8.557375004537386,4.850735501133853,0.0,170417.9217251199,0.1388575388230294,1.541701,0.330617,0.2472929999999999,510.673803,0.96312,0.029791,42.91046051511716,0.0382906396024975,0.6208125960866482,9.777066952811504,0.0382906396024975,0.6208125960866482,1.629511158801917,0.0382906396024975,0.6208125960866482,2.0798341503310795,33.72070176159936,0.7456802393671144,0,1,0,0,0,0,0,0,0,0,1,0,0,1,0,0,0,0,0,0,0,0,0,0,0
29.82345792879629,34.17189368066334,5.997415905804943,6.4412627791901,1.1183635798289622,0.0,93341.84809183904,0.1090134936396023,1.137957,1.392887,1.847301,142.245665,0.0,0.0,30.432099927343163,0.0068859179044999,0.6096004147477156,6.933896185976924,0.0068859179044999,0.6096004147477156,1.155649364329487,0.0068859179044999,0.6096004147477156,0.2652568883053471,23.48281105993965,0.0750033037077263,0,0,0,1,0,0,0,0,0,1,0,0,0,0,0,0,0,0,0,1,0,0,0,0,0
64.70393720601852,4.646039824258714,0.3210705744562675,7.373771501673783,1.5625558288263188,0.0,115460.64183340828,0.1266054613359397,2.19968,1.543465,0.923567,89.05099799999999,1.24674,0.0,66.02442572042706,0.0175435427414224,0.6415811872425753,15.04354003756566,0.0175435427414224,0.6415811872425753,2.5072566729276096,0.0175435427414224,0.6415811872425753,1.4662054868407408,53.620290431292176,0.4540605360065818,0,0,0,0,0,0,1,0,0,0,0,1,0,0,0,0,0,0,1,0,0,0,0,0,0
1.07722,6.047494848001571,1.963207493583076,12.284887675187,2.4932115097983565,0.0,169321.40313998802,0.138788806913282,0.938477,0.3442429999999999,0.553724,521.944116,5.422175,0.0,27.982937019085416,0.0329975654749599,0.6073997683997587,6.375859067639714,0.0329975654749599,0.6073997683997587,1.0626431779399523,0.0329975654749599,0.6073997683997587,1.168821261353104,21.51497400574369,0.5698975210633174,1,0,0,0,0,0,0,0,0,0,0,1,0,1,0,0,0,0,0,0,0,0,0,0,0
2.143049,8.510071320760817,1.0586120604897002,10.819441201875536,5.825305676002868,0.0,176031.96316696642,0.1386039917774909,1.900538,0.337696,0.8023939999999999,570.377035,0.976156,0.0,55.66997010435563,0.0428149687790565,0.6322773982378667,12.684296985802549,0.0428149687790565,0.6322773982378667,2.114049497633758,0.0428149687790565,0.6322773982378667,3.017098774618983,44.555523870331385,0.0832398783407194,0,0,1,0,0,0,0,0,0,1,0,0,0,1,0,0,0,0,0,0,0,0,0,0,0
31.824235587731483,10.728441656203495,4.250861440631126,10.781445973211056,2.1361347283962533,0.0,257692.16632943644,0.1392129631958705,1.061224,1.221851,0.872215,169.963476,1.135092,0.0,32.47370978339947,0.0634171568637365,0.6114348624516779,7.399073115204943,0.0634171568637365,0.6114348624516779,1.233178852534157,0.0634171568637365,0.6114348624516779,2.606823224406708,25.133618069251344,0.7911344175645697,0,0,1,0,0,0,0,0,0,0,1,0,0,0,0,0,0,0,0,0,0,0,0,0,1
54.70091446476852,25.921175260770887,3.774516815190121,7.308524668073768,1.0892314963775287,0.0,161526.68247901677,0.1342704363292355,1.490719,1.297099,1.749841,154.760949,1.136149,0.0,55.81725965792706,0.0089529240940817,0.6324097423204371,12.717856630920087,0.0089529240940817,0.6324097423204371,2.119642771820015,0.0089529240940817,0.6324097423204371,0.6325666947557853,44.68275797126909,0.5739180295144491,0,0,1,0,0,0,0,0,0,0,0,1,0,0,0,0,0,0,0,1,0,0,0,0,0
2.715571,19.07869945707776,2.806804087808092,7.989006805191223,1.755798860133695,0.0,178596.19932179258,0.1383876033323846,1.919272,0.4185899999999999,0.4476479999999999,642.004812,0.0,0.0,70.54237042002077,0.0480884970602986,0.6456406960935013,16.072945158992074,0.0480884970602986,0.6456406960935013,2.6788241931653456,0.0480884970602986,0.6456406960935013,4.294020977936285,57.651930559579526,0.2322082964231373,0,0,1,0,0,0,0,0,0,0,0,1,0,1,0,0,0,0,0,0,0,0,0,0,0
115.84536503648148,11.482797118595668,4.352177886940021,6.326961810640294,1.0251011401057528,0.0,175378.8339141187,0.1382165348394025,1.7962360000000002,1.396447,2.0975650000000003,144.425989,0.37064,0.0,118.209556159675,0.0735027466135444,0.6884710924961528,26.93382292245759,0.0735027466135444,0.6884710924961528,4.488970487076265,0.0735027466135444,0.6884710924961528,10.99838867557486,103.01754718067944,0.7822162834105417,0,0,0,0,0,1,0,0,0,0,1,0,0,0,0,0,0,0,1,0,0,0,0,0,0
39.64517268476852,6.1309451199713205,1.3723076449023734,8.272530409929564,1.3387166804832806,0.0,192526.8186076139,0.1335088092145874,1.348125,1.44739,0.4442779999999999,128.989041,1.136539,0.0,40.45425784160053,0.0230496593078548,0.6186056242984133,9.217425837326704,0.0230496593078548,0.6186056242984133,1.5362376395544504,0.0230496593078548,0.6186056242984133,1.180325140254439,31.677508136243382,0.9956436943036988,0,0,0,0,1,0,0,0,0,0,0,0,1,0,0,0,1,0,0,0,0,0,0,0,0
192.3729147853704,21.763333947317943,0.8433613885077927,5.176848301212851,1.1498775996035524,0.0,178515.95270346224,0.1248828117831719,2.076808,1.449682,0.610899,130.062387,1.136133,0.0,196.29889263813303,0.0788105525222969,0.7586367040021417,44.72632996818221,0.0788105525222969,0.7586367040021417,7.454388328030368,0.0788105525222969,0.7586367040021417,19.582815428261164,188.5057530509665,0.4343975881760344,0,0,0,0,0,0,0,0,1,1,0,0,0,0,0,0,0,0,0,0,1,0,0,0,0
17.474352626574078,54.47846692176092,1.4344058917294875,4.587228357648963,1.6226777580144591,0.0,295273.1762215228,0.1342990950143023,0.8540139999999999,1.249266,1.326565,138.151613,1.136743,0.0,17.830972067932734,0.0579981980847064,0.5982779233321995,4.062753129402395,0.0579981980847064,0.5982779233321995,0.6771255215670657,0.0579981980847064,0.5982779233321995,1.3090686709352275,13.50364169594589,0.0109592439887168,0,0,1,0,0,0,0,0,0,1,0,0,0,0,0,0,0,0,0,0,0,0,0,0,1
39.41496093092592,8.013424038887024,2.650309902586811,9.33729445162437,1.8618469345483848,0.0,223977.45196342925,0.1286281952880126,1.377094,1.453078,0.794311,112.53542,1.135373,0.0,40.21934788869992,0.0383212581701979,0.6183945506584335,9.163902050589856,0.0383212581701979,0.6183945506584335,1.5273170084316423,0.0383212581701979,0.6183945506584335,1.9509569795947808,31.482817171402285,0.4371212409340738,0,0,1,0,0,0,0,0,0,0,0,1,0,1,0,0,0,0,0,0,0,0,0,0,0
50.776749806157405,14.44410816147214,1.6123959021888477,5.113344255682947,0.8997256150491518,0.0,168845.8473283873,0.1350688346855932,1.643795,1.45275,0.724893,126.470155,1.088285,0.050042,51.813010006283065,0.0430822176945978,0.6288118038809455,11.805495950798672,0.0430822176945978,0.6288118038809455,1.967582658466445,0.0430822176945978,0.6288118038809455,2.825594147472232,41.24130669183839,0.9705862158023492,0,0,0,1,0,0,0,0,0,0,1,0,0,1,0,0,0,0,0,0,0,0,0,0,0
16.911997474259262,9.953659206344968,0.8235363319909258,4.166549977638739,0.6438432307980901,0.0,138610.27600419664,0.1283391972454332,0.779204,1.2504110000000002,1.003999,166.375055,1.465295,0.0,17.25714027985639,0.029375179069542,0.5977623182556593,3.932006646043228,0.029375179069542,0.5977623182556593,0.6553344410072046,0.029375179069542,0.5977623182556593,0.6416855518341618,13.057807822974777,0.7616779456410215,0,0,0,0,0,1,0,0,0,1,0,0,0,1,0,0,0,0,0,0,0,0,0,0,0
22.735593668611106,17.69039059934162,13.412608963694218,4.623026126008526,0.7520974206266929,0.0,173136.80487485012,0.1357910451914766,1.015289,1.1906709999999998,1.680007,166.203912,0.0,0.226246,23.199585376133783,0.0316287415668354,0.6031017834480175,5.285981478106431,0.0316287415668354,0.6031017834480175,0.8809969130177384,0.0316287415668354,0.6031017834480175,0.9288274561005948,17.711026981773202,0.5305272400979069,0,0,1,0,0,0,0,0,0,0,1,0,0,0,1,0,0,0,0,0,0,0,0,0,0
29.28421814444445,5.189766391118368,0.6429487350318643,4.5632988720489065,0.4203870663825842,0.0,115595.23020645983,0.127171444137105,0.9858,1.391292,0.366789,153.898106,1.134336,0.0,29.881855249433112,0.0068428525926904,0.609106003397273,6.808523980883494,0.0068428525926904,0.609106003397273,1.1347539968139155,0.0068428525926904,0.609106003397273,0.258831810972131,23.03951572794687,0.5902993308563763,0,0,0,0,0,1,0,0,0,0,0,0,1,0,0,0,0,0,0,1,0,0,0,0,0
28.818041252222216,7.878739058403742,1.1248103849035944,6.0214775403340655,0.7897933293446648,0.0,135890.46112485012,0.1315061083461026,0.8477610000000001,1.2985719999999998,0.3850719999999999,174.984003,1.44494,0.0,29.406164543083893,0.0068056817655993,0.6086785810268971,6.700138756652026,0.0068056817655993,0.6086785810268971,1.1166897927753376,0.0068056817655993,0.6086785810268971,0.2533278453507332,22.656838617123743,0.9041066185062462,0,0,0,0,0,1,0,0,0,1,0,0,0,0,0,0,0,0,0,1,0,0,0,0,0
5.154934,26.96194852420262,7.731642021549692,8.263091444111556,1.493286679116942,0.0,172525.9164043765,0.1382783252379591,1.556462,0.3890889999999999,1.199968,615.461586,0.33326,0.0,133.90968739862058,0.0705575895470774,0.7025781314182825,30.511068014875573,0.0705575895470774,0.7025781314182825,5.085178002479261,0.0705575895470774,0.7025781314182825,11.959930075758624,119.09116196370782,0.0080127631230055,0,0,0,1,0,0,0,0,0,0,1,0,0,1,0,0,0,0,0,0,0,0,0,0,0
34.70314265472222,6.346976961408343,1.350602468426565,7.777686677676597,1.7436702491568148,0.0,183796.5575164868,0.1372171906258562,1.173955,1.346732,0.838643,117.925932,0.3709739999999999,0.0,35.411370055839,0.0363948943982644,0.614074438336273,8.068413430444329,0.0363948943982644,0.614074438336273,1.3447355717407214,0.0363948943982644,0.614074438336273,1.6313836375697768,27.52559136424968,0.6173305545892322,0,0,0,0,0,1,0,0,0,1,0,0,0,0,0,0,0,0,0,1,0,0,0,0,0
1.024941,5.163611195200965,1.4415011038597254,3.1504866773847766,0.4330211614104484,0.0,164572.3879646283,0.1387500720773097,0.920089,0.309544,0.170448,566.577724,2.595321,0.0,26.62488577196712,0.0325160210364666,0.6061795186126856,6.066429669562129,0.0325160210364666,0.6061795186126856,1.011071611593688,0.0325160210364666,0.6061795186126856,1.0958675263984874,20.42969675996047,0.7114055353274282,0,0,1,0,0,0,0,0,0,0,1,0,0,1,0,0,0,0,0,0,0,0,0,0,0
31.54601107620371,3.868407512278784,1.5823814314332223,7.365698548529646,0.9991905769998792,0.0,120953.02635079436,0.1290789976698174,1.06855,1.31187,2.297346,146.332077,1.135043,0.0,32.18980722061603,0.0,0.6111797674819401,7.334386455330235,0.0,0.6111797674819401,1.222397742555039,0.0,0.6111797674819401,0.0,24.903492268841244,0.0526488596932165,0,0,0,0,0,1,0,0,0,0,0,1,0,0,1,0,0,0,0,0,0,0,0,0,0
103.77924478962964,5.47090295496441,2.148847782068687,9.644880038657062,1.359760537993708,0.0,143977.21221148083,0.1302024266934938,1.452993,1.383845,2.287603,135.032198,1.135042,0.0,105.89718856084656,0.01349119668824,0.6774080608375774,24.128473342977696,0.01349119668824,0.6774080608375774,4.021412223829616,0.01349119668824,0.6774080608375774,1.8084554425392745,90.804568545765,0.1860767059402899,0,0,0,0,0,0,0,1,0,0,0,1,0,0,0,0,0,0,0,1,0,0,0,0,0
60.57389811930555,2.2968583949974604,0.4487796127796173,2.130089853307326,0.2337588367791627,0.0,194883.4914193645,0.1386512699816152,2.0083330000000004,1.293498,0.504492,155.101995,98.559129,0.024492,61.81010012174036,0.0473190366195647,0.6377944892623874,14.08331395178894,0.0473190366195647,0.6377944892623874,2.3472189919648234,0.0473190366195647,0.6377944892623874,3.702271381164045,49.901444605572685,0.3137673663503363,0,0,1,0,0,0,0,0,0,0,1,0,0,0,0,1,0,0,0,0,0,0,0,0,0
51.63690625189815,9.94254754100527,27.65680484591628,7.002056205301262,1.8693274654072825,0.0,201514.6991344425,0.1273768035520752,1.6596689999999998,1.394074,1.682777,142.841273,1.1356190000000002,0.0,52.69072066520219,0.0434493198246425,0.6296004532393041,12.00548065789417,0.0434493198246425,0.6296004532393041,2.0009134429823616,0.0434493198246425,0.6296004532393041,2.8979442708522405,41.992533686477046,0.4372615379146722,0,0,0,1,0,0,0,0,0,1,0,0,0,0,0,0,0,0,1,0,0,0,0,0,0
44.08961132472222,9.73609219448907,6.339659019053983,8.159339002568087,1.5510162922689954,0.0,269739.87539343524,0.130947573829612,1.413984,1.492564,2.210941,111.87416,1.135058,0.0,44.98939931094104,0.0661476067697125,0.6226805849628598,10.25074921008783,0.0661476067697125,0.6226805849628598,1.708458201681305,0.0661476067697125,0.6226805849628598,3.767014043576839,35.460791746917025,0.8860702842714244,0,0,1,0,0,0,0,0,0,1,0,0,0,0,0,0,0,0,0,0,0,0,0,0,1
37.10273678337963,9.04360901287624,1.238246936306393,10.827144125382675,2.400850296592255,0.0,213730.49870728416,0.1347741691900386,1.261597,1.382126,0.040067,107.930233,1.134781,0.097416,37.85993549324453,0.0298979334353133,0.616274547838745,8.626314416182296,0.0298979334353133,0.616274547838745,1.437719069363716,0.0298979334353133,0.616274547838745,1.432827634483901,29.534322313042185,0.5070215941612034,0,0,0,0,0,0,1,0,0,0,0,0,1,0,0,1,0,0,0,0,0,0,0,0,0
2.7909650000000004,6.545282296907335,0.5934152101441253,7.747793051264555,4.534897635880706,0.0,172467.01006070143,0.138569583155983,2.230408,0.426406,0.20648,592.36821,1.189606,0.0,72.50087987363001,0.0487829548998855,0.6474004755928527,16.519187819308105,0.0487829548998855,0.6474004755928527,2.753197969884684,0.0487829548998855,0.6474004755928527,4.476971079844697,59.4140558368207,0.7072654563625957,0,1,0,0,0,0,0,0,0,0,1,0,0,1,0,0,0,0,0,0,0,0,0,0,0
220.6490432206018,4.596770826407841,3.128703095072465,14.17697426683897,3.1901110116240505,0.0,209776.80007868705,0.1303904787670794,2.956085,1.51736,0.430518,112.876531,1.019188,0.0,225.15208491898144,0.1337931184977377,0.7845621628622523,51.30047504483122,0.1337931184977377,0.7845621628622523,8.550079174138535,0.1337931184977377,0.7845621628622523,38.13139187035191,223.602286983521,0.0279150889131608,0,0,1,0,0,0,0,0,0,0,1,0,0,1,0,0,0,0,0,0,0,0,0,0,0
93.6421376397222,30.66639669963292,5.020976344744365,8.339554294979544,1.066162743442636,0.0,147124.7126798561,0.1371998863218785,2.250887,1.5532860000000002,1.290649,102.369063,1.136178,0.0,95.55320167318592,0.0223191723924977,0.6681136782994077,21.77161557110565,0.0223191723924977,0.6681136782994077,3.628602595184275,0.0223191723924977,0.6681136782994077,2.6995802288594235,80.81063423184477,0.3979453134564743,0,0,0,0,1,0,0,0,0,0,0,1,0,0,0,0,0,0,1,0,0,0,0,0,0
1.238046,7.965721361977714,1.433257056654786,7.034493177628917,1.3940350052407031,0.0,163648.65756145085,0.1383236380075093,1.128178,0.25897,0.273678,544.91584,6.830828,0.088514,32.16071298781179,0.0344789416654976,0.6111536254409385,7.327757389628003,0.0344789416654976,0.6111536254409385,1.2212928982713336,0.0344789416654976,0.6111536254409385,1.4036295531994645,24.879919416793232,0.3204062288012519,0,1,0,0,0,0,0,0,0,0,1,0,0,1,0,0,0,0,0,0,0,0,0,0,0
117.02689637777776,5.543236297652835,0.7547793925094376,5.621039547222695,0.4722315607954272,0.0,85437.8787470024,0.1165547567895419,2.433284,1.550544,0.293329,101.197379,1.136576,0.0,119.41520038548752,0.0,0.6895544000023721,27.20852667011108,0.0,0.6895544000023721,4.534754445018512,0.0,0.6895544000023721,0.0,104.2319960164277,0.0614990332085378,0,0,1,0,0,0,0,0,0,1,0,0,0,0,1,0,0,0,0,0,0,0,0,0,0
1.079464,11.028222925322396,0.7582041778438668,9.69700364128863,5.005465598129254,0.0,177281.99660896283,0.1384886228959623,0.976198,0.250009,0.192492,569.705426,0.0,0.2062909999999999,28.04122939266818,0.0330182350692517,0.6074521458461941,6.389140874278826,0.0330182350692517,0.6074521458461941,1.064856812379804,0.0330182350692517,0.6074521458461941,1.171989751541682,21.56165185663501,0.6103757431755673,0,1,0,0,0,0,0,0,0,0,1,0,0,1,0,0,0,0,0,0,0,0,0,0,0
12.437417209120367,50.71608791124253,1.8103072092258672,6.783147313326097,0.5811926427362062,0.0,115622.34800284772,0.1117030096282776,0.754502,1.115832,0.426969,159.39216499999998,1.135285,0.0,12.691242050122824,0.0,0.5936597217192968,2.8916754038254533,0.0,0.5936597217192968,0.4819459006375755,0.0,0.5936597217192968,0.0,9.537062308541966,0.5499493821077298,0,0,0,1,0,0,0,0,0,0,1,0,0,0,1,0,0,0,0,0,0,0,0,0,0
24.758595684629626,10.69611353420076,2.8631791741156176,6.992503505244815,1.204845526807314,0.0,149420.46163069544,0.1213790293899085,1.043296,1.243455,1.835223,144.881158,0.0,0.0,25.26387314758125,0.0259373229640707,0.6049566079392962,5.756325527296994,0.0259373229640707,0.6049566079392962,0.9593875878828322,0.0259373229640707,0.6049566079392962,0.8294648571545951,19.346262028822053,0.6593836798005189,0,0,1,0,0,0,0,0,0,0,0,1,0,0,0,1,0,0,0,0,0,0,0,0,0
26.19057745546296,5.909652852444422,2.196289021905949,9.333810379751007,1.4822087132101722,0.0,194280.2756669664,0.1371752390508457,0.87321,1.1060530000000002,0.923798,157.362763,1.135058,0.0,26.72507903618669,0.0263888438477158,0.6062695452663848,6.089258514574183,0.0263888438477158,0.6062695452663848,1.0148764190956971,0.0263888438477158,0.6062695452663848,0.8927138449415137,20.509622170224176,0.9743507996032278,0,0,0,0,0,1,0,0,0,1,0,0,0,0,0,1,0,0,0,0,0,0,0,0,0
22.809369369444443,9.954676398776826,3.503688916885596,9.443819996264342,1.6397507863936664,0.0,176168.06600344725,0.1383801372431451,0.75173,1.254626,0.169193,147.66172,0.371529,0.0,23.27486670351474,0.0316575666049804,0.603169425979109,5.303134185610953,0.0316575666049804,0.603169425979109,0.8838556976018254,0.0316575666049804,0.603169425979109,0.932690687200707,17.770491125695273,0.4955341775031847,0,0,0,0,1,0,0,0,0,1,0,0,0,0,0,0,0,0,0,1,0,0,0,0,0
75.48040830569445,15.422112321853636,3.227645127893352,8.117350113477638,2.4679828168962783,0.0,197876.53754496403,0.1365484827035051,2.644297,1.539824,1.787782,108.512991,1.135265,0.0,77.02082480172903,0.0431992079378789,0.6514617817090975,17.549048689001552,0.0431992079378789,0.6514617817090975,2.9248414481669247,0.0431992079378789,0.6514617817090975,4.2116944634896685,63.51408070131473,0.9961991173746828,0,0,0,0,0,0,0,1,0,0,0,1,0,0,0,1,0,0,0,0,0,0,0,0,0
92.84824694597222,59.45423620314825,44.246485489099264,6.211313092737175,1.4426262964733498,0.0,165119.09513639088,0.1357337313768961,1.393758,1.281018,1.528726,160.168212,0.0,0.0,94.74310912854308,0.062137529242036,0.6673857858452698,21.587037522959186,0.062137529242036,0.6673857858452698,3.5978395871598634,0.062137529242036,0.6673857858452698,7.452028751843359,80.03823334073023,0.1757552636390038,0,0,0,1,0,0,0,0,0,0,1,0,0,0,0,0,0,0,0,0,1,0,0,0,0
54.050527437546286,5.348665251050677,3.2882039213923813,7.813636326389633,1.201114058494568,0.0,150514.59637290167,0.1215625758097469,1.179191,1.338794,2.321317,156.22860500000002,1.134751,0.0,55.15359942606764,0.0301826858436928,0.6318134236923045,12.566642907205283,0.0301826858436928,0.6318134236923045,2.094440484534214,0.0301826858436928,0.6318134236923045,2.107194638766935,44.10985377511104,0.1773361460871482,0,0,0,0,0,1,0,0,0,0,0,0,1,0,0,0,0,0,0,0,1,0,0,0,0
83.03394030902777,6.971880643708365,1.0834242303451471,9.93557789457216,4.172023166569589,0.0,179786.84616681654,0.1339626663165698,2.474209,1.23699,0.6668350000000001,89.319784,0.370693,0.0,84.72851051941609,0.0574915487897666,0.658387368557011,19.305230244930247,0.0574915487897666,0.658387368557011,3.217538374155041,0.0574915487897666,0.658387368557011,6.166042147356034,70.61288744637137,0.0693232595629571,0,0,1,0,0,0,0,0,0,0,0,1,0,0,0,0,0,0,0,1,0,0,0,0,0
23.590964113055552,4.832890029180618,6.965484044248823,7.866831150558069,1.3606674613998375,0.0,164910.14209569845,0.1160869887031668,0.965808,1.253153,2.643798,131.846074,1.134468,0.0,24.072412360260767,0.0216871458600734,0.6038860446780651,5.484853449173339,0.0216871458600734,0.6038860446780651,0.9141422415288898,0.0216871458600734,0.6038860446780651,0.6608378709630521,18.40125808366739,0.7939090306986527,0,0,0,1,0,0,0,0,0,0,1,0,0,0,0,0,0,0,0,0,1,0,0,0,0
21.53481649231481,21.97540506862459,4.795932432730421,6.476552984983229,1.0435168665947674,0.0,201951.14787544965,0.1353673104473726,0.6453300000000001,1.119269,1.7797889999999998,184.525253,1.134959,0.0,21.974302543178386,0.0186963327276939,0.6020008300641221,5.006803111103935,0.0186963327276939,0.6020008300641221,0.8344671851839891,0.0186963327276939,0.6020008300641221,0.5200492048180689,16.744997938067765,0.5678928042231782,0,0,1,0,0,0,0,0,0,1,0,0,0,0,0,0,1,0,0,0,0,0,0,0,0
78.84646920675927,3.936223980642501,0.6385735489910455,3.521258604898156,1.4094904646170223,0.0,192353.88151978416,0.1289960047681268,2.3698240000000004,1.369605,1.354968,157.219098,2.186011,1.2e-05,80.45558082322374,0.0555464399183668,0.6545480130370912,18.33165132681048,0.0555464399183668,0.6545480130370912,3.055275221135078,0.0555464399183668,0.6545480130370912,5.65698871682849,66.66081084251417,0.816821448057276,0,0,0,1,0,0,0,0,0,0,0,1,0,0,0,0,0,0,0,1,0,0,0,0,0
63.63464777810184,34.166027979623706,3.976968554569949,8.833615098354056,1.3796487256205625,0.0,178020.4301184053,0.1296867638987174,2.218067,1.4311459999999998,2.13462,122.017506,1.1361709999999998,0.0,64.9333140592876,0.0292005809318569,0.6406007906816916,14.794932317306037,0.0292005809318569,0.6406007906816916,2.465822052884339,0.0292005809318569,0.6406007906816916,2.400114547293559,52.65358522526866,0.8785843605540556,0,0,1,0,0,0,0,0,0,0,0,0,1,0,0,0,1,0,0,0,0,0,0,0,0
1.170051,13.560387184506371,2.0611355216097205,6.8019654127619535,1.198255249779287,0.0,169615.46835656476,0.1379729116992127,1.038803,0.405865,0.3980309999999999,509.791074,6.149413,0.0,30.39440730966553,0.0338526363785688,0.6095665467999537,6.925307994607336,0.0338526363785688,0.6095665467999537,1.1542179991012225,0.0338526363785688,0.6095665467999537,1.3024440741724346,23.45242266554948,0.307149376874772,0,0,1,0,0,0,0,0,0,0,0,1,0,1,0,0,0,0,0,0,0,0,0,0,0
35.06372202898148,6.498403089954739,2.2587251791851126,10.45544947137078,1.786884334876383,0.0,177120.19990257794,0.138835154723921,1.194991,1.094718,0.031006,138.93562,0.371847,2.083683,35.77930819283824,0.0365413172023161,0.6144050417905109,8.15224743634289,0.0365413172023161,0.6144050417905109,1.3587079060571483,0.0365413172023161,0.6144050417905109,1.6549658860176344,27.826566260071328,0.7905945471109733,0,0,1,0,0,0,0,0,0,0,1,0,0,0,0,1,0,0,0,0,0,0,0,0,0
366.0163735616666,3.9613019286167055,0.2081588066095928,1.8373671048265,0.0887895790185573,0.0,100981.07631707136,0.1255848239437281,4.553076,1.557459,0.256105,91.200304,16.498331,0.0,373.4860954710884,0.0480973980826714,0.917844721363637,85.09809770227331,0.0480973980826714,0.917844721363637,14.183016283712217,0.0480973980826714,0.917844721363637,22.73887267369058,433.9268876339922,0.0213549631447577,0,0,0,0,0,1,0,0,0,0,0,1,0,0,0,0,0,0,0,1,0,0,0,0,0
20.74673009800925,27.40099898974101,9.284287335775453,8.21594806197736,2.020957635175124,0.0,249143.1193045564,0.1386601405678321,0.935887,1.216695,2.398836,139.810441,0.0,0.0,21.170132753070668,0.0555376883069477,0.6012782593826166,4.823574551332557,0.0555376883069477,0.6012782593826166,0.8039290918887594,0.0555376883069477,0.6012782593826166,1.4882787775401818,16.1128361679307,0.1075534835283272,0,0,1,0,0,0,0,0,0,0,1,0,0,0,0,0,0,0,0,0,0,0,1,0,0
104.45768593083336,1.5558753090954962,0.5561152137726617,6.027355442230078,1.563598590431739,0.0,166886.46620203837,0.1288493024788314,1.333583,1.308965,0.399539,158.515634,50.359676,0.0,106.58947543962589,0.0677910737456075,0.678030101366767,24.286209593838805,0.0677910737456075,0.678030101366767,4.047701598973134,0.0677910737456075,0.678030101366767,9.146601253206711,91.48211751513932,0.8308001623332293,0,0,1,0,0,0,0,0,0,1,0,0,0,0,0,0,0,0,0,1,0,0,0,0,0
29.73517147935185,6.207043509256272,2.516525370325688,10.385565845800532,1.6110348968768864,0.0,171697.4448815947,0.13279815443414,1.005236,1.324595,0.6814140000000001,164.49988100000002,1.137104,0.0,30.342011713624338,0.0206365860961902,0.6095194677850428,6.913369757534659,0.0206365860961902,0.6095194677850428,1.152228292922443,0.0206365860961902,0.6095194677850428,0.792601945645344,23.410185862298533,0.2810819851322472,0,0,0,0,1,0,0,0,0,0,0,0,1,0,0,0,1,0,0,0,0,0,0,0,0
26.760569843888888,6.119860694521949,1.5304989131520406,7.772031334664324,1.1433583648084735,0.0,115441.56830785373,0.1191233477021435,0.8664639999999999,1.22852,2.02522,161.93031000000002,1.135328,0.0,27.3067039223356,0.0066422870746893,0.6067921526753361,6.221780640532162,0.0066422870746893,0.6067921526753361,1.0369634400886936,0.0066422870746893,0.6067921526753361,0.229593628500884,20.97404260190135,0.7147209922327974,0,0,1,0,0,0,0,0,0,1,0,0,0,0,0,0,0,0,0,1,0,0,0,0,0
106.6644907625926,31.400776277269635,4.205491969625441,10.66785542741954,4.391451043762463,0.0,210082.950014988,0.1370014664259174,2.97554,1.57755,1.866724,105.269486,1.136467,0.0,108.84131710468634,0.1131781869191374,0.6800534486580738,24.7992874415741,0.1131781869191374,0.6800534486580738,4.133214573595684,0.1131781869191374,0.6800534486580738,15.59299105291051,93.69356082725184,0.0186011092295568,0,0,0,0,0,0,0,0,1,1,0,0,0,0,0,0,0,0,0,0,0,0,1,0,0
34.38515360050926,27.529406931286765,4.764781055976447,6.029730020381278,1.016861131865915,0.0,170233.34442446043,0.1385669425594435,0.852326,1.204092,2.599264,164.02324099999998,0.370927,0.0,35.08689142909108,0.0362659033954923,0.6137828845557812,7.994481591438475,0.0362659033954923,0.6137828845557812,1.332413598573079,0.0362659033954923,0.6137828845557812,1.6107060949563865,27.260422065117773,0.9108572475238284,0,0,0,0,0,0,1,0,0,0,0,1,0,0,0,0,0,0,1,0,0,0,0,0,0
32.390511187916665,32.88330486842564,1.7879695442797754,6.7242840811503015,0.6303210646199952,0.0,70908.15830616756,0.1045558209166967,1.216995,1.245583,0.130722,151.03395700000002,1.13589,0.486504,33.051542028486395,0.0014183884266826,0.6119540620588558,7.530731095098166,0.0014183884266826,0.6119540620588558,1.2551218491830274,0.0014183884266826,0.6119540620588558,0.0593416768319254,25.60256379954588,0.952834910266506,0,0,0,0,0,1,0,0,0,0,0,0,1,0,0,0,0,0,0,0,0,1,0,0,0
23.297490586759263,34.293548200244,0.9847113808853736,5.6427478527279495,0.8690268256538491,0.0,129720.59356264988,0.1090134545731887,0.988579,1.208757,2.083344,146.229076,0.0,0.000621,23.77294957832578,0.0113698985466736,0.603616968384613,5.416621422909671,0.0113698985466736,0.603616968384613,0.9027702371516118,0.0113698985466736,0.603616968384613,0.3421468669123451,18.16424778991047,0.8627930749339989,0,0,1,0,0,0,0,0,0,1,0,0,0,0,0,0,0,0,1,0,0,0,0,0,0
42.20458870777778,29.25875203041804,1.5539064970519616,7.8959341186413665,1.2473146633850298,0.0,86182.80511840527,0.1110274827630399,1.451399,1.344031,2.463491,129.624154,0.0,0.249183,43.0659068446712,0.0078950068484404,0.6209522692771424,9.812485103849134,0.0078950068484404,0.6209522692771424,1.6354141839748555,0.0078950068484404,0.6209522692771424,0.4303868727506043,33.850471624907094,0.7116326722486769,0,0,0,0,0,1,0,0,0,0,0,1,0,0,0,0,0,0,0,0,0,0,0,1,0
26.355414468194443,10.573346595537094,8.118502290629083,6.747276214672793,1.1215235562347394,0.0,134260.9157861211,0.1077068741712495,1.072987,1.388673,1.567698,140.133002,0.0,0.0,26.893280069586165,0.0117992750487785,0.6064206789409252,6.127582800665202,0.0117992750487785,0.6064206789409252,1.021263800110867,0.0117992750487785,0.6064206789409252,0.4016724158289648,20.64384956803404,0.2793780220485036,0,0,1,0,0,0,0,0,0,1,0,0,0,0,0,0,0,0,0,0,1,0,0,0,0
34.408752660092595,26.482956938516526,4.733894414753079,8.39938715607714,0.9242838359565186,0.0,163290.55965227817,0.1355457508878456,1.137438,1.333679,1.405239,138.045424,1.134396,0.0,35.1109721021353,0.0,0.6138045217629315,7.999968327068802,0.0,0.6138045217629315,1.333328054511467,0.0,0.6138045217629315,0.0,27.280092961750366,0.4693755604377644,0,0,0,0,1,0,0,0,0,0,0,1,0,0,1,0,0,0,0,0,0,0,0,0,0
47.449944298703706,5.982329296498071,2.646277002865176,13.174592512117016,3.017915973560416,0.0,185010.6220586032,0.1381268394972494,1.595192,1.120169,1.26201,135.618965,0.0,0.963282,48.41831050888133,0.0416712217021343,0.6257615645415451,11.032020115947644,0.0416712217021343,0.6257615645415451,1.8386700193246075,0.0416712217021343,0.6257615645415451,2.5539875337447784,38.35230093227331,0.8844791231346039,0,0,0,1,0,0,0,0,0,0,1,0,0,0,0,1,0,0,0,0,0,0,0,0,0
38.25002784944444,7.504116939930689,0.9166390324810998,3.123679327736084,0.4623227454632592,0.0,161513.55489358513,0.1381619500992395,1.172692,1.38454,0.52078,145.494351,0.372028,0.0,39.03064066269841,0.0378423699123165,0.6173264615546543,8.893057366184447,0.0378423699123165,0.6173264615546543,1.4821762276974078,0.0378423699123165,0.6173264615546543,1.8696353694589067,30.499553534828884,0.763426177057545,0,0,0,0,0,0,0,0,1,0,0,1,0,0,0,1,0,0,0,0,0,0,0,0,0
216.99745151879628,7.057254777635847,0.0836721262637731,3.2008092474880265,0.1096388284179518,0.0,65374.180701532525,0.1012425133668118,2.4438560000000003,1.55304,0.29718,108.508255,1.135821,0.0,221.4259709375472,0.0052583267571733,0.7812141376665143,50.45148704906139,0.0052583267571733,0.7812141376665143,8.408581174843563,0.0052583267571733,0.7812141376665143,1.4738355793847928,218.9634163834767,0.4034978866727275,0,0,0,0,0,0,0,0,1,0,0,1,0,0,0,0,0,0,0,0,0,0,0,1,0
51.51684890023148,4.916729191371373,2.401304914654016,7.636248758942675,1.0121570421065644,0.0,119825.43206684652,0.1133323062917025,1.493077,1.48749,1.021535,108.575457,1.134506,0.0,52.56821316350151,0.0154930948351826,0.629490376573801,11.97756755624085,0.0154930948351826,0.629490376573801,1.9962612593734748,0.0154930948351826,0.629490376573801,1.0309421669091474,41.8875750634233,0.8088856103716013,0,0,0,0,0,0,0,0,1,0,0,1,0,0,0,0,0,0,0,0,1,0,0,0,0
0.815788,31.192196791512625,3.786933463826168,10.361916768465113,1.9311084628676911,0.0,169542.8811076139,0.1387101573338039,0.725878,0.274764,0.162683,564.723438,1.331172,0.024263,21.19171963473167,0.0305895024736749,0.6012976558433955,4.828493081331266,0.0305895024736749,0.6012976558433955,0.8047488468885443,0.0305895024736749,0.6012976558433955,0.8205622280861403,16.12978650589191,0.6442365970529343,0,0,1,0,0,0,0,0,0,1,0,0,0,1,0,0,0,0,0,0,0,0,0,0,0
11.483933738101852,7.120931297824496,1.191256017136059,11.595389872717917,2.899129360699825,0.0,170162.0799985012,0.1390354580266012,0.740803,1.235108,0.4937399999999999,150.818061,0.372465,0.0,11.718299732756993,0.0273134176375525,0.5927855038588741,2.669992344172479,0.0273134176375525,0.5927855038588741,0.4449987240287465,0.0273134176375525,0.5927855038588741,0.4051478665858384,8.792959761331218,0.4271369037777776,0,0,0,1,0,0,0,0,0,0,0,1,0,0,1,0,0,0,0,0,0,0,0,0,0
28.151335997175924,78.34071576254708,2.443034019008529,6.322875375084454,1.70583167193319,0.0,254883.82027503,0.1355961433274568,0.978596,1.320626,3.35218,155.693241,0.0,0.0,28.72585305834278,0.0607735578569873,0.6080673007485127,6.54513107658443,0.0607735578569873,0.6080673007485127,1.0908551794307382,0.0607735578569873,0.6080673007485127,2.209838345357609,22.11044548213279,0.939266751036366,0,0,0,1,0,0,0,0,0,0,0,1,0,0,0,0,0,0,0,0,0,0,0,0,1
24.83015658699074,10.835430708953313,5.772209189068392,7.0531370142380965,3.1200292776528595,0.0,259629.7348527428,0.1394585443289874,1.033862,1.338589,0.690135,141.764343,1.135332,0.0,25.336894476521163,0.0636016020333298,0.6050222197939885,5.77296329844786,0.0636016020333298,0.6050222197939885,0.9621605497413098,0.0636016020333298,0.6050222197939885,2.0398317458938884,19.40428372008972,0.7368700134724496,0,0,0,1,0,0,0,0,0,0,1,0,0,0,0,0,0,0,0,0,0,0,1,0,0
30.239050860509263,13.512275642440432,4.62477299806883,7.109847686273588,1.23200012768487,0.0,162941.38910746403,0.1307648451422615,1.159154,1.328442,0.863498,149.320975,0.370033,0.065617,30.85617434745843,0.0345957937486613,0.6099814583364218,7.030520737395592,0.0345957937486613,0.6099814583364218,1.1717534562325984,0.0345957937486613,0.6099814583364218,1.3512580298701355,23.824929401450103,0.6064215729782676,0,0,0,0,0,1,0,0,0,0,0,1,0,0,0,0,0,0,0,0,1,0,0,0,0
146.31987188629628,6.165831004437946,2.402300958296092,7.989887779565167,1.214664415918666,0.0,125107.72474052008,0.1196959128500603,2.7268950000000003,1.521165,0.501428,102.905885,1.453729,0.0,149.3059917207105,0.0319861134515396,0.7164121727408099,34.01908672117454,0.0319861134515396,0.7164121727408099,5.669847786862423,0.0319861134515396,0.7164121727408099,6.045213152118082,135.39826573652607,0.7182313374772699,0,0,0,0,0,1,0,0,0,1,0,0,0,0,0,0,0,0,0,0,1,0,0,0,0
27.98494607976852,5.267493175892603,0.870969872251689,5.69903956214301,1.156688260517532,0.0,172567.72472646882,0.1390779591221317,1.109767,1.378116,0.643062,144.306427,0.372179,0.0,28.556067428335226,0.0336969593197011,0.6079147432663821,6.506445743164988,0.0336969593197011,0.6079147432663821,1.0844076238608311,0.0336969593197011,0.6079147432663821,1.2180413195737405,21.97424607518216,0.2628348312832103,0,0,0,1,0,0,0,0,0,1,0,0,0,0,0,0,0,0,0,0,0,0,0,0,1
64.69966035379629,29.08573180607387,11.439514013503096,7.351682550901417,1.2735345899629935,0.0,163143.52606976917,0.1267035443880718,1.413458,1.434747,2.612111,137.196406,6.227253,0.0,66.02006158550643,0.0491396777869193,0.6415772659364251,15.042545677710324,0.0491396777869193,0.6415772659364251,2.5070909462850537,0.0491396777869193,0.6415772659364251,4.106588042765005,53.61641849238433,0.8831599663693294,0,0,0,0,0,1,0,0,0,0,1,0,0,1,0,0,0,0,0,0,0,0,0,0,0
427.0383737810648,2.067582845829782,0.6341471823571111,2.848685224565099,0.3562213268568762,0.0,177531.94932179258,0.1405010650412356,3.570068,1.478488,0.100588,132.414315,1.6472,0.0,435.7534426337396,0.2932636543142504,0.973793800809694,99.2855945241432,0.2932636543142504,0.973793800809694,16.5475990873572,0.2932636543142504,0.973793800809694,161.76031261618425,537.1316469850864,0.0645534014084122,0,0,1,0,0,0,0,0,0,0,0,1,0,0,0,0,0,0,1,0,0,0,0,0,0
32.77188930185185,24.476601384934924,3.3708477689207887,6.462170227540197,0.8523355084214564,0.0,165228.32274805155,0.138888261068782,1.098571,1.318049,0.908589,144.079112,1.135025,0.0,33.44070336923658,0.0127140071624745,0.6123037351983601,7.619400767674157,0.0127140071624745,0.6123037351983601,1.2699001279456927,0.0127140071624745,0.6123037351983601,0.5381839774109626,25.918819722334103,0.3825027110786113,0,0,0,0,1,0,0,0,0,0,0,1,0,0,0,0,0,0,1,0,0,0,0,0,0
5.12259,4.915512919993628,0.5543041440794508,7.783482836304809,3.9641405295410888,0.0,172349.26689898083,0.1384580061733008,2.682744,0.380619,0.214176,653.577894,3.563304,0.0,133.069487518424,0.0702596673733818,0.7018231866199295,30.31963006748901,0.0702596673733818,0.7018231866199295,5.053271677914835,0.0702596673733818,0.7018231866199295,11.834706241254256,118.21677439501426,0.0849575338405805,0,0,0,1,0,0,0,0,0,1,0,0,0,1,0,0,0,0,0,0,0,0,0,0,0
311.96482782597224,5.408447284357888,0.429136366491838,2.815852246696142,1.1261432062950638,0.0,261140.29209757195,0.1371182320411685,3.4977730000000005,1.58778,0.369252,105.52102,1.136403,0.0,318.3314569652778,0.3558319125216237,0.8682866240270111,72.53121804272153,0.3558319125216237,0.8682866240270111,12.088536340453588,0.3558319125216237,0.8682866240270111,143.38290018702506,349.87714694934283,0.7064229014020161,0,0,1,0,0,0,0,0,0,0,1,0,0,0,0,0,0,0,0,0,0,0,0,0,1
4.737778,22.656950807571413,3.921800600824882,11.640424431085014,3.488499005063832,0.0,174932.64367880695,0.1382216019488924,2.7611060000000003,0.381969,1.32836,673.9114059999999,0.289786,0.0,123.07322866676114,0.066715145128016,0.6928412481539449,28.04200146837596,0.066715145128016,0.6928412481539449,4.673666911395992,0.066715145128016,0.6928412481539449,10.393478875793006,107.9369738782464,0.8807635076722768,0,1,0,0,0,0,0,0,0,0,0,1,0,1,0,0,0,0,0,0,0,0,0,0,0
76.96793824050927,45.77690513701666,7.502992676316405,7.283511126355873,4.8113759395887525,0.0,194820.24722721823,0.128094573708461,2.289434,1.383313,0.590966,121.282649,0.921409,0.413166,78.53871249031559,0.0546810777729171,0.6528256493339233,17.894896516780765,0.0546810777729171,0.6528256493339233,2.982482752796794,0.0546810777729171,0.6528256493339233,5.436179045402188,64.90137465739315,0.0500255701677128,0,0,0,0,0,0,0,0,1,0,0,1,0,1,0,0,0,0,0,0,0,0,0,0,0
55.06437053129629,6.2930723286810375,1.7602451922510454,11.423942794616844,2.063707984608712,0.0,167012.09712230216,0.1384523508431528,1.388955,1.452914,2.276423,120.558141,0.371857,0.0,56.18813319520029,0.0449214331027542,0.6327429833198833,12.802359462197536,0.0449214331027542,0.6327429833198833,2.133726577032922,0.0449214331027542,0.6327429833198833,3.195001856325106,45.00335066469114,0.2662884690236481,0,0,0,0,0,0,0,0,1,0,0,1,0,0,0,1,0,0,0,0,0,0,0,0,0
45.03810513481482,22.722402350107828,7.803858765023504,8.32730676458894,1.7956649408066014,0.0,230106.86076139088,0.1268258237813731,1.3094629999999998,1.389819,2.772932,134.124832,0.013478,0.0,45.95725013756614,0.0406570693833012,0.6235502279661073,10.47127218324292,0.0406570693833012,0.6235502279661073,1.745212030540486,0.0406570693833012,0.6235502279661073,2.3651735538085554,36.27424531642377,0.28346845715435,0,0,0,1,0,0,0,0,0,0,0,1,0,1,0,0,0,0,0,0,0,0,0,0,0
30.58629052902778,9.07901684102558,0.1549409547780486,3.039253717417912,0.302550748669558,0.0,106773.92666179556,0.108281584912174,1.149054,1.385809,0.456819,117.296333,1.136116,0.0,31.210500539824267,0.0069469660226278,0.6102998310500483,7.111253287554896,0.0069469660226278,0.6102998310500483,1.1852088812591492,0.0069469660226278,0.6102998310500483,0.2744535275941345,24.11109266638252,0.4087874996908792,0,0,0,1,0,0,0,0,0,1,0,0,0,0,0,0,0,0,0,0,1,0,0,0,0
52.92492612203705,6.461768053826832,0.282021458687292,2.3496145621764004,0.2917950881256474,0.0,144543.2220473621,0.1077426004198958,1.7096810000000002,1.416947,0.5275890000000001,148.281993,1.135777,3.2e-05,54.00502665513985,0.0264004697390814,0.6307813966004427,12.304942782183764,0.0264004697390814,0.6307813966004427,2.050823797030627,0.0264004697390814,0.6307813966004427,1.804757053123171,43.12071662908007,0.6138401648635043,0,0,1,0,0,0,0,0,0,1,0,0,0,0,0,0,1,0,0,0,0,0,0,0,0
28.398909734444445,6.803239686148507,0.8059670853671982,8.387458594297048,1.4619197240836328,0.0,182264.43246028177,0.1380352214854255,0.954025,1.265837,0.43304,137.73818300000002,1.136256,0.0,28.97847932086168,0.0270892367913353,0.6082942930241738,6.602691490829242,0.0270892367913353,0.6082942930241738,1.1004485818048737,0.0270892367913353,0.6082942930241738,0.9936770736400448,22.313219735948348,0.3993032427610298,0,0,0,0,0,1,0,0,0,1,0,0,0,0,0,1,0,0,0,0,0,0,0,0,0
30.72271702342593,6.284481221721286,4.62907087488426,9.54020282004377,1.918751987336065,0.0,198561.5275217326,0.1329268468119543,1.15524,1.371897,1.175508,125.823347,0.370053,0.0,31.34971124839381,0.0347894977667422,0.6104249160480193,7.142972183178335,0.0347894977667422,0.6104249160480193,1.1904953638630558,0.0347894977667422,0.6104249160480193,1.3805578600810249,24.22360108472207,0.0486401247455873,0,0,0,1,0,0,0,0,0,1,0,0,0,0,0,0,0,0,1,0,0,0,0,0,0
37.34534631717592,30.37522446541559,0.9571906266381128,4.21344720259559,0.7273387809594473,0.0,167516.04185401677,0.1238232799571195,1.252873,1.292843,1.740345,152.83066100000002,7.1218,0.0,38.107496242016246,0.0374716552334721,0.6164969885983388,8.682720662737879,0.0374716552334721,0.6164969885983388,1.447120110456313,0.0374716552334721,0.6164969885983388,1.8075328620147693,29.738173007880416,0.6441861068847358,0,0,0,1,0,0,0,0,0,1,0,0,0,1,0,0,0,0,0,0,0,0,0,0,0
4.48261,3.108844276553109,0.6627542154251529,3.8781098621926433,1.750360788987409,0.0,173034.48617356116,0.139009895763523,2.2525630000000003,0.426774,0.093376,667.878861,2.688388,0.0,116.44473117016254,0.0643647801386043,0.6868853442983262,26.531710899530704,0.0643647801386043,0.6868853442983262,4.42195181658845,0.0643647801386043,0.6868853442983262,9.487265215273924,101.24579653359888,0.2511468534754376,1,0,0,0,0,0,0,0,0,0,1,0,0,1,0,0,0,0,0,0,0,0,0,0,0
42.31899450472222,4.493504927271888,2.9531491291608742,8.365434858152906,1.0170341341329707,0.0,86070.82420469874,0.1036518312302782,1.45974,1.412896,1.6783150000000002,113.105001,0.0,0.0,43.18264745379818,0.0079045125310294,0.6210571642166612,9.839084229979331,0.0079045125310294,0.6210571642166612,1.6398473716632218,0.0079045125310294,0.6210571642166612,0.4320731366095903,33.94796527977687,0.6595159101945262,0,0,0,1,0,0,0,0,0,0,0,1,0,0,0,0,0,0,0,1,0,0,0,0,0
90.95309226245372,25.957137765203203,1.1139804379974338,5.687932476437063,0.7401488288272199,0.0,85624.14062968375,0.1119828385164697,1.747307,1.494037,1.480521,114.306752,1.136175,0.0,92.80927781883032,0.0,0.6656481803985536,21.146417730872727,0.0,0.6656481803985536,3.524402955145454,0.0,0.6656481803985536,0.0,78.20041380279524,0.7827631039542525,0,0,0,1,0,0,0,0,0,1,0,0,0,0,1,0,0,0,0,0,0,0,0,0,0
254.0865685644445,4.437591553302038,1.0407264279089958,8.90850545004975,1.329578266584044,0.0,141932.00673523682,0.1257144525218353,2.703424,1.529431,0.411696,108.640661,1.16392,0.0,259.2720087392291,0.0556780281270044,0.8152199380124595,59.07463490260916,0.0556780281270044,0.8152199380124595,9.845772483768192,0.0556780281270044,0.8152199380124595,18.273106576111065,267.5490011300762,0.030872309718287,0,0,1,0,0,0,0,0,0,0,0,1,0,0,0,0,0,0,0,0,0,1,0,0,0
20.63532828060185,45.567573744910106,11.688700541032018,7.491844895360567,1.395016597186347,0.0,172848.0659659772,0.1356193045382019,0.938518,1.267801,0.97659,138.66894399999998,0.0,0.0,21.056457429185564,0.0308110394486522,0.6011761186938461,4.797673844624558,0.0308110394486522,0.6011761186938461,0.7996123074374264,0.0308110394486522,0.6011761186938461,0.8212295449360794,16.023594114835415,0.0767645793646765,0,0,1,0,0,0,0,0,0,1,0,0,0,0,1,0,0,0,0,0,0,0,0,0,0
119.20419602069444,34.56958541075389,4.54524131287202,7.14656202970363,1.5655813019910303,0.0,178901.2195368705,0.1318756499879366,1.823619,1.33548,2.020535,153.469658,1.136183,0.0,121.63693471499433,0.0752188410907979,0.6915506949494639,27.7147446186063,0.0752188410907979,0.6915506949494639,4.61912410310105,0.0752188410907979,0.6915506949494639,11.581505396327753,106.47861611857834,0.9807591497431876,0,0,0,0,0,0,0,0,1,0,0,1,0,1,0,0,0,0,0,0,0,0,0,0,0
37.75635690722222,6.4796531938371205,1.7918908125776754,9.351451140799396,1.6149504877966372,0.0,164261.77254758694,0.1271400850364487,1.325556,1.479306,0.711625,118.923416,7.121011,0.0,38.52689480328798,0.0376399478466561,0.6168738307875983,8.778279828597261,0.0376399478466561,0.6168738307875983,1.4630466380995433,0.0376399478466561,0.6168738307875983,1.8356333051764164,30.083839475512747,0.3854504111893801,0,0,0,0,0,1,0,0,0,0,1,0,0,1,0,0,0,0,0,0,0,0,0,0,0
39.75293408629629,6.547842634859539,2.851297763611773,10.77726958752822,3.769736526395491,0.0,182957.78370428656,0.1376573388560784,1.372668,1.361913,0.502383,129.413557,0.370957,0.234264,40.56421845540438,0.050825572650868,0.6187044272087344,9.242480154395937,0.050825572650868,0.6187044272087344,1.5404133590659888,0.050825572650868,0.6187044272087344,2.609746369785871,31.76868549952018,0.7001710714812149,0,0,0,1,0,0,0,0,0,0,0,1,0,0,0,0,0,0,0,0,0,0,1,0,0
72.95304321689817,12.51174689133962,3.09289720436509,7.729587883114529,1.6110345218107285,0.0,100192.73342419814,0.1162048506079246,1.436579,1.461711,3.751685,119.335526,0.0,0.0,74.44188083356956,0.0188662324632196,0.6491445231853872,16.96144120258547,0.0188662324632196,0.6491445231853872,2.826906867097577,0.0188662324632196,0.6491445231853872,1.7777694035511635,61.1690370110518,0.2603296476454025,0,0,0,0,0,1,0,0,0,0,0,1,0,0,0,0,0,0,1,0,0,0,0,0,0
38.21777325560185,15.600572519075303,8.26356001609235,7.180970377201657,1.96802634501057,0.0,269945.68448366306,0.1372228478409832,1.353958,1.110063,0.019466,123.904871,1.136213,1.119746,38.99772781183862,0.0680924429619808,0.6172968883707713,8.8855582356088,0.0680924429619808,0.6172968883707713,1.4809263726014663,0.0680924429619808,0.6172968883707713,3.361329818575285,30.472374723769963,0.3015915401046157,0,0,1,0,0,0,0,0,0,0,1,0,0,0,0,0,0,0,0,0,0,0,0,0,1
46.87391849375,6.675228015014104,0.5417885283629099,6.7548495368134205,1.115944214576154,0.0,165769.38991306955,0.1299439764869727,1.6207120000000002,1.428895,0.440359,119.575213,1.135376,0.0,47.83052907525511,0.0248570029707354,0.6252334252899889,10.898095232336606,0.0248570029707354,0.6252334252899889,1.816349205389434,0.0248570029707354,0.6252334252899889,1.504966586475274,37.85474117361286,0.0996359125928052,0,0,0,0,0,0,0,1,0,0,0,1,0,0,0,0,1,0,0,0,0,0,0,0,0
20.17622856050926,61.33758705229986,0.2354618047879968,4.830617549608079,0.184729086445104,0.0,58753.1962586181,0.0985500080470773,0.942058,1.2335120000000002,0.36241,153.40702,1.135867,0.0,20.587988327050265,0.001225321689099,0.6007551851515045,4.690934049201326,0.001225321689099,0.6007551851515045,0.7818223415335542,0.001225321689099,0.6007551851515045,0.0319327957367763,15.656127518119108,0.8534307417079532,0,0,0,0,0,0,0,0,1,1,0,0,0,0,0,0,0,0,0,0,0,0,0,1,0
1.080822,4.760781804152898,1.2192395936956797,9.078519900068104,1.539367003406552,0.0,166853.7056354916,0.1390762890307165,0.940537,0.308112,0.5486489999999999,592.142195,0.343357,0.5244260000000001,28.07650614994331,0.0330307436739969,0.6074838430709085,6.397178616442779,0.0330307436739969,0.6074838430709085,1.0661964360737963,0.0330307436739969,0.6074838430709085,1.1739087062027536,21.589903615153872,0.1943985123958636,0,0,1,0,0,0,0,0,0,0,0,1,0,1,0,0,0,0,0,0,0,0,0,0,0
57.95073663222223,5.492280994142805,1.446895773605191,5.994090421022557,0.89601275167591,0.0,201897.28883767987,0.1335108938495175,1.4426370000000002,1.378894,0.255973,154.414387,1.136985,0.0,59.13340472675738,0.0369381616058187,0.6353893981491333,13.473433988375096,0.0369381616058187,0.6353893981491333,2.2455723313958496,0.0369381616058187,0.6353893981491333,2.764910455821837,47.56042840486517,0.1601298827070497,0,0,1,0,0,0,0,0,0,0,0,0,1,0,0,1,0,0,0,0,0,0,0,0,0
26.8753829600926,51.08033399127778,47.07375564249299,7.6173690423119265,1.559751206093269,0.0,228046.16413744004,0.1292547996488692,1.069843,1.352542,0.60525,122.92741399999998,0.013489,0.0,27.423860163359794,0.033256883476176,0.6068974210725836,6.248474467600966,0.033256883476176,0.6068974210725836,1.0414124112668277,0.033256883476176,0.6068974210725836,1.1544710404048146,21.06768355569395,0.8610931724863876,0,0,0,1,0,0,0,0,0,0,0,1,0,1,0,0,0,0,0,0,0,0,0,0,0
58.71438387097222,24.079797751562936,3.759552714636,6.460169305046685,1.2625733558222545,0.0,184155.9817520984,0.1373220175254545,1.923902,1.3067959999999998,1.477083,134.434214,1.13673,0.0,59.91263660303288,0.0372044151131792,0.6360895613669231,13.650980491830277,0.0372044151131792,0.6360895613669231,2.275163415305045,0.0372044151131792,0.6360895613669231,2.8215374717775825,48.24025662931525,0.1924741572877105,0,0,0,0,0,1,0,0,0,0,1,0,0,0,0,1,0,0,0,0,0,0,0,0,0
46.16047335370371,3.732234962497439,2.1852099512406675,9.37525144240839,1.406053604124833,0.0,185149.9588953837,0.1360128936971977,1.105889,1.367314,2.716217,134.29464,1.134753,0.0,47.10252383030991,0.0164512380226267,0.6245792907372484,10.732220619564282,0.0164512380226267,0.6245792907372484,1.7887034365940468,0.0164512380226267,0.6245792907372484,0.9808795329099722,37.239570792239626,0.4147398891524235,0,0,0,0,0,0,0,1,0,1,0,0,0,0,0,0,0,1,0,0,0,0,0,0,0
93.04426933949073,13.080328389576502,0.379255738205665,3.4370770211414183,0.5025043175231925,0.0,153313.08022332133,0.1277487559570111,1.544268,1.419361,0.5079859999999999,149.926694,6.230341,1.4e-05,94.94313197907218,0.0622315687120558,0.6675655123771557,21.63261234966201,0.0622315687120558,0.6675655123771557,3.605435391610335,0.0622315687120558,0.6675655123771557,7.4790633436625535,80.22881081810282,0.5585383582085518,0,0,0,0,0,1,0,0,0,0,1,0,0,1,0,0,0,0,0,0,0,0,0,0,0
37.56641884513889,6.4332585363161,0.4024057419037075,1.5031782386543082,0.1878673097284006,0.0,185687.3165561301,0.1188377160444962,1.298054,1.426481,0.2391199999999999,145.225065,9.035575,0.000161,38.33308045422336,0.037562149071933,0.6166996827805333,8.734119597164815,0.037562149071933,0.6166996827805333,1.455686599527469,0.037562149071933,0.6166996827805333,1.8226239017822057,29.924048805215453,0.6962389597715007,0,0,1,0,0,0,0,0,0,0,1,0,0,1,0,0,0,0,0,0,0,0,0,0,0
78.66001881583334,4.191016934031532,2.313230171335116,10.680915319090552,1.2332379942317662,0.0,103686.59927214478,0.1102550426002243,1.913366,1.504389,1.180951,115.798664,1.136257,0.0,80.26532532227893,0.0110920699497544,0.6543770627618273,18.288301972164817,0.0110920699497544,0.6543770627618273,3.048050328694136,0.0110920699497544,0.6543770627618273,1.1269729152082442,66.48580737470304,0.824723826507296,0,0,0,0,0,0,0,0,1,0,0,1,0,0,0,0,0,0,0,0,1,0,0,0,0
63.89589216800925,10.686372135934375,3.2637523129689607,6.875894954164537,1.0067954159897865,0.0,123276.9881407374,0.1221687342676756,1.364601,1.460525,2.748955,125.158131,1.13473,0.0,65.19988996735638,0.0174156353858697,0.6408403171323687,14.85567113180272,0.0174156353858697,0.6408403171323687,2.475945188633786,0.0174156353858697,0.6408403171323687,1.4373386213548147,52.88951666288127,0.3212935006687898,0,0,1,0,0,0,0,0,0,0,1,0,0,0,0,0,0,0,0,0,0,1,0,0,0
29.909147717962963,22.76601000286284,4.010266150216118,13.344777425130207,2.5786386112229143,0.0,224263.45505470625,0.1369808136309079,0.998085,1.353238,0.297952,139.011269,1.1344299999999998,0.294804,30.51953848771731,0.0344638407129583,0.6096789809173686,6.953818895935589,0.0344638407129583,0.6096789809173686,1.1589698159892647,0.0344638407129583,0.6096789809173686,1.331418370979354,23.55331787754417,0.1412498154666048,0,0,0,0,0,0,0,1,0,0,0,1,0,1,0,0,0,0,0,0,0,0,0,0,0
32.11804006092593,10.117543153535753,3.3230991326361825,8.868900238467063,1.6774441570543843,0.0,160381.87584307554,0.129769774185096,1.126305,1.324268,2.079207,143.294873,4.750892,0.0,32.773510266250945,0.0353499753784419,0.6117042421795345,7.467382085981228,0.0353499753784419,0.6117042421795345,1.2445636809968712,0.0353499753784419,0.6117042421795345,1.466509849338082,25.37682944427877,0.8486054801026174,0,0,0,0,0,1,0,0,0,0,0,1,0,1,0,0,0,0,0,0,0,0,0,0,0
50.755671034490746,4.598998418308439,0.5591179577709674,7.408342202504476,1.1283259380349724,0.0,151419.85324865108,0.1293133287299737,1.595977,1.368787,0.453427,109.899774,2.508285,0.294561,51.7915010556028,0.0172292933470091,0.6287924774434908,11.800595177225954,0.0172292933470091,0.6287924774434908,1.966765862870992,0.0172292933470091,0.6287924774434908,1.1295328665429272,41.22291931553121,0.0967878376885711,0,0,0,0,0,0,0,1,0,0,0,1,0,0,0,0,0,1,0,0,0,0,0,0,0
22.535472625046296,23.19499852657318,5.051880924535884,7.074004163559106,1.0477903757592757,0.0,172150.3048186451,0.1312006720625382,0.742827,1.038415,0.59604,162.945322,1.137029,0.0,22.99538022963908,0.0189303520076454,0.6029182989977375,5.239453723208904,0.0189303520076454,0.6029182989977375,0.8732422872014839,0.0189303520076454,0.6029182989977375,0.5510261294895159,17.549791813747085,0.7461362195072153,0,0,0,0,0,0,0,1,0,1,0,0,0,0,0,0,1,0,0,0,0,0,0,0,0
31.73897857527778,7.706205918675377,1.3735296994947988,6.099545349034188,0.8787713179842745,0.0,117228.66147706837,0.1329518652094496,0.997192,1.362281,0.7155229999999999,146.33123600000002,1.13582,0.0,32.3867128319161,0.0125654962349619,0.6113566930808615,7.379251024993541,0.0125654962349619,0.6113566930808615,1.2298751708322568,0.0125654962349619,0.6113566930808615,0.515133060952195,25.06308057807561,0.6998770834864994,0,0,1,0,0,0,0,0,0,0,1,0,0,0,0,0,0,0,1,0,0,0,0,0,0
100.2837327364815,5.128443320592244,0.4051396785308417,6.689410745954628,0.6226956529868878,0.0,119100.65729916068,0.1244893189278437,2.805103,1.614704,0.799561,83.045726,1.134789,0.0,102.33033952702192,0.0131477525188657,0.674203139975215,23.31577356311892,0.0131477525188657,0.674203139975215,3.88596226051982,0.0131477525188657,0.674203139975215,1.7030556699655508,87.33093192892157,0.4441762280051974,0,0,0,0,0,0,0,1,0,0,0,1,0,0,0,0,0,0,0,1,0,0,0,0,0
222.3134770012037,22.43515447889056,0.9548990769351988,5.30103191883444,0.8154220114366042,0.0,130195.13517779528,0.1163857449784124,2.786218,1.583156,0.889009,92.690548,1.136158,0.0,226.8504867359221,0.0481461001558662,0.7860882278468282,51.68745267400758,0.0481461001558662,0.7860882278468282,8.61457544566793,0.0481461001558662,0.7860882278468282,13.825273740246471,225.7272115245968,0.1518517227876006,0,0,0,0,0,0,0,0,1,1,0,0,0,0,0,0,0,0,0,0,1,0,0,0,0
51.00792894324075,18.308082435244607,3.048829929148265,6.744133454146716,0.9370813920057648,0.0,150970.82871515286,0.1255170201672781,1.741668,1.349719,0.582134,112.983431,1.135551,0.0,52.04890708493954,0.0259084735903668,0.6290237644830307,11.859244652264705,0.0259084735903668,0.6290237644830307,1.9765407753774509,0.0259084735903668,0.6290237644830307,1.7069718159716645,41.44303730607109,0.0831930135220736,0,0,0,0,0,0,1,0,0,0,0,1,0,0,0,0,1,0,0,0,0,0,0,0,0
36.93935084550925,4.3791765411694845,0.2596659121110285,2.92369505312803,0.2243155693228868,0.0,156153.57606414868,0.1184261180549788,1.3013549999999998,1.490068,0.3499,122.246442,9.045615,1e-06,37.69321514847883,0.0133181086679497,0.6161247446073627,8.588327502185049,0.0133181086679497,0.6161247446073627,1.4313879170308417,0.0133181086679497,0.6161247446073627,0.6354459941668996,29.39711716048973,0.2046570233460087,0,0,0,1,0,0,0,0,0,0,1,0,0,0,0,0,0,0,1,0,0,0,0,0,0
37.54287070046296,28.78603031408219,2.456997700732389,6.130059081015827,0.7405655784286755,0.0,163747.06191921464,0.1233237165895154,1.318206,1.408273,3.053626,145.59216,0.0,0.0,38.30905173516629,0.0134062449714622,0.616678092255599,8.728644699151813,0.0134062449714622,0.616678092255599,1.454774116525302,0.0134062449714622,0.616678092255599,0.6501019394760243,29.904244228054928,0.0520328585692091,0,0,1,0,0,0,0,0,0,0,0,1,0,0,0,0,0,0,0,0,0,0,0,1,0
102.68630538722222,7.377397743860881,1.1844955452626271,5.029547447780911,0.7126468078409739,0.0,190462.7930905276,0.1387483472053667,1.89515,1.293907,0.420379,159.70156699999998,1.153203,0.0,104.78194427267572,0.0267669581959073,0.6764059803873272,23.87436704947042,0.0267669581959073,0.6764059803873272,3.979061174911736,0.0267669581959073,0.6764059803873272,3.550245470927345,89.71535916791078,0.2698810294545444,0,0,1,0,0,0,0,0,0,0,0,1,0,0,0,0,0,1,0,0,0,0,0,0,0
36.86476050615742,29.82581190835862,4.045903778190521,9.23923116679386,1.4632096793725908,0.0,189046.4137065348,0.1384763841649039,1.1144690000000002,1.360849,2.049641,145.727935,1.136195,0.0,37.61710255730349,0.0372751461165014,0.6160563551608139,8.570985392803326,0.0372751461165014,0.6160563551608139,1.428497565467221,0.0372751461165014,0.6160563551608139,1.774915182661908,29.334500117927742,0.7940704181808044,0,0,1,0,0,0,0,0,0,1,0,0,0,0,0,0,0,0,1,0,0,0,0,0,0
13.71968369472222,10.474879437401182,3.466882493570268,6.424786650591331,0.8495714137022444,0.0,124174.56616269484,0.1229242404266227,0.7873359999999999,1.177618,0.263024,154.670072,1.136498,0.535821,13.99967723951247,0.010052442923962,0.5948353899900191,3.189799877357272,0.010052442923962,0.5948353899900191,0.5316333128928785,0.010052442923962,0.5948353899900191,0.1781404511444169,10.541143633544042,0.944533148887856,0,0,0,0,0,1,0,0,0,1,0,0,0,0,0,0,0,0,0,0,0,1,0,0,0
35.563579132453704,19.92511809326353,3.893019099887327,8.152734934283103,1.174451126826467,0.0,185139.96635191847,0.1369571871608853,1.176535,1.322877,1.576011,155.929876,1.1353,0.0,36.28936646168745,0.0131178115752788,0.61486334444682,8.268463244435114,0.0131178115752788,0.61486334444682,1.3780772074058525,0.0131178115752788,0.61486334444682,0.6025785714312158,28.244305355049885,0.8975478133039297,0,0,1,0,0,0,0,0,0,0,0,0,1,0,0,0,0,0,1,0,0,0,0,0,0
38.41835253333333,22.98314768246242,3.92978888850132,10.43930147706176,1.948314861999713,0.0,207613.8904938549,0.1385083653086381,1.299963,1.290388,0.7211380000000001,128.9116,1.135616,0.0,39.20240054421769,0.0379114595055405,0.6174807929609959,8.932192529062258,0.0379114595055405,0.6174807929609959,1.4886987548437094,0.0379114595055405,0.6174807929609959,1.881291418673532,30.641429587364705,0.9344111783439758,0,0,0,0,0,1,0,0,0,1,0,0,0,1,0,0,0,0,0,0,0,0,0,0,0
9.769005,5.452229505209695,0.5803158901435294,6.500736834905702,3.262826244107825,0.0,175746.0802795264,0.138719082218137,3.489787,0.332499,0.646458,661.3362860000001,78.98443499999999,0.0,253.7693801211735,0.1130580243079407,0.8102756611202779,57.82087142001421,0.1130580243079407,0.8102756611202779,9.6368119033357,0.1130580243079407,0.8102756611202779,36.31729714727933,260.28247120223665,0.8277398769034537,0,0,1,0,0,0,0,0,0,0,1,0,0,1,0,0,0,0,0,0,0,0,0,0,0
27.00063363231482,4.425726248536791,4.395713525710346,6.663393030349585,0.9446303064016988,0.0,159759.07210169366,0.1208521970491901,1.1186049999999998,1.212439,0.540272,156.842687,1.136515,0.02762,27.551666971749817,0.0,0.6070122593241263,6.277595006221477,0.0,0.6070122593241263,1.046265834370246,0.0,0.6070122593241263,0.0,21.16987293249084,0.7592598404703885,0,0,1,0,0,0,0,0,0,1,0,0,0,0,1,0,0,0,0,0,0,0,0,0,0
49.62105778037037,3.888997294789269,1.0595595106232367,6.152047686725497,0.5658881932997303,0.0,188914.3051371403,0.1377007235154259,1.334858,1.396775,2.454767,130.105052,1.135362,0.0,50.63373242894935,0.0,0.6277521875993838,11.536799793937826,0.0,0.6277521875993838,1.922799965656304,0.0,0.6277521875993838,0.0,40.23472949189217,0.6260740446144409,0,0,1,0,0,0,0,0,0,0,1,0,0,0,1,0,0,0,0,0,0,0,0,0,0
30.955398150277777,5.034651209626879,1.6927017588123714,9.474201050307824,1.4793941457208684,0.0,205512.72605665468,0.1359490940182043,1.035806,1.048727,0.188064,124.539961,1.135355,0.0,31.5871409696712,0.0209296741375788,0.6106382537754786,7.197070094355463,0.0209296741375788,0.6106382537754786,1.199511682392577,0.0209296741375788,0.6106382537754786,0.836846287889854,24.41559063731633,0.6007362793947372,0,0,1,0,0,0,0,0,0,1,0,0,0,0,0,0,1,0,0,0,0,0,0,0,0
111.5468485211574,15.884056791805088,25.700649051071643,7.489446609712047,2.6977600651107534,0.0,265930.4557572692,0.1275865192339717,1.865116,1.484707,1.4379620000000002,108.09929,0.013487,0.0,113.82331481750757,0.0713274269532289,0.684529923062975,25.93442616095109,0.0713274269532289,0.684529923062975,4.322404360158514,0.0713274269532289,0.684529923062975,10.27686604205083,98.62717080354588,0.579874992561879,0,0,0,0,0,0,0,0,1,0,0,1,0,1,0,0,0,0,0,0,0,0,0,0,0
53.97374775717592,10.674407584326609,4.365824527877698,7.704124074473941,0.619452305120244,0.0,179220.5867056355,0.1273619472551689,1.6786310000000002,1.407659,3.076112,142.762419,1.137083,0.0,55.07525281344482,0.0,0.6317430269104646,12.548791780278568,0.0,0.6317430269104646,2.091465296713094,0.0,0.6317430269104646,0.0,44.04228724079077,0.6000260717480993,0,0,0,0,0,0,0,0,1,0,0,1,0,0,1,0,0,0,0,0,0,0,0,0,0
30.18902696398148,12.718821388199215,5.167107397132068,10.71166690419332,3.7829685171159335,0.0,226903.0121964928,0.1270110212730989,1.165998,1.357616,0.17801,116.005515,0.920937,0.0,30.805129555083145,0.0345757765556404,0.6099355930591288,7.018890278373375,0.0345757765556404,0.6099355930591288,1.1698150463955623,0.0345757765556404,0.6099355930591288,1.3482421218533058,23.78372780309233,0.9061017168056256,0,0,0,1,0,0,0,0,0,1,0,0,0,1,0,0,0,0,0,0,0,0,0,0,0
81.88570731717593,53.226982529958086,1.4280866803311043,4.839671223569545,2.8984237993649726,0.0,245029.4181654676,0.132801151095177,1.508071,1.415474,1.065279,124.423527,1.136146,0.0,83.55684420119992,0.0935786637779974,0.6573345912201042,19.038268299007576,0.0935786637779974,0.6573345912201042,3.1730447165012623,0.0935786637779974,0.6573345912201042,9.897642822600767,69.52506838814895,0.6883010546175403,0,0,0,0,0,0,0,0,1,1,0,0,0,0,0,0,0,0,0,0,0,0,0,0,1
88.04951692282407,5.909537179697128,0.6771120797101257,5.766078254873518,2.604083424492134,0.0,211913.31004571344,0.1390536349061296,2.680175,1.250616,0.3760969999999999,98.007687,25.569636,0.438546,89.8464458396164,0.0598505980695479,0.6629859869802704,20.471342090039176,0.0598505980695479,0.6629859869802704,3.4118903483398624,0.0598505980695479,0.6629859869802704,6.806789263195305,75.40118300208542,0.2903344909715656,0,0,1,0,0,0,0,0,0,0,1,0,0,1,0,0,0,0,0,0,0,0,0,0,0
84.75170745513888,67.5348688920339,9.120357674088694,6.643662121084383,1.5964411345603082,0.0,187659.89051258992,0.1326695345967507,1.577208,1.375497,2.752128,151.41843300000002,0.0,0.0,86.48133413789682,0.0582958978649192,0.6599623331629244,19.70460777825497,0.0582958978649192,0.6599623331629244,3.284101296375828,0.0582958978649192,0.6599623331629244,6.381654458385803,72.24610512998589,0.7385036710437415,0,0,1,0,0,0,0,0,0,0,0,1,0,0,0,0,0,0,0,0,0,0,0,0,1
33.5365293812963,7.131799266451881,3.677390230359505,8.180918791882997,1.1779921673756424,0.0,155274.44520008992,0.1059641694600919,1.251047,1.222382,0.1266509999999999,119.318897,1.135666,0.13084,34.22094834826153,0.0215533741993284,0.6130048087193634,7.797178104667184,0.0215533741993284,0.6130048087193634,1.2995296841111972,0.0215533741993284,0.6130048087193634,0.9336416521594572,26.553931514457307,0.4236965085397718,0,0,1,0,0,0,0,0,0,1,0,0,0,0,0,0,1,0,0,0,0,0,0,0,0
63.69083237842594,24.776547283218022,4.5662393055373816,8.817642076981725,3.4847645275026773,0.0,222590.22367730807,0.1380784468774458,2.140817,1.460852,2.189005,114.641497,1.134703,0.0,64.9906452841081,0.0486925014942595,0.6406523045071296,14.80799512802463,0.0486925014942595,0.6406523045071296,2.467999188004105,0.0486925014942595,0.6406523045071296,4.005768471657373,52.70431224388515,0.3161922095451577,0,0,0,0,0,0,0,1,0,1,0,0,0,1,0,0,0,0,0,0,0,0,0,0,0
23.51863948708333,61.82596116065979,27.17514472568689,6.374084959213111,1.5848601823516315,0.0,86361.72956478567,0.1093152392861082,0.984057,1.205647,1.760548,145.969291,1.1353,0.0,23.998611721513605,0.0063870078244926,0.6038197325901316,5.468038113762593,0.0063870078244926,0.6038197325901316,0.9113396856270988,0.0063870078244926,0.6038197325901316,0.1940244567623639,18.34282950913765,0.666055396549381,0,0,0,0,0,1,0,0,0,0,0,0,1,0,0,0,0,0,0,0,0,1,0,0,0
41.57001075930555,26.363163669904072,4.284960679298968,8.37265512182844,1.6630413973931786,0.0,183407.6392011391,0.1359428168951178,1.376633,1.324064,2.015269,163.846342,1.135259,0.0,42.418378325822,0.0313693668053296,0.6203704454771009,9.664946960313872,0.0313693668053296,0.6203704454771009,1.6108244933856453,0.0313693668053296,0.6203704454771009,1.684351479734119,33.31026361823594,0.5242012560149134,0,0,0,0,0,1,0,0,0,0,0,1,0,0,0,1,0,0,0,0,0,0,0,0,0
196.9577767399537,23.2345592271714,3.0659087047302465,6.913502007651386,1.0204817940005295,0.0,144284.2462717326,0.1354098200476426,2.506727,1.458479,1.223427,135.90735,1.135278,0.0,200.9773232040344,0.0424634684771969,0.762840414218521,45.79230148952682,0.0424634684771969,0.762840414218521,7.632050248254469,0.0424634684771969,0.762840414218521,10.802777504437897,194.0678790905002,0.1639709043551604,0,0,0,0,0,0,0,1,0,0,0,1,0,0,0,0,0,0,1,0,0,0,0,0,0
26.460477379629623,6.7166349552926565,0.378135607950836,3.3458621753491373,1.014484456546015,0.0,205649.1306111361,0.1346454572924178,1.043921,1.322099,1.414824,155.614904,1.507467,0.000166,27.000487122071046,0.0543713463556129,0.6065170076937945,6.152009724016188,0.0543713463556129,0.6065170076937945,1.0253349540026977,0.0543713463556129,0.6065170076937945,1.8582947304865736,20.72943627285236,0.4595875491886912,0,0,0,0,0,1,0,0,0,0,1,0,0,0,0,0,0,0,0,0,0,0,0,0,1
21.32130482810185,4.428258679026649,2.007959318103836,8.122787994732388,1.2409704702077724,0.0,127921.02605103418,0.1172880843835626,0.8967040000000001,1.133795,2.807236,139.671921,1.135063,0.0,21.75643349806312,0.0110946664946033,0.6018050681910146,4.957162062849823,0.0110946664946033,0.6018050681910146,0.826193677141637,0.0110946664946033,0.6018050681910146,0.3055447769278809,16.5735847403736,0.2244196740426167,0,0,0,1,0,0,0,0,0,1,0,0,0,0,0,0,0,0,0,0,0,1,0,0,0
222.8732864081481,17.08971873010908,4.506431051295438,9.79502059858766,1.578379928636894,0.0,227622.4408160972,0.1349776450106851,3.751007,1.644165,1.835189,94.219783,1.134433,0.0,227.42172082464097,0.1352236640358405,0.7866014988125647,51.81760727650048,0.1352236640358405,0.7866014988125647,8.636267879416744,0.1352236640358405,0.7866014988125647,38.92759287499239,226.4433752698674,0.0968465090292672,0,0,0,0,0,0,1,0,0,1,0,0,0,1,0,0,0,0,0,0,0,0,0,0,0
1.153124,22.75418692997524,2.5653141534014,6.0015408043667,1.1999035962908673,0.0,172315.3282936151,0.138516386010521,1.0579040000000002,0.2625699999999999,0.679369,596.034572,0.0,0.186924,29.95469473941799,0.0336967209496131,0.6091714518642092,6.82512032037372,0.0336967209496131,0.6091714518642092,1.1375200533956198,0.0336967209496131,0.6091714518642092,1.2776898604620424,23.098158081722087,0.2430805649859042,0,0,0,1,0,0,0,0,0,0,0,1,0,1,0,0,0,0,0,0,0,0,0,0,0
25.48375125337964,4.403826868534088,3.152800283557791,7.1669116780626405,1.08397106686942,0.0,143770.62840040468,0.1186133192704736,1.067499,1.031623,0.079848,137.216227,1.135069,0.406631,26.003827809571057,0.019624284775918,0.6056214794017338,5.924922792054165,0.019624284775918,0.6056214794017338,0.9874871320090272,0.019624284775918,0.6056214794017338,0.645957623036659,19.934780592582747,0.6041336643716438,0,0,0,0,0,1,0,0,0,0,0,0,1,0,0,0,1,0,0,0,0,0,0,0,0
53.71339437814816,5.825334363891965,0.8208197329541762,5.335760701474526,0.4837091994299877,0.0,102590.29167603418,0.1255339182716765,1.828661,1.467317,0.27573,132.015875,1.135226,0.063999,54.80958610015119,0.0088678805045725,0.6315043173985688,12.48826012408508,0.0088678805045725,0.6315043173985688,2.081376687347513,0.0088678805045725,0.6315043173985688,0.6152466582800291,43.81327880642287,0.922599644017503,0,0,0,0,0,1,0,0,0,0,1,0,0,0,0,0,0,0,0,1,0,0,0,0,0
42.20817820875,4.570122328542528,3.410917429615268,8.374707470694892,1.5672547209748833,0.0,193403.6448778477,0.1331826809534637,1.417022,1.452218,1.686119,132.38205200000002,0.370061,0.0,43.069569600765305,0.0394765252017698,0.6209555603733756,9.813319655870576,0.0394765252017698,0.6209555603733756,1.635553275978429,0.0394765252017698,0.6209555603733756,2.15219867059999,33.8535300335232,0.2764609653627937,0,0,0,1,0,0,0,0,0,0,0,1,0,1,0,0,0,0,0,0,0,0,0,0,0
36.45609200185185,41.81923843111311,9.70804288404451,10.47201790912546,1.7036646983320478,0.0,166672.88114508393,0.1323229026415651,0.974633,1.305691,3.116478,154.36451599999998,1.135292,0.0,37.200093879440665,0.0148433096582969,0.6156816603534938,8.47597075734091,0.0148433096582969,0.6156816603534938,1.4126617928901517,0.0148433096582969,0.6156816603534938,0.6989525478104469,28.99166527215173,0.4634861774167039,0,0,0,0,0,1,0,0,0,0,0,0,1,0,0,0,0,1,0,0,0,0,0,0,0
82.49986838777778,71.8579202288673,1.8029071376156465,6.8070591279356885,1.7616981440882602,0.0,217595.18540167867,0.1224383748085092,1.926082,1.424681,1.799563,137.93971499999998,0.01348,0.0,84.18353917120182,0.0572422310521721,0.6578976954514999,19.18105955799535,0.0572422310521721,0.6578976954514999,3.196843259665892,0.0572422310521721,0.6578976954514999,6.099814683579133,70.10652710846169,0.978059499745889,0,0,0,1,0,0,0,0,0,0,0,1,0,1,0,0,0,0,0,0,0,0,0,0,0
32.06124448171296,3.916325263182322,1.856757087101468,8.689495741892204,1.0307527045837694,0.0,159900.44512514988,0.131556992568701,0.993383,1.329833,2.372267,130.336947,1.134456,0.0,32.715555593584654,0.0,0.6116521681675036,7.454177223854731,0.0,0.6116521681675036,1.242362870642455,0.0,0.6116521681675036,0.0,25.329798115975382,0.9247147782690434,0,0,0,0,1,0,0,0,0,1,0,0,0,0,1,0,0,0,0,0,0,0,0,0,0
24.024046315462964,29.36995860281445,1.9082300755903303,6.881586002217208,1.2986164201649544,0.0,162515.13216614208,0.1190333153507549,1.019123,1.228684,0.309981,154.017507,7.602963000000001,0.460322,24.51433297496221,0.0321331480016517,0.6042831236079927,5.585544222143287,0.0321331480016517,0.6042831236079927,0.9309240370238812,0.0321331480016517,0.6042831236079927,0.9971173286661166,18.75138949781845,0.6432094907042804,0,0,0,0,0,1,0,0,0,0,1,0,0,1,0,0,0,0,0,0,0,0,0,0,0
48.578778710833326,7.01416601510275,4.026918045193743,8.921227898814982,1.1086203528822756,0.0,88230.16178151229,0.1113591486905261,1.504907,1.447799,2.029282,107.885031,1.135332,0.0,49.57018235799319,0.0084296839379653,0.6267965559541276,11.294471929669331,0.0084296839379653,0.6267965559541276,1.8824119882782224,0.0084296839379653,0.6267965559541276,0.5289379367407429,39.329645037985046,0.5426824062478963,0,0,0,0,0,0,0,0,1,0,0,1,0,0,0,0,0,0,0,0,0,1,0,0,0
22.90208541583333,8.990447265761238,3.6939085784861794,9.185843182982302,1.5790262946979603,0.0,186108.72558827937,0.1346596945747197,0.997309,1.195172,0.714147,156.693304,0.0,0.0,23.36947491411564,0.0316938016517565,0.6032544342945803,5.324690486760526,0.0316938016517565,0.6032544342945803,0.8874484144600875,0.0316938016517565,0.6032544342945803,0.9375538008021296,17.84523970769141,0.755060680780471,0,0,1,0,0,0,0,0,0,0,1,0,0,0,0,1,0,0,0,0,0,0,0,0,0
42.00245652537037,4.741000509262085,1.4149111986732026,11.024291594251457,1.8111927818051343,0.0,169044.6724932554,0.1364645907025543,1.30592,1.378566,3.127444,113.889468,1.136826,0.0,42.859649515684055,0.0140626232782477,0.6207669408793276,9.765489763067253,0.0140626232782477,0.6207669408793276,1.6275816271778754,0.0140626232782477,0.6207669408793276,0.7629355759199984,33.6782955911536,0.7738880817074295,0,0,1,0,0,0,0,0,0,0,0,0,1,0,0,0,0,0,1,0,0,0,0,0,0
242.67371203708333,3.8774036359219326,0.432976410864926,2.4125819466382765,0.1660574777252811,0.0,177488.3706347422,0.1370592193066073,4.308209,1.5723129999999998,0.257837,107.643917,50.106484,0.0,247.626236772534,0.0529199474611924,0.804755862527225,56.42116787222294,0.0529199474611924,0.804755862527225,9.403527978703822,0.0529199474611924,0.804755862527225,16.587806886095326,252.25147564335623,0.3665721182446557,0,0,0,0,0,0,1,0,0,0,0,1,0,0,0,0,0,0,1,0,0,0,0,0,0
32.047013765092586,39.87692872002011,7.553692560401751,7.228129449222299,1.423760860086345,0.0,188842.8034135192,0.131316882368329,1.19752,1.375006,0.721889,136.05201100000002,1.135301,0.0,32.70103445417611,0.0353213856544306,0.6116391204881109,7.450868609812278,0.0353213856544306,0.6116391204881109,1.2418114349687128,0.0353213856544306,0.6116391204881109,1.46208335348706,25.318015129878084,0.0077970409058918,0,0,1,0,0,0,0,0,0,0,1,0,0,0,0,0,0,0,0,1,0,0,0,0,0
25.247098763750003,62.635594472431,5.76720129014205,7.049999542945295,1.5323949982222322,0.0,172712.48555530576,0.1345018497902712,0.810844,1.135923,2.3144150000000003,179.929886,1.137063,0.0,25.76234567729592,0.0116431622593552,0.6054045004614207,5.869901546725653,0.0116431622593552,0.6054045004614207,0.9783169244542754,0.0116431622593552,0.6054045004614207,0.3796900897498161,19.74258229807313,0.7601346380137239,0,0,0,0,0,0,1,0,0,0,0,0,1,0,0,0,0,0,1,0,0,0,0,0,0
245.090642691713,13.315251696677436,0.3302768125808496,2.99265803679002,1.0400993325155703,0.0,199219.7573534922,0.1123362191700392,3.31852,1.660491,0.394156,89.988483,0.013486,0.0,250.0924925425643,0.1498574502597464,0.8069718673242703,56.983099566660215,0.1498574502597464,0.8069718673242703,9.497183261110036,0.1498574502597464,0.8069718673242703,47.4407889386498,255.4653236846256,0.3495264290772123,0,0,0,1,0,0,0,0,0,0,1,0,0,1,0,0,0,0,0,0,0,0,0,0,0
38.62353961018518,16.985513710975646,3.9022087090307,9.678188581260846,1.620787831090337,0.0,184391.86698141487,0.1369796958294132,1.293413,1.4107690000000002,1.187036,129.72839299999998,0.370937,0.0,39.41177511243386,0.0379957280419784,0.6176689222917752,8.979898126883663,0.0379957280419784,0.6176689222917752,1.4966496878139437,0.0379957280419784,0.6176689222917752,1.895543150409687,30.81446665734535,0.1714644885140657,0,0,0,0,0,1,0,0,0,1,0,0,0,0,0,1,0,0,0,0,0,0,0,0,0
35.516304640925924,5.784368277731396,2.3889670577838267,11.368076301593003,2.0552858169987904,0.0,183463.65664343524,0.1404048885337168,1.181061,1.370342,1.000887,125.430329,1.136508,0.0,36.24112718461829,0.036725333805339,0.614820000009195,8.257472016748471,0.036725333805339,0.614820000009195,1.376245336124745,0.036725333805339,0.614820000009195,1.6847689789074105,28.204771918962347,0.5799202824308867,0,0,0,0,0,0,0,1,0,0,0,1,0,0,0,0,0,1,0,0,0,0,0,0,0
3.620423,4.169221498852685,0.620013748784717,9.405743496023494,5.939565435587931,0.0,175289.88393660073,0.138320392234434,3.200987,0.403492,0.309548,575.0475809999999,6.562666,0.0,94.04770501053478,0.0564231333054358,0.6667609443831158,21.42859101505856,0.0564231333054358,0.6667609443831158,3.5714318358430925,0.0564231333054358,0.6667609443831158,6.717045818835082,79.37637545555553,0.7867092092573629,1,0,0,0,0,0,0,0,0,1,0,0,0,1,0,0,0,0,0,0,0,0,0,0,0
46.96161942175925,3.560768568799609,0.1306475595765405,1.876588388026761,0.1456821347973186,0.0,82160.62530444395,0.1079828726837961,1.546365,1.476565,1.497062,114.44768899999998,7.621672999999999,0.0,47.92001981812169,0.0016586116216026,0.6253138354071769,10.918485528179623,0.0016586116216026,0.6253138354071769,1.8197475880299367,0.0016586116216026,0.6253138354071769,0.1006084832629919,37.93044479146532,0.5739215721320685,0,0,1,0,0,0,0,0,0,0,1,0,0,0,0,0,0,0,0,0,0,1,0,0,0
287.04373721435184,16.20289551417033,1.6889255441350044,5.547387157984489,0.8935803935038957,0.0,187148.5580785372,0.1263028848603617,2.879408,1.559751,1.257789,126.539244,6.228321,0.0,292.901772667706,0.1791981781123542,0.8454372897951139,66.73711275973048,0.1791981781123542,0.8454372897951139,11.122852126621744,0.1791981781123542,0.8454372897951139,66.43982788345805,313.4557985574303,0.4176298946904483,0,0,0,0,0,0,0,0,1,1,0,0,0,1,0,0,0,0,0,0,0,0,0,0,0
29.3911903649074,112.59415383338929,55.18689290871419,7.986205694486769,3.0624612072388904,0.0,161748.55772257195,0.1337274288852437,1.057561,1.300822,2.876163,153.422939,0.0,0.0,29.991010576436125,0.0342569492487506,0.6092040827332451,6.83339481488418,0.0342569492487506,0.6092040827332451,1.13889913581403,0.0342569492487506,0.6092040827332451,1.3005069965009075,23.127400111975724,0.0907294515761222,0,0,0,0,0,1,0,0,0,1,0,0,0,0,0,0,1,0,0,0,0,0,0,0,0
24.926462134351848,36.24447852770488,4.724314790263736,8.119140645582899,1.4869575689164856,0.0,172822.41149580336,0.1385465955419792,0.8468049999999999,1.221891,0.094038,167.204589,0.370625,0.0,25.43516544321617,0.0324876819589119,0.605110519205693,5.7953541516188745,0.0324876819589119,0.605110519205693,0.9658923586031456,0.0324876819589119,0.605110519205693,1.0459867917614118,19.482387553705365,0.5279695264241157,0,0,0,0,0,0,1,0,0,0,1,0,0,0,0,0,0,0,1,0,0,0,0,0,0
164.73421553342592,24.62970705600012,1.2757280148047625,5.168612928413372,0.8109219452317098,0.0,211858.7509554856,0.1230098133107169,2.059502,1.512409,1.370388,122.770756,7.11269,0.0,168.0961382994142,0.0998930065849266,0.7332956831461727,38.30038594163868,0.0998930065849266,0.7332956831461727,6.38339765693978,0.0998930065849266,0.7332956831461727,21.25522613929635,156.03059818797777,0.5622996743232618,0,0,1,0,0,0,0,0,0,0,0,1,0,1,0,0,0,0,0,0,0,0,0,0,0
2.934655,10.76436700480325,1.0247315267007129,11.131678482897277,3.299282524511397,0.0,176488.13850794366,0.138902152935378,1.75258,0.352713,0.251988,695.959551,0.94811,0.0,76.23351408045163,0.0501064905521952,0.6507543594067082,17.36966143605227,0.0501064905521952,0.6507543594067082,2.894943572675378,0.0501064905521952,0.6507543594067082,4.835182092446574,62.796571671831096,0.8674883850559499,0,1,0,0,0,0,0,0,0,1,0,0,0,1,0,0,0,0,0,0,0,0,0,0,0
60.68588545814816,5.959774314789545,1.728129593874339,8.689082297775672,1.36592999865397,0.0,213454.78479091727,0.1395272678679985,1.122133,1.32881,2.261682,153.05574199999998,1.136822,0.0,61.92437291647772,0.0473681699398456,0.6378971667966427,14.109350791096189,0.0473681699398456,0.6378971667966427,2.351558465182697,0.0473681699398456,0.6378971667966427,3.7129673667418857,50.00174941655682,0.6081719623901226,0,0,1,0,0,0,0,0,0,0,1,0,0,1,0,0,0,0,0,0,0,0,0,0,0
47.13264259574074,5.956914118358067,0.8474900390175607,9.079675931724712,1.305323061468504,0.0,132278.39082171762,0.1294701097609042,1.594178,1.444812,1.002447,118.617203,1.135359,0.0,48.09453326095994,0.0166149512750323,0.6254706409709703,10.958248084775684,0.0166149512750323,0.6254706409709703,1.826374680795947,0.0166149512750323,0.6254706409709703,1.0115042110459116,38.078124741686416,0.4789779016365846,0,0,0,0,0,1,0,0,0,0,1,0,0,0,0,0,0,1,0,0,0,0,0,0,0
199.8470195331481,6.173491200946626,1.85787914025126,11.794038777156985,2.5921737959059024,0.0,153059.992965003,0.1217895429268729,3.5802650000000003,1.549685,1.663273,97.112484,0.019494,0.0,203.92553013586544,0.0819071061512233,0.7654894665929791,46.46404484108327,0.0819071061512233,0.7654894665929791,7.744007473513877,0.0819071061512233,0.7654894665929791,21.14297473896561,197.5985383397394,0.1028023810632555,0,0,1,0,0,0,0,0,0,1,0,0,0,0,0,0,0,0,0,0,0,0,0,1,0
18.672253110601847,66.86463484537033,4.21312672414368,7.308263094876882,1.4198108837187149,0.0,113364.9778177458,0.1284090503335571,0.616505,1.1579780000000002,0.7185739999999999,171.756824,1.136743,0.0,19.05331950061413,0.0107284960971951,0.5993762391708868,4.341262671026004,0.0107284960971951,0.5993762391708868,0.7235437785043339,0.0107284960971951,0.5993762391708868,0.2587512201277871,14.455831627847362,0.3727284334401785,0,0,0,0,1,0,0,0,0,0,0,0,1,0,0,0,0,0,1,0,0,0,0,0,0
24.11984271375,4.33841252440498,0.2911154064629003,2.0647278981243105,0.2624483044198948,0.0,171544.0600082434,0.1293327973740135,1.002964,1.284782,0.229108,158.466942,3.845693,0.041114,24.612084401785715,0.0321707347140915,0.6043709561975364,5.607816699141049,0.0321707347140915,0.6043709561975364,0.934636116523508,0.0321707347140915,0.6043709561975364,1.0022643519628849,18.82889744800216,0.402566881221398,0,0,0,0,0,1,0,0,0,0,1,0,0,1,0,0,0,0,0,0,0,0,0,0,0
342.8234112798148,6.1189284934884025,1.3870805442619094,10.836858330870704,5.05471957215874,0.0,186799.9231302458,0.1302870401053977,2.747487,1.263914,0.005971,132.51742,114.123349,0.673129,349.8198074283825,0.2216668465376881,0.8965798515686245,79.70577890773272,0.2216668465376881,0.8965798515686245,13.284296484622118,0.2216668465376881,0.8965798515686245,98.15627034059604,397.0144190125367,0.6406617940610072,0,0,0,0,0,1,0,0,0,0,1,0,0,0,1,0,0,0,0,0,0,0,0,0,0
68.39982487726853,4.823485082387924,0.3555813365631538,2.635533953456284,0.5137710798915913,0.0,192932.1122508244,0.1287537533209192,2.044025,1.563352,0.400401,113.969507,1.148013,0.001501,69.79573967068217,0.0507908770523402,0.644969825966298,15.902826760408594,0.0507908770523402,0.644969825966298,2.6504711267347654,0.0507908770523402,0.644969825966298,4.4873251042921085,56.98246337796066,0.2783389370923051,0,0,0,0,0,0,0,0,1,1,0,0,0,0,0,0,0,0,0,1,0,0,0,0,0
120.70908793893516,5.326644934926715,0.517900660848446,3.699579634540658,0.9754156345943752,0.0,149346.39539306055,0.1309097605786449,2.094854,1.394197,0.333702,156.497256,0.467539,7.099999999999999e-05,123.17253871319916,0.0759923636129868,0.6929304812099708,28.06462907389348,0.0759923636129868,0.6929304812099708,4.6774381789822455,0.0759923636129868,0.6929304812099708,11.848319429149528,108.03798293973526,0.1459595353208683,0,0,0,0,0,1,0,0,0,1,0,0,0,0,0,0,0,0,0,1,0,0,0,0,0
18.82846004652778,39.68928859574454,0.7076815246320742,7.689349866313614,1.360379696464081,0.0,74631.75127398082,0.1075938633940131,0.8986540000000001,1.15585,1.95924,181.061601,1.137057,0.0,19.212714333191613,0.0060224089228058,0.5995194602098026,4.377580480980368,0.0060224089228058,0.5995194602098026,0.7295967468300611,0.0060224089228058,0.5995194602098026,0.1464643319386486,14.580248261012878,0.6540515802257227,0,0,0,0,0,1,0,0,0,0,0,1,0,0,0,0,0,0,0,1,0,0,0,0,0
0.878393,15.08032838049389,2.1996347611184888,4.509502227357824,0.698334204671766,0.0,167138.63884517387,0.1380067667801031,0.777911,0.2825789999999999,0.631764,565.863188,5.700354,0.0877309999999999,22.81800931750756,0.0311661602056873,0.60275892591206,5.199040097659951,0.0311661602056873,0.60275892591206,0.8665066829433249,0.0311661602056873,0.60275892591206,0.9001895366636787,17.40982125021802,0.134482198028191,0,0,0,1,0,0,0,0,0,0,1,0,0,1,0,0,0,0,0,0,0,0,0,0,0
17.002040488009257,51.435406984601705,1.2552412422440893,4.806189525041649,0.5671718462908583,0.0,84955.33541760342,0.1027743856621374,0.856442,1.128558,0.020928,154.725271,1.13529,0.958016,17.349020906131894,0.0058819391232574,0.5978448757547866,3.952941472283216,0.0058819391232574,0.5978448757547866,0.6588235787138693,0.0058819391232574,0.5978448757547866,0.1291720060987198,13.129143352017238,0.95803896397635,0,0,0,1,0,0,0,0,0,0,0,1,0,0,0,0,0,0,0,0,0,0,0,1,0
49.23300981356482,5.41355554773694,0.7979173188586887,5.957798262008375,1.1367745099307822,0.0,176538.8613796463,0.1375429840932647,1.541257,1.344563,1.7384700000000002,134.280527,0.0,0.0,50.23776511588247,0.0424257261437202,0.6273963990895739,11.446579393492208,0.0424257261437202,0.6273963990895739,1.907763232248701,0.0424257261437202,0.6273963990895739,2.697941347948067,39.897459407610725,0.5952515713834053,0,0,1,0,0,0,0,0,0,0,1,0,0,0,1,0,0,0,0,0,0,0,0,0,0
261.5335611240278,3.867448689540227,0.7329428596891088,4.029045721609816,1.19386535161119,0.0,173544.52519859112,0.1374697531227299,3.151119,1.5978450000000002,0.131147,93.907309,2.814926,0.0,266.8709807388039,0.1610910541055658,0.8220478423232375,60.80604624428443,0.1610910541055658,0.8220478423232375,10.13434104071407,0.1610910541055658,0.8220478423232375,54.41838936379757,277.6971061962279,0.0023681652083265,0,0,0,0,0,1,0,0,0,1,0,0,0,1,0,0,0,0,0,0,0,0,0,0,0
22.36528954703704,5.163241483767828,2.8768976460829627,9.490999839288726,1.6810127499578096,0.0,174200.0193907374,0.1263946713589364,0.974956,1.291206,2.117953,138.802003,0.0,0.0,22.82172402758881,0.0314841636825872,0.6027622636905093,5.199886487298717,0.0314841636825872,0.6027622636905093,0.8666477478831194,0.0314841636825872,0.6027622636905093,0.9095226516499256,17.4127519445437,0.1928936998158931,0,0,0,1,0,0,0,0,0,1,0,0,0,1,0,0,0,0,0,0,0,0,0,0,0
40.04215621782408,205.4489645571936,9.193488074551455,6.162923090749508,2.878009731678082,0.0,256650.7673017836,0.1446582645410113,1.30969,1.3685,2.838851,142.888668,1.137068,0.0,40.85934307941233,0.0817891816776046,0.6189696055371443,9.309723739612934,0.0817891816776046,0.6189696055371443,1.5516206232688223,0.0817891816776046,0.6189696055371443,4.230192701708395,32.013533504266704,0.2467585803497722,0,0,0,1,0,0,0,0,0,0,0,1,0,0,0,0,0,0,0,0,0,0,1,0,0
14.209714221064814,18.507209911800565,3.048178559513115,7.485738013859847,0.6258672598025782,0.0,78375.67513957583,0.1051205775702742,0.791778,1.2497969999999998,0.062677,153.05006799999998,1.137088,0.253763,14.499708388841649,0.0011337635403889,0.5952846829786258,3.303731025305692,0.0011337635403889,0.5952846829786258,0.5506218375509485,0.0011337635403889,0.5952846829786258,0.020809165465241,10.925891533587496,0.3522770279506931,0,0,0,0,0,0,0,0,1,0,0,1,0,0,0,0,0,0,0,0,0,0,0,1,0
29.52631852916667,44.10483167285011,11.441835247927148,6.0620473717614045,1.1425035611616907,0.0,196820.32821867507,0.1261399968547358,1.144906,1.279627,0.0956429999999999,140.385178,1.135293,0.447396,30.128896458333337,0.0232799399896064,0.6093279773347062,6.864811851265824,0.0232799399896064,0.6093279773347062,1.1441353085443038,0.0232799399896064,0.6093279773347062,0.8878467107633763,23.23845511175069,0.1446142356908253,0,0,1,0,0,0,0,0,0,0,0,1,0,0,0,0,0,0,0,0,1,0,0,0,0
32.28030587083334,29.565139382226125,2.68103097382781,8.079993328030447,1.1601870363707736,0.0,144503.54587267686,0.127209120007942,1.022975,1.2467700000000002,2.1429,151.071506,1.135263,0.0,32.93908762329932,0.007083063025253,0.6118530184021631,7.505108572397313,0.007083063025253,0.6118530184021631,1.2508514287328854,0.007083063025253,0.6118530184021631,0.2953286501647599,25.51124074142914,0.906378348889732,0,0,0,0,0,0,1,0,0,0,0,0,1,0,0,0,0,0,0,1,0,0,0,0,0
240.59065588777776,5.233902973504294,0.154528557736096,4.49181715761729,0.1965546287971434,0.0,63661.192333633095,0.1132953722628472,3.596451,1.574563,0.607286,89.44747199999999,49.637138,0.167716,245.50066927324264,0.0,0.8028459763620867,55.936861353397056,0.0,0.8028459763620867,9.322810225566174,0.0,0.8028459763620867,0.0,249.49268926610404,0.2826349971106336,0,0,0,0,0,0,1,0,0,0,0,1,0,0,1,0,0,0,0,0,0,0,0,0,0
19.44893456564815,5.435621284303212,1.1405472520301096,3.9648264226295966,1.26371691313436,0.0,152632.29662207735,0.1341587941495063,0.920141,1.1119450000000002,0.811868,166.834217,0.63568,0.08863,19.845851597600152,0.0303516109331873,0.6000883530359916,4.52183960451649,0.0303516109331873,0.6000883530359916,0.7536399340860817,0.0303516109331873,0.6000883530359916,0.7624728687697898,15.075018227595669,0.5288226852693388,0,0,0,0,0,0,0,0,1,1,0,0,0,0,0,0,0,0,0,1,0,0,0,0,0
109.15316052175925,9.8059480315163,1.8958794253049709,8.539234777720425,1.395324098406364,0.0,136485.87665804857,0.1312085395361736,2.054831,1.493668,0.319206,127.781257,1.136703,0.0,111.38077604261146,0.028050492663265,0.6823352286975677,25.377898338822863,0.028050492663265,0.6823352286975677,4.229649723137143,0.028050492663265,0.6823352286975677,3.954791950901319,96.20130037157956,0.27742865034791,0,0,0,0,1,0,0,0,0,0,0,1,0,0,0,0,0,1,0,0,0,0,0,0,0
14.95877433884259,42.358034438178656,4.398837878835573,5.421643509853372,1.0537763187925306,0.0,181159.7746927458,0.1322451676074549,0.81004,1.223405,0.569172,163.813919,1.135872,0.148727,15.264055447798562,0.0286289738531891,0.5959714717415104,3.477886051397141,0.0286289738531891,0.5959714717415104,0.5796476752328567,0.0286289738531891,0.5959714717415104,0.5531572712767774,11.515115936669025,0.9908500652796663,0,0,1,0,0,0,0,0,0,0,1,0,0,0,0,0,0,0,0,1,0,0,0,0,0
409.846497060787,4.733305755683354,0.4445276605925686,2.644551922520288,0.2442756262150028,0.0,177524.24143809953,0.1358165254624341,3.4697980000000004,1.437611,0.4490159999999999,140.914998,23.539712,0.0,418.2107112865173,0.0555833550060438,0.9580311304122744,95.28851649566217,0.0555833550060438,0.9580311304122744,15.881419415943691,0.0555833550060438,0.9580311304122744,29.42475244654255,507.1631398535994,0.6073884903232379,0,0,0,0,0,1,0,0,0,1,0,0,0,0,0,0,0,0,0,1,0,0,0,0,0
6.459803419861111,1.211364238247985,0.6742649686565216,1.3732027531527786,0.2173547695437781,0.0,181086.3673186451,0.1361790152726699,0.63313,1.005927,0.1663099999999999,197.903625,173.994922,0.030937,6.591636142715419,0.0254383943823246,0.588179042823314,1.5018917793528803,0.0254383943823246,0.588179042823314,0.2503152965588133,0.0254383943823246,0.588179042823314,0.2122539744597212,4.907673717799895,0.4630735999590284,0,0,0,0,0,0,0,0,1,0,0,1,0,1,0,0,0,0,0,0,0,0,0,0,0
48.578218646851845,5.387793941724868,2.690247664348685,8.630323384877304,1.5786525088248493,0.0,158330.4357951139,0.1306162274462713,1.499156,1.4366290000000002,2.774573,131.49546,0.370067,0.0,49.56961086413454,0.0421481825302573,0.6267960424497507,11.294341715878756,0.0421481825302573,0.6267960424497507,1.8823902859797923,0.0421481825302573,0.6267960424497507,2.644644312221987,39.32915938659961,0.1120577447081506,0,0,0,0,0,1,0,0,0,1,0,0,0,0,0,0,0,0,0,1,0,0,0,0,0
108.80228043736112,12.716520282200404,0.9839854288301308,4.9884364799344,1.066923265620101,0.0,184084.4283385792,0.1269780211954665,2.334088,1.544734,1.02451,93.290402,1.136143,0.0,111.0227351401644,0.0699507646472316,0.6820135182054919,25.296319399024803,0.0699507646472316,0.6820135182054919,4.2160532331708,0.0699507646472316,0.6820135182054919,9.83053824845769,95.84684328321522,0.4274562798239009,0,0,0,0,0,1,0,0,0,1,0,0,0,1,0,0,0,0,0,0,0,0,0,0,0
13.972578039814811,41.55174246515546,1.201806471573649,6.389439580537719,0.8845991716324855,0.0,126702.05819094724,0.1155224155893714,0.791031,1.295298,0.484519,152.761394,1.135282,0.0,14.257732693688585,0.0,0.59506726055726,3.248597322612589,0.0,0.59506726055726,0.541432887102098,0.0,0.59506726055726,0.0,10.739632830115127,0.324883980903232,0,0,1,0,0,0,0,0,0,1,0,0,0,0,1,0,0,0,0,0,0,0,0,0,0
33.10568743481481,13.557762860684168,3.668559430028609,8.219937237618353,1.3725340149099592,0.0,193278.7196867506,0.1377379242643464,1.02166,1.301927,2.769986,154.674714,0.370036,0.0,33.78131370899471,0.0357481895028954,0.612609783806943,7.697008186859554,0.0357481895028954,0.612609783806943,1.2828346978099254,0.0357481895028954,0.612609783806943,1.5286339292732944,26.19590289617945,0.3457415839357717,0,0,1,0,0,0,0,0,0,0,0,0,1,0,0,0,1,0,0,0,0,0,0,0,0
21.11652507050925,59.82940507162185,8.582730218946791,8.542787833179501,1.5931422593210527,0.0,189163.43305980216,0.1367093324482584,0.663281,1.186375,2.294937,165.495588,1.135288,0.0,21.547474561744146,0.01106624705929,0.6016173123179639,4.909551165967019,0.01106624705929,0.6016173123179639,0.8182585276611698,0.01106624705929,0.6016173123179639,0.3018350341823134,16.409283206425577,0.9210899691361224,0,0,0,0,0,0,1,0,0,0,0,0,1,0,0,0,0,0,1,0,0,0,0,0,0
77.7924033361574,16.68026700133369,0.8156408531774434,4.539794709185045,0.4767285001863964,0.0,106992.6876498801,0.1134111612624258,2.310247,1.377052,0.6488430000000001,110.943106,1.135579,0.442322,79.38000340424226,0.0110120647518137,0.6535815744588138,18.086583054131147,0.0110120647518137,0.6535815744588138,3.014430509021857,0.0110120647518137,0.6535815744588138,1.1065034651730568,65.67254127277297,0.6847073579870678,0,0,1,0,0,0,0,0,0,0,1,0,0,0,0,0,0,0,0,0,0,0,0,1,0
80.81644334671296,58.14965412503197,11.959051734823689,6.289062163812651,1.1316188592419063,0.0,237693.9996065648,0.1269065780248001,1.276059,1.356757,1.859117,145.124302,0.841026,0.0,82.46575851705404,0.0564587353227834,0.6563542180003286,18.789666497556617,0.0564587353227834,0.6563542180003286,3.1316110829261024,0.0564587353227834,0.6563542180003286,5.893560042160664,68.5148714471708,0.6707202087472096,0,0,1,0,0,0,0,0,0,0,1,0,0,1,0,0,0,0,0,0,0,0,0,0,0
12.405111700370371,81.86167451313564,0.60249984232213,3.748787265315616,0.5756847987786757,0.0,104897.87049891335,0.1116373785894265,0.691623,1.182774,2.061458,181.985654,1.134971,0.0,12.658277245275888,0.0098748622403063,0.5936301018531978,2.884164435632481,0.0098748622403063,0.5936301018531978,0.4806940726054134,0.0098748622403063,0.5936301018531978,0.1582262582236764,9.511815709366005,0.2238827036768256,0,0,0,0,0,0,0,0,1,0,0,1,0,0,0,0,0,0,1,0,0,0,0,0,0
17.979224848425925,68.26290043422154,1.0564097976513047,5.513166326984799,0.9736344538432516,0.0,167362.35772631894,0.1057765012388106,0.873444,1.166202,0.005315,144.267888,7.60285,0.795678,18.34614780451625,0.0297849451135783,0.598740824186792,4.18013494280117,0.0297849451135783,0.598740824186792,0.6966891571335283,0.0297849451135783,0.598740824186792,0.6916949435482445,13.904541338137674,0.1628815922966073,0,0,0,1,0,0,0,0,0,0,1,0,0,1,0,0,0,0,0,0,0,0,0,0,0
76.47785679925924,16.77761984212058,5.442543334812283,6.615203568689543,1.202323797366602,0.0,129413.67071342924,0.1006463815187879,2.272933,1.551608,1.766575,102.507584,1.135324,0.0,78.03862938699923,0.0326736322184495,0.6523763096631003,17.780953531215015,0.0326736322184495,0.6523763096631003,2.9634922552025023,0.0326736322184495,0.6523763096631003,3.2276018676236755,64.44373803880626,0.2000037539056635,0,0,0,1,0,0,0,0,0,0,1,0,0,0,0,0,1,0,0,0,0,0,0,0,0
28.27612843523148,7.213655136312757,4.103365768917459,11.377410112239188,5.28375413549318,0.0,183312.9352705336,0.1295309437693451,1.116059,1.407045,0.4594689999999999,121.675821,1.135341,0.0,28.85319228084845,0.0446834923429863,0.6081817188601107,6.574145076649014,0.0446834923429863,0.6081817188601107,1.095690846108169,0.0446834923429863,0.6081817188601107,1.631976451078487,22.212638070845177,0.6624216705209065,0,0,0,0,0,1,0,0,0,1,0,0,0,0,0,0,0,0,0,0,0,0,0,0,1
119.75193859458334,4.61758588382176,0.2650319661060683,2.581855105839187,0.3250836789322128,0.0,160061.38800209833,0.124950486514494,1.934304,1.533727,0.282089,110.791875,1.136101,0.0,122.19585570875851,0.0269535182614419,0.6920529022299907,27.84209370579308,0.0269535182614419,0.6920529022299907,4.640348950965513,0.0269535182614419,0.6920529022299907,4.169124339643732,107.04556529585253,0.6676149140054694,0,0,1,0,0,0,0,0,0,0,1,0,0,0,0,0,0,0,1,0,0,0,0,0,0
25.957998158425927,7.090888659159343,1.301943873901733,4.957016063536957,0.8344390329411275,0.0,185703.9173785972,0.1375102621974419,0.888966,1.229707,0.584828,170.75392,0.370256,0.0,26.4877532228836,0.0328942090863456,0.6060563009033576,6.035184278631705,0.0328942090863456,0.6060563009033576,1.0058640464386177,0.0328942090863456,0.6060563009033576,1.1029034085329863,20.32034143987573,0.5633243429520882,0,0,0,0,1,0,0,0,0,1,0,0,0,0,0,1,0,0,0,0,0,0,0,0,0
1.888204,5.478342951479412,1.117029234516821,8.764057817504845,1.654169539610545,0.0,167665.4748388789,0.138992033827362,1.58869,0.412739,0.658411,560.9684940000001,6.040184,0.0,49.04986317668179,0.0404675789585201,0.6263290335601439,11.175918192155343,0.0404675789585201,0.6263290335601439,1.8626530320258905,0.0404675789585201,0.6263290335601439,2.512568621527822,38.88778911355493,0.8622236533127927,0,1,0,0,0,0,0,0,0,0,1,0,0,1,0,0,0,0,0,0,0,0,0,0,0
33.547374256574074,39.63176282246908,3.062288588328327,7.375441861095474,1.2381044232445084,0.0,117390.54783516936,0.1182524126728804,1.1795639999999998,1.381962,2.267158,136.82298,1.135001,0.0,34.232014547524564,0.0071853351448666,0.6130147520313872,7.799699517157495,0.0071853351448666,0.6130147520313872,1.2999499195262492,0.0071853351448666,0.6130147520313872,0.3113525281112861,26.56294925238685,0.810798199409248,0,0,0,0,0,0,0,0,1,0,0,1,0,0,0,0,0,0,0,1,0,0,0,0,0
52.17950642013889,18.731990967478072,3.662136134483832,10.445433832758622,2.3930561442455227,0.0,189112.41181429857,0.1371983610254397,1.801248,1.381799,1.186073,118.027754,1.137082,0.0,53.24439430626418,0.0436813764132695,0.6300979456160075,12.131634145731075,0.0436813764132695,0.6300979456160075,2.0219390242885127,0.0436813764132695,0.6300979456160075,2.9440359868208508,42.46732084550089,0.8344697507216174,0,0,0,0,0,0,1,0,0,1,0,0,0,0,0,0,0,0,1,0,0,0,0,0,0
30.656782218333333,15.428919258571806,1.5087692293045905,6.537036686492481,1.3064287838389834,0.0,185235.734356265,0.1384568412205298,1.030375,1.016033,0.255673,153.783898,0.370265,0.530145,31.282430835034013,0.0347630739894291,0.6103644625782031,7.127642468741927,0.0347630739894291,0.6103644625782031,1.1879404114569876,0.0347630739894291,0.6103644625782031,1.376548680617073,24.169220360462457,0.439765055828285,0,0,1,0,0,0,0,0,0,0,1,0,0,0,1,0,0,0,0,0,0,0,0,0,0
36.400263805879625,38.023193039212906,6.218861842326981,7.745193907968717,1.40458414873345,0.0,152275.90476056654,0.120641671308725,1.292808,1.366864,2.25435,134.029313,0.0,0.0,37.14312633253023,0.0222512965312119,0.6156304733035683,8.462990809943596,0.0222512965312119,0.6156304733035683,1.4104984683239326,0.0222512965312119,0.6156304733035683,1.046180655849868,28.94486132160736,0.1361976527954521,0,0,0,1,0,0,0,0,0,1,0,0,0,0,0,0,1,0,0,0,0,0,0,0,0
30.20603254305556,8.6429402419499,0.4610702546773483,1.5683118788172588,0.2345800855391317,0.0,194707.49022969123,0.1140705150612395,1.165772,1.389778,0.485327,133.203183,1.138562,0.0089819999999999,30.82248218679138,0.0345825810264077,0.6099511849192977,7.022844042560061,0.0345825810264077,0.6099511849192977,1.1704740070933433,0.0345825810264077,0.6099511849192977,1.349267072986989,23.79773358479411,0.2212663885629666,0,0,0,1,0,0,0,0,0,0,1,0,0,1,0,0,0,0,0,0,0,0,0,0,0
22.99714354796296,97.00974234853472,1.1980511924599206,5.251194848145227,1.457389651013793,0.0,241384.72621590228,0.1184079385221862,0.907192,1.34575,0.971644,147.444739,0.0134949999999999,0.0367,23.46647300812547,0.0317309633488976,0.603341589991991,5.346791318307068,0.0317309633488976,0.603341589991991,0.8911318863845114,0.0317309633488976,0.603341589991991,0.9425491075300324,17.921897640793112,0.0460875133840029,0,0,1,0,0,0,0,0,0,1,0,0,0,1,0,0,0,0,0,0,0,0,0,0,0
33.76241336800927,21.912387946673803,4.337157200566299,8.090627383270995,1.4922471137927305,0.0,165261.3653139988,0.135469031348217,1.243593,1.352624,0.236344,134.74117900000002,0.37183,0.0,34.45144221225436,0.036013662891189,0.6132119143709769,7.8496956939313725,0.036013662891189,0.6132119143709769,1.3082826156552283,0.036013662891189,0.6132119143709769,1.5705349695536828,26.74181624280706,0.0137175827699602,0,0,0,0,0,1,0,0,0,0,0,0,1,1,0,0,0,0,0,0,0,0,0,0,0
21.84229161814815,6.84798135189783,2.9610909992556493,9.576465493483507,1.5951366395973188,0.0,160619.0196717626,0.1377892163302972,0.964249,1.22361,0.510073,144.827221,0.0,0.59159,22.288052671579745,0.0212236604075718,0.6022827439669945,5.078290482132093,0.0212236604075718,0.6022827439669945,0.8463817470220155,0.0212236604075718,0.6022827439669945,0.5987772924654228,16.992037367999938,0.2539047041368313,0,0,0,0,0,0,0,0,1,0,0,1,0,0,0,0,0,0,0,0,0,1,0,0,0
32.741263985046295,18.31648981571197,4.217502416752511,6.855492834850467,1.15551212265623,0.0,176956.20323741008,0.1371999937746164,1.242003,1.067099,0.751167,152.487217,0.371473,0.60002,33.409453045965606,0.0356011118550692,0.6122756558453915,7.612280440852922,0.0356011118550692,0.6122756558453915,1.2687134068088202,0.0356011118550692,0.6122756558453915,1.5055869302608935,25.89341110779038,0.8787351432716648,0,0,0,1,0,0,0,0,0,0,0,1,0,0,0,0,0,0,0,0,1,0,0,0,0
79.77777923560187,9.862499444825309,0.7882934698669745,4.331886266918777,1.234384125156654,0.0,177707.37707021882,0.1294542329488612,2.023154,1.35913,0.839599,159.44913799999998,1.135233,0.0,81.40589717918559,0.0559771161739827,0.6554019007924136,18.54817910411824,0.0559771161739827,0.6554019007924136,3.0913631840197056,0.0559771161739827,0.6554019007924136,5.768186536261475,67.53617689487342,0.5211498373641543,0,0,0,0,0,1,0,0,0,0,0,0,1,0,0,1,0,0,0,0,0,0,0,0,0
24.422175433935184,39.166494106111074,1.432473949319739,6.445567873170336,1.313023836635571,0.0,163605.91507419065,0.1187440866081834,1.0304870000000002,1.260027,0.960234,154.533324,1.136473,0.0,24.920587177484883,0.025831547561198,0.6046481551965854,5.67810847081934,0.025831547561198,0.6046481551965854,0.9463514118032232,0.025831547561198,0.6046481551965854,0.8148573834533954,19.07365451048344,0.4878480995374766,0,0,1,0,0,0,0,0,0,0,0,1,0,0,0,1,0,0,0,0,0,0,0,0,0
220.1846228926852,4.126912860075633,0.4757465557943431,3.53983330926735,0.6194191691543844,0.0,204679.23538669065,0.1370728717004652,3.381192,1.487613,0.427042,131.24298000000002,6.918183,0.0,224.67818662518897,0.1334952137185113,0.784136351028331,51.19249821839748,0.1334952137185113,0.784136351028331,8.53208303639958,0.1334952137185113,0.784136351028331,37.96640828027491,223.01054862776968,0.7017535877333086,0,0,1,0,0,0,0,0,0,1,0,0,0,1,0,0,0,0,0,0,0,0,0,0,0
0.992205,12.322730446997143,3.491539075791979,10.286033275887837,1.8747542687743115,0.0,177815.6282786271,0.1380036939605534,0.790918,0.385038,0.64277,504.533088,1.051601,0.0,25.77450291028911,0.0322144881315045,0.6054154240999821,5.872671549179797,0.0322144881315045,0.6054154240999821,0.9787785915299662,0.0322144881315045,0.6054154240999821,1.0510283773404268,19.75225520303659,0.0431782365848223,0,1,0,0,0,0,0,0,0,0,0,1,0,1,0,0,0,0,0,0,0,0,0,0,0
61.9222012398148,44.73605458849952,12.354209848445096,9.659713467248052,1.9347166782088705,0.0,180767.2464778177,0.136038896402152,1.907644,1.477097,0.953383,117.770439,0.372101,0.018327,63.185919632464085,0.0479116484550976,0.639030704367358,14.396791814991817,0.0479116484550976,0.639030704367358,2.399465302498636,0.0479116484550976,0.639030704367358,3.832077935117303,51.11106674535797,0.8292523634501603,0,0,0,0,0,1,0,0,0,1,0,0,0,0,0,0,0,0,0,0,1,0,0,0,0
106.15839658296296,3.083154862835294,0.4137420523152363,6.51403627578589,2.3629602682676247,0.0,186371.62573066543,0.1337678118718328,2.424105,1.46568,0.345904,124.71795,38.584962,0.017048,108.3248944724112,0.0686336420092302,0.6795894274302956,24.68162152535951,0.0686336420092302,0.6795894274302956,4.1136035875599175,0.0686336420092302,0.6795894274302956,9.411053199882424,93.1853835581685,0.3353226338772144,0,0,0,1,0,0,0,0,0,0,0,1,0,0,0,0,0,0,0,0,0,0,0,0,1
88.56256098731482,3.5177348264626094,0.7364171193086272,4.096006513499527,0.4627101007911512,0.0,136043.34528627098,0.1319329150074677,2.371255,1.572026,0.128438,124.767451,1.1386969999999998,0.0,90.36996019113758,0.0240374819174122,0.6634563803305429,20.590623841018687,0.0240374819174122,0.6634563803305429,3.431770640169781,0.0240374819174122,0.6634563803305429,2.749704156926242,75.89433756838909,0.8732744019189247,0,0,0,0,0,1,0,0,0,1,0,0,0,0,0,0,0,1,0,0,0,0,0,0,0
36.94632618782407,9.024396635804855,1.185879568616263,5.033297090507526,0.7525340224341522,0.0,138415.91089628296,0.1277427519682785,1.215952,1.270502,0.930053,116.475356,1.13671,0.0,37.70033284471844,0.0149233909070823,0.6161311400709648,8.589949255758631,0.0149233909070823,0.6161311400709648,1.431658209293105,0.0149233909070823,0.6161311400709648,0.7121731700871494,29.40297348945723,0.876129761506624,0,0,0,0,1,0,0,0,0,1,0,0,0,0,0,0,0,1,0,0,0,0,0,0,0
18.12871101657408,6.507374307087489,1.3804591256651662,3.5613262113049733,0.4747381201393598,0.0,173625.17543465228,0.1380301986595423,0.601626,0.94635,0.159474,184.490249,0.3699639999999999,0.131766,18.49868471078988,0.0298424562742556,0.598877883173186,4.214890187268579,0.0298424562742556,0.598877883173186,0.7024816978780963,0.0298424562742556,0.598877883173186,0.6987926450797314,14.023358406438,0.4276739392042064,0,0,0,0,1,0,0,0,0,0,0,0,1,0,0,0,0,0,1,0,0,0,0,0,0
46.852406945370376,100.57184547242665,9.584432104508654,6.263587423365751,1.772106860252879,0.0,185088.9324228117,0.1272095777005028,1.278122,1.306346,3.545468,153.327459,0.0,0.0,47.80857851568406,0.0414192760140235,0.6252137020536975,10.893093839016622,0.0414192760140235,0.6252137020536975,1.815515639836104,0.0414192760140235,0.6252137020536975,2.506578113138272,37.836175143943926,0.1291223390647438,0,0,0,1,0,0,0,0,0,1,0,0,0,0,0,0,0,0,0,0,1,0,0,0,0
183.4944241465741,4.327486205668676,0.3745700340959236,3.2613908827161904,1.1878479142412006,0.0,247828.99913818945,0.1352854994453972,2.435009,1.608157,0.2181489999999999,99.489133,6.87668,0.0,187.23920831283067,0.1820851854512728,0.7504963058453278,42.66209809659433,0.1820851854512728,0.7504963058453278,7.110349682765721,0.1820851854512728,0.7504963058453278,43.15631135365985,177.87637233947245,0.9307806532506409,0,0,0,1,0,0,0,0,0,0,1,0,0,0,0,0,0,0,0,0,0,0,1,0,0
77.07116821527778,6.144255005745661,2.11190841052172,10.721461309803477,2.387701038262255,0.0,169870.7427870204,0.1295512649509832,2.257471,1.419689,1.359856,87.337222,1.136532,0.0,78.64404919926304,0.0547285153371381,0.6529202975270137,17.918897285908034,0.0547285153371381,0.6529202975270137,2.986482880984672,0.0547285153371381,0.6529202975270137,5.4481924718690085,64.99784304039484,0.774689462685197,0,0,1,0,0,0,0,0,0,1,0,0,0,0,1,0,0,0,0,0,0,0,0,0,0
41.29860884537037,6.029186950411115,0.8706656452849043,7.40357135182662,2.088813077631614,0.0,164905.07619529378,0.138580218743649,1.2271219999999998,1.282204,2.354321,144.103609,0.372172,0.0,42.14143759731671,0.0390992429971582,0.620121605924317,9.60184654116077,0.0390992429971582,0.620121605924317,1.600307756860128,0.0390992429971582,0.620121605924317,2.085694061857047,33.079513871908134,0.3123347570540845,0,0,0,0,0,0,0,0,1,0,0,1,0,0,1,0,0,0,0,0,0,0,0,0,0
63.221142357592605,26.090405713944207,6.416648301575109,11.638641420314066,3.815041417698208,0.0,193664.8665317745,0.1370347548517392,2.174732,1.483357,1.824627,103.220207,1.136484,0.0,64.51136975264552,0.0484847457107749,0.6402216610638446,14.698793108197714,0.0484847457107749,0.6402216610638446,2.4497988513662854,0.0484847457107749,0.6402216610638446,3.9592624783681,52.280476329800734,0.2390199199899948,0,0,0,0,1,0,0,0,0,1,0,0,0,0,0,0,0,0,0,1,0,0,0,0,0
44.96931909490741,7.326296833583287,0.8090861122385203,8.806415101607069,2.573517592404958,0.0,205787.0772819245,0.1383797516353982,1.5727719999999998,1.394688,0.579026,128.335216,1.135961,0.0,45.88706030092593,0.0406282538336042,0.623487160292191,10.455279562236289,0.0406282538336042,0.623487160292191,1.7425465937060478,0.0406282538336042,0.623487160292191,2.3598875108657267,36.215180912887135,0.8105618766255068,0,0,0,0,0,1,0,0,0,1,0,0,0,1,0,0,0,0,0,0,0,0,0,0,0
3.251246,32.936104949315386,4.190028284379332,10.201174477593218,2.441305498710925,0.0,172383.1429481415,0.1386537645860827,1.719467,0.352917,1.244414,671.7085509999999,0.0,0.0,84.45759645342025,0.0530226258135244,0.6581439441412916,19.243502989386894,0.0530226258135244,0.6581439441412916,3.2072504982311485,0.0530226258135244,0.6581439441412916,5.668561435265002,70.36108309183236,0.0636223360595409,0,0,0,1,0,0,0,0,0,0,1,0,0,1,0,0,0,0,0,0,0,0,0,0,0
22.954705972638887,26.72836194038392,3.930457034985796,6.450855621045156,0.9745719126946064,0.0,137899.0255920264,0.1288595165994813,0.989117,1.200655,0.856706,155.69036,1.137037,0.0,23.4231693598356,0.0113220306374879,0.6033026803648931,5.33692466426634,0.0113220306374879,0.6033026803648931,0.8894874440443897,0.0113220306374879,0.6033026803648931,0.3356934697710471,17.887671971429942,0.6395758514307739,0,0,0,0,0,0,0,0,1,1,0,0,0,0,0,0,0,0,0,0,0,1,0,0,0
37.35204162749999,4.313080684343974,0.7544932997198128,7.688370625749767,0.9154742726033254,0.0,159168.2345061451,0.1300924020401722,1.254812,1.3331879999999998,1.207649,116.813242,1.135355,0.0,38.11432819132652,0.0074948789963263,0.6165031273097525,8.684277309416169,0.0074948789963263,0.6165031273097525,1.4473795515693613,0.0074948789963263,0.6165031273097525,0.3615978200256504,29.74380066488996,0.1143004835512658,0,0,1,0,0,0,0,0,0,0,0,0,1,0,0,0,0,0,0,1,0,0,0,0,0
40.6273212486574,3.635055222965422,0.2967776275938935,3.5177000069218,0.2633671970676175,0.0,138561.98727892686,0.1358207511029941,1.392542,1.301313,0.477299,147.25043300000002,1.2513299999999998,0.161581,41.45645025373205,0.0138592652713304,0.6195061242464859,9.445773475533883,0.0138592652713304,0.6195061242464859,1.574295579255647,0.0138592652713304,0.6195061242464859,0.7272860016128956,32.50952509076808,0.0596942510777204,0,0,1,0,0,0,0,0,0,0,1,0,0,0,0,0,0,0,1,0,0,0,0,0,0
9.27725619361111,59.05277936799185,4.741758837688455,6.725013824389707,1.7214482506687978,0.0,172139.675003747,0.1390678294949966,0.68771,1.1547040000000002,0.33528,180.782398,0.37239,0.0,9.4665879526644,0.0350011617700207,0.5907622732731075,2.156944090480496,0.0350011617700207,0.5907622732731075,0.3594906817467493,0.0350011617700207,0.5907622732731075,0.4194197168877672,7.079117745640295,0.1661562742889254,0,0,0,1,0,0,0,0,0,0,0,1,0,0,0,0,0,0,0,0,0,0,1,0,0
14.20243338930556,3.1330319742361703,3.485737319615819,14.866359594056933,4.194213876907202,0.0,274546.28226169065,0.1206538426361495,0.766263,1.320831,0.2061219999999999,148.983925,121.675865,0.0,14.492278968679145,0.028341322929698,0.5952780074217272,3.302038246028159,0.028341322929698,0.5952780074217272,0.5503397076713598,0.028341322929698,0.5952780074217272,0.519911845871654,10.920170819588764,0.1673307581499218,0,0,1,0,0,0,0,0,0,1,0,0,0,1,0,0,0,0,0,0,0,0,0,0,0
81.30352080842593,5.476008527051835,0.6966035448247009,9.439071841663022,0.4461629124139424,0.0,183347.22706834527,0.1334882510258711,2.82885,1.489208,1.198306,98.893619,1.134788,0.0,82.9627763351285,0.0,0.6568008034204029,18.902911063700163,0.0,0.6568008034204029,3.15048517728336,0.0,0.6568008034204029,0.0,68.97470652012606,0.2073742183795764,0,0,1,0,0,0,0,0,0,1,0,0,0,0,1,0,0,0,0,0,0,0,0,0,0
13.939610637268515,6.124954059578124,14.105641161509268,9.54661749764312,2.003412926511513,0.0,268424.9657898681,0.1368599730394155,0.7955180000000001,1.254585,0.163748,139.26228400000002,1.135634,0.0,14.224092487008692,0.0464008441792401,0.5950370338223518,3.240932465394385,0.0464008441792401,0.5950370338223518,0.5401554108990642,0.0464008441792401,0.5950370338223518,0.8354555684566974,10.713749116815762,0.2925143235349345,0,0,0,1,0,0,0,0,0,0,0,1,0,0,0,0,0,0,0,0,0,0,1,0,0
34.43703589115741,7.440933807123275,0.8303202871653101,3.9664040552340536,0.6077570618628312,0.0,173318.8331272482,0.1372095547098336,1.239948,1.386422,0.732208,143.671043,0.0,0.0,35.13983254199736,0.0362869404838962,0.6138304537339608,8.006544123493068,0.0362869404838962,0.6138304537339608,1.334424020582178,0.0362869404838962,0.6138304537339608,1.6140721671715677,27.303670067581823,0.9155244268641626,0,0,1,0,0,0,0,0,0,0,1,0,0,0,1,0,0,0,0,0,0,0,0,0,0
187.85202741194448,5.5588865981215525,2.004168677958939,10.168764281330064,1.9318157737489512,0.0,206882.55361960432,0.1329425397179395,1.561582,1.258677,0.336111,167.581222,10.929295,0.0,191.6857422570862,0.1863621333835092,0.7544916499902596,43.67523241300698,0.1863621333835092,0.7544916499902596,7.279205402167829,0.1863621333835092,0.7544916499902596,45.21894160282541,183.069989816654,0.2546497651231271,0,0,0,0,0,1,0,0,0,0,0,0,1,0,0,0,0,0,0,0,0,0,0,0,1
44.967537073148144,11.04368279661451,2.597338615561561,8.012646821477144,1.0016816265577322,0.0,141287.0801483813,0.1305467624583547,1.385608,1.372183,3.100147,140.469432,1.13679,0.0,45.88524191137566,0.0081255014793084,0.6234855264146284,10.454865245629897,0.0081255014793084,0.6234855264146284,1.742477540938316,0.0081255014793084,0.6234855264146284,0.4719501278851993,36.21365089591978,0.7510246860784051,0,0,0,0,0,0,0,1,0,1,0,0,0,0,0,0,0,0,0,1,0,0,0,0,0
14.108393555324072,3.918474749440239,0.5052163152100085,3.661634373722032,2.2940751578417613,0.0,172221.60679893586,0.132363827072745,0.7852020000000001,1.230075,0.358465,178.782839,31.780898,0.000194,14.39631995441232,0.0283056085100147,0.595191785368638,3.2801741668281235,0.0283056085100147,0.595191785368638,0.5466956944713538,0.0283056085100147,0.595191785368638,0.5158184767272265,10.846292881525088,0.1503279210082118,0,0,0,0,0,0,0,0,1,0,0,1,0,0,1,0,0,0,0,0,0,0,0,0,0
1.287783,4.4352878757885525,0.9247833836278756,4.388681835407834,0.9572026841789126,0.0,169080.08878522183,0.1376506982268475,1.129205,0.316869,0.107622,529.463429,6.249968,0.002156,33.4527307172619,0.0349370716170526,0.6123145421313813,7.622141176084989,0.0349370716170526,0.6123145421313813,1.2703568626808317,0.0349370716170526,0.6123145421313813,1.4794182896898171,25.928599357195715,0.7414257534162636,0,1,0,0,0,0,0,0,0,0,1,0,0,1,0,0,0,0,0,0,0,0,0,0,0
184.7304089813425,5.216153690928505,0.974218822497544,11.970440054968964,2.6085161751122783,0.0,189804.99793914868,0.1381176193948272,2.615335,1.573049,1.544836,88.84326999999999,0.370688,0.0,188.5004173279005,0.1115607256293741,0.7516295399816384,42.94946217597734,0.1115607256293741,0.7516295399816384,7.158243695996222,0.1115607256293741,0.7516295399816384,26.61929536524107,179.34491387660347,0.6820336333514563,0,0,1,0,0,0,0,0,0,0,0,0,1,0,0,0,1,0,0,0,0,0,0,0,0
1.526746,4.588473053205581,0.6190592957486352,5.842660755276394,1.4520163004346889,0.0,168509.4915505096,0.1387275400743496,1.397302,0.323702,0.071426,534.376802,6.292631,0.001283,39.6602710329743,0.0371381715549946,0.6178922033312584,9.036517450551106,0.0371381715549946,0.6178922033312584,1.5060862417585177,0.0371381715549946,0.6178922033312584,1.8644429741015005,31.019964877568828,0.8011213260356836,0,1,0,0,0,0,0,0,0,0,1,0,0,1,0,0,0,0,0,0,0,0,0,0,0
21.55340043351852,38.791300480706354,22.31054278927,8.837565568425386,1.8550023811040737,0.0,166112.41932703837,0.133866174008063,0.967069,1.323859,0.572562,138.59611999999998,0.371228,0.0,21.993265748488284,0.0311677865506356,0.6020178690729892,5.01112384142771,0.0311677865506356,0.6020178690729892,0.8351873069046183,0.0311677865506356,0.6020178690729892,0.8676979903801111,16.759922759317565,0.2214261208196961,0,0,0,0,0,1,0,0,0,0,1,0,0,0,0,0,1,0,0,0,0,0,0,0,0
45.277252454907405,6.674344531127384,0.7598645100347715,8.58567046661743,1.9490050863590744,0.0,179588.5395308753,0.1337198308028048,1.49063,1.491254,2.11916,107.992835,1.134481,0.0,46.20127801521164,0.0326058389240199,0.6237694943350081,10.526873471820371,0.0326058389240199,0.6237694943350081,1.754478911970062,0.0326058389240199,0.6237694943350081,1.906875226642852,36.479680791366704,0.512832230649718,0,0,0,0,1,0,0,0,0,1,0,0,0,0,0,1,0,0,0,0,0,0,0,0,0
22.052137409027782,30.5504338162286,1.966183254115588,5.23093782883468,3.9881041756065057,0.0,313024.0644671763,0.1478304686538464,0.916968,1.200246,3.71681,155.435584,0.0,0.0,22.502181029620186,0.0664875150845733,0.6024751447205446,5.127079221938776,0.0664875150845733,0.6024751447205446,0.8545132036564627,0.0664875150845733,0.6024751447205446,1.893815317269205,17.160765534618122,0.4841183047295255,0,0,1,0,0,0,0,0,0,0,1,0,0,0,0,0,0,0,0,0,0,0,1,0,0
4.136199790509259,4.574407924924578,0.9361720351006488,4.064382491351889,0.8005373387885608,0.0,173807.9773306355,0.1394312853078476,0.5592050000000001,1.0535139999999998,0.2763,190.389699,137.331313,1.6e-05,4.220612031131897,0.0324851755242325,0.5860486065283329,0.9616584374730904,0.0324851755242325,0.5860486065283329,0.160276406245515,0.0324851755242325,0.5860486065283329,0.1735535729759585,3.130992151318437,0.1231170350667781,0,0,0,0,0,1,0,0,0,1,0,0,0,0,0,0,0,0,0,0,0,0,1,0,0
37.19109960518519,9.815610816365195,1.453245254443418,5.199019568143703,0.6824381559443988,0.0,153591.4076738609,0.1245738736909928,1.209029,1.355407,1.473984,158.667066,1.13436,0.0,37.95010163794407,0.0149634210399801,0.6163555648247419,8.646858601050546,0.0149634210399801,0.6163555648247419,1.441143100175091,0.0149634210399801,0.6163555648247419,0.7188143662260723,29.608552316723262,0.7604043820117119,0,0,1,0,0,0,0,0,0,1,0,0,0,0,0,0,0,1,0,0,0,0,0,0,0
62.60749043606483,26.419602609816053,2.791629395038961,6.95929728423377,1.089323363286986,0.0,140500.2076682404,0.1255550927145304,1.211056,1.309333,2.765264,153.28037700000002,1.135296,0.0,63.88519432251513,0.0172123029073647,0.6396590236546095,14.556120225383196,0.0172123029073647,0.6396590236546095,2.4260200375638656,0.0172123029073647,0.6396590236546095,1.3919130581961885,51.727520286487376,0.328737754290774,0,0,1,0,0,0,0,0,0,0,0,1,0,0,0,0,0,0,0,0,0,1,0,0,0
67.53882833555556,9.719190653165182,0.7887948267965865,4.433652392394251,0.6709450057370485,0.0,172986.7604728717,0.131232261336107,1.671509,1.486835,0.581704,129.010148,0.180222,2.2e-05,68.91717177097507,0.0504051065214594,0.6441804063513742,15.702646732627231,0.0504051065214594,0.6441804063513742,2.617107788771205,0.0504051065214594,0.6441804063513742,4.397186562371794,56.19631862786605,0.785672982297089,0,0,0,0,0,0,0,0,1,0,0,1,0,1,0,0,0,0,0,0,0,0,0,0,0
22.212723026990744,14.53848930540539,3.867986522990165,12.60758421918471,2.600280016446285,0.0,266178.04816771584,0.1356619707436012,0.983016,1.006622,0.086636,135.275839,1.144073,0.253925,22.6660439050926,0.0565643658946824,0.6026223804300428,5.164415066983123,0.0565643658946824,0.6026223804300428,0.8607358444971871,0.0565643658946824,0.6026223804300428,1.6228992415602468,17.28995611774527,0.6015969754271453,0,0,1,0,0,0,0,0,0,1,0,0,0,0,0,0,0,0,0,0,0,0,1,0,0
1.738087,4.551486643723079,0.5277256493945773,4.158823749716047,0.8868825053282493,0.0,168050.70775254795,0.1379213014380823,1.61139,0.381723,0.043007,463.633336,8.113072,1e-06,45.15027483215231,0.0390848438933257,0.6228251364449338,10.287404392135969,0.0390848438933257,0.6228251364449338,1.7145673986893275,0.0390848438933257,0.6228251364449338,2.2337866374119337,35.59585580109053,0.2885748141205545,0,0,1,0,0,0,0,0,0,1,0,0,0,1,0,0,0,0,0,0,0,0,0,0,0
112.1998322086574,53.03740465754554,4.92042081361766,9.651078359114466,1.8005423783112486,0.0,202620.32479016783,0.1354853639142404,1.879641,1.4160469999999998,1.599662,115.893523,1.136759,0.0,114.48962470271164,0.0716563677562523,0.6851286224841275,26.08624360314949,0.0716563677562523,0.6851286224841275,4.347707267191581,0.0716563677562523,0.6851286224841275,10.3846970278137,99.29128969783996,0.5735541303345936,0,0,0,0,0,0,1,0,0,1,0,0,0,0,0,1,0,0,0,0,0,0,0,0,0
46.12982257944444,9.005665219397772,2.303651793683461,7.162918965593517,1.1369401731794115,0.0,172735.1692146283,0.1319856012342788,1.584932,1.375743,0.514212,145.68151799999998,1.136702,0.0,47.07124753004536,0.0246691263491405,0.6245511880431717,10.725094373934384,0.0246691263491405,0.6245511880431717,1.7875157289890635,0.0246691263491405,0.6245511880431717,1.4698817123169083,37.21316907286587,0.2111909438473633,0,0,1,0,0,0,0,0,0,0,0,1,0,0,0,0,1,0,0,0,0,0,0,0,0
42.80014037972222,5.270337094011761,0.3133289372320655,1.960309703858922,0.4386531802461587,0.0,199269.9466895233,0.112462944473973,1.36174,1.511795,0.111081,112.548923,3.842483,0.005895,43.67361263236962,0.0397226302693283,0.621498311158563,9.95094971370447,0.0397226302693283,0.621498311158563,1.6584916189507448,0.0397226302693283,0.621498311158563,2.195988312812009,34.35832467495063,0.5120903938519555,0,0,0,1,0,0,0,0,0,0,1,0,0,1,0,0,0,0,0,0,0,0,0,0,0
15.22022238837963,3.2533710908322107,0.3771698706262975,2.324702833339179,0.2963867480341765,0.0,172458.01340490108,0.1247134292386561,0.796916,1.273243,0.349074,173.990793,5.8301620000000005,0.000181,15.53083917181595,0.0287285763394173,0.5962111849210517,3.538672216363128,0.0287285763394173,0.5962111849210517,0.5897787027271879,0.0287285763394173,0.5962111849210517,0.5647834161553508,11.721088639805917,0.9678052138345732,0,0,1,0,0,0,0,0,0,1,0,0,0,0,0,1,0,0,0,0,0,0,0,0,0
1.472811,19.27649303731464,2.479556975604819,6.884159146452979,1.9307260327487827,0.0,166803.04232239208,0.1389141119748568,1.36197,0.3147,0.438762,562.459129,0.8997930000000001,0.045786,38.25920188449547,0.0366413736191096,0.6166333006692757,8.717286505328081,0.0366413736191096,0.6166333006692757,1.4528810842213469,0.0366413736191096,0.6166333006692757,1.7745186210363804,29.86316194811217,0.4496580045903532,0,0,0,1,0,0,0,0,0,0,0,1,0,1,0,0,0,0,0,0,0,0,0,0,0
112.89510072675928,6.209062584241232,0.3995533849981477,5.040896501472528,0.8463518838945339,0.0,176304.64442820742,0.1381059571457423,1.819708,1.431187,0.5979260000000001,121.161731,16.270698,0.0,115.19908237424416,0.0720072041789228,0.6857660914857295,26.24789218653664,0.0720072041789228,0.6857660914857295,4.374648697756107,0.0720072041789228,0.6857660914857295,10.500207399679423,99.9995246361114,0.7770021582341969,0,0,0,0,0,0,1,0,0,0,1,0,0,0,1,0,0,0,0,0,0,0,0,0,0
1.155174,2.931959534542901,0.7065779391667254,2.826501214532829,0.4673589841067362,0.0,167705.53840677458,0.1383597017478028,1.025806,0.339332,0.165463,535.696875,1.461753,0.0,30.00794757624716,0.0337156036003698,0.6092193011356853,6.837253878132264,0.0337156036003698,0.6092193011356853,1.139542313022044,0.0337156036003698,0.6092193011356853,1.280678563723329,23.1410390517944,0.6526746172793861,0,1,0,0,0,0,0,0,0,0,0,1,0,1,0,0,0,0,0,0,0,0,0,0,0
43.028926516157405,58.50539131618682,6.981633853426368,6.2210824409548895,1.284758911430121,0.0,181004.5187818496,0.1216760811706384,1.471604,1.106953,1.195984,142.541781,7.110206,0.8242889999999999,43.907067873630005,0.0398178659785899,0.6217080776964927,10.004142047156204,0.0398178659785899,0.6217080776964927,1.6673570078593671,0.0398178659785899,0.6217080776964927,2.2130199292469017,34.5536440063341,0.0337211930589106,0,0,0,1,0,0,0,0,0,1,0,0,0,1,0,0,0,0,0,0,0,0,0,0,0
25.44111001842592,23.497382164001465,11.7397961818057,7.151056684750161,1.913218418971526,0.0,176070.897659997,0.1265897887448469,1.046643,1.323204,0.29412,137.18911200000002,1.135611,0.018808,25.96031634533257,0.0326903353401295,0.6055823830457716,5.91500878754413,0.0326903353401295,0.6055823830457716,0.9858347979240216,0.0326903353401295,0.6055823830457716,1.0742423378035049,19.90013954054253,0.450178565827279,0,0,0,0,0,1,0,0,0,1,0,0,0,1,0,0,0,0,0,0,0,0,0,0,0
38.60867245722222,15.890886729104178,3.3285002817067024,7.820429316527552,0.9646507005611484,0.0,171540.58994679258,0.1364293323932505,1.282957,1.36179,1.493449,147.049892,1.134444,0.0,39.39660454818594,0.007597924087509,0.6176552910846815,8.976441542624645,0.007597924087509,0.6176552910846815,1.4960735904374405,0.007597924087509,0.6176552910846815,0.3789017856490281,30.80192563285807,0.7398133679348838,0,0,0,0,1,0,0,0,0,0,0,1,0,0,0,0,0,0,0,1,0,0,0,0,0
43.517276850555554,42.3990703128633,3.308089709396271,6.2870334589795815,1.134849313923495,0.0,180738.71785071943,0.1390254047991846,1.437838,1.259209,2.127159,158.96226399999998,0.370309,0.176639,44.40538454138322,0.0400213713843245,0.6221558301719691,10.117682553732886,0.0400213713843245,0.6221558301719691,1.6862804256221473,0.0400213713843245,0.6221558301719691,2.249575172398026,34.97097327018962,0.7692686738806098,0,0,0,0,0,0,0,1,0,1,0,0,0,0,0,0,0,1,0,0,0,0,0,0,0
75.7365612048611,20.017701612200057,0.3078471968750016,2.8675199398319786,0.1981755249934802,0.0,78944.3592860087,0.1063548773437809,2.2391330000000003,1.485035,1.881612,123.470505,1.13703,0.0,77.28220531108276,0.0108232524075152,0.6516966399381672,17.60860374176569,0.0108232524075152,0.6516966399381672,2.934767290294282,0.0108232524075152,0.6516966399381672,1.058790904672483,63.75259940284078,0.5393398470772592,0,0,0,0,0,0,0,0,1,0,0,1,0,0,0,0,0,0,0,1,0,0,0,0,0
76.09986452666666,2.0557349420729136,2.6724362977974705,8.571841218202806,1.3523668485293858,0.0,129841.930446268,0.1102400300421303,1.575789,1.38765,0.211088,132.04638,113.000264,0.000345,77.65292298639456,0.0325696225385205,0.6520297408909651,17.693071060191166,0.0325696225385205,0.6520297408909651,2.948845176698527,0.0325696225385205,0.6520297408909651,3.201425810986936,64.0911585496771,0.1797777419694538,0,0,0,0,0,0,0,0,1,1,0,0,0,0,0,0,1,0,0,0,0,0,0,0,0
21.806574810601848,12.253240553538005,0.0591951946245519,3.8037498914938177,0.0822730429595608,0.0,34029.72919125637,0.095253065014057,0.955457,1.312606,0.334088,154.316474,1.135234,0.046053,22.25160694959372,0.0,0.6022499963924184,5.069986393578316,0.0,0.6022499963924184,0.8449977322630526,0.0,0.6022499963924184,0.0,16.963329373567507,0.6837707412141817,0,0,0,0,0,0,0,0,1,0,0,1,0,0,1,0,0,0,0,0,0,0,0,0,0
69.25229317199074,6.633825469868524,0.6958834500335676,8.101992665434913,1.6883337756426786,0.0,173777.08456984413,0.1393372240862686,1.751948,1.382208,0.918892,128.37119199999998,0.60497,0.01539,70.66560527754157,0.0511737530407639,0.6457514263100295,16.101023987287952,0.0511737530407639,0.6457514263100295,2.683503997881325,0.0511737530407639,0.6457514263100295,4.57749902904939,57.76255113801774,0.2144222869131735,0,0,0,0,0,0,0,1,0,1,0,0,0,0,0,1,0,0,0,0,0,0,0,0,0
194.1054727120833,55.67704290889559,6.936507556364119,9.12375483409964,2.008788152564344,0.0,240109.84914568343,0.1253523900926256,2.575813,1.408559,1.372672,132.781102,0.013487,0.0,198.0668088898809,0.1172057145763127,0.7602252297918246,45.12914632933995,0.1172057145763127,0.7602252297918246,7.521524388223325,0.1172057145763127,0.7602252297918246,29.38552135416261,190.6017535473964,0.0519807591193609,0,0,0,0,0,0,0,0,1,1,0,0,0,1,0,0,0,0,0,0,0,0,0,0,0
23.420704662685186,20.342765620776586,0.7844320663588225,4.752114450331215,1.66257343718188,0.0,187893.63168839927,0.119767827676426,1.0054040000000002,1.263178,1.626647,157.248006,0.0,0.147325,23.89867822722978,0.02551735056495,0.6037299393475127,5.445268456837165,0.02551735056495,0.6037299393475127,0.907544742806194,0.02551735056495,0.6037299393475127,0.7719379118521033,18.26373108431792,0.3335764869373331,0,0,1,0,0,0,0,0,0,1,0,0,0,0,0,1,0,0,0,0,0,0,0,0,0
28.262330495324075,3.508248114869708,2.638885074096332,8.024848947136237,1.3580741367751743,0.0,185174.71442221224,0.1382998960445539,0.846981,1.249143,2.474438,150.23959399999998,1.137107,0.162117,28.83911275033069,0.0338072197940653,0.6081690679795546,6.570937082353828,0.0338072197940653,0.6081690679795546,1.0951561803923044,0.0338072197940653,0.6081690679795546,1.2341395233117252,22.201337117374564,0.9217925748843024,0,0,0,0,0,0,1,0,0,0,0,0,1,0,0,0,0,0,1,0,0,0,0,0,0
67.14810733611111,8.194201984859648,2.027149765468616,10.908822274608292,2.246839335639414,0.0,221104.88403027577,0.1326517124327538,1.8975990000000005,1.493096,1.400837,122.864476,1.136861,0.0,68.51847687358277,0.0825284711998419,0.6438221670252203,15.611804857272023,0.0825284711998419,0.6438221670252203,2.601967476212004,0.0825284711998419,0.6438221670252203,7.157879930782928,55.8401446354652,0.1042584961202147,0,0,0,0,0,0,0,0,1,0,0,1,0,0,0,0,0,0,0,0,0,0,0,0,1
25.367716179398148,28.267255534444537,0.9082733872268411,4.445163569004416,0.6267342986248666,0.0,55104.60313624101,0.1031997326305873,1.037257,1.3254549999999998,0.543388,134.496207,1.135292,0.0,25.88542467285525,0.0,0.6055150906313006,5.897944862169552,0.0,0.6055150906313006,0.9829908103615916,0.0,0.6055150906313006,0.0,19.840525654194497,0.6631481621094836,0,0,0,0,0,0,0,0,1,1,0,0,0,0,1,0,0,0,0,0,0,0,0,0,0
0.947527,57.22642564319429,8.272549830180564,8.73298916713797,1.7729301681335596,0.0,168098.12434427458,0.138436819384281,0.8129770000000001,0.362124,1.371884,570.982715,6.371894999999999,6.7e-05,24.613902791335978,0.0318029568775975,0.6043725900750991,5.608231015747438,0.0318029568775975,0.6043725900750991,0.9347051692912396,0.0318029568775975,0.6043725900750991,0.9908796064078934,18.830339470704352,0.7798740711135314,0,0,0,1,0,0,0,0,0,0,1,0,0,1,0,0,0,0,0,0,0,0,0,0,0
36.72174053125,28.98671586627052,1.6473162555866103,5.071034162736339,1.1418899560003255,0.0,214722.4390456385,0.1289926405183131,1.252367,1.375866,1.142501,138.22278400000002,0.013486,0.0,37.47116380739796,0.0372167225439133,0.6159252248158613,8.537733525736243,0.0372167225439133,0.6159252248158613,1.422955587622707,0.0372167225439133,0.6159252248158613,1.765258109895517,29.214474673650063,0.0795695269570336,0,0,0,0,0,0,0,0,1,1,0,0,0,1,0,0,0,0,0,0,0,0,0,0,0
1.824022,8.677541345641727,3.0146735715065645,12.003848394901633,2.2492004472860616,0.0,173512.57917416067,0.1385263735227447,1.051951,0.411921,1.5024,548.331364,1.05175,0.0,47.3826077750378,0.0398763954019988,0.6248309545641046,10.796037214565574,0.0398763954019988,0.6248309545641046,1.7993395357609288,0.0398763954019988,0.6248309545641046,2.391705826348395,37.47610132381448,0.7024233589544484,0,0,1,0,0,0,0,0,0,1,0,0,0,1,0,0,0,0,0,0,0,0,0,0,0
154.7064481471759,4.672948452688399,1.8662962167383097,9.667665810893766,1.4910472581426588,0.0,165396.2368573891,0.1260388999802174,3.280676,1.549767,0.536092,93.802032,4.203949,0.0,157.8637225991591,0.0188465627953284,0.7241015506670224,35.96894945297296,0.0188465627953284,0.7241015506670224,5.994824908828826,0.0188465627953284,0.7241015506670224,3.7660614697080494,144.69540041534148,0.471907420020686,0,0,0,0,0,1,0,0,0,0,0,0,1,0,0,0,0,0,0,1,0,0,0,0,0
28.044923840694448,10.001611948013306,1.1655042134314704,6.60234600805836,0.9965740030618022,0.0,116337.80097796762,0.1328917607325587,0.8579180000000001,1.335275,0.449175,161.174869,1.454028,0.0003259999999999,28.617269225198417,0.0120383228314189,0.6079697349169175,6.520390456374322,0.0120383228314189,0.6079697349169175,1.0867317427290537,0.0120383228314189,0.6079697349169175,0.4360809183374275,22.023333651759422,0.2526397127361904,0,0,0,0,0,1,0,0,0,0,0,0,1,0,0,0,0,0,1,0,0,0,0,0,0
45.04762622249999,1.2144010098207565,0.5000067992533426,8.65307117709153,6.4835727369184974,0.0,191114.62599295564,0.1321632816887302,1.115969,1.125366,0.500947,192.188812,112.225837,0.0,45.96696553316326,0.0406610583890232,0.6235589575405132,10.473485817682768,0.0406610583890232,0.6235589575405132,1.7455809696137945,0.0406610583890232,0.6235589575405132,2.365905657607811,36.28242165716453,0.0759687089261883,0,0,1,0,0,0,0,0,0,0,1,0,0,0,0,0,0,0,1,0,0,0,0,0,0
35.91972890976852,46.42960938272022,0.563546577160307,4.168483424243881,1.1581505428401115,0.0,180680.23207996105,0.1271840338762715,1.304121,1.358762,0.044418,114.400737,0.841492,0.264887,36.65278460180461,0.0368895820602981,0.6151898865482595,8.351267377626368,0.0368895820602981,0.6151898865482595,1.391877896271061,0.0368895820602981,0.6151898865482595,1.711526462413547,28.54230683653413,0.1903653758426746,0,0,0,0,0,1,0,0,0,0,1,0,0,1,0,0,0,0,0,0,0,0,0,0,0
24.90408503254629,7.744079984937396,1.150707998578783,4.65926183613656,1.2380547860829378,0.0,174848.78216801558,0.1373154148102092,1.026134,1.355407,0.078346,145.817524,0.372327,0.000277,25.41233166586356,0.0324788781292703,0.6050900023717284,5.790151518804356,0.0324788781292703,0.6050900023717284,0.9650252531340592,0.0324788781292703,0.6050900023717284,1.0447645862736463,19.46423775692219,0.8607063463625985,0,0,1,0,0,0,0,0,0,1,0,0,0,0,0,0,0,0,0,1,0,0,0,0,0
28.966636409490743,21.243270617439634,3.9549563374164864,7.067020787323694,1.0322454663203489,0.0,192092.4674947542,0.1329135240482197,0.965654,1.231589,0.4112399999999999,143.03448799999998,1.13644,0.30106,29.55779225458239,0.0272700963251433,0.6088148230745098,6.734686842816241,0.0272700963251433,0.6088148230745098,1.12244780713604,0.0272700963251433,0.6088148230745098,1.0203086606848577,22.778762103729992,0.0266193191519334,0,0,0,0,0,0,1,0,0,0,1,0,0,0,0,1,0,0,0,0,0,0,0,0,0
1.392019,7.231660668055216,2.788930428113869,10.971723980754971,1.99030582338786,0.0,169841.1654676259,0.1387356346388229,0.893501,0.3966179999999999,1.3924,540.25,1.115341,0.0,36.16046861956728,0.035897194536213,0.6147475258687398,8.239094115850772,0.035897194536213,0.6147475258687398,1.3731823526417952,0.035897194536213,0.6147475258687398,1.643113134882574,28.13868179510531,0.6614727246568788,0,0,0,1,0,0,0,0,0,0,0,1,0,1,0,0,0,0,0,0,0,0,0,0,0
34.26687827060186,9.260272040253591,10.188874975382852,8.316009427717836,2.646075641079772,0.0,264246.0150254796,0.1349934461376935,1.241467,1.42734,1.258355,127.515891,1.137101,0.0,34.966202316940674,0.0651923247715988,0.6136744417678407,7.966982806391545,0.0651923247715988,0.6136744417678407,1.327830467731924,0.0651923247715988,0.6136744417678407,2.885478503133456,27.161854034923984,0.9951033439140388,0,0,0,0,0,0,0,0,1,1,0,0,0,0,0,0,0,0,0,0,0,0,0,0,1
61.59402920412037,17.957140857832773,0.5649043249069072,4.632087982529931,1.986432805335779,0.0,156793.18792153776,0.1176967643094148,1.913966,1.386791,1.826969,96.220411,0.0,0.00037,62.85105020828609,0.0382137572379263,0.6387298141436513,14.32049245252088,0.0382137572379263,0.6387298141436513,2.386748742086813,0.0382137572379263,0.6387298141436513,3.040221233934387,50.8162526813568,0.5146837044326474,0,0,0,1,0,0,0,0,0,0,0,1,0,0,0,1,0,0,0,0,0,0,0,0,0
65.8001351625,3.481877326113837,0.2225933032070132,2.5236504999853726,0.3052898973440952,0.0,151100.77813998802,0.1130450036135508,1.985808,1.544898,0.353221,93.097671,1.136685,0.0,67.14299506377552,0.0297773701040761,0.6425862553546542,15.298403938581762,0.0297773701040761,0.6425862553546542,2.549733989763627,0.0297773701040761,0.6425862553546542,2.530812422671141,54.61413388775638,0.342596242174173,0,0,0,1,0,0,0,0,0,0,1,0,0,0,0,0,1,0,0,0,0,0,0,0,0
4.750211,3.821073471648353,0.4921119995683217,5.795766606891184,2.7471063743106465,0.0,172775.98866531774,0.1386914005418189,3.335563,0.333277,0.177674,636.5102469999999,13.931598,3.2e-05,123.3962006278817,0.0668296661020933,0.6931314481501705,28.115590016479374,0.0668296661020933,0.6931314481501705,4.685931669413228,0.0668296661020933,0.6931314481501705,10.438641628137033,108.26555346510456,0.6888003590717008,0,0,0,1,0,0,0,0,0,0,0,1,0,1,0,0,0,0,0,0,0,0,0,0,0
28.958133619953703,24.643283757709323,1.1762789074036717,5.436929835404138,1.097067728602915,0.0,160464.37676109112,0.1297642939703927,1.084075,1.350046,1.823066,156.788002,1.136723,0.0,29.549115938728267,0.0340842314947242,0.6088070271444255,6.732709960722896,0.0340842314947242,0.6088070271444255,1.1221183267871493,0.0340842314947242,0.6088070271444255,1.2748846938228595,22.771784087852044,0.3317847443995461,0,0,1,0,0,0,0,0,0,1,0,0,0,0,0,0,1,0,0,0,0,0,0,0,0
107.50018259532408,3.541912085101718,0.8048464634078298,9.621621831715537,2.612120075477399,0.0,191576.7083145984,0.1265385561674047,2.609883,1.49285,1.31361,77.81769200000001,13.451726999999998,0.0,109.69406387277968,0.0693009809386438,0.6808196672116087,24.993584173544733,0.0693009809386438,0.6808196672116087,4.165597362257455,0.0693009809386438,0.6808196672116087,9.62266611332896,94.53402033032256,0.2047977055497775,0,0,0,1,0,0,0,0,0,1,0,0,0,1,0,0,0,0,0,0,0,0,0,0,0
26.30019725111111,30.96893845512753,12.98972152119918,5.670134628991143,0.9547299734122462,0.0,170252.74554106715,0.138409828021229,0.8827969999999999,1.204133,1.579654,171.330096,0.372068,0.165752,26.83693597052154,0.0330293675366749,0.6063700520775926,6.114744904675794,0.0330293675366749,0.6063700520775926,1.019124150779299,0.0330293675366749,0.6063700520775926,1.1220342047197065,20.5988788127192,0.8182357949677712,0,0,0,0,0,0,1,0,0,0,0,1,0,0,0,0,0,1,0,0,0,0,0,0,0
57.8055018588426,7.0033904285657975,1.567200209597032,9.308259864505246,1.7213378392821022,0.0,174829.13805830336,0.140015332479414,1.96512,1.508767,2.880335,109.02276100000002,0.37008,0.0,58.98520597841081,0.0461094887323883,0.6352562371277815,13.43966718495436,0.0461094887323883,0.6352562371277815,2.239944530825727,0.0461094887323883,0.6352562371277815,3.442756570176126,47.4312911342435,0.857701138426788,0,0,0,0,0,0,0,1,0,1,0,0,0,0,0,0,0,0,1,0,0,0,0,0,0
33.813735594675926,28.908025821050007,17.527880969665034,4.8693016621706295,1.0152956964872435,0.0,161192.66849333033,0.1198412777065373,1.2476,1.3601530000000002,2.509698,148.076008,1.13678,0.0,34.50381183130197,0.0,0.6132589700447797,7.861628012195385,0.0,0.6132589700447797,1.3102713353658972,0.0,0.6132589700447797,0.0,26.784521653522948,0.7311573985604001,0,0,0,1,0,0,0,0,0,0,1,0,0,0,1,0,0,0,0,0,0,0,0,0,0
66.08452037782409,17.84859889348348,1.3487213538419145,4.858050195433253,1.1032784421095174,0.0,216390.08384854617,0.1268601052516656,1.976016,1.379753,1.340453,141.348641,1.136723,0.0,67.43318405900418,0.0817485132224954,0.642846998872537,15.36452295015285,0.0817485132224954,0.642846998872537,2.5607538250254747,0.0817485132224954,0.642846998872537,6.977927264155028,54.87243037563322,0.0558518358307681,0,0,0,1,0,0,0,0,0,0,1,0,0,0,0,0,0,0,0,0,0,0,0,0,1
1.870783,46.32859619912647,4.717287209394167,10.144904491140974,1.8183472333766288,0.0,166833.17712080336,0.1387964134379256,1.262659,0.486023,0.8269270000000001,525.124751,5.111745,0.0,48.59731797160809,0.0403071132712845,0.625922408117029,11.07280662644235,0.0403071132712845,0.625922408117029,1.8454677710737248,0.0403071132712845,0.625922408117029,2.479515949572452,38.50398771242774,0.9263112385798368,0,1,0,0,0,0,0,0,0,1,0,0,0,1,0,0,0,0,0,0,0,0,0,0,0
54.316583286203695,40.19531559717088,5.194692115274837,6.052807491746166,1.1836787663775383,0.0,178117.13166029676,0.1305232889485731,1.718095,1.326273,1.847577,142.918816,1.018833,0.144976,55.42508498592214,0.0445989836039618,0.6320573616124006,12.628500376539222,0.0445989836039618,0.6320573616124006,2.1047500627565365,0.0445989836039618,0.6320573616124006,3.128990451310552,44.34409238398105,0.598487296945327,0,0,0,0,0,1,0,0,0,0,1,0,0,1,0,0,0,0,0,0,0,0,0,0,0
32.361056913981486,10.775621105375745,3.363905320779311,7.962709484054602,1.6140417002087877,0.0,126894.78025704436,0.1160128876584754,0.981047,1.304055,3.237607,143.547079,1.134451,0.0,33.02148664691988,0.0212687062100811,0.6119270563968568,7.523883033475416,0.0212687062100811,0.6119270563968568,1.253980505579236,0.0212687062100811,0.6119270563968568,0.8890180988777922,25.57815331860481,0.0202723602234901,0,0,0,0,0,1,0,0,0,0,0,1,0,0,0,0,1,0,0,0,0,0,0,0,0
6.4077980000000005,39.80385042826335,5.609791938635371,8.197564371484075,1.8668342983122352,0.0,169321.6055905276,0.1387768658659726,2.145722,0.410243,0.7749550000000001,662.333337,0.915267,0.0,166.4553274772298,0.0820977814288742,0.7318213653981153,37.92653031126755,0.0820977814288742,0.7318213653981153,6.321088385211257,0.0820977814288742,0.7318213653981153,17.298244421388983,154.19691776224903,0.5566262717410967,1,0,0,0,0,0,0,0,0,0,1,0,0,1,0,0,0,0,0,0,0,0,0,0,0
153.2857440283333,5.81955966097968,2.386106143752448,9.334466003399672,1.6324786102171425,0.0,172888.58976880996,0.1188081195153635,2.114473,1.415024,1.822967,143.970112,1.125666,0.0,156.41402451870746,0.0747529696803563,0.7227989534507941,35.63863849793334,0.0747529696803563,0.7227989534507941,5.93977308298889,0.0747529696803563,0.7227989534507941,14.800522572695504,143.1087256039856,0.3155931380051171,0,0,0,1,0,0,0,0,0,0,1,0,0,0,0,1,0,0,0,0,0,0,0,0,0
43.72325310847222,9.70818127677554,0.604177210077965,3.385838223304108,0.5745969799210985,0.0,164386.67267123802,0.1281861274076594,1.334164,1.370055,0.610839,159.769998,1.134347,0.0,44.615564396400224,0.0401072965519562,0.6223446830770974,10.165571634622836,0.0401072965519562,0.6223446830770974,1.6942619391038056,0.0401072965519562,0.6223446830770974,2.265075534277628,35.14716365137156,0.0744261823069871,0,0,0,0,0,1,0,0,0,1,0,0,0,0,0,0,1,0,0,0,0,0,0,0,0
127.2925891263426,16.186446569079443,1.972886561775665,7.4209963560676115,1.317928840216401,0.0,193259.97270308752,0.1363522756299812,2.00429,1.415802,0.999987,135.72624299999998,1.136717,0.0,129.8903970676965,0.0794100965631,0.6989666784772374,29.595280344538445,0.0794100965631,0.6989666784772374,4.9325467240897405,0.0794100965631,0.6989666784772374,13.056467055398972,114.9228600056928,0.9012347348794268,0,0,0,0,0,1,0,0,0,1,0,0,0,0,0,1,0,0,0,0,0,0,0,0,0
58.23092136768519,132.16793000357492,0.5339137900897639,4.7330545681557785,0.8212421431387071,0.0,148544.17129889838,0.1245048132320816,1.4163629999999998,1.192431,2.075612,163.21621399999998,1.136748,0.0,59.41930751804612,0.0462947277138395,0.63564629038419,13.538576396516836,0.0462947277138395,0.63564629038419,2.2564293994194724,0.0462947277138395,0.63564629038419,3.482026155054231,47.80969924182712,0.8574957369621197,0,0,0,0,0,1,0,0,0,0,1,0,0,1,0,0,0,0,0,0,0,0,0,0,0
54.21052753407408,23.59760668050675,4.823203662888323,8.617577171440033,2.934715547721735,0.0,212446.87784772183,0.1367387294465546,1.854161,1.471286,1.253996,108.543055,1.135018,0.0,55.31686483068784,0.0445533092892581,0.631960122556318,12.603842619650392,0.0445533092892581,0.631960122556318,2.1006404366083986,0.0445533092892581,0.631960122556318,3.119682769257878,44.25069959219337,0.333671832911169,0,0,0,0,1,0,0,0,0,0,0,0,1,1,0,0,0,0,0,0,0,0,0,0,0
26.1441176024537,57.848301194963,1.1588139730892022,6.038422760631827,1.7628928002693671,0.0,162653.33180642987,0.1245242639732875,1.082348,1.088131,0.595551,164.93128000000002,1.134986,0.114875,26.67767102291194,0.0263741618374809,0.606226947744217,6.078456688764746,0.0263741618374809,0.606226947744217,1.0130761147941243,0.0263741618374809,0.606226947744217,0.890634446842221,20.47180136347373,0.9201254315816404,0,0,0,0,0,1,0,0,0,1,0,0,0,0,0,1,0,0,0,0,0,0,0,0,0
45.748622667685176,22.028280858766465,3.7394761947705017,7.508489895209991,1.150048685445488,0.0,180504.13923860912,0.1375849418681588,1.228117,1.360644,3.207007,147.594887,0.370316,0.0,46.68226802825018,0.0409550675423872,0.6242016782914236,10.636466133019027,0.0409550675423872,0.6242016782914236,1.772744355503171,0.0409550675423872,0.6242016782914236,2.4200954938339376,36.88500006289092,0.4490077380873315,0,0,0,0,0,0,1,0,0,0,0,1,0,0,0,1,0,0,0,0,0,0,0,0,0
164.42299816189816,7.482259349595933,2.8112752391851776,10.354650429970354,1.779876327628998,0.0,177352.828143735,0.1379581099326947,2.072619,1.470836,1.49033,122.351153,0.371249,0.0,167.77856955295732,0.0997154211540243,0.7330103381004187,38.22802850573711,0.0997154211540243,0.7330103381004187,6.371338084289517,0.0997154211540243,0.7330103381004187,21.17735534632013,155.6752227772378,0.9982367723228796,0,0,0,0,0,1,0,0,0,0,0,0,1,1,0,0,0,0,0,0,0,0,0,0,0
3.312415,7.569854651178632,2.647065662079864,12.856716969030366,2.449796505683332,0.0,169686.78228042566,0.1389555452431706,1.673415,0.360323,1.192803,672.419623,1.097326,0.0,86.04658317342215,0.0535860564789579,0.659571696378815,19.605550596475933,0.0535860564789579,0.659571696378815,3.2675917660793217,0.0535860564789579,0.659571696378815,5.836578564243481,71.84036814087955,0.2278013090402639,0,1,0,0,0,0,0,0,0,0,1,0,0,1,0,0,0,0,0,0,0,0,0,0,0
49.09854354310185,4.786426796231951,5.08486906716006,8.540799493126446,1.4347434401226271,0.0,145796.337511241,0.1224584496385759,1.607987,1.48794,1.326736,120.855231,0.0,9.2e-05,50.10055463581821,0.0084737372204618,0.6272731113569217,11.415316246135797,0.0084737372204618,0.6272731113569217,1.902552707689299,0.0084737372204618,0.6272731113569217,0.5373910564345739,39.78067188242676,0.7772015805718029,0,0,1,0,0,0,0,0,0,0,1,0,0,0,0,0,0,0,0,1,0,0,0,0,0
24.30664950902778,17.163365577516103,2.393118589187412,6.387453881956691,0.9650284342414184,0.0,188290.96243630096,0.13690141073877,0.80365,1.242473,0.951267,166.734502,1.136717,0.0,24.80270358064059,0.0257952510314149,0.6045422332483129,5.651248917107982,0.0257952510314149,0.6045422332483129,0.9418748195179968,0.0257952510314149,0.6045422332483129,0.8098632469878466,18.98010356105872,0.0102892891188501,0,0,1,0,0,0,0,0,0,0,1,0,0,0,0,1,0,0,0,0,0,0,0,0,0
14.442318975555558,11.250433735052743,3.2932960369604096,7.346344466403806,1.1771973420818933,0.0,130365.2242206235,0.1242610929395369,0.79895,1.163624,0.025436,150.520625,1.135031,0.95746,14.737060179138323,0.0056864954834578,0.5954979506827611,3.3578111800568333,0.0056864954834578,0.5954979506827611,0.5596351966761388,0.0056864954834578,0.5954979506827611,0.1060787672760966,11.10872042501949,0.9513906453592982,0,0,0,0,0,1,0,0,0,0,1,0,0,0,0,0,0,0,0,1,0,0,0,0,0
33.24425235532407,8.200556131771632,1.4349750820681346,5.140195968911517,0.3418153688061437,0.0,124391.4068682554,0.1301724028369362,1.120508,1.455287,0.78795,131.33316100000002,1.13485,0.0036869999999999,33.92270648502456,0.0,0.6127368294579891,7.72922426241066,0.0,0.6127368294579891,1.28820404373511,0.0,0.6127368294579891,0.0,26.3110020484404,0.7062001257345848,0,0,0,0,0,1,0,0,0,1,0,0,0,0,1,0,0,0,0,0,0,0,0,0,0
3.741329226111112,22.01214579173497,5.150570152760696,2.97526904233068,0.7112326513377311,0.0,227819.6223958333,0.1378974816460403,0.555138,1.092222,1.157378,176.872183,0.0,0.186676,3.817682883786849,0.043986962847235,0.5856865626015689,0.8698517963058643,0.043986962847235,0.5856865626015689,0.1449752993843107,0.043986962847235,0.5856865626015689,0.2125674369261486,2.8303361586176767,0.5742883381889021,0,0,0,0,0,1,0,0,0,0,0,0,1,0,0,0,0,0,0,0,0,0,1,0,0
30.558541904490745,16.09251457623073,14.892758336284464,9.651830465101796,2.679340077532853,0.0,277032.57865894784,0.1422593103056188,1.173851,1.299636,0.4569359999999999,113.270257,1.136852,0.0,31.182185616827287,0.0680584790721302,0.6102743892422878,7.104801786112546,0.0680584790721302,0.6102743892422878,1.1841336310187576,0.0680584790721302,0.6102743892422878,2.68634446484319,24.0882142817075,0.037870217789847,0,0,0,0,0,0,0,0,1,0,0,1,0,0,0,0,0,0,0,0,0,0,0,0,1
58.67393197703705,4.636675075689952,1.7671120448364055,8.816981439110187,1.2648037227509406,0.0,152701.8832808753,0.1277413144082331,1.348155,1.39121,2.004182,133.108047,1.135638,0.0,59.87135916024189,0.0092975740740886,0.6360524723462522,13.64157550486524,0.0092975740740886,0.6360524723462522,2.2735959174775395,0.0092975740740886,0.6360524723462522,0.7046308819097672,48.20421014759783,0.7774058899769263,0,0,0,0,0,0,1,0,0,0,0,0,1,0,0,0,0,0,0,1,0,0,0,0,0
119.5289567575926,4.706308424472809,0.5527165386316587,5.344425506729016,1.4281929897175705,0.0,167659.0123463729,0.1389244602774258,2.78152,1.381103,0.145781,136.055366,74.027404,0.204088,121.96832322203326,0.0753855267391614,0.6918484574646935,27.79025086071644,0.0753855267391614,0.6918484574646935,4.631708476786073,0.0753855267391614,0.6918484574646935,11.638792774158578,106.81467883635298,0.5957443559164628,0,0,0,0,1,0,0,0,0,0,0,1,0,0,0,0,0,0,1,0,0,0,0,0,0
31.48687341125,44.88107213746934,2.6513015244790403,8.998839047887056,4.05008420012266,0.0,179024.77379346525,0.133021623003397,1.182866,1.259536,0.152887,138.600432,1.136462,0.080533,32.12946266454082,0.0576629588265091,0.6111255460879699,7.320637062806768,0.0576629588265091,0.6111255460879699,1.2201061771344612,0.0576629588265091,0.6111255460879699,2.345164408535796,24.85460179288677,0.0555811388951885,0,0,0,0,0,1,0,0,0,1,0,0,0,0,0,0,0,0,0,0,0,0,1,0,0
39.39067452009259,7.19931160552161,2.4253305268230485,9.50133278387056,1.5813185359648378,0.0,194027.18077413068,0.1378929083831876,1.337375,1.326314,0.161439,126.797706,1.136521,0.307054,40.19456583682917,0.0306490054258815,0.6183722832413661,9.158255507125633,0.0306490054258815,0.6183722832413661,1.526375917854272,0.0306490054258815,0.6183722832413661,1.559396792941686,31.46228538027274,0.9009935318334944,0,0,0,0,0,1,0,0,0,0,0,0,1,0,0,1,0,0,0,0,0,0,0,0,0
21.447981117731484,15.348958816982451,0.5590934108221642,3.778835217158,0.7668044983054236,0.0,176696.27537657373,0.1287119742259561,0.965418,1.204215,0.907505,177.900064,1.134577,0.003355,21.88569501809335,0.0311267680689458,0.6019212135446074,4.986614054755447,0.0311267680689458,0.6019212135446074,0.8311023424592411,0.0311267680689458,0.6019212135446074,0.8623176618428788,16.675271018427743,0.7798051716381651,0,0,0,0,0,0,0,0,1,1,0,0,0,0,0,0,0,0,0,0,1,0,0,0,0
1.342137,13.83351520924341,1.718987174171338,7.70742356519905,1.45174248877475,0.0,167326.66822167265,0.138732792840873,1.128066,0.352754,0.129165,517.907238,0.0,0.0,34.86468422604876,0.0354377289825314,0.6135832247176316,7.943852102137692,0.0354377289825314,0.6135832247176316,1.323975350356282,0.0354377289825314,0.6135832247176316,1.5639559881825993,27.078968830608787,0.3194472404605479,0,1,0,0,0,0,0,0,0,0,1,0,0,1,0,0,0,0,0,0,0,0,0,0,0
137.15251552032407,50.15160741124834,11.766355405322653,9.54786649196268,1.6642054277930045,0.0,196539.8993929856,0.1363979287320475,1.94736,1.3773799999999998,2.095583,148.736625,0.369736,0.0,139.95154644931029,0.0846315844852814,0.7080069230310988,31.88769412769095,0.0846315844852814,0.7080069230310988,5.314615687948491,0.0846315844852814,0.7080069230310988,14.992811553380497,125.42615667724058,0.0013684510379963,0,0,0,0,0,0,1,0,0,1,0,0,0,0,0,0,1,0,0,0,0,0,0,0,0
137.18953065800926,5.541327248868488,0.6136818598929069,5.699451863336906,0.3368007343092696,0.0,193000.67476019185,0.1343621972510569,4.093008,1.455942,0.5503680000000001,110.288224,7.171457000000001,0.086396,139.98931699796864,0.0,0.7080408610021848,31.89630007548653,0.0,0.7080408610021848,5.316050012581087,0.0,0.7080408610021848,0.0,125.4660209346196,0.78101395262524,0,0,0,0,0,0,1,0,0,0,0,0,1,0,1,0,0,0,0,0,0,0,0,0,0
37.92165215412037,7.9679193042573475,1.562041484194694,13.08574178407518,3.570030995410124,0.0,196621.78014463428,0.138893207646817,1.287523,1.385604,0.816277,115.621923,1.13506,0.0,38.69556342257181,0.0377076901523285,0.6170253846020834,8.81671065324421,0.0377076901523285,0.6170253846020834,1.4694517755407013,0.0377076901523285,0.6170253846020834,1.846987741529258,30.222968231907192,0.281263286612211,0,0,0,0,0,1,0,0,0,0,1,0,0,1,0,0,0,0,0,0,0,0,0,0,0
27.94327222805555,3.881885774930318,0.2815627103372157,2.273015870464792,0.117746548383213,0.0,123634.91319132196,0.1164058797883329,1.091887,1.353279,0.229615,150.265365,2.1602490000000003,0.001888,28.513543089852604,0.0067360804745034,0.6078765338725253,6.496756653384137,0.0067360804745034,0.6078765338725253,1.0827927755640228,0.0067360804745034,0.6078765338725253,0.2431259757803419,21.940143977068985,0.3336620245079639,0,0,0,1,0,0,0,0,0,0,0,1,0,0,0,0,0,0,0,0,0,1,0,0,0
3.478475,8.927803308623178,1.713097671381861,6.170289738286885,1.7523711691085668,0.0,162615.9917378597,0.1385359935444607,2.161899,0.321083,0.358769,717.728714,0.913565,0.0,90.36032272652116,0.0551156433007447,0.663447720779461,20.588427963004825,0.0551156433007447,0.663447720779461,3.431404660500803,0.0551156433007447,0.663447720779461,6.304135842955851,75.88525336937595,0.5217279103429157,0,1,0,0,0,0,0,0,0,1,0,0,0,1,0,0,0,0,0,0,0,0,0,0,0
1.572925,11.661911956469218,1.3616014391684133,12.367283635859868,5.466059394591718,0.0,174055.1081197542,0.1386210543038747,1.434458,0.339905,0.6572640000000001,552.74171,0.94753,0.125243,40.85986261928382,0.0375635285936752,0.618970072359305,9.309842115786186,0.0375635285936752,0.618970072359305,1.5516403526310307,0.0375635285936752,0.618970072359305,1.9428362251052025,32.01396471145489,0.91780041774053,1,0,0,0,0,0,0,0,0,1,0,0,0,1,0,0,0,0,0,0,0,0,0,0,0
38.76414112699074,33.38598657562619,4.213813164823061,8.53803695248757,1.8011085550419146,0.0,203375.0876423861,0.133531606561846,1.321279,1.2671059999999998,0.176325,123.301471,1.135292,0.231514,39.55524604794974,0.0304428021554505,0.6177978352314643,9.012587707127787,0.0304428021554505,0.6177978352314643,1.5020979511879644,0.0304428021554505,0.6177978352314643,1.524269024870759,30.93309541831807,0.1464822979987228,0,0,1,0,0,0,0,0,0,0,0,0,1,0,0,1,0,0,0,0,0,0,0,0,0
1.143027,75.06153960909162,10.385460648319418,10.016911072124966,2.325052707887096,0.0,169732.3651641187,0.1382109703277226,0.872395,0.490238,1.179133,434.724163,6.373228,0.0,29.69240503528912,0.0336037169863493,0.6089357766963583,6.765358109306381,0.0336037169863493,0.6089357766963583,1.1275596848843967,0.0336037169863493,0.6089357766963583,1.263006551202419,22.88704774955271,0.6156933509296153,0,0,0,1,0,0,0,0,0,0,1,0,0,1,0,0,0,0,0,0,0,0,0,0,0
3.225954,95.03476759819758,12.856137271693571,9.44946715242857,2.2108749571464044,0.0,174798.1973358813,0.1364710108875085,1.047719,0.437413,1.480857,528.668415,0.341251,0.0,83.80058633191611,0.0527896599584321,0.6575536008368166,19.093804480689744,0.0527896599584321,0.6575536008368166,3.182300746781624,0.0527896599584321,0.6575536008368166,5.599752476935551,69.7511104997316,0.687866639747778,0,1,0,0,0,0,0,0,0,1,0,0,0,1,0,0,0,0,0,0,0,0,0,0,0
37.98672140578704,4.573239133471534,1.4837783139100749,9.532331784566244,1.3177020435424731,0.0,136808.44636166067,0.1256905904830359,1.290513,1.317476,0.200424,125.75843,1.135342,0.313999,38.76196061815004,0.0150937466952248,0.6170850444742263,8.831839128186084,0.0150937466952248,0.6170850444742263,1.471973188031014,0.0150937466952248,0.6170850444742263,0.7405863480767553,30.27775467336624,0.0346281510393119,0,0,0,0,0,0,0,1,0,0,0,1,0,0,0,0,0,1,0,0,0,0,0,0,0
65.74878747837963,5.093302329381307,0.4030223570638995,3.231371232359815,0.4341867968118448,0.0,185723.80397556955,0.1315815309040266,1.944056,1.462653,0.245214,129.92078700000002,30.4637,0.000241,67.09059946773431,0.0496060867615838,0.6425391763397432,15.286465701509082,0.0496060867615838,0.6425391763397432,2.547744283584847,0.0496060867615838,0.6425391763397432,4.2127874659279705,54.56751711662989,0.2183200851189897,0,0,0,1,0,0,0,0,0,0,0,1,0,1,0,0,0,0,0,0,0,0,0,0,0
35.55471993856481,5.359297721158891,3.245781580607096,12.020377399252473,2.153814780912239,0.0,195842.7943457733,0.1368534818506069,1.194785,1.388755,1.43702,139.517077,1.1362139999999998,0.0,36.28032646792328,0.036740965133997,0.6148552217412231,8.266403499020493,0.036740965133997,0.6148552217412231,1.3777339165034153,0.036740965133997,0.6148552217412231,1.687309126339239,28.236896424403707,0.9219528688773884,0,0,0,0,1,0,0,0,0,1,0,0,0,0,0,0,1,0,0,0,0,0,0,0,0
378.6158529210649,5.110699037285079,0.6475609651358007,9.991438040058677,1.813227963962144,0.0,124464.16303207434,0.121073531027106,4.062096,1.617854,0.354096,86.09105600000001,65.199251,0.0,386.3427070623112,0.0896059345808884,0.9293967725766984,88.02745224204557,0.0896059345808884,0.9293967725766984,14.671242040340928,0.0896059345808884,0.9293967725766984,43.82101181623899,454.5135000661479,0.5086946999958489,0,0,0,0,0,0,0,0,1,0,0,1,0,0,0,0,0,0,0,0,0,1,0,0,0
1.054431,11.52050268309457,3.514534844483117,10.150193165246243,1.7154889809999534,0.0,175469.27040242805,0.1383188366711282,0.780148,0.429025,1.270252,452.833302,1.051527,0.0,27.3909473125,0.0327876548758891,0.6068678478887006,6.240975337025316,0.0327876548758891,0.6068678478887006,1.0401625561708858,0.0327876548758891,0.6068678478887006,1.1368163635517887,21.04137373059451,0.7209816610723963,0,0,1,0,0,0,0,0,0,0,1,0,0,1,0,0,0,0,0,0,0,0,0,0,0
418.82007128916666,42.91613663718814,8.829010880822473,8.378871246493405,2.304057207467745,0.0,200022.5523830935,0.1328160825500385,3.3660300000000003,1.46834,1.178724,145.250095,1.135555,0.0,427.3674196828232,0.2858805431820086,0.966258707607607,97.37485511760526,0.2858805431820086,0.966258707607607,16.229142519600877,0.2858805431820086,0.966258707607607,154.65320262939105,522.7183425523069,0.6597601557757244,0,0,0,0,0,0,1,0,0,0,0,1,0,1,0,0,0,0,0,0,0,0,0,0,0
119.00977744675926,7.205549178237007,0.6918753692143255,8.53402450044664,3.4856562900314514,0.0,203631.01569994004,0.1357597225933052,3.546817,1.6777990000000005,0.815802,60.690663,1.137141,0.0,121.43854841506048,0.0751191184686116,0.6913724389073843,27.66954267684922,0.0751191184686116,0.6913724389073843,4.611590446141536,0.0751191184686116,0.6913724389073843,11.547286968414124,106.2775511330289,0.1239007492581717,0,0,0,0,0,0,1,0,0,1,0,0,0,0,0,1,0,0,0,0,0,0,0,0,0
1.223438,50.21423744701204,3.9579184752859935,9.308937981831942,1.8899846371415137,0.0,170679.20475494603,0.1388804723711894,0.915258,0.426692,1.673052,546.3129700000001,0.917201,0.0,31.78124106566516,0.0343443866595199,0.6108126585347321,7.2412954326832,0.0343443866595199,0.6108126585347321,1.2068825721138663,0.0343443866595199,0.6108126585347321,1.3816547236438206,24.572638413736883,0.8333681456596702,0,0,0,1,0,0,0,0,0,1,0,0,0,1,0,0,0,0,0,0,0,0,0,0,0
21.41654116240741,4.317985632022222,4.114967425092519,7.166310081664893,1.250662726392563,0.0,149431.34841501797,0.1324155210769719,0.96021,1.301068,0.455675,140.10273600000002,0.370951,0.365615,21.85361343102797,0.0311145375636712,0.6018923872761816,4.979304326057005,0.0311145375636712,0.6018923872761816,0.8298840543428342,0.0311145375636712,0.6018923872761816,0.860715286078064,16.650029821028163,0.5503156397556069,0,0,0,0,0,1,0,0,0,0,0,1,0,0,0,0,0,0,0,0,1,0,0,0,0
26.145925081666665,36.39796053795588,6.061685099876184,6.887179150569925,1.700820348388571,0.0,194892.79162919664,0.1323141993450032,1.0557,1.29984,0.641185,137.51464199999998,1.135602,0.0,26.67951538945578,0.0329684162338245,0.6062286049628877,6.078876924179798,0.0329684162338245,0.6062286049628877,1.0131461540299662,0.0329684162338245,0.6062286049628877,1.1133941370586131,20.47327265270338,0.9925273560463648,0,0,1,0,0,0,0,0,0,0,0,1,0,0,0,0,1,0,0,0,0,0,0,0,0
22.14322417837963,8.62298701036544,2.751752650137428,2.5832155719935463,0.3521235698311449,0.0,150961.86272856715,0.1342008667562505,0.96924,1.231957,0.549107,161.592695,0.3708579999999999,0.032975,22.595126712632275,0.0313975461157876,0.6025586592051014,5.148256719333936,0.0313975461157876,0.6025586592051014,0.8580427865556559,0.0313975461157876,0.6025586592051014,0.898014598673338,17.23403703358617,0.5321885170274137,0,0,0,0,0,0,0,0,1,1,0,0,0,0,1,0,0,0,0,0,0,0,0,0,0
47.277851911666666,8.450853447119394,1.4504709245203782,5.682896133807065,0.8400424583781537,0.0,168230.5566921463,0.1320489788030406,1.60531,1.514086,0.5387649999999999,89.493128,1.13641,0.0,48.24270603231293,0.0249591685284161,0.6256037786512141,10.992008969387754,0.0249591685284161,0.6256037786512141,1.8320014948979588,0.0249591685284161,0.6256037786512141,1.5241744685156131,38.20356859009453,0.4418475313737892,0,0,0,0,1,0,0,0,0,0,0,0,1,0,0,0,1,0,0,0,0,0,0,0,0
51.263496320972216,4.088430696725846,0.2544746308339585,3.818829120206032,1.0272240337136267,0.0,150396.18058678057,0.1256280060705664,1.646077,1.54768,0.201441,96.974323,1.571087,0.001121,52.30969012344104,0.0293721555312469,0.6292580858666155,11.918663572429605,0.0293721555312469,0.6292580858666155,1.986443928738267,0.0293721555312469,0.6292580858666155,1.944871334300056,41.66619680930671,0.7844041259578038,0,0,0,0,0,1,0,0,0,0,0,1,0,0,0,0,0,0,0,0,0,0,0,1,0
1.727061,49.79961937041509,5.618901638390063,8.428963382181218,1.715357388523843,0.0,174486.07818120503,0.138696907950248,1.154688,0.391257,0.7768579999999999,611.022859,0.0,0.0,44.86385250099207,0.0389832828654019,0.6225677773877164,10.222143607820977,0.0389832828654019,0.6225677773877164,1.703690601303496,0.0389832828654019,0.6225677773877164,2.213848420858033,35.35542903366199,0.8452837859523168,0,0,1,0,0,0,0,0,0,1,0,0,0,1,0,0,0,0,0,0,0,0,0,0,0
40.03597005657408,15.001597134272258,0.361148340113872,2.672570712274785,1.0714781635242114,0.0,245696.5685701439,0.1240922562527856,1.361944,1.393051,0.613528,143.760062,0.013482,0.0,40.85303066997355,0.0385772501614604,0.6189639336478913,9.308285469107895,0.0385772501614604,0.6189639336478913,1.5513809115179826,0.0385772501614604,0.6189639336478913,1.9949336506447897,32.008294385980726,0.7786115142591322,0,0,0,1,0,0,0,0,0,1,0,0,0,1,0,0,0,0,0,0,0,0,0,0,0
1.250642,44.756839481989545,3.905711976744288,7.037106651768124,1.2948108315467834,0.0,163547.19994004795,0.1387665208330829,0.81483,0.4358579999999999,1.312613,522.6281769999999,6.238678,0.0,32.48791919888511,0.0345949640405863,0.6114476300377742,7.402310703543442,0.0345949640405863,0.6114476300377742,1.2337184505905736,0.0345949640405863,0.6114476300377742,1.4226815144796277,25.14514075824937,0.7081128148312902,0,0,0,1,0,0,0,0,0,1,0,0,0,1,0,0,0,0,0,0,0,0,0,0,0
34.02874924865741,9.078931562105817,1.830998115831142,8.841852953108095,1.1141059948957794,0.0,107318.10448984562,0.1216966070913725,1.0553860000000002,1.2964440000000002,2.5798,135.876932,1.137098,0.0,34.723213519038175,0.0072242963688913,0.6134561090432613,7.911618270160597,0.0072242963688913,0.6134561090432613,1.318603045026766,0.0072242963688913,0.6134561090432613,0.3175326396731963,26.963503112490542,0.5666456023396937,0,0,0,0,0,0,1,0,0,0,0,1,0,0,0,0,0,0,0,1,0,0,0,0,0
94.83074615314814,6.476177685601371,1.119018162969205,10.45730068243379,2.5270585562113665,0.0,212019.75009367507,0.1406192172863643,1.949887,1.541992,1.6796830000000005,104.527881,1.13448,0.0,96.76606750321238,0.0630908568431827,0.6692034746336614,22.047964747567377,0.0630908568431827,0.6692034746336614,3.674660791261229,0.0630908568431827,0.6692034746336614,7.727916597623965,81.9698589870698,0.9268254442703624,0,0,1,0,0,0,0,0,0,0,1,0,0,1,0,0,0,0,0,0,0,0,0,0,0
81.74110898013889,4.686781645104999,1.4924832775438432,9.664907258763302,1.309598125285096,0.0,124805.51408872902,0.1249974304609161,2.505815,1.585775,2.195842,94.216047,1.135931,0.0,83.40929487769274,0.0113777291971469,0.6572020137264533,19.00464946580341,0.0113777291971469,0.6572020137264533,3.1674415776339013,0.0113777291971469,0.6572020137264533,1.20127641727008,69.38829943939648,0.8294822767851215,0,0,0,0,0,0,1,0,0,0,1,0,0,0,0,0,0,0,0,1,0,0,0,0,0
51.19957265472221,6.339333783444904,1.4306607622322705,5.507279540709169,0.6709563801828906,0.0,181772.8536046163,0.1279753145518348,1.631947,1.394933,0.750663,150.06188500000002,1.861886,0.019251,52.24446189257368,0.0259575329854159,0.6291994763443342,11.903801443877548,0.0259575329854159,0.6291994763443342,1.983966907312924,0.0259575329854159,0.6291994763443342,1.7166295479516298,41.61036463885935,0.3382123403410036,0,0,1,0,0,0,0,0,0,1,0,0,0,0,0,0,1,0,0,0,0,0,0,0,0
36.380254247268525,9.433602858157386,5.835484957237609,10.652934506642731,1.9619284523762672,0.0,205031.62022257195,0.1282727423367454,1.222507,1.304627,4.511430000000001,125.059261,0.0,0.0,37.12270841558013,0.0489976923300846,0.6156121271926511,8.458338626334712,0.0489976923300846,0.6156121271926511,1.4097231043891183,0.0489976923300846,0.6156121271926511,2.3024392979823265,28.928087968187103,0.5800143153887725,0,0,1,0,0,0,0,0,0,1,0,0,0,0,0,0,0,0,0,0,0,0,0,0,1
154.7646438863426,3.717196843169984,2.150468732527406,7.474433496987505,0.952125623071794,0.0,113626.67385154376,0.1181798892216288,2.112501,1.49596,1.865883,118.631565,1.136829,0.0,157.92310600647207,0.0188530589288447,0.7241549084399953,35.98247984957591,0.0188530589288447,0.7241549084399953,5.997079974929318,0.0188530589288447,0.7241549084399953,3.7687767389445774,144.76049667174237,0.5675883237782111,0,0,0,0,0,1,0,0,0,0,0,0,1,0,0,0,0,0,0,0,0,1,0,0,0
86.7443132714352,4.625389112745013,0.3258841446906828,2.995985121178113,0.6345037002500584,0.0,186043.26042603416,0.1283480878606688,2.490162,1.598459,0.314463,94.036222,1.146113,0.0,88.51460537901552,0.0592336306795226,0.6617892883712068,20.16788476990227,0.0592336306795226,0.6617892883712068,3.3613141283170447,0.0592336306795226,0.6617892883712068,6.636761322486448,74.14938949903402,0.3412722073482374,0,0,0,1,0,0,0,0,0,1,0,0,0,0,0,0,0,0,1,0,0,0,0,0,0
38.576188746296296,26.13411256472269,4.302430596283014,8.002562630376655,1.5872367203807374,0.0,171802.29334345023,0.1232664818547183,1.363104,1.419157,0.435324,115.607655,1.136188,0.000571,39.36345790438398,0.0075952553431741,0.6176255078308261,8.968889142771033,0.0075952553431741,0.6176255078308261,1.4948148571285054,0.0075952553431741,0.6176255078308261,0.3784500176887122,30.7745261749019,0.2937114383199019,0,0,0,1,0,0,0,0,0,0,0,1,0,0,0,0,0,0,0,1,0,0,0,0,0
39.82994288375,8.968737126532055,1.388086539378269,6.5738897094909525,0.7463589487887686,0.0,87810.39659678507,0.0972185035859295,1.363947,1.410728,2.033066,129.534036,0.0,0.0,40.642798860969386,0.0076984535072434,0.6187750340605468,9.26038455060062,0.0076984535072434,0.6187750340605468,1.543397425100103,0.0076984535072434,0.6187750340605468,0.3960591106777442,31.83385980950922,0.6758452776703756,0,0,1,0,0,0,0,0,0,1,0,0,0,0,0,0,0,0,0,1,0,0,0,0,0
37.23982517157408,68.2617951711019,1.3195538953911483,4.097002560572086,1.06967999530639,0.0,316388.14791291964,0.1486213433174349,1.084974,1.263423,2.753861,141.118438,0.0,0.0,37.99982160364701,0.079348384094887,0.6164002397055249,8.658187200830964,0.079348384094887,0.6164002397055249,1.443031200138494,0.079348384094887,0.6164002397055249,3.816739797649836,29.64949258893064,0.4952391250477186,0,0,1,0,0,0,0,0,0,0,1,0,0,0,0,0,0,0,0,0,0,0,1,0,0
18.22086699898148,34.54663648832412,46.81246866325109,6.565549717246771,3.1472525793871435,0.0,185977.3739695744,0.1286242889593259,0.8801610000000001,1.268211,0.4448899999999999,153.932329,1.13502,0.39823,18.592721427532123,0.0298779251686656,0.5989623779842804,4.236316274627572,0.0298779251686656,0.5989623779842804,0.7060527124379286,0.0298779251686656,0.5989623779842804,0.7031796702451281,14.096633720802435,0.0131132634135762,0,0,0,0,0,1,0,0,0,0,0,1,0,0,0,0,0,0,0,1,0,0,0,0,0
77.10110618083333,4.677233861457734,0.4884952473268806,7.714905088182261,1.508073036333354,0.0,142214.9176970923,0.1312655441873937,2.224222,1.486794,0.806126,103.497109,1.137345,0.0,78.67459814370748,0.019542992298029,0.6529477466700655,17.925857804895376,0.019542992298029,0.6529477466700655,2.987642967482562,0.019542992298029,0.6529477466700655,1.946249450092416,65.02582478241357,0.2703399627172251,0,0,0,0,0,0,1,0,0,1,0,0,0,0,0,0,0,0,1,0,0,0,0,0,0
4.767818,7.353162826242901,2.9216151334684817,11.282109392060937,1.864903412991576,0.0,167220.5695256295,0.1389856716926149,1.023588,0.442691,2.3834470000000003,532.3444929999999,6.150087999999999,0.0,123.8535775537604,0.0669918450444708,0.6935424150393803,28.21980248060364,0.0669918450444708,0.6935424150393803,4.703300413433938,0.0669918450444708,0.6935424150393803,10.5027590831454,108.731277579623,0.1408733747669353,1,0,0,0,0,0,0,0,0,0,0,1,0,1,0,0,0,0,0,0,0,0,0,0,0
2.2615128997685185,41.718476245516825,1.3673148505675563,3.2061003889683053,0.41471960454536,0.0,100803.65990801108,0.1159796187792607,0.519937,1.040216,0.220702,185.1315,1.137043,0.008933,2.3076662242535906,0.0,0.5843297673324785,0.525797367551451,0.0,0.5843297673324785,0.0876328945919084,0.0,0.5843297673324785,0.0,1.7068836302520505,0.6370728486299081,0,0,1,0,0,0,0,0,0,0,1,0,0,0,1,0,0,0,0,0,0,0,0,0,0
52.73778837986111,24.340514692806064,4.381131993780891,7.493860224168078,1.158172118792431,0.0,116160.79008355815,0.13296160601276,1.84003,1.382535,0.673635,136.237758,1.135858,0.0,53.81406977536848,0.01567962905806,0.6306098161152618,12.26143361970421,0.01567962905806,0.6306098161152618,2.043572269950701,0.01567962905806,0.6306098161152618,1.068081838205492,42.956557779062,0.9424824587911254,0,0,0,0,0,1,0,0,0,0,1,0,0,0,0,0,0,0,1,0,0,0,0,0,0
36.68444536157408,57.41081040246146,2.7518253638018235,7.46457002946227,3.408842706423012,0.0,276284.1267798261,0.1400277016760348,1.194446,1.372838,4.128525,141.40486,0.0,0.0,37.433107511810285,0.0729149238410185,0.6158910300925868,8.52906247104538,0.0729149238410185,0.6158910300925868,1.4215104118408968,0.0729149238410185,0.6158910300925868,3.454977447286462,29.18318372786758,0.0572241098813466,0,0,1,0,0,0,0,0,0,0,0,1,0,0,0,0,0,0,0,0,0,0,0,0,1
35.69198652893519,43.602961624236336,4.620435715865174,9.49806238078385,1.5642500339652137,0.0,189449.31442970625,0.1379637395699533,1.024701,1.22627,2.882135,151.10098200000002,0.369737,0.0,36.4203944172808,0.0367968347213531,0.6149810769957593,8.298317715329803,0.0367968347213531,0.6149810769957593,1.383052952554967,0.0367968347213531,0.6149810769957593,1.696399030201487,28.351713143480616,0.1579316957412264,0,0,0,0,0,0,1,0,0,0,1,0,0,0,1,0,0,0,0,0,0,0,0,0,0
1.546107,45.46520514715286,4.352064171569239,8.520875615181684,1.5241203785514374,0.0,168695.55273905877,0.1388832595315482,1.005629,0.488969,1.383152,515.0861980000001,0.917279,0.0,40.163211605583896,0.0373165066775805,0.6183441105239653,9.151111505069748,0.0373165066775805,0.6183441105239653,1.525185250844958,0.0373165066775805,0.6183441105239653,1.897152853256776,31.43631057726656,0.9401578068567588,0,1,0,0,0,0,0,0,0,0,1,0,0,1,0,0,0,0,0,0,0,0,0,0,0
13.36893089759259,23.49501766590845,5.790977709584957,7.298166817040752,1.4736578512391885,0.0,206790.7601731115,0.1386226397231042,0.441151,0.905841,0.486241,194.768868,1.1355540000000002,0.017483,13.641766222033256,0.0280251665708275,0.5945137962034835,3.108250531602513,0.0280251665708275,0.5945137962034835,0.5180417552670855,0.0280251665708275,0.5945137962034835,0.483940216066799,10.2660990171917,0.1673344399568511,0,0,0,0,0,0,0,1,0,0,0,1,0,1,0,0,0,0,0,0,0,0,0,0,0
10.587016729212964,12.66943314416068,0.5886524792769544,2.703555387272824,0.3882846926971019,0.0,204081.2339440947,0.1275117736068561,0.703577,1.154418,1.616252,158.838074,0.012651,0.0,10.80307829511527,0.0269763368881652,0.5919631499405099,2.461460877368036,0.0269763368881652,0.5919631499405099,0.4102434795613393,0.0269763368881652,0.5919631499405099,0.3688955436939946,8.094967413456189,0.3033401448664853,0,0,0,1,0,0,0,0,0,0,0,1,0,1,0,0,0,0,0,0,0,0,0,0,0
58.540153057824085,3.3665463921569643,0.3136676027656173,7.566246492399586,0.6436790791775683,0.0,57474.54703893136,0.1100063862310325,2.013701,1.529799,0.263876,102.072683,1.135647,0.0,59.73485005900417,0.0,0.635929814823517,13.61047216534272,0.0,0.635929814823517,2.26841202755712,0.0,0.635929814823517,0.0,48.085028020927936,0.4104626349354197,0,0,0,0,0,0,1,0,0,0,0,1,0,0,1,0,0,0,0,0,0,0,0,0,0
5.423326,29.93345537866865,6.217213751886674,8.367315960159118,1.574119372333554,0.0,167822.8165280276,0.1382193389199048,2.3485270000000003,0.314945,0.47234,745.067788,6.849456,0.0,140.88170465825775,0.0730297614504437,0.7088426980865843,32.09962890947645,0.0730297614504437,0.7088426980865843,5.349938151579408,0.0730297614504437,0.7088426980865843,13.02349023281574,126.40881979873004,0.6461502865170198,0,0,0,1,0,0,0,0,0,1,0,0,0,1,0,0,0,0,0,0,0,0,0,0,0
57.00265014138889,8.033815488361178,0.444492932846792,3.0750310641112657,0.9120757734175208,0.0,249964.9742955636,0.1309449866557007,1.810904,1.479347,1.6099450000000002,117.624534,0.0,0.0,58.16596953202948,0.0823689562364383,0.6345201286036144,13.253005716158617,0.0823689562364383,0.6345201286036144,2.2088342860264354,0.0823689562364383,0.6345201286036144,6.064645821308538,46.71832717445223,0.3940555062442279,0,0,0,1,0,0,0,0,0,0,1,0,0,0,0,0,0,0,0,0,0,0,0,0,1
117.0096616816204,5.248996506986164,2.744325379959399,10.931966247604333,1.7816187562130623,0.0,171898.71489058752,0.1274542115467915,3.251639,1.6870470000000002,0.7110449999999999,66.381576,1.136835,0.0,119.39761396083712,0.0264522678867303,0.689538598072231,27.204519636646435,0.0264522678867303,0.689538598072231,4.5340866061077385,0.0264522678867303,0.689538598072231,3.997895784213272,104.21425739712032,0.0974265059905963,0,0,0,0,0,0,0,0,1,1,0,0,0,0,0,0,0,0,1,0,0,0,0,0,0
129.23944789833334,33.7100396156311,3.1169556287838684,8.500151938385814,1.0204994389764983,0.0,104093.66088691547,0.1280352043733894,1.672373,1.37161,1.566231,145.010049,1.135579,0.0,131.87698765136057,0.0,0.700751689714377,30.047921237018866,0.0,0.700751689714377,5.007986872836477,0.0,0.700751689714377,0.0,116.978508773586,0.5906106446676523,0,0,0,0,0,1,0,0,0,1,0,0,0,0,1,0,0,0,0,0,0,0,0,0,0
29.68499483810185,5.522182428836823,0.7990108879921819,4.177508552583287,0.6328505885115059,0.0,176402.2401641187,0.1386345695320079,0.916899,1.346773,0.211481,147.110894,20.156306,6e-06,30.29081105928761,0.0343742639264287,0.6094734624611017,6.901703785660467,0.0343742639264287,0.6094734624611017,1.1502839642767444,0.0343742639264287,0.6094734624611017,1.318005485946253,23.36891835070766,0.7039921431219057,0,0,0,0,0,0,1,0,0,0,0,1,0,0,0,0,0,0,1,0,0,0,0,0,0
52.33273483398148,25.17400592849368,2.660889304513268,7.423497302926702,0.8354891272042867,0.0,98389.96769147184,0.1259916877771596,1.782228,1.426195,2.021375,129.285731,1.1352950000000002,0.0,53.40074983059334,0.0,0.630238435745283,12.1672594550719,0.0,0.630238435745283,2.0278765758453163,0.0,0.630238435745283,0.0,42.60152536817511,0.0848250300309495,0,0,0,0,0,1,0,0,0,0,0,0,1,0,1,0,0,0,0,0,0,0,0,0,0
45.872931414120366,8.472462689308893,1.1114036420838151,5.117739444728092,0.5901634383687584,0.0,92946.97198178955,0.1184041350543927,1.40913,1.44915,0.505402,126.547178,1.135822,0.0,46.809113687877925,0.0082014539404287,0.6243156529219689,10.66536767571902,0.0082014539404287,0.6243156529219689,1.7775612792865032,0.0082014539404287,0.6243156529219689,0.4859528986119277,36.99197768955212,0.2111187152122309,0,0,0,0,1,0,0,0,0,0,0,0,1,0,0,0,0,0,0,1,0,0,0,0,0
21.73068614111111,13.192732464699516,0.4295505334576256,2.3774547797026964,0.3964257773449667,0.0,208093.25447766783,0.1278513819515276,0.93931,1.297917,0.469692,138.127111,0.921026,0.0,22.17416953174603,0.031236799919014,0.6021804165493597,5.052342424954792,0.031236799919014,0.6021804165493597,0.8420570708257985,0.031236799919014,0.6021804165493597,0.8767722747258831,16.902342588940435,0.3589443852748147,0,0,0,0,0,0,0,0,1,0,0,1,0,1,0,0,0,0,0,0,0,0,0,0,0
32.663262346898144,17.978032586688087,9.010585049412947,5.543458989484133,1.0815591629174688,0.0,169876.78443495205,0.134776213847333,0.914281,1.1960309999999998,1.379751,172.741264,1.08808,0.0,33.32985953765117,0.0355696530671885,0.6122041386903657,7.594145211110392,0.0355696530671885,0.6122041386903657,1.2656908685183983,0.0355696530671885,0.6122041386903657,1.5006728361169337,25.828706266985574,0.5970417407474354,0,0,1,0,0,0,0,0,0,0,0,1,0,1,0,0,0,0,0,0,0,0,0,0,0
17.769379057546292,20.10761634735834,2.855558941833121,4.487132291713778,0.7499724216312528,0.0,242070.2064223621,0.1339960973397147,0.843642,1.282777,1.6720990000000002,163.53008300000002,1.136732,0.0,18.13201944647581,0.0488040989992711,0.5985484234332419,4.131346202994488,0.0488040989992711,0.5985484234332419,0.6885577004990813,0.0488040989992711,0.5985484234332419,1.120147939395589,13.737837535884784,0.930929993804784,0,0,1,0,0,0,0,0,0,0,0,1,0,0,0,0,0,0,0,0,0,0,0,0,1
251.6131478200463,43.59149954205468,1.6150627977413523,5.70467030630409,0.6754017610201161,0.0,111763.24152709082,0.1159497171604661,2.183883,1.402012,2.183623,128.857999,0.0,0.0,256.7481100204554,0.0308545004647173,0.8129521392966798,58.49956937174933,0.0308545004647173,0.8129521392966798,9.749928228624889,0.0308545004647173,0.8129521392966798,10.027638835368926,264.2075003816563,0.266185685583417,0,0,0,1,0,0,0,0,0,1,0,0,0,0,0,0,0,0,0,1,0,0,0,0,0
53.24064946287038,16.583399420692807,1.6558081822143755,5.496430665754872,1.0027463267461287,0.0,188744.6645308753,0.1209801853382044,1.72983,0.996556,1.415918,97.065869,0.0,1.011173,54.327193329459575,0.0441362803871389,0.6310708730223192,12.378347847218636,0.0441362803871389,0.6310708730223192,2.0630579745364392,0.0441362803871389,0.6310708730223192,3.0351901739687777,43.39785990287895,0.5648237079481572,0,0,0,1,0,0,0,0,0,0,1,0,0,1,0,0,0,0,0,0,0,0,0,0,0
26.212038088935188,19.01731026513236,2.184641489307943,7.40357711618181,1.265279908188813,0.0,188411.1258805456,0.1385552448084314,0.842933,1.304505,1.441906,163.501913,1.136721,0.0,26.7469776417706,0.0329945330867389,0.6062892218204601,6.094248070276845,0.0329945330867389,0.6062892218204601,1.0157080117128074,0.0329945330867389,0.6062892218204601,1.1170937199641366,20.52709400060549,0.8666422599856477,0,0,1,0,0,0,0,0,0,0,0,1,0,0,0,0,0,0,0,1,0,0,0,0,0
43.82274083754629,5.869287997200376,0.2238515565435377,3.967962344487508,0.4193842583637443,0.0,125103.71481096372,0.1187493427426552,1.096073,1.357248,0.328867,157.385023,1.134922,0.0,44.71708248729213,0.0143331280917862,0.6224359001273065,10.188702338876688,0.0143331280917862,0.6224359001273065,1.698117056479448,0.0143331280917862,0.6224359001273065,0.8113109761788989,35.23230061904392,0.6249291212078554,0,0,0,0,0,1,0,0,0,0,0,0,1,0,0,0,0,0,1,0,0,0,0,0,0
26.24083046907408,32.93417841479892,1.7330513708025432,5.143083555807027,0.94872864430471,0.0,214255.12557141783,0.1263552766373689,1.0259049999999998,1.338139,1.287729,134.62107,0.013497,0.0,26.77635762150416,0.0330059087748889,0.6063156206136501,6.100942242874365,0.0330059087748889,0.6063156206136501,1.0168237071457271,0.0330059087748889,0.6063156206136501,1.1187063506065438,20.55053656842447,0.9632821014333812,0,0,0,0,0,0,0,0,1,0,0,1,0,1,0,0,0,0,0,0,0,0,0,0,0
1.885624,21.590713083176382,2.2305672709032787,8.680504455840845,1.6133077136046594,0.0,165436.76944694246,0.1386887781161198,1.396642,0.5288229999999999,0.692231,493.992704,5.685813,0.0,48.98284253325776,0.0404438144517141,0.6262688135014081,11.160647665805564,0.0404438144517141,0.6262688135014081,1.8601079443009272,0.0404438144517141,0.6262688135014081,2.507662018648869,38.83091984206284,0.5359304195070118,1,0,0,0,0,0,0,0,0,0,1,0,0,1,0,0,0,0,0,0,0,0,0,0,0
97.15218589893516,6.3378649416423976,2.4323678831402344,9.427355615355127,1.3655847206676035,0.0,152335.22822991607,0.1385152726043328,1.649961,1.463594,1.883684,123.8593,1.1362139999999998,0.0,99.134883570342,0.0229242227584999,0.6713319269344594,22.58769499071084,0.0229242227584999,0.6713319269344594,3.764615831785139,0.0229242227584999,0.6713319269344594,2.876696397600607,84.24356001734303,0.0661999595166585,0,0,0,0,0,1,0,0,0,0,1,0,0,0,0,0,0,0,1,0,0,0,0,0,0
33.08117190689815,12.101228878611613,2.7023202463877287,14.067374715416266,3.395012727744288,0.0,230195.30073441248,0.1306236760793544,1.225323,1.347428,0.590224,118.318134,1.1356700000000002,0.0,33.75629786418178,0.047228150229618,0.6125873063199032,7.691308374117368,0.047228150229618,0.6125873063199032,1.2818847290195612,0.047228150229618,0.6125873063199032,2.018034818639636,26.175543772090403,0.4954626166127178,0,0,0,1,0,0,0,0,0,1,0,0,0,0,0,0,0,0,0,0,0,0,0,0,1
1.222726,49.73398742902847,6.985333686252292,8.58708949969541,1.8694877392954103,0.0,172975.37372601917,0.1388072619120851,1.066025,0.3962489999999999,1.456735,531.8060929999999,0.0,0.0,31.76274544623961,0.0343378283925254,0.6107960396658096,7.237081240915353,0.0343378283925254,0.6107960396658096,1.206180206819225,0.0343378283925254,0.6107960396658096,1.3805869650739797,24.557669781615672,0.9651774952341776,0,0,0,1,0,0,0,0,0,0,1,0,0,1,0,0,0,0,0,0,0,0,0,0,0
156.7492306047222,10.35757702418736,1.573006157680667,5.956368227370923,0.9863350527177898,0.0,197112.11666291967,0.1370824838785244,2.3776040000000003,1.485526,0.674277,132.125663,1.13671,0.0,159.9481944946145,0.0953755195478742,0.7259745111992459,36.44389241649444,0.0953755195478742,0.7259745111992459,6.07398206941574,0.0953755195478742,0.7259745111992459,19.31030651983328,146.98520546256924,0.3267109878847634,0,0,1,0,0,0,0,0,0,1,0,0,0,1,0,0,0,0,0,0,0,0,0,0,0
44.28387715393518,8.552418419292994,0.6282322968510415,7.62962558115129,2.594727720859811,0.0,186851.5188474221,0.1372561467369254,1.511048,1.44559,0.911572,114.013249,1.13685,0.0,45.18762974891345,0.0322731515215472,0.6228587009582912,10.295915638992938,0.0322731515215472,0.6228587009582912,1.7159859398321562,0.0322731515215472,0.6228587009582912,1.846009141501595,35.62722577821831,0.2172025900880072,0,0,0,0,0,1,0,0,0,0,1,0,0,0,0,1,0,0,0,0,0,0,0,0,0
85.78242884069444,28.45072574388413,6.280449627400588,8.497044496970783,1.3810509081652982,0.0,179441.88286870503,0.1259533601859919,3.019781,1.52628,0.954075,87.610208,1.1364459999999998,0.0,87.53309065376983,0.0352681997565497,0.6609073679451318,19.9442485033906,0.0352681997565497,0.6609073679451318,3.3240414172317654,0.0352681997565497,0.6609073679451318,3.907765223399149,73.2294488001084,0.9461856750264088,0,0,0,0,0,0,1,0,0,1,0,0,0,0,0,0,1,0,0,0,0,0,0,0,0
120.63806164310184,5.154255481561025,29.580957146235285,7.038262037922152,3.886500948624645,0.0,267555.6858138489,0.1423548003859657,1.727275,1.381226,2.621824,139.026659,0.0,0.0,123.10006290112432,0.1610262771622578,0.6928653595185472,28.04811559772453,0.1610262771622578,0.6928653595185472,4.674685932954088,0.1610262771622578,0.6928653595185472,25.09157575621242,107.964264985751,0.9306202508885958,0,0,0,1,0,0,0,0,0,0,1,0,0,0,0,0,0,0,0,0,0,0,1,0,0
26.8142850712037,18.02276233604976,10.1660432055128,6.096627159941968,1.0914978611526442,0.0,175994.96652053358,0.1355421457001917,1.062651,1.290674,0.814254,137.826521,4.756357,0.046557,27.361515378779284,0.0332326961512409,0.6068414024132945,6.23426932681047,0.0332326961512409,0.6068414024132945,1.0390448878017449,0.0332326961512409,0.6068414024132945,1.1510087681271868,21.017848562799173,0.9991912610943532,0,0,1,0,0,0,0,0,0,0,1,0,0,1,0,0,0,0,0,0,0,0,0,0,0
35.701202127175925,42.109284911836895,7.2050982430684485,7.091775871295152,1.4093402401148845,0.0,207096.3742131295,0.1354054905277648,1.191278,1.319972,1.465651,147.992368,1.135561,0.0,36.42979808895503,0.0368005864661164,0.6149895264768688,8.300460324065702,0.0368005864661164,0.6149895264768688,1.3834100540109502,0.0368005864661164,0.6149895264768688,1.6970100436908262,28.359423134651127,0.8865803663649086,0,0,0,0,1,0,0,0,0,0,0,0,1,1,0,0,0,0,0,0,0,0,0,0,0
36.23743793199075,22.97680662473043,3.730909262915595,6.053082471271213,0.8530254643455112,0.0,180061.12825989208,0.137725613448474,1.218204,1.299063,1.217106,148.991072,1.136727,0.010962,36.976977481623216,0.0296152623563235,0.6154811835765629,8.425134109736934,0.0296152623563235,0.6154811835765629,1.404189018289489,0.0296152623563235,0.6154811835765629,1.38618087248372,28.80839729806756,0.2263983961521892,0,0,0,0,0,1,0,0,0,1,0,0,0,0,0,1,0,0,0,0,0,0,0,0,0
114.59402935712966,9.240994781539554,2.516606598878078,11.760261034793992,3.9151665646966975,0.0,217582.56229391487,0.1312863409733601,3.148404,1.534423,0.59923,85.426025,1.709618,0.085492,116.93268301747923,0.0728670733446447,0.6873237836716957,26.642889801450966,0.0728670733446447,0.6873237836716957,4.4404816335751605,0.0728670733446447,0.6873237836716957,10.785496695975649,101.73495459045174,0.9375746606584788,0,0,0,1,0,0,0,0,0,0,0,1,0,1,0,0,0,0,0,0,0,0,0,0,0
57.97784882041666,20.31586912473043,3.665921634049724,8.00148942659227,1.5308949205515197,0.0,202154.3845548561,0.1357749335789423,1.889217,1.533277,1.317833,97.761862,1.1361450000000002,0.0,59.16107022491496,0.0461845055213071,0.6354142564291928,13.479737519600876,0.0461845055213071,0.6354142564291928,2.246622919933479,0.0461845055213071,0.6354142564291928,3.458638954998768,47.5845410715438,0.2859174710549967,0,0,0,0,1,0,0,0,0,1,0,0,0,1,0,0,0,0,0,0,0,0,0,0,0
313.25699726106484,19.747977550824483,8.254054888254322,6.810997344321199,2.287384185573752,0.0,162216.57730065947,0.1357197067934832,3.248032,1.519528,0.93465,125.182398,0.372053,0.0,319.64999720516823,0.1986644003007225,0.8694713719887598,72.83164493282314,0.1986644003007225,0.8694713719887598,12.138607488803856,0.1986644003007225,0.8694713719887598,80.38363924163592,351.8057235774441,0.5413354630589373,0,0,0,0,0,1,0,0,0,0,0,1,0,0,0,0,0,0,1,0,0,0,0,0,0
27.650078733750007,5.428946604047503,0.531922842029759,6.583890750825548,1.052422552657642,0.0,160414.50084307554,0.133173680446631,0.944156,1.2795040000000002,0.533065,150.010142,1.142103,0.29395,28.214366054846945,0.0134255917590487,0.6076077143312616,6.428589734015759,0.0134255917590487,0.6076077143312616,1.0714316223359597,0.0134255917590487,0.6076077143312616,0.4794867853072637,21.700337303659605,0.5912554889102201,0,0,1,0,0,0,0,0,0,0,1,0,0,0,0,0,0,1,0,0,0,0,0,0,0
127.9386483864352,115.12397758165996,6.430993225555018,6.249113056585371,1.3475068441683726,0.0,123726.4123388789,0.1251210208347947,2.369311,1.470836,1.1741469999999998,113.179353,1.136165,0.0,130.54964121064816,0.0797484520080924,0.6995590291170036,29.7454878707806,0.0797484520080924,0.6995590291170036,4.957581311796765,0.0797484520080924,0.6995590291170036,13.17864784400134,115.60402564163822,0.5114214814323919,0,0,0,0,0,1,0,0,0,0,0,1,0,1,0,0,0,0,0,0,0,0,0,0,0
262.65414732115744,3.969832687150865,0.6151942990237861,3.658819175166764,0.8387801481379593,0.0,176387.357819994,0.1377183625595175,3.162886,1.6663419999999998,0.308371,73.599636,5.1476120000000005,0.000269,268.0144360419974,0.1618691096046721,0.8230752712168159,61.0665803639994,0.1618691096046721,0.8230752712168159,10.1777633939999,0.1618691096046721,0.8230752712168159,54.91551661179299,279.2355121965683,0.9663084205016746,0,0,0,0,1,0,0,0,0,0,0,0,1,0,0,0,0,0,0,1,0,0,0,0,0
32.36892326717592,45.06575031507583,3.0847023631350026,6.454649176243112,1.1300090752202545,0.0,152469.4800284772,0.1213588272746232,1.188482,1.209493,2.699249,128.060087,0.0,0.0,33.02951353793462,0.021270607734696,0.6119342687992404,7.525711945352191,0.021270607734696,0.6119342687992404,1.254285324225365,0.021270607734696,0.6119342687992404,0.8893137039661251,25.5846724248489,0.4328455065101448,0,0,0,1,0,0,0,0,0,1,0,0,0,0,0,0,1,0,0,0,0,0,0,0,0
42.34185529814815,5.339240729808807,2.140726614055588,9.156889064706489,1.3227380669946007,0.0,152156.52566696642,0.1369479182634136,1.440134,1.341904,0.123472,123.354683,1.135629,0.631834,43.20597479402872,0.0141129460866976,0.6210781245316785,9.844399320158445,0.0141129460866976,0.6210781245316785,1.6407332200264069,0.0141129460866976,0.6210781245316785,0.7718526492295488,33.96745037169409,0.7821817839523427,0,0,1,0,0,0,0,0,0,0,1,0,0,0,0,0,0,0,1,0,0,0,0,0,0
41.32411721398148,5.871323151815505,2.5612279494031727,4.48409808368134,0.8050235583127545,0.0,175137.11400254795,0.1377555835875961,1.363633,1.426277,0.760488,132.737763,0.371155,0.0,42.16746654487906,0.0391098093627206,0.6201449937145701,9.6077771874408,0.0391098093627206,0.6201449937145701,1.6012961979067997,0.0391098093627206,0.6201449937145701,2.087546301112813,33.10119401953592,0.3942338226607998,0,0,0,0,1,0,0,0,0,0,0,0,1,0,0,0,0,1,0,0,0,0,0,0,0
2.460459,7.445815069334848,1.6790483255180524,10.151906079811445,2.0095738804311774,0.0,168313.35652727817,0.1388252057331643,1.629664,0.410775,0.959215,611.107923,6.52948,0.0,63.91532763506236,0.0457386478896392,0.6396860993399326,14.56298604343193,0.0457386478896392,0.6396860993399326,2.427164340571988,0.0457386478896392,0.6396860993399326,3.7005071714570223,51.754109649249166,0.6910214106442457,0,1,0,0,0,0,0,0,0,0,1,0,0,1,0,0,0,0,0,0,0,0,0,0,0
44.12346973814815,9.148706059228806,0.7842083782743778,10.571989728392458,1.985183937086476,0.0,193359.167135042,0.1375583216762371,1.426689,1.509217,1.3100969999999998,112.457048,1.136548,0.0,45.02394871239608,0.040274405032275,0.6227116286365493,10.258621225609232,0.040274405032275,0.6227116286365493,1.7097702042682053,0.040274405032275,0.6227116286365493,2.29533259062711,35.48979294980332,0.2882537998165558,0,0,0,0,1,0,0,0,0,0,0,1,0,0,0,0,1,0,0,0,0,0,0,0,0
23.913102732222224,82.41665025211516,5.461937262571687,9.38007938147163,2.070658366457164,0.0,181991.691387515,0.138740405806606,0.778537,1.181669,1.203839,167.546046,1.1346969999999998,0.0,24.40112523696145,0.032089632683058,0.6041814030591669,5.559750053991218,0.032089632683058,0.6041814030591669,0.9266250089985362,0.032089632683058,0.6041814030591669,0.9911685391232794,18.66165326821496,0.4789990019656427,0,0,0,0,1,0,0,0,0,0,0,1,0,1,0,0,0,0,0,0,0,0,0,0,0
38.640825221250005,7.165401672749292,2.5348373737266594,9.387875691878138,1.2479491256695572,0.0,184861.99988758992,0.1360568928775741,1.295149,1.358435,0.76583,136.063758,1.135038,0.000489,39.42941349107144,0.0076005659061004,0.6176847709041324,8.983916997965643,0.0076005659061004,0.6176847709041324,1.4973194996609405,0.0076005659061004,0.6176847709041324,0.379349184655411,30.82904840394528,0.5365592512293064,0,0,0,0,0,1,0,0,0,1,0,0,0,0,0,0,0,0,0,1,0,0,0,0,0
2.688672,41.76195325624375,3.964726912889549,8.141462034458737,1.569940742257116,0.0,167585.43948591128,0.1386052572684322,1.171902,0.412085,0.619296,558.326837,5.0098720000000005,0.0,69.84361526984128,0.0478407290492228,0.6450128436284105,15.913735124773964,0.0478407290492228,0.6450128436284105,2.6522891874623267,0.0478407290492228,0.6450128436284105,4.229581612585621,57.02535303099873,0.3871802272587138,0,0,1,0,0,0,0,0,0,0,0,1,0,1,0,0,0,0,0,0,0,0,0,0,0
28.658753964398148,50.89323379766373,1.7776309504068726,5.859069912839565,1.0845541713549365,0.0,215588.5712492506,0.132387641325986,1.129307,1.362731,1.882182,138.57818899999998,0.0,0.0,29.243626494283824,0.0558044420996925,0.6085325357139089,6.663104770849478,0.0558044420996925,0.6085325357139089,1.1105174618082465,0.0558044420996925,0.6085325357139089,2.0657269132725258,22.526200232958203,0.6302252930376843,0,0,0,1,0,0,0,0,0,1,0,0,0,0,0,0,0,0,0,0,0,0,0,0,1
113.61521571967592,12.82106660434178,3.630613720388435,12.282484439923037,2.0907203825257663,0.0,207639.7696155576,0.1364333110032893,1.825878,1.478651,1.723008,116.829946,1.136208,0.0,115.93389359150603,0.072371224806412,0.6864263414087759,26.41531752717859,0.072371224806412,0.6864263414087759,4.402552921196431,0.072371224806412,0.6864263414087759,10.62060490606776,100.73427648517952,0.964383282035287,0,0,1,0,0,0,0,0,0,0,0,0,1,0,0,0,0,0,0,1,0,0,0,0,0
40.2230568838426,10.451874603543963,2.975206317375604,12.408360092474116,2.3793603879370564,0.0,232335.1387327638,0.1340746399488666,1.346144,1.392601,0.887181,108.932189,1.136203,0.128429,41.04393559575775,0.0386544668762817,0.6191354674508562,9.35178279397012,0.0386544668762817,0.6191354674508562,1.5586304656616865,0.0386544668762817,0.6191354674508562,2.0082676569094424,32.16678006468647,0.32073647390889,0,0,0,0,0,0,1,0,0,0,0,0,1,1,0,0,0,0,0,0,0,0,0,0,0
4.132406629907407,18.50757502487728,0.3121999530590695,3.528043794117385,0.7421736384896066,0.0,173924.041413744,0.1242162102757455,0.572929,0.7551,1.175229,198.825048,0.0,0.952475,4.216741459089191,0.0196645239772395,0.5860451287032353,0.9607765349823472,0.0196645239772395,0.5860451287032353,0.1601294224970578,0.0196645239772395,0.5860451287032353,0.1049622956051638,3.128102267215434,0.5477909504635674,0,0,1,0,0,0,0,0,0,0,1,0,0,0,0,1,0,0,0,0,0,0,0,0,0
36.96636120388889,6.851563955488659,1.2251375268975035,9.24322220232847,1.76081523978167,0.0,196505.403027578,0.1373647689926538,1.226761,1.311011,1.430006,124.876019,0.369799,0.0,37.72077673866213,0.0373166657049955,0.6161495095229901,8.594607358176182,0.0373166657049955,0.6161495095229901,1.4324345596960302,0.0373166657049955,0.6161495095229901,1.7817893869486416,29.419795046016308,0.3265798762387439,0,0,0,0,0,0,1,0,0,0,0,0,1,0,0,1,0,0,0,0,0,0,0,0,0
31.29082556027777,12.246669172105335,4.7350642046482445,9.179263190399828,3.0535081685018195,0.0,224104.80128709527,0.1366388009731575,1.171597,1.2339209999999998,1.091268,121.479353,1.136508,0.0,31.92941383701813,0.0630313186216226,0.6109457962149759,7.275056317295271,0.0630313186216226,0.6109457962149759,1.2125093862158784,0.0630313186216226,0.6109457962149759,2.5475355151427053,24.69258374599305,0.4032454058692376,0,0,0,0,0,1,0,0,0,1,0,0,0,0,0,0,0,0,0,0,0,0,0,0,1
1.234853,7.650390554042089,2.641391928533284,13.26239000636039,2.3631320311297044,0.0,169760.37205860313,0.1389786231574966,1.1163040000000002,0.334627,1.524235,516.793774,0.27287,0.004582,32.07776844732615,0.0344495307855629,0.6110790972829759,7.308858633567984,0.0344495307855629,0.6110790972829759,1.2181431055946637,0.0344495307855629,0.6110790972829759,1.3988152805801537,24.81272631094227,0.1149496308725742,0,1,0,0,0,0,0,0,0,0,0,1,0,1,0,0,0,0,0,0,0,0,0,0,0
105.38858864041669,7.009344048727126,0.6091285893957106,7.86710326448619,2.673164879961265,0.0,167454.77058977817,0.1382695796499721,2.852704,1.540233,0.746363,117.114121,0.460374,0.0,107.53937616369048,0.0682518081951729,0.6788836156643607,24.502642670207955,0.0682518081951729,0.6788836156643607,4.083773778367992,0.0682518081951729,0.6788836156643607,9.2908314877883,92.41357027379236,0.2811174924569104,0,0,0,0,0,0,0,0,1,1,0,0,0,1,0,0,0,0,0,0,0,0,0,0,0
118.5900094926389,9.535059066045852,4.684954779611217,11.125833191174111,2.034790589655046,0.0,200021.78872526973,0.1287395355405567,2.3576200000000003,1.618714,1.983226,97.525266,1.018906,0.0,121.01021376799888,0.0749039715050174,0.69098756737696,27.57194744080987,0.0749039715050174,0.69098756737696,4.595324573468311,0.0749039715050174,0.69098756737696,11.4736020302459,105.84373827761448,0.7218192606701619,0,0,0,0,0,1,0,0,0,1,0,0,0,1,0,0,0,0,0,0,0,0,0,0,0
55.09306108162036,5.830877187706175,1.5111768079890335,6.606168393608478,1.0696779998372212,0.0,175265.64853117507,0.1302219329835127,1.914647,1.386832,0.316636,139.495668,1.200536,0.006536,56.21740926695956,0.0269602912433899,0.6327692887486411,12.809029959560403,0.0269602912433899,0.6327692887486411,2.134838326593401,0.0269602912433899,0.6327692887486411,1.9185287680836431,45.02867098372819,0.2126529867649059,0,0,1,0,0,0,0,0,0,0,0,0,1,0,0,0,1,0,0,0,0,0,0,0,0
83.10901434,5.364239239125025,2.160731282165582,9.97800684318268,1.6066476283885307,0.0,199647.57181130096,0.1368684257677705,1.684265,1.471123,2.366245,117.825627,1.13446,0.0,84.80511667346939,0.0460212993427324,0.6584562014846125,19.322684811676567,0.0460212993427324,0.6584562014846125,3.220447468612761,0.0460212993427324,0.6584562014846125,4.940305899019094,70.68412024211648,0.5269008392287229,0,0,0,0,0,0,0,1,0,1,0,0,0,0,0,1,0,0,0,0,0,0,0,0,0
79.7809614173148,8.164875438099816,2.592003971838551,12.326709331082498,2.65420241864751,0.0,182428.42397332133,0.1345517229762294,1.762557,1.50398,2.179825,116.179756,0.013483,0.0,81.40914430338245,0.0559785896326718,0.6554048184309182,18.548918955201064,0.0559785896326718,0.6554048184309182,3.09148649253351,0.0559785896326718,0.6554048184309182,5.768568457349376,67.53917144401872,0.4323512242093167,0,0,0,1,0,0,0,0,0,1,0,0,0,1,0,0,0,0,0,0,0,0,0,0,0
45.11618314532407,5.853030443759192,1.181696887353627,3.894616657023808,0.4531295751210311,0.0,206565.7518360312,0.1360453181236768,1.4390690000000002,1.341126,0.177072,157.918871,1.134924,0.0,46.036921576861296,0.0325518278070486,0.6236218151444571,10.489425169411437,0.0325518278070486,0.6236218151444571,1.748237528235239,0.0325518278070486,0.6236218151444571,1.8969442328311288,36.34130202205729,0.7807281966345877,0,0,1,0,0,0,0,0,0,0,0,0,1,0,0,1,0,0,0,0,0,0,0,0,0
40.43168071694445,14.124701081003462,1.3514792757640357,4.862229585647583,0.7256419384936921,0.0,205623.68551408872,0.1304757258982109,1.259801,1.372347,2.468034,142.271369,0.0,0.0,41.25681705810658,0.0387406249688145,0.6193267478312204,9.400287430960994,0.0387406249688145,0.6193267478312204,1.566714571826832,0.0387406249688145,0.6193267478312204,2.023183388677337,32.34360801830984,0.5198025840163957,0,0,1,0,0,0,0,0,0,0,0,1,0,0,0,0,0,0,0,0,1,0,0,0,0
36.487353755,9.187661100569226,5.306293439807938,8.965400942795569,1.9163003265143013,0.0,184642.92525666967,0.1223096903011524,1.264442,1.393829,0.693497,130.49806,0.841659,0.0,37.23199362755101,0.0371210318009038,0.6157103232341634,8.483239054378712,0.0371210318009038,0.6157103232341634,1.413873175729785,0.0371210318009038,0.6157103232341634,1.7494810372903435,29.01787700135664,0.2666768634773556,0,0,0,1,0,0,0,0,0,0,0,1,0,1,0,0,0,0,0,0,0,0,0,0,0
113.6501433461574,4.526547465437934,0.2559733524990024,3.09988764435839,0.8500041900207099,0.0,178361.77973246403,0.1183833498016392,1.6803669999999995,1.434256,0.1678359999999999,133.468936,7.391108,0.0,115.96953402669124,0.0723888975712249,0.6864583654090028,26.423438132663826,0.0723888975712249,0.6864583654090028,4.40390635544397,0.0723888975712249,0.6864583654090028,10.626464202583344,100.76994527241293,0.8694949647975364,0,0,0,1,0,0,0,0,0,0,0,1,0,1,0,0,0,0,0,0,0,0,0,0,0
85.41698709277777,9.436011189506168,0.8162346966832662,11.005111257521085,3.463502825592919,0.0,162349.18442745804,0.134772842397078,2.108303,1.587657,1.120169,101.860325,0.370994,0.0,87.16019091099773,0.0586084225014196,0.6605723063392588,19.859284005037456,0.0586084225014196,0.6605723063392588,3.3098806675062424,0.0586084225014196,0.6605723063392588,6.466229486349561,72.88051687474413,0.5999936668053605,0,0,0,0,0,0,0,0,1,1,0,0,0,0,0,0,0,0,1,0,0,0,0,0,0
61.12683401374999,6.42219477040427,2.57739602347358,10.44240675612891,1.9046196871810108,0.0,190719.58288369305,0.1373873727141524,1.818606,1.455942,2.897369,126.080945,1.13651,0.0,62.37432042219387,0.0475617863502247,0.6383014581289538,14.211870475942906,0.0475617863502247,0.6383014581289538,2.3686450793238176,0.0475617863502247,0.6383014581289538,3.75523304007702,50.39698693074547,0.8282263905342416,0,0,0,0,1,0,0,0,0,1,0,0,0,0,0,0,0,1,0,0,0,0,0,0,0
21.181059715648143,7.094586322988783,1.7226218779881797,8.554027666005013,1.96559129730403,0.0,185067.8642648381,0.1346634219197346,0.962179,1.3450540000000002,0.162832,129.57273999999998,0.370093,0.12065,21.61332624045729,0.0409968580734508,0.6016764820268381,4.924555345926978,0.0409968580734508,0.6016764820268381,0.8207592243211629,0.0409968580734508,0.6016764820268381,1.1216183143990115,16.461050756021127,0.961608352109978,0,0,0,0,0,1,0,0,0,0,0,1,0,0,0,0,0,0,0,0,0,0,1,0,0
36.70677154847223,6.469144212631952,0.1699344089580811,1.8833283094479312,0.2122452039834406,0.0,111657.45237559952,0.1102231422202478,1.3150700000000002,1.342599,1.620672,153.15755900000002,0.103869,0.013753,37.45588933517574,0.0132841874928675,0.6159115002443354,8.534253266242574,0.0132841874928675,0.6159115002443354,1.422375544373762,0.0132841874928675,0.6159115002443354,0.6298367805576858,29.20191518153657,0.5264964610465537,0,0,1,0,0,0,0,0,0,0,1,0,0,0,0,0,0,0,1,0,0,0,0,0,0
0.8611979999999999,61.77811619440715,20.713162570834445,9.80812494703334,2.029758379470816,0.0,166770.76714253597,0.138380912621673,0.764309,0.293709,0.201786,540.644989,1.068751,0.08782,22.37133491298185,0.0310077762155594,0.6023575755593615,5.097266182704726,0.0310077762155594,0.6023575755593615,0.8495443637841209,0.0310077762155594,0.6023575755593615,0.8780827172469294,17.057649443304115,0.4590788132250059,0,1,0,0,0,0,0,0,0,1,0,0,0,1,0,0,0,0,0,0,0,0,0,0,0
15.591226999999998,3.002610280967894,0.5189178839718981,4.312584580992051,1.87518862500894,0.0,172454.81128222423,0.1388712387791068,1.764011,0.357541,0.560556,584.009117,115.529753,0.0,405.0132036086072,0.1666867973099735,0.9461727738384418,92.28148942980924,0.1666867973099735,0.9461727738384418,15.380248238301538,0.1666867973099735,0.9461727738384418,85.45614402249491,485.0790712652525,0.2290417909824271,0,0,1,0,0,0,0,0,0,1,0,0,0,1,0,0,0,0,0,0,0,0,0,0,0
1.784979,10.135512069293432,1.414054065871296,6.013569989078622,1.3836823014332522,0.0,173521.02840227817,0.1388787071196009,1.39066,0.36687,0.051174,612.827973,0.0,0.0,46.36838801488096,0.03951676841005,0.623919647683011,10.56494916794756,0.03951676841005,0.623919647683011,1.7608248613245934,0.03951676841005,0.623919647683011,2.319403608520746,36.62044090363757,0.2306578167481333,0,0,0,1,0,0,0,0,0,0,1,0,0,1,0,0,0,0,0,0,0,0,0,0,0
4.591826999999999,9.4624318304516,1.1872377795852918,5.14756613783985,0.8262850519993322,0.0,167409.47332134293,0.1383684223754514,1.526911,0.4231319999999999,0.088286,615.236595,4.575645,0.0,119.28186047746595,0.065370783293579,0.6894345900948174,27.17814542524541,0.065370783293579,0.6894345900948174,4.529690904207568,0.065370783293579,0.6894345900948174,9.8703147495283,104.09751972661893,0.1334746057517468,1,0,0,0,0,0,0,0,0,1,0,0,0,1,0,0,0,0,0,0,0,0,0,0,0
36.65453285347223,5.880443529855637,1.5980722794143989,9.771319718669645,1.4420404655756138,0.0,129215.87697654376,0.1313335315750943,1.230484,1.336666,0.731931,117.760807,1.135629,0.04664,37.40258454435941,0.014875710884354,0.6158636042906432,8.522107870866702,0.014875710884354,0.6158636042906432,1.4203513118111168,0.014875710884354,0.6158636042906432,0.7042911822905062,29.15808927503126,0.4631066202687124,0,0,0,0,0,1,0,0,0,1,0,0,0,0,0,0,0,1,0,0,0,0,0,0,0
34.29457598023148,11.925832659857614,14.940464696152318,7.876104533243522,1.9811432028560043,0.0,257176.7683603117,0.1384332686019458,1.260081,1.151103,0.118769,124.361406,1.135363,0.1560099999999999,34.99446528595049,0.0652125319497444,0.613699836893385,7.973422470216567,0.0652125319497444,0.613699836893385,1.3289037450360943,0.0652125319497444,0.613699836893385,2.888705931043377,27.18493371918866,0.9280853988218724,0,0,1,0,0,0,0,0,0,0,0,1,0,0,0,0,0,0,0,0,0,0,0,0,1
99.46736311111113,2.693312762606712,0.2727538510370883,3.947825572259135,0.826043898771278,0.0,124366.23960206837,0.1246585773853518,3.188925,1.556396,0.2858469999999999,71.398474,26.407472,0.069125,101.49730929705215,0.0233263593318743,0.6734546373226803,23.12596920692328,0.0233263593318743,0.6734546373226803,3.854328201153879,0.0233263593318743,0.6734546373226803,2.996914820103082,86.52384002768883,0.007578589546732,0,0,0,0,0,0,1,0,0,1,0,0,0,0,0,0,0,0,1,0,0,0,0,0,0
69.12643152087962,4.044739107290904,0.982351292022984,5.022673202933167,2.074031450408254,0.0,208725.8208370804,0.1353795421209266,2.390473,1.573172,0.166745,80.277928,1.142772,0.00044,70.53717502130574,0.0511171657675429,0.6456360278718938,16.071761397259536,0.0511171657675429,0.6456360278718938,2.678626899543256,0.0511171657675429,0.6456360278718938,4.564127175111742,57.647267719063805,0.5448261197866903,0,0,0,0,1,0,0,0,0,0,0,0,1,1,0,0,0,0,0,0,0,0,0,0,0
22.79989919666667,34.28257705824716,1.9268641351795883,4.7989572598208055,0.7404984444093933,0.0,138759.1064055006,0.1199797379652516,0.954841,1.300045,2.007186,158.996204,1.134402,0.0,23.26520326190477,0.0113004302013654,0.6031607430869192,5.300932388788428,0.0113004302013654,0.6031607430869192,0.8834887314647378,0.0113004302013654,0.6031607430869192,0.3327934247870072,17.762857325973034,0.6386176744933739,0,0,1,0,0,0,0,0,0,0,1,0,0,0,0,0,0,0,1,0,0,0,0,0,0
301.1293972635185,34.8015900123687,4.7336753966997,9.995192694721176,1.8092075329032733,0.0,190241.14347272183,0.1365068651717915,3.0233220000000003,1.539046,1.068763,120.098786,1.135566,0.0,307.27489516685563,0.1137299801707701,0.8583519715542748,70.0120014304228,0.1137299801707701,0.8583519715542748,11.668666905070465,0.1137299801707701,0.8583519715542748,44.23590852443285,333.8607747792451,0.482718453857944,0,0,0,0,1,0,0,0,0,1,0,0,0,0,0,0,1,0,0,0,0,0,0,0,0
24.868979203888884,36.69233837241218,0.3421090974045886,3.319401505182116,0.1694546839316114,0.0,71966.94423055305,0.1013149320319902,1.049128,1.235517,0.471652,153.384106,1.13586,0.0,25.37650939172336,0.0012986027085202,0.6050578149837451,5.781989481658485,0.0012986027085202,0.6050578149837451,0.9636649136097474,0.0012986027085202,0.6050578149837451,0.0417139288973184,19.43576623350712,0.6591142143498074,0,0,1,0,0,0,0,0,0,0,0,1,0,0,0,0,0,0,0,0,0,0,0,1,0
1.794631,43.47732910655794,5.197341372926744,8.4864516406894,2.081541602417148,0.0,170830.22431429857,0.1387605914930931,1.474317,0.439909,0.723853,494.239067,0.915925,0.0,46.61911795686886,0.0396056734564422,0.6241449360577853,10.622077509159991,0.0396056734564422,0.6241449360577853,1.7703462515266657,0.0396056734564422,0.6241449360577853,2.33719185142672,36.83175493197502,0.624929669869709,0,0,0,1,0,0,0,0,0,0,0,1,0,1,0,0,0,0,0,0,0,0,0,0,0
33.84774675282407,24.716081691923595,2.1646733669925937,6.075849060246127,0.4588021326551048,0.0,96988.11264894337,0.1147407001639298,1.241938,1.24992,0.624441,144.8772,1.13471,0.596611,34.53851709471844,0.0,0.6132901537651173,7.869535540568759,0.0,0.6132901537651173,1.3115892567614598,0.0,0.6132901537651173,0.0,26.812825898530388,0.2692592236093766,0,0,0,0,0,1,0,0,0,0,0,0,1,0,1,0,0,0,0,0,0,0,0,0,0
147.4740110074074,4.15583988115901,0.603257804573011,4.3017369883237695,0.4059340271303693,0.0,102752.82426558754,0.1260058237976736,2.39261,1.589989,0.203021,102.498971,1.136179,0.0,150.48368470143612,0.0180459272748254,0.7174703652147814,34.28742183070696,0.0180459272748254,0.7174703652147814,5.714570305117826,0.0180459272748254,0.7174703652147814,3.4374906711011057,136.6678281286144,0.7675033352486513,0,0,0,0,0,1,0,0,0,0,0,1,0,0,0,0,0,0,0,1,0,0,0,0,0
853.8866567553241,4.956828153842971,0.9941478657493774,9.769532869188048,1.100255111710345,0.0,83030.45979700614,0.1153911138467079,4.73707,1.5645790000000002,0.270922,97.206333,67.85001199999999,0.0,871.3129150564532,0.0,1.365157053565675,198.526993304002,0.0,1.365157053565675,33.08783221733366,0.0,1.365157053565675,0.0,1505.6695846230216,0.214279709795951,0,0,0,0,0,1,0,0,0,0,0,1,0,0,1,0,0,0,0,0,0,0,0,0,0
21.859602686666666,37.38714470976875,2.581986068214158,5.828022457141099,1.1471987523906808,0.0,137804.9078143735,0.1246479711711978,0.974322,1.279995,1.8668240000000005,158.950353,1.137047,0.0,22.30571702721088,0.0111694623173253,0.6022986159204597,5.082315272022733,0.0111694623173253,0.6022986159204597,0.8470525453371219,0.0111694623173253,0.6022986159204597,0.3153707161979157,17.005952522281707,0.3188974282352663,0,0,0,0,0,1,0,0,0,0,1,0,0,0,0,0,0,0,0,0,1,0,0,0,0
40.65501895828704,20.979494086901347,3.079097446063154,7.429008716016079,1.2458526133347472,0.0,154615.81158198442,0.1244605725957192,1.345287,1.4434209999999998,2.701658,120.960994,0.0,0.0,41.484713222741874,0.0310663368460842,0.6195315193720302,9.452213139358909,0.0310663368460842,0.6195315193720302,1.5753688565598178,0.0310663368460842,0.6195315193720302,1.6313646518239304,32.5330220425294,0.334788136009768,0,0,0,0,0,1,0,0,0,1,0,0,0,0,0,1,0,0,0,0,0,0,0,0,0
61.4506273674074,37.465898954300656,3.573289708696681,8.99145492146627,1.4338129490113658,0.0,167045.4351955935,0.1340858141045204,1.264914,1.296157,0.8431200000000001,141.702094,1.135862,0.0,62.70472180347694,0.0477041180724668,0.6385983336820781,14.28715180332386,0.0477041180724668,0.6385983336820781,2.381191967220643,0.0477041180724668,0.6385983336820781,3.786422091916772,50.68750741480841,0.5404784394214464,0,0,0,0,0,0,1,0,0,0,0,1,0,1,0,0,0,0,0,0,0,0,0,0,0
1.038324,9.630058272679646,0.7730549407376945,8.353246135391492,9.771224789196353,0.0,195692.40819844123,0.1390812937661612,0.943747,0.292481,0.14884,528.492137,0.000205,0.12376,26.97253587698413,0.0326392925072361,0.6064918926615466,6.145641085895118,0.0326392925072361,0.6064918926615466,1.0242735143158528,0.0326392925072361,0.6064918926615466,1.1143854280389942,20.70711941001718,0.762426483315837,0,0,1,0,0,0,0,0,0,0,0,1,0,1,0,0,0,0,0,0,0,0,0,0,0
1.024089,6.676991471790132,0.6142548038948068,4.769810459882521,0.9737985147703752,0.0,164882.8770046463,0.1383328887341405,0.931639,0.268667,0.160224,576.038545,2.410366,0.0,26.60275337344104,0.0325081732225911,0.606159631988638,6.061386844581502,0.0325081732225911,0.606159631988638,1.0102311407635836,0.0325081732225911,0.606159631988638,1.0946922972932829,20.41204455029053,0.491676199031587,0,1,0,0,0,0,0,0,0,1,0,0,0,1,0,0,0,0,0,0,0,0,0,0,0
43.79371934032407,3.990686055592128,0.4242210993520933,5.722116352556992,0.3354202589685682,0.0,118546.76385454136,0.1238027820698648,1.494008,1.431637,0.168596,110.642956,1.134493,0.210979,44.6874687146164,0.0,0.6224092912641442,10.181954897001203,0.0,0.6224092912641442,1.6969924828335337,0.0,0.6224092912641442,0.0,35.20746295070001,0.4180929484353276,0,0,0,0,0,0,1,0,0,0,0,0,1,0,1,0,0,0,0,0,0,0,0,0,0
66.19576945050925,6.457853214513688,3.891046342518118,9.857658055760592,1.7916218285366214,0.0,214662.22082958632,0.1245606031706579,1.807174,1.434992,2.659522,125.824555,1.018907,0.0,67.5467035209278,0.049805225107702,0.6429489995146592,15.390388144008869,0.049805225107702,0.6429489995146592,2.565064690668144,0.049805225107702,0.6429489995146592,4.258454144484832,54.97352588518208,0.9269226336253594,0,0,1,0,0,0,0,0,0,1,0,0,0,1,0,0,0,0,0,0,0,0,0,0,0
92.57689594694445,5.516211473941803,3.389186515224923,8.13060150215094,1.158889982483084,0.0,157307.153917491,0.1220739649103985,1.547927,1.316985,2.776304,142.303646,0.0,0.0,94.46622035402494,0.0372044593165127,0.667136992974702,21.5239489414234,0.0372044593165127,0.667136992974702,3.587324823570567,0.0372044593165127,0.667136992974702,4.448816015121578,79.77456985401238,0.0349121671095086,0,0,1,0,0,0,0,0,0,0,1,0,0,0,0,0,1,0,0,0,0,0,0,0,0
59.22898084013888,37.27919848305839,3.631421013558797,5.876700308683107,0.7181696680238207,0.0,145837.77824303057,0.1220515887085482,1.837626,1.421816,2.571445,114.347258,0.0,0.108444,60.43773555116213,0.0166826851788783,0.6365613785247857,13.770623290138206,0.0166826851788783,0.6365613785247857,2.2951038816897005,0.0166826851788783,0.6365613785247857,1.2762831837016964,48.69914969286609,0.7640775184041294,0,0,0,0,0,1,0,0,0,0,0,0,1,0,0,0,0,0,0,0,0,0,0,1,0
0.902533,18.69198471591586,4.03512840705524,10.81683663155535,1.863926170541228,0.0,171754.48105890286,0.1387357555097527,0.666269,0.372803,1.113177,488.123005,1.322887,0.0,23.44509394241308,0.0313885149321592,0.6033223802600763,5.341920138777662,0.0313885149321592,0.6033223802600763,0.8903200231296102,0.0313885149321592,0.6033223802600763,0.9315274446801388,17.90499985159209,0.7464592243502541,0,0,1,0,0,0,0,0,0,1,0,0,0,1,0,0,0,0,0,0,0,0,0,0,0
46.34206137097223,4.580202958271617,0.9945953358277428,10.665900489409193,11.972111234847876,0.0,243627.5899467925,0.1374691890941249,1.481858,1.030927,0.79533,179.985557,153.765777,0.133221,47.287817725481865,0.0544516840118669,0.6247457828608772,10.774439481755362,0.0544516840118669,0.6247457828608772,1.7957399136258934,0.0544516840118669,0.6247457828608772,3.259368744808482,37.39603127175777,0.1412212971166992,0,0,0,0,0,0,0,0,1,0,0,1,0,0,0,0,0,0,0,0,0,0,1,0,0
176.34854234939812,16.622797362009685,3.8003659053958,8.28939730657948,1.090609254882776,0.0,180285.545319994,0.1365107592525813,2.8027740000000003,1.589744,1.886088,115.240016,1.134707,0.0,179.9474921932634,0.0380591201615196,0.7439444801604129,41.00069442378153,0.0380591201615196,0.7439444801604129,6.833449070630254,0.0380591201615196,0.7439444801604129,8.669168643224715,169.4568905517561,0.4572084392625493,0,0,0,0,0,0,1,0,0,1,0,0,0,0,0,0,0,0,1,0,0,0,0,0,0
45.23458576250001,33.40824569293431,3.529346797106077,7.242573735239408,0.9714028866742728,0.0,137283.3277971373,0.1285877698491946,1.561194,1.140096,1.37253,146.648191,1.135002,0.97324,46.1577405739796,0.0145439698188702,0.6237303746379379,10.51695354850168,0.0145439698188702,0.6237303746379379,1.7528255914169466,0.0145439698188702,0.6237303746379379,0.8497680833103848,36.44301876031524,0.3880168426250109,0,0,1,0,0,0,0,0,0,1,0,0,0,0,0,0,0,0,1,0,0,0,0,0,0
34.50783306990741,5.423653903461638,1.5335000184514254,9.48756275359961,1.601194020226705,0.0,164683.07119304556,0.1357854955630908,1.23394,1.404426,1.100309,124.092353,0.371864,0.0,35.21207456113002,0.0363156526384435,0.6138953653554121,8.023004330384055,0.0363156526384435,0.6138953653554121,1.3371673883973425,0.0363156526384435,0.6138953653554121,1.6186702132164188,27.362695414717628,0.1650162474035451,0,0,0,0,0,1,0,0,0,1,0,0,0,0,0,0,0,0,1,0,0,0,0,0,0
15.252935216388886,7.558278550988152,4.772110980745556,2.900045829139453,0.4412853809640847,0.0,169495.9551296463,0.1369404240870933,0.815187,1.282123,1.433543,174.01949399999998,0.0,0.0,15.564219608560087,0.0287410448772329,0.5962411782448794,3.546277885494704,0.0287410448772329,0.5962411782448794,0.5910463142491172,0.0287410448772329,0.5962411782448794,0.5662429547452337,11.746871693506233,0.1695166364321016,0,0,1,0,0,0,0,0,0,0,1,0,0,0,0,0,1,0,0,0,0,0,0,0,0
1.825175,4.181365309442793,0.8954461458489763,4.094327220242087,0.9669732713727928,0.0,164991.9899955036,0.1382640922884289,1.654034,0.336059,0.088402,558.9138379999999,1.395649,0.001027,47.41255924863,0.0398870157416683,0.6248578668616714,10.80286160095367,0.0398870157416683,0.6248578668616714,1.8004769334922783,0.0398870157416683,0.6248578668616714,2.3938550596239097,37.50140586652096,0.5016719465987516,1,0,0,0,0,0,0,0,0,0,1,0,0,1,0,0,0,0,0,0,0,0,0,0,0
57.06191509361111,8.833095922924223,2.8104368576900565,10.146876372879358,1.7414951681804889,0.0,173626.1216932704,0.1251350022066268,1.56402,1.417929,1.042869,118.533443,1.135081,0.0,58.22644397307256,0.036629010121289,0.6345744667031249,13.266784702725394,0.036629010121289,0.6345744667031249,2.2111307837875653,0.036629010121289,0.6345744667031249,2.6997177286282863,46.7709045977619,0.7997189297350414,0,0,0,1,0,0,0,0,0,1,0,0,0,0,0,1,0,0,0,0,0,0,0,0,0
158.1251296050463,5.70138110873245,0.3879940282169292,2.9500917034755223,0.2586516738116598,0.0,135023.98569581835,0.1245387640538261,3.869515,1.525503,0.26769,94.075984,103.087146,0.074503,161.35217306637378,0.0384592652160765,0.7272360280653288,36.763786268287696,0.0384592652160765,0.7272360280653288,6.127297711381281,0.0384592652160765,0.7272360280653288,7.855045591329052,148.53305501329012,0.7814614997596421,0,0,0,0,0,0,1,0,0,0,1,0,0,0,0,0,0,1,0,0,0,0,0,0,0
20.812639445648145,1.558870655298233,0.4264667690943757,3.703152297140597,0.9482048494781522,0.0,161056.2246889988,0.1342215328443822,0.96158,0.986491,0.299486,182.044679,145.19666999999998,0.19749,21.237387189436884,0.0308798562119812,0.6013386895113247,4.838898346960303,0.0308798562119812,0.6013386895113247,0.806483057826717,0.0308798562119812,0.6013386895113247,0.8301360287695988,16.1656488368868,0.8677131079841792,0,0,0,0,0,0,0,0,1,0,0,1,0,1,0,0,0,0,0,0,0,0,0,0,0
2.165462,3.3189414796375094,0.7817466181816815,4.212487641570093,0.8084570067249042,0.0,167961.1526716127,0.1379652221282895,1.86493,0.385161,0.095277,515.40714,12.214491,5e-06,56.25219246135678,0.0430214160236471,0.6328005424923029,12.816955244359772,0.0430214160236471,0.6328005424923029,2.136159207393295,0.0430214160236471,0.6328005424923029,3.063353131800373,45.05875684294684,0.4546257720548832,0,1,0,0,0,0,0,0,0,1,0,0,0,1,0,0,0,0,0,0,0,0,0,0,0
9.029648,21.85971990880512,3.5960455961364635,6.522956512528929,1.2049934023575817,0.0,165767.53237410073,0.1387676461923608,1.6829349999999998,0.341542,1.159016,671.226901,1.040721,0.0,234.5631080823885,0.1062477706418207,0.7930182495052686,53.44475880358219,0.1062477706418207,0.7930182495052686,8.90745980059703,0.1062477706418207,0.7930182495052686,31.54659152983573,235.4592726202669,0.5380932179568628,1,0,0,0,0,0,0,0,0,1,0,0,0,1,0,0,0,0,0,0,0,0,0,0,0
25.47641950671296,49.55013183185032,7.242632501416927,8.604078121322521,1.4972261354791747,0.0,196837.62503747,0.1387426994687361,0.812873,1.34575,1.586354,148.41198799999998,1.135275,0.000461,25.996346435421387,0.0327042515083943,0.6056147571626191,5.923218175159303,0.0327042515083943,0.6056147571626191,0.9872030291932172,0.0327042515083943,0.6056147571626191,1.076191205219459,19.92882409316841,0.4612974034257036,0,0,0,0,1,0,0,0,0,0,0,1,0,1,0,0,0,0,0,0,0,0,0,0,0
23.449344298101853,43.662485052290414,23.64230757651569,5.62739291008142,1.4971674194724724,0.0,205544.2876573741,0.1269012629199657,0.98836,1.3529520000000002,0.5196149999999999,145.023778,0.013491,0.1136359999999999,23.92790234500189,0.0319079021229763,0.6037561980940546,5.451927116582709,0.0319079021229763,0.6037561980940546,0.9086545194304514,0.0319079021229763,0.6037561980940546,0.966441982319564,18.28685993441032,0.6799502770113016,0,0,0,1,0,0,0,0,0,1,0,0,0,1,0,0,0,0,0,0,0,0,0,0,0
32.527599576111115,16.995507046154568,2.8712692618084183,7.517542372504584,1.0214535005801588,0.0,180086.66430605514,0.1367969787735447,1.089285,1.113623,0.513526,150.198274,1.13496,0.6051350000000001,33.191428138888895,0.0071029914787604,0.6120797539256358,7.562603879746836,0.0071029914787604,0.6120797539256358,1.260433979957806,0.0071029914787604,0.6120797539256358,0.2984283939726822,25.716204009736128,0.6502677207377491,0,0,0,0,0,1,0,0,0,0,0,0,1,0,0,0,0,0,0,1,0,0,0,0,0
37.58322076458333,49.9323917729514,1.0364513033442646,6.73336462437106,1.195650560928763,0.0,134801.11639126198,0.111723978644152,1.34161,0.981662,0.141572,139.832211,1.13558,0.341679,38.35022526998299,0.0225414175833856,0.6167150879118378,8.7380260108822,0.0225414175833856,0.6167150879118378,1.4563376684803666,0.0225414175833856,0.6167150879118378,1.0942638509210054,29.93818044153968,0.055837322199934,0,0,0,1,0,0,0,0,0,0,0,1,0,0,0,0,1,0,0,0,0,0,0,0,0
55.9346081287037,4.91336960196495,7.105550362623567,7.538472108131976,1.898567568626907,0.0,285029.37743555155,0.1400502030101182,1.302067,1.394156,2.78816,143.14787900000002,1.13447,0.0,57.076130743575206,0.0815356385407126,0.6335408757570246,13.004688017523463,0.0815356385407126,0.6335408757570246,2.167448002920577,0.0815356385407126,0.6335408757570246,5.890808564064059,45.77223019760389,0.6328152796803642,0,0,0,0,0,1,0,0,0,0,0,0,1,0,0,0,0,0,0,0,0,0,0,0,1
38.29292365893519,9.751172724224272,3.210070338180597,8.944883777655,1.4428471957179283,0.0,199945.3519934053,0.1377610129882677,1.310364,1.169844,0.307986,133.779092,1.135916,0.83655,39.07441189687264,0.0302879786156723,0.617365791321697,8.903030558781108,0.0302879786156723,0.617365791321697,1.4838384264635178,0.0302879786156723,0.617365791321697,1.498082217661333,30.53570281157305,0.1922452622145722,0,0,1,0,0,0,0,0,0,0,1,0,0,0,0,1,0,0,0,0,0,0,0,0,0
71.70229305898148,6.993104827404022,1.127331206552702,11.305305235105738,2.748283057761707,0.0,214720.5926633693,0.1354220636564193,2.494279,1.527426,0.735614,98.942871,1.135962,0.0,73.165605162226,0.0522792737190504,0.6479977512064149,16.670644214178076,0.0522792737190504,0.6479977512064149,2.7784407023630124,0.0522792737190504,0.6479977512064149,4.841828733032893,60.014110899720144,0.9277500963132628,0,0,0,0,0,0,1,0,0,1,0,0,0,0,0,0,0,0,0,1,0,0,0,0,0
176.03360818962963,6.878339573315212,1.7752081547423804,11.373767732716292,6.020220746811059,0.0,227868.1996590228,0.1325746556158832,2.716163,1.310765,0.091304,110.161901,50.433987,0.3572079999999999,179.62613080574454,0.1406390962929883,0.7436557273128857,40.92747284181521,0.1406390962929883,0.7436557273128857,6.821245473635868,0.1406390962929883,0.7436557273128857,31.97779330015953,169.08860879588036,0.1979281837815553,0,0,0,1,0,0,0,0,0,0,0,1,0,0,0,0,0,0,0,0,0,0,0,0,1
113.68677662203704,14.59789654754457,0.3268297211818701,3.238437679745882,0.2867449229712681,0.0,101490.21393041816,0.1183985123138347,2.042141,1.432905,0.99258,147.051402,1.13554,0.0,116.00691492044596,0.0258494543048323,0.6864919532634682,26.431955298329456,0.0258494543048323,0.6864919532634682,4.405325883054909,0.0258494543048323,0.6864919532634682,3.795842337064098,100.80735900734926,0.327140629360073,0,0,0,0,0,1,0,0,0,0,0,1,0,0,0,0,0,0,1,0,0,0,0,0,0
43.07261150671297,20.036897118886312,3.2347167927584204,9.677762292271897,1.3276631094568925,0.0,149993.39978642086,0.1295594050676274,1.454933,1.402585,0.148611,109.646257,1.136494,0.0,43.95164439460507,0.0159344232282967,0.6217481310378845,10.014298722821408,0.0159344232282967,0.6217481310378845,1.669049787136901,0.0159344232282967,0.6217481310378845,0.8865115232446015,34.590952858718246,0.0569624078891111,0,0,0,0,1,0,0,0,0,0,0,0,1,0,0,0,0,1,0,0,0,0,0,0,0
106.4392177547685,3.5303497271878377,0.2649582446836453,2.223918870770388,0.2684475790789659,0.0,144977.48932104316,0.1188030262484396,2.082566,1.539619,1.327304,122.357644,8.875957000000001,0.0,108.61144668853927,0.041263871863589,0.6798469031930532,24.74691190371781,0.041263871863589,0.6798469031930532,4.124485317286301,0.041263871863589,0.6798469031930532,5.673074454525214,93.467285674077,0.6497944804937341,0,0,1,0,0,0,0,0,0,0,1,0,0,0,0,0,1,0,0,0,0,0,0,0,0
24.89359656162037,11.250463247299194,8.127097041486836,8.749536781859913,2.211733094365191,0.0,168228.88753372303,0.1237165005587273,1.0414219999999998,1.317067,0.027663,136.356905,1.135329,0.252006,25.401629144510583,0.0220341191409296,0.6050803858352171,5.787712969635322,0.0220341191409296,0.6050803858352171,0.9646188282725536,0.0220341191409296,0.6050803858352171,0.7084842062580476,19.45573109316906,0.8605733269933387,0,0,0,0,0,1,0,0,0,1,0,0,0,0,0,0,0,0,0,0,1,0,0,0,0
20.765772273379632,13.879207830202011,0.478418286184041,2.7615856423938303,0.5857893961796657,0.0,195487.7316677908,0.1273679156705058,0.934521,1.339858,0.589961,157.867798,0.919833,0.0,21.18956354426493,0.0308616625764388,0.6012957185314284,4.828001820212263,0.0308616625764388,0.6012957185314284,0.804666970035377,0.0308616625764388,0.6012957185314284,0.8277786838545749,16.128093464197647,0.9618317976876692,0,0,0,0,0,1,0,0,0,0,0,1,0,1,0,0,0,0,0,0,0,0,0,0,0
23.466629909166667,5.219761756488255,2.089955494415274,6.90016139554177,1.0612946718716794,0.0,155832.153936226,0.1219712757914186,1.00361,1.383926,0.377724,141.660993,1.135679,0.0,23.945540723639457,0.0113935374928479,0.6037720467064117,5.455945987664686,0.0113935374928479,0.6037720467064117,0.9093243312774476,0.0113935374928479,0.6037720467064117,0.3453473620522825,18.300820420510792,0.1350173740946799,0,0,0,0,0,0,0,0,1,1,0,0,0,0,0,0,0,0,1,0,0,0,0,0,0
48.60135947226852,5.793594679378328,0.6555453327348192,4.415345406360763,0.838024506251589,0.0,178103.76787320143,0.138020203696738,1.648286,1.499479,0.388888,125.409475,2.082807,0.0,49.59322395129441,0.0421579818639207,0.6268172595169565,11.299721912953157,0.0421579818639207,0.6268172595169565,1.8832869854921923,0.0421579818639207,0.6268172595169565,2.646519285964595,39.34922623767222,0.2734524687940589,0,0,0,0,0,0,1,0,0,1,0,0,0,0,0,0,0,0,1,0,0,0,0,0,0
28.19583562625,1.630971051184904,2.135794704909519,9.811294722614242,1.3245074730411135,0.0,110921.81946942446,0.1011473252851185,1.114622,1.138951,0.2283619999999999,184.438992,132.90975500000002,0.00075,28.77126084311225,0.0067561558295608,0.6081081010053616,6.555477154126841,0.0067561558295608,0.6081081010053616,1.0925795256878068,0.0067561558295608,0.6081081010053616,0.2460545843911499,22.146882018778367,0.3246425812330654,0,0,0,1,0,0,0,0,0,0,1,0,0,0,0,0,0,0,0,0,1,0,0,0,0
24.720664078611108,67.33495497930618,10.407282379319629,7.374533661263738,2.393021458344494,0.0,263311.2841351918,0.1363956718314751,1.039623,1.31813,0.3220659999999999,153.062392,1.135599,0.0,25.2251674271542,0.0532442717082927,0.6049218296883209,5.747506502389563,0.0532442717082927,0.6049218296883209,0.9579177503982604,0.0532442717082927,0.6049218296883209,1.7001210992133862,19.3155119420612,0.2577345411994901,0,0,0,1,0,0,0,0,0,0,0,1,0,0,0,0,0,0,0,0,0,0,1,0,0
37.12890704578704,69.88866515159607,4.126131225261185,7.659713528996749,1.5744738134262946,0.0,183940.6116981415,0.138404903294657,0.933098,1.3391620000000002,2.325495,157.143351,1.136747,0.0,37.88663984263984,0.0373831180401228,0.6162985424978071,8.632398951487557,0.0373831180401228,0.6162985424978071,1.4387331585812595,0.0373831180401228,0.6162985424978071,1.792811049849398,29.55630495589656,0.6367960853761766,0,0,1,0,0,0,0,0,0,1,0,0,0,0,0,0,0,0,1,0,0,0,0,0,0
25.891477831898147,3.758568626074564,6.162305392807336,8.053440999641692,1.189374545638224,0.0,95089.27798542417,0.1073603672589615,1.0484950000000002,1.293498,3.00502,149.827746,0.0,0.0,26.419875338671577,0.0065735905569402,0.6059953105880566,6.019718431596055,0.0065735905569402,0.6059953105880566,1.003286405266009,0.0065735905569402,0.6059953105880566,0.2198398013187725,20.26622855893167,0.8073415504051238,0,0,1,0,0,0,0,0,0,0,0,1,0,0,0,0,0,0,0,0,0,0,0,1,0
84.81667487699075,27.27706871713911,4.546323913464443,8.409243921010043,1.1434293842430023,0.0,177716.3574827638,0.1363122675487463,1.502042,1.428281,2.587281,132.288055,1.134726,0.0,86.54762742550076,0.0208225221233366,0.6600218996706352,19.7197125779622,0.0208225221233366,0.6600218996706352,3.2866187629937,0.0208225221233366,0.6600218996706352,2.2811897301136503,72.30801198147516,0.5803417298723903,0,0,1,0,0,0,0,0,0,1,0,0,0,0,0,0,0,0,1,0,0,0,0,0,0
58.80521606578703,18.61037678718567,2.0112706720114324,8.868246007594559,1.5896910843517569,0.0,176748.96189298562,0.1383045384888168,2.020424,1.432864,1.103124,143.875167,0.371457,0.0,60.00532251610922,0.0465451551045989,0.6361728424403996,13.672098801138809,0.0465451551045989,0.6361728424403996,2.2786831335231343,0.0465451551045989,0.6361728424403996,3.535388662802264,48.32121086914698,0.6518523563007953,0,0,1,0,0,0,0,0,0,0,0,0,1,0,0,0,0,1,0,0,0,0,0,0,0
42.38398738402778,4.631241116637275,1.833255803127655,9.019742309332466,1.3446532505021678,0.0,152242.67262440047,0.1369469024473243,1.317496,1.4507450000000002,1.956951,124.695787,1.135636,0.0,43.2489667183957,0.0141191966701947,0.6211167540654801,9.854194948495222,0.0141191966701947,0.6211167540654801,1.6423658247492037,0.0141191966701947,0.6211167540654801,0.7729628694680207,34.00336433521002,0.2207436628909961,0,0,1,0,0,0,0,0,0,0,1,0,0,0,0,0,0,0,1,0,0,0,0,0,0
45.34471470722223,20.65557581129528,3.9608796760618543,10.730970880110489,1.73915399064263,0.0,210420.28698291368,0.1369526821950213,1.226699,1.302131,2.974561,153.523685,1.135034,0.0,46.27011704818595,0.0407855859476771,0.6238313482713065,10.542558314776546,0.0407855859476771,0.6238313482713065,1.7570930524627577,0.0407855859476771,0.6238313482713065,2.388802323642876,36.53765759853293,0.4833306980487063,0,0,0,0,1,0,0,0,0,0,0,0,1,1,0,0,0,0,0,0,0,0,0,0,0
1.901122,9.75855768748692,1.0833303538157786,10.001437507373252,3.809160555581109,0.0,172290.4701551259,0.1383304664378257,1.784055,0.343015,0.637005,522.816371,1.333456,0.17732,49.385433979686326,0.040586567291435,0.6266305539937675,11.252377362460177,0.040586567291435,0.6266305539937675,1.875396227076696,0.040586567291435,0.6266305539937675,2.537196505611721,39.17268589102971,0.6738273872009511,0,1,0,0,0,0,0,0,0,0,0,1,0,1,0,0,0,0,0,0,0,0,0,0,0
21.99694564939816,10.87361968244825,0.3163687537917845,2.962029822152868,0.654855544547097,0.0,178005.86850831835,0.1214895645241371,0.971107,1.245337,0.1621109999999999,129.15165,1.135515,0.14103,22.44586290754913,0.0313405237149433,0.6024245411983201,5.114247244758031,0.0313405237149433,0.6024245411983201,0.8523745407930051,0.0313405237149433,0.6024245411983201,0.890462150324572,17.116378055545166,0.6700637019053693,0,0,0,0,0,0,0,0,1,1,0,0,0,1,0,0,0,0,0,0,0,0,0,0,0
6.237997,8.856163855961391,1.1467195041745686,4.928841444514067,1.1919172080300695,0.0,167142.01305830336,0.1378942869371361,1.620322,0.414335,0.0511089999999999,665.787863,6.8318270000000005,0.0,162.0444079911659,0.0805337360722186,0.7278580219123023,36.92151068153147,0.0805337360722186,0.7278580219123023,6.153585113588578,0.0805337360722186,0.7278580219123023,16.519039981189202,149.2978762815191,0.0240457668832553,0,0,1,0,0,0,0,0,0,1,0,0,0,1,0,0,0,0,0,0,0,0,0,0,0
10.267067451064817,45.265894721803214,36.380814056030566,4.196215083559069,1.0683056063932197,0.0,116984.77428057554,0.1134595015584279,0.686579,1.247711,2.3705380000000003,165.552854,0.0,0.0,10.476599439862056,0.0095877133865425,0.5916697988946992,2.387073290095152,0.0095877133865425,0.5916697988946992,0.3978455483491919,0.0095877133865425,0.5916697988946992,0.127147636322797,7.846439852763925,0.0627617613745387,0,0,0,1,0,0,0,0,0,1,0,0,0,0,0,0,0,0,1,0,0,0,0,0,0
30.76525642856481,5.2011921263876415,2.6372512444603644,9.142083532804492,1.3190097168481036,0.0,184060.9150929257,0.131934340266015,0.896809,1.309251,3.091397,151.950733,1.134748,0.0,31.39311880465797,0.0,0.6104639190395493,7.152862512453715,0.0,0.6104639190395493,1.1921437520756188,0.0,0.6104639190395493,0.0,24.258691565019845,0.5327068965947654,0,0,0,0,0,0,1,0,0,0,0,0,1,0,1,0,0,0,0,0,0,0,0,0,0
37.81977142439815,5.397704570066361,0.3170414228590844,1.7950325412430066,0.3945059721275485,0.0,196814.917172512,0.1395739109324608,1.317577,1.31813,0.345468,166.64116,1.135219,0.0,38.591603494283824,0.067798678810351,0.6169319734877188,8.79302358097606,0.067798678810351,0.6169319734877188,1.4655039301626769,0.067798678810351,0.6169319734877188,3.311974341880213,30.13720772630894,0.8046994601207508,0,0,0,0,0,1,0,0,0,0,0,1,0,0,0,0,0,0,0,0,0,0,1,0,0
8.402079850185185,27.1866403579712,6.926223868088757,6.373927416561319,1.4311536531940068,0.0,172700.63487335132,0.1352390705538596,0.6613,1.219068,0.408441,161.510375,1.088096,0.0,8.573550867535904,0.0261594618584089,0.589959852661007,1.9534672862740032,0.0261594618584089,0.589959852661007,0.3255778810456671,0.0261594618584089,0.589959852661007,0.2838980720385251,6.402595957712824,0.9065383884606076,0,0,0,1,0,0,0,0,0,1,0,0,0,1,0,0,0,0,0,0,0,0,0,0,0
18.119673620509257,36.3919567607698,0.4750721072621768,3.6363616990242646,0.378545457796513,0.0,82960.23659509892,0.1058471333637511,0.887074,1.087762,0.04125,154.00984499999998,1.136465,1.190719,18.489462878070672,0.0011935591420473,0.5988695970798328,4.212789010193317,0.0011935591420473,0.5988695970798328,0.7021315016988862,0.0011935591420473,0.5988695970798328,0.027934515759072,14.016173650648998,0.149341492992744,0,0,1,0,0,0,0,0,0,0,1,0,0,0,0,0,0,0,0,0,0,0,0,1,0
29.64235360314815,6.396960317520868,2.674581426796581,9.549444317531814,1.422566382433299,0.0,187438.6407936151,0.1334253663567902,0.989986,1.247424,1.492796,158.35225,1.136513,0.0,30.24729959504913,0.0137428922791692,0.6094343661051395,6.891789781150435,0.0137428922791692,0.6094343661051395,1.148631630191739,0.0137428922791692,0.6094343661051395,0.5261840254057221,23.33385298114052,0.2922761261326358,0,0,1,0,0,0,0,0,0,1,0,0,0,0,0,0,0,1,0,0,0,0,0,0,0
10.983592943009258,97.09052280244372,6.098782234570588,7.986375631474191,2.743191174608912,0.0,163429.53396657674,0.1337291106438751,0.721162,1.20757,0.972728,153.924197,0.371218,0.0,11.207747901029856,0.0271252529137406,0.5923267577215123,2.553664078715663,0.0271252529137406,0.5923267577215123,0.4256106797859438,0.0271252529137406,0.5923267577215123,0.3848265777327596,8.403353133641897,0.906975382952116,0,0,0,0,0,1,0,0,0,1,0,0,0,0,0,0,0,0,1,0,0,0,0,0,0
35.62355689337964,12.955190431504022,4.167398561962503,8.61129277844509,5.422367516896136,0.0,176890.50683827937,0.1262255895802443,1.293925,1.331183,1.223776,140.478259,0.0,0.073495,36.35056825855065,0.0249477528161727,0.6149183360973555,8.282407957644452,0.0249477528161727,0.6149183360973555,1.380401326274075,0.0249477528161727,0.6149183360973555,1.147930369166754,28.294469556634567,0.0801794347337715,0,0,0,1,0,0,0,0,0,0,0,1,0,0,0,0,0,0,0,0,0,0,0,1,0
162.2237541938889,5.552653235480899,0.4742532725885903,8.63321575558157,2.5981384318509546,0.0,165424.79770870804,0.1308601929915608,3.200977,1.623378,0.46007,105.029125,24.181525,0.000547,165.53444305498869,0.0984640008424587,0.730993923118199,37.71670854417464,0.0984640008424587,0.730993923118199,6.286118090695772,0.0984640008424587,0.730993923118199,20.6318778992688,153.17047081006618,0.2027871110797056,0,0,0,0,0,1,0,0,0,0,0,0,1,0,1,0,0,0,0,0,0,0,0,0,0
61.72312395185185,8.46152417716526,0.8696798846590147,5.421289504003182,1.4449227452278135,0.0,180216.44534997,0.1376799778472319,2.128458,1.480002,0.366858,113.455858,0.370251,0.048666,62.98277954270598,0.0478240040466512,0.6388481769025076,14.350506731249462,0.0478240040466512,0.6388481769025076,2.3917511218749103,0.0478240040466512,0.6388481769025076,3.8127705110376096,50.93219479381047,0.9669359575871288,0,0,0,0,0,0,1,0,0,1,0,0,0,0,0,1,0,0,0,0,0,0,0,0,0
63.58765331856481,22.812666071028936,7.235269632270868,7.451074265747619,1.3244372053112057,0.0,186904.45696567747,0.1335447507260514,1.7811439999999998,1.438225,2.99953,126.559238,0.370342,0.0,64.88536052914777,0.0486468387967843,0.6405577029962551,14.784006196514682,0.0486468387967843,0.6405577029962551,2.464001032752446,0.0486468387967843,0.6405577029962551,3.995528701180618,52.61116139067693,0.3522761427490009,0,0,0,1,0,0,0,0,0,0,0,1,0,0,0,0,1,0,0,0,0,0,0,0,0
116.39053640754628,35.54095771199181,4.810835172232392,8.262678765564514,1.3212814552606724,0.0,173447.0473059053,0.1393120101959013,1.894323,1.393378,1.949399,142.57061299999998,0.370917,0.0,118.76585347708804,0.0737803126449947,0.6889709423247679,27.060574209969428,0.0737803126449947,0.6889709423247679,4.51009570166157,0.0737803126449947,0.6889709423247679,11.091875697581257,103.57749618495528,0.6191181820157432,0,0,0,0,0,0,0,1,0,0,0,1,0,0,0,0,0,0,0,1,0,0,0,0,0
26.341514698472224,6.038282376243955,0.7799328340472077,3.82091120049822,0.4736959174525537,0.0,200609.16522407075,0.1361532468768618,0.8792200000000001,1.321445,0.321668,149.91817,1.708436,0.001411,26.879096631094107,0.0330456967494139,0.606407934695937,6.124351131135366,0.0330456967494139,0.606407934695937,1.0207251885225608,0.0330456967494139,0.606407934695937,1.1243525014801647,20.632528448802905,0.2879748387669794,0,0,1,0,0,0,0,0,0,0,0,0,1,0,1,0,0,0,0,0,0,0,0,0,0
44.20796302699074,4.574177535374959,8.289820529859986,8.974962817679206,1.2149826735615443,0.0,105592.71437069094,0.1025789359794389,1.491742,1.384336,1.423716,114.241094,0.0,0.0,45.11016635407218,0.0080619421534406,0.6227890977741245,10.27826575156075,0.0080619421534406,0.6227890977741245,1.7130442919267916,0.0080619421534406,0.6227890977741245,0.4603487995931821,35.56217696720669,0.9087191481432728,0,0,0,1,0,0,0,0,0,0,1,0,0,0,0,0,0,0,0,1,0,0,0,0,0
29.85757091675925,38.32144950685047,3.801339183208182,7.986853262217497,1.0324382823434093,0.0,145215.65008618106,0.1271273538255863,0.995693,1.324882,1.258805,152.26726000000002,1.135874,0.0,30.46690909873393,0.0137772895034198,0.6096316918324853,6.9418273895849465,0.0137772895034198,0.6096316918324853,1.156971231597491,0.0137772895034198,0.6096316918324853,0.5313309201615609,23.51087764400976,0.1498086376731857,0,0,1,0,0,0,0,0,0,0,0,1,0,0,0,0,0,1,0,0,0,0,0,0,0
99.88201411703704,7.726128028687976,1.1644235301932555,4.3789597449542805,0.7519589030056548,0.0,175990.83694919065,0.1377902630386021,2.140607,1.430614,0.251225,157.459645,0.3705449999999999,0.0,101.92042256840514,0.0655424056129419,0.6738348172903891,23.222374762421424,0.0655424056129419,0.6738348172903891,3.870395793736904,0.0655424056129419,0.6738348172903891,8.455835033190954,86.9335814171399,0.3835444084657661,0,0,0,0,0,0,1,0,0,1,0,0,0,0,0,0,0,1,0,0,0,0,0,0,0
49.01341381791666,3.019307695400147,1.2647989825379076,9.64345701707067,0.9430425927507504,0.0,137043.2896620204,0.1261185199844179,1.708587,1.293702,0.380644,123.116183,1.135648,0.939401,50.01368756930272,0.0,0.6271950586916455,11.395523749967708,0.0,0.6271950586916455,1.899253958327951,0.0,0.6271950586916455,0.0,39.70675659546131,0.1310824573057134,0,0,0,0,0,0,1,0,0,0,0,0,1,0,1,0,0,0,0,0,0,0,0,0,0
53.45624863828704,8.060381034442356,3.018626693341372,10.543450023916414,1.9569576687092405,0.0,196426.90447017387,0.1376243144881239,1.837302,1.365472,0.156757,106.208072,1.1367969999999998,0.172064,54.547192488048,0.0353831045814296,0.6312685488662857,12.428474237783089,0.0353831045814296,0.6312685488662857,2.071412372963848,0.0353831045814296,0.6312685488662857,2.4431000207949034,43.58724942615192,0.9617392788636748,0,0,0,0,0,0,0,1,0,1,0,0,0,0,0,1,0,0,0,0,0,0,0,0,0
66.19864614277778,10.004893621376583,2.776696139388233,6.260914452641988,0.7204887329174174,0.0,140374.22792078837,0.1309161500500546,2.304246,1.496614,0.728772,134.393,1.135537,0.0,67.54963892120182,0.0099613015091389,0.6429516370598675,15.391056969387757,0.0099613015091389,0.6429516370598675,2.565176161564626,0.0099613015091389,0.6429516370598675,0.851749772313367,54.976140414164114,0.6617583852137898,0,0,0,0,0,1,0,0,0,0,0,1,0,0,0,0,0,0,0,1,0,0,0,0,0
137.42951807407405,25.71840510595413,4.301057511668125,7.886577479273296,1.5466270998513385,0.0,190137.95003372303,0.1368077829194297,2.214601,1.497883,1.040328,104.519212,1.1364379999999998,0.0,140.2342021164021,0.0847800569608666,0.7082608976276508,31.952096684749844,0.0847800569608666,0.7082608976276508,5.325349447458306,0.0847800569608666,0.7082608976276508,15.049447649734494,125.72455932792448,0.8739768446484488,0,0,0,0,1,0,0,0,0,1,0,0,0,0,0,0,0,0,0,1,0,0,0,0,0
1.265467,10.789933530489604,1.8480043146821807,4.875836391814893,1.010334319526629,0.0,169801.07027502998,0.1385049681297595,1.103315,0.390848,0.28354,536.849121,0.0,6e-06,32.873028128637564,0.0347315178442295,0.6117936619644246,7.490057041968052,0.0347315178442295,0.6117936619644246,1.2483428403280086,0.0347315178442295,0.6117936619644246,1.4452280544856158,25.45760792237812,0.06179157412492,1,0,0,0,0,0,0,0,0,1,0,0,0,1,0,0,0,0,0,0,0,0,0,0,0
18.42424659662037,3.512282988854817,2.4723036151995763,8.111505245419144,1.492595998789195,0.0,178085.67238084532,0.1386140748786983,0.614761,1.202251,0.2776409999999999,157.329685,0.370367,0.257866,18.80025162920446,0.0299562398142428,0.5991488500963891,4.283601637033928,0.0299562398142428,0.5991488500963891,0.7139336061723212,0.0299562398142428,0.5991488500963891,0.7128922105981764,14.25841663944382,0.5318584034860201,0,0,0,0,0,0,1,0,0,0,0,0,1,0,0,0,0,0,1,0,0,0,0,0,0
66.10918865046295,5.200006550266629,1.684529645265721,3.419288243535611,0.6661105745380445,0.0,162604.45647856715,0.1351741839477198,1.761798,1.450336,0.565771,107.551089,4.755054,0.0,67.45835576577852,0.049766632041893,0.642869616406225,15.370258275747004,0.049766632041893,0.642869616406225,2.5617097126245003,0.049766632041893,0.642869616406225,4.249588822210903,54.89484467663379,0.1974884002644438,0,0,0,1,0,0,0,0,0,1,0,0,0,1,0,0,0,0,0,0,0,0,0,0,0
30.45549013189815,4.087966700394948,1.1279040413508885,7.406784874643925,0.9596938177836029,0.0,107345.00363459231,0.125393445641517,0.940936,1.275658,2.53087,161.6206,1.135638,0.0,31.077030746834847,0.0069364878145786,0.6101799044369535,7.080842448645915,0.0069364878145786,0.6101799044369535,1.1801404081076523,0.0069364878145786,0.6101799044369535,0.2728676520110209,24.00326538137716,0.8916193021417986,0,0,0,0,0,1,0,0,0,0,0,0,1,0,0,0,0,0,0,1,0,0,0,0,0
162.97757485550926,13.831068084353491,4.354590083483598,9.547720966293372,1.695726946818171,0.0,189948.89536495804,0.1294894587043092,2.264765,1.473332,1.8008970000000002,118.825979,0.0134949999999999,0.0,166.30364781174416,0.0988922509473524,0.7316850766682864,37.89197038748601,0.0988922509473524,0.7316850766682864,6.315328397914334,0.0988922509473524,0.7316850766682864,20.81790135804952,154.02771810044524,0.1759415416733614,0,0,0,0,0,1,0,0,0,0,0,1,0,1,0,0,0,0,0,0,0,0,0,0,0
50.82178404175926,27.69521708261399,3.3531990820269506,8.249511415723989,1.1835746570742671,0.0,196726.3456235012,0.1344495217720095,1.72406,1.418134,1.317672,130.494245,1.1355540000000002,0.0,51.85896330791761,0.0344811314874397,0.6288530943010632,11.815966323323,0.0344811314874397,0.6288530943010632,1.969327720553833,0.0344811314874397,0.6288530943010632,2.263488269142559,41.28059435877125,0.5964903622236986,0,0,0,0,0,0,0,1,0,0,0,1,0,0,0,1,0,0,0,0,0,0,0,0,0
103.7303155636111,4.925275962693351,0.3912023846551383,8.75564383088256,0.9569678366613044,0.0,109581.83680867804,0.121603141147956,2.51961,1.559505,0.850273,95.833909,1.135666,0.0,105.847260779195,0.0134863678557748,0.6773631992279301,24.11709739272797,0.0134863678557748,0.6773631992279301,4.019516232121329,0.0134863678557748,0.6773631992279301,1.8069558169548727,90.75574581127664,0.8861838984119617,0,0,0,0,0,0,0,1,0,0,0,1,0,0,0,0,0,0,0,1,0,0,0,0,0
22.076932968935186,32.91504716873169,0.5713949873328781,3.8462994836217206,0.4401456089757329,0.0,58888.47781306205,0.0952108482376848,0.8675719999999999,1.266819,2.850071,166.786927,1.134412,0.0,22.52748262136243,0.0,0.6024978789597728,5.13284414157625,0.0,0.6024978789597728,0.8554740235960415,0.0,0.6024978789597728,0.0,17.180709490726592,0.1775632577971568,0,0,1,0,0,0,0,0,0,1,0,0,0,0,1,0,0,0,0,0,0,0,0,0,0
21.691507119861114,12.330538723582311,1.3395990397718598,4.32658459471284,0.7493166707688385,0.0,185551.57088391783,0.1301750230917827,0.962494,1.317148,1.228445,135.908755,0.0,0.152225,22.13419093863379,0.0312215449683596,0.6021444945840906,5.043233378422888,0.0312215449683596,0.6021444945840906,0.8405388964038146,0.0312215449683596,0.6021444945840906,0.8747640983909031,16.87086229844481,0.3324999861892074,0,0,0,1,0,0,0,0,0,0,1,0,0,0,0,0,0,0,1,0,0,0,0,0,0
39.04799173578704,29.76339546952929,0.6367505972834228,4.086581598368766,3.101291748974249,0.0,319729.7002398082,0.1530917530133426,1.3675469999999998,1.0558459999999998,0.30074,116.018359,1.135841,0.6067600000000001,39.84488952631331,0.0809208586414536,0.6180580885860782,9.078582423716956,0.0809208586414536,0.6180580885860782,1.5130970706194926,0.0809208586414536,0.6180580885860782,4.081370472079916,31.1727294437426,0.3048949275463961,0,0,0,0,0,0,0,0,1,0,0,1,0,0,0,0,0,0,0,0,0,0,1,0,0
31.46388533055556,36.06631564412798,2.3245305047332527,6.681916543333936,0.841492379312035,0.0,108551.8564944919,0.1224163847504188,0.918114,1.224428,2.400014,160.939076,1.134696,0.0,32.106005439342404,0.0070173809928983,0.6111044690674123,7.315292378584345,0.0070173809928983,0.6111044690674123,1.219215396430724,0.0070173809928983,0.6111044690674123,0.2851899649720649,24.83559925048708,0.8239699468847265,0,0,0,0,0,0,1,0,0,0,0,1,0,0,0,0,0,0,0,1,0,0,0,0,0
40.77074854282408,16.94121998605274,6.489743795326288,10.940886149875263,2.28237774846651,0.0,167747.16870878296,0.1228132413910161,1.37515,1.448945,0.996229,110.619825,7.114277,0.0,41.60280463553477,0.0388807720082661,0.619637628049167,9.479120043539568,0.0388807720082661,0.619637628049167,1.579853340589928,0.0388807720082661,0.619637628049167,2.0475305847324883,32.63121922095653,0.8176518612677289,0,0,0,0,0,0,0,0,1,0,0,1,0,1,0,0,0,0,0,0,0,0,0,0,0
37.588388627685184,40.36384777228037,3.944362749584573,7.788310094417142,1.1552787719013022,0.0,180808.24477293165,0.1371046865729691,1.2168370000000002,1.382781,1.549391,128.52098700000002,1.136744,0.0,38.35549859967876,0.0225426873424548,0.6167198261567693,8.73922752904073,0.0225426873424548,0.6167198261567693,1.4565379215067882,0.0225426873424548,0.6167198261567693,1.0944759655652168,29.94252712474696,0.8486556793623931,0,0,0,0,0,1,0,0,0,0,0,1,0,0,0,0,1,0,0,0,0,0,0,0,0
39.26387094319444,3.31633018113318,0.4145446421145249,4.956141886951254,1.779379327877534,0.0,170906.4270271283,0.138806753200021,1.38631,1.413837,0.4813149999999999,137.785885,4.758952,0.0,40.06517443183106,0.0382590499490844,0.6182560211822331,9.128773921176697,0.0382590499490844,0.6182560211822331,1.521462320196116,0.0382590499490844,0.6182560211822331,1.9403234301344383,31.355108015437985,0.1524513533598539,0,0,0,1,0,0,0,0,0,1,0,0,0,1,0,0,0,0,0,0,0,0,0,0,0
3.825354,7.047326376892271,0.4563712243982356,9.473083649321998,5.050239985223582,0.0,172363.60553432253,0.1382417855538624,2.761256,0.401323,0.343076,650.6846059999999,5.070832,0.0,99.37119628089567,0.0583107628187178,0.6715442609942732,22.64153839311547,0.0583107628187178,0.6715442609942732,3.773589732185912,0.0583107628187178,0.6715442609942732,7.334696528288057,84.47108426654552,0.2220263703224316,0,0,1,0,0,0,0,0,0,0,0,1,0,1,0,0,0,0,0,0,0,0,0,0,0
30.620123485,8.258743178276788,3.0847795797194792,7.758483132012456,1.313903045025375,0.0,115567.57387215228,0.1161050247274142,1.127296,1.384131,2.750971,137.843334,0.0,0.0,31.245023964285707,0.0124051735031956,0.6103308513826297,7.119119384267629,0.0124051735031956,0.6103308513826297,1.186519897377938,0.0124051735031956,0.6103308513826297,0.4906328397322422,24.13898997163692,0.0490011060446111,0,0,0,0,0,1,0,0,0,0,0,0,1,0,0,0,0,0,0,0,0,0,0,1,0
77.37686131935185,6.255083061967578,2.1055652160438703,12.002300296756005,3.765788251261631,0.0,189662.9337342626,0.1373683658899735,2.720081,1.464658,0.220877,77.21865,0.370369,0.487431,78.95598093811412,0.0548690706539509,0.6532005775523236,17.9899703403298,0.0548690706539509,0.6532005775523236,2.9983283900549664,0.0548690706539509,0.6532005775523236,5.483849742589096,65.28366120251444,0.7227835983977452,0,0,0,0,1,0,0,0,0,0,0,0,1,1,0,0,0,0,0,0,0,0,0,0,0
57.16812359046296,11.588098440851484,0.3355125188559508,2.568616219275861,0.5876599468415875,0.0,202374.36663481715,0.1233086997477842,1.722684,1.508849,0.438752,109.751926,0.013493,0.0,58.33481999026832,0.0458323869608156,0.6346718458058558,13.2914779724662,0.0458323869608156,0.6346718458058558,2.2152463287443664,0.0458323869608156,0.6346718458058558,3.384334231751269,46.86514921262776,0.6104857904428058,0,0,0,0,0,1,0,0,0,0,1,0,0,1,0,0,0,0,0,0,0,0,0,0,0
39.19253915791666,97.92351815586998,4.437512540702912,8.973292867628505,2.4252779305838854,0.0,185926.7568757494,0.1378620280672034,1.167246,1.304505,2.880776,153.989739,0.369719,0.0,39.99238689583333,0.0382296906053469,0.6181906193975131,9.112189419303796,0.0382296906053469,0.6181906193975131,1.5186982365506323,0.0382296906053469,0.6181906193975131,1.9353121235405544,31.29483345103821,0.9897068454382606,0,0,1,0,0,0,0,0,0,0,0,0,1,0,0,0,0,0,1,0,0,0,0,0,0
37.24929534435185,25.76347558838981,3.3036745132016336,7.253130768700469,1.4965853692530442,0.0,166306.90495728416,0.1243848690776516,1.311081,1.433683,1.048423,132.812248,1.135602,0.000669,38.00948504525699,0.0253978542554792,0.6164089225977147,8.66038899765349,0.0253978542554792,0.6164089225977147,1.4433981662755817,0.0253978542554792,0.6164089225977147,1.2219738753231089,29.657450285114948,0.6632170949074372,0,0,0,0,0,1,0,0,0,1,0,0,0,0,0,0,0,0,0,0,1,0,0,0,0
36.32488428546296,27.47717677070981,3.0487738041569004,7.861228374554384,1.3203273229747654,0.0,180850.64083108515,0.136688081802224,1.236126,1.070454,0.430123,146.20134199999998,0.370879,1.001617,37.06620845455405,0.0370547429165136,0.6155613602826704,8.445465217493327,0.0370547429165136,0.6155613602826704,1.4075775362488876,0.0370547429165136,0.6155613602826704,1.738580791358738,28.881678097223173,0.9939164630786308,0,0,0,0,0,1,0,0,0,1,0,0,0,1,0,0,0,0,0,0,0,0,0,0,0
69.62934351879629,30.21940822828384,2.7454894235094103,6.3343769960837975,0.7680736393522587,0.0,185288.9289006295,0.1259560929767662,1.42059,1.413878,1.889508,144.885583,1.135881,0.0,71.05035052938398,0.0183295919383902,0.6460971314611673,16.188687462391286,0.0183295919383902,0.6460971314611673,2.6981145770652137,0.0183295919383902,0.6460971314611673,1.648511306687592,58.10813628651319,0.0393138419313515,0,0,1,0,0,0,0,0,0,0,0,1,0,0,0,0,0,0,1,0,0,0,0,0,0
7.697319999999999,7.98566883632115,3.014194980227976,10.887041519585845,1.9828673232373573,0.0,175138.99095098922,0.1379047473200219,1.604518,0.359832,1.385724,660.49411,6.750897999999999,0.0,199.95323218631896,0.093975631950398,0.7619202377163732,45.558964295616974,0.093975631950398,0.7619202377163732,7.593160715936162,0.093975631950398,0.7619202377163732,23.78573589270126,192.8460939234903,0.3300113753388218,0,0,1,0,0,0,0,0,0,0,1,0,0,1,0,0,0,0,0,0,0,0,0,0,0
29.068109819953705,3.775210155759539,2.6057075670868945,9.483546047759573,1.1775453543777374,0.0,94002.34345960732,0.1104786411213646,1.113271,1.371733,0.851102,122.418591,1.134761,0.0,29.661336550973168,0.006825614240812,0.6089078607311459,6.758279214145785,0.006825614240812,0.6089078607311459,1.1263798690242974,0.006825614240812,0.6089078607311459,0.2562744824858767,22.86205188060711,0.22289174215712,0,0,0,0,0,1,0,0,0,0,0,0,1,0,0,0,0,0,0,1,0,0,0,0,0
470.9190812406944,3.567356970764342,1.23295282867315,7.879123300671291,1.0388788074898203,0.0,142149.07242955634,0.1168649505368239,3.398885,1.595963,1.374151,111.774805,13.612927,0.0,480.52967473540247,0.1192862370150921,1.014026588640001,109.48777399034486,0.1192862370150921,1.014026588640001,18.247962331724143,0.1192862370150921,1.014026588640001,72.557691991484,616.7972997623157,0.3817202217435965,0,0,0,1,0,0,0,0,0,0,0,1,0,0,0,0,0,0,1,0,0,0,0,0,0
0.5466310000000001,9.924637492497762,1.1597962323710216,4.474410042202444,0.7408911404278067,0.0,164781.01260866306,0.1388257349030577,0.479534,0.2842159999999999,0.174999,555.819624,1.436115,0.002792,14.199829975009454,0.0281102841177091,0.5950152332274452,3.23540429810342,0.0281102841177091,0.5950152332274452,0.5392340496839032,0.0281102841177091,0.5950152332274452,0.5052674114185801,10.69508246122825,0.0557883567054104,0,0,1,0,0,0,0,0,0,0,0,1,0,1,0,0,0,0,0,0,0,0,0,0,0
35.22990828675926,16.332484703972227,5.180349051523551,8.824580413260334,1.7463280847318452,0.0,184933.42432928656,0.1217063993072624,1.291957,1.400212,0.7507050000000001,132.805223,7.120830000000001,0.000104,35.948886006897204,0.0366088570633227,0.6145574125437773,8.190885419293034,0.0366088570633227,0.6145574125437773,1.365147569882172,0.0366088570633227,0.6145574125437773,1.6658830752052962,27.96538527624044,0.9474846643275422,0,0,0,1,0,0,0,0,0,1,0,0,0,1,0,0,0,0,0,0,0,0,0,0,0
41.182802888472224,3.722783256996246,2.137019268328624,8.089919583688824,1.419142869021967,0.0,183299.232819994,0.1384725401298605,1.39547,1.357616,0.069786,121.450631,0.370963,0.427946,42.02326825354309,0.039051282921954,0.620015427223856,9.57492188055412,0.039051282921954,0.620015427223856,1.5958203134256863,0.039051282921954,0.620015427223856,2.0772943517395936,32.981107113371166,0.3876921968767354,0,0,1,0,0,0,0,0,0,0,0,0,1,0,0,0,0,0,0,1,0,0,0,0,0
79.55281171722223,5.527875277541932,0.4227240546215638,8.939216083188137,0.97447661158564,0.0,117934.50707246702,0.123963440770654,2.279776,1.544529,0.8732989999999999,97.226198,1.134494,0.0,81.17633848696146,0.011174596219253,0.6551956354206895,18.4958745919659,0.011174596219253,0.6551956354206895,3.0826457653276496,0.011174596219253,0.6551956354206895,1.1482440571508905,67.3245350330249,0.218721244671825,0,0,0,0,0,0,0,1,0,0,0,1,0,0,0,0,0,0,0,1,0,0,0,0,0
48.75565709916666,8.187090873718262,2.740288670686223,11.2200683392495,2.013963200777269,0.0,170764.60798860912,0.1406020426707302,1.65022,1.417438,1.874949,133.389197,0.369765,0.0,49.75067050935374,0.0422233389022374,0.6269587299727696,11.335595812257814,0.0422233389022374,0.6269587299727696,1.889265968709636,0.0422233389022374,0.6269587299727696,2.6590372424430297,39.48305974409891,0.2008779919682224,0,0,0,0,0,0,0,1,0,0,0,1,0,0,0,0,0,0,1,0,0,0,0,0,0
51.96581655375001,33.94889204615638,3.562809691726447,7.59872025322857,1.008852360059889,0.0,117072.4723471223,0.1278919173712782,1.775182,1.490518,1.242955,127.81946299999998,1.1358780000000002,0.0,53.02634342219389,0.0155616092910209,0.6299020203551439,12.081951665816328,0.0155616092910209,0.6299020203551439,2.013658610969388,0.0155616092910209,0.6299020203551439,1.0445256183135196,42.28025424517168,0.8677269221618216,0,0,0,0,0,0,1,0,0,0,1,0,0,0,0,0,0,0,1,0,0,0,0,0,0
25.493756032685184,8.126464635985238,9.029137007624126,7.159300677210307,1.934573165804362,0.0,265886.96601468825,0.1356468943150924,1.053185,1.314407,0.228267,123.882394,1.136822,0.560228,26.014036768046108,0.058879952559717,0.6056306524571924,5.927248883858606,0.058879952559717,0.6056306524571924,0.9878748139764344,0.058879952559717,0.6056306524571924,1.938867406062393,19.942908937819187,0.5741073202366402,0,0,1,0,0,0,0,0,0,0,0,1,0,0,0,0,0,0,0,0,0,0,0,0,1
2.486174,44.65025711967832,4.819706306183081,9.072587924609651,1.631387568349175,0.0,167697.00069319544,0.138698458885975,1.296386,0.412166,1.591903,585.16899,1.050981,0.0,64.58332602484883,0.0459755100185219,0.6402863159331074,14.715188208193403,0.0459755100185219,0.6402863159331074,2.4525313680322336,0.0459755100185219,0.6402863159331074,3.75854601605684,52.34407581159144,0.6100573781343388,0,0,0,1,0,0,0,0,0,0,1,0,0,1,0,0,0,0,0,0,0,0,0,0,0
45.82499502879629,11.257224257787067,3.515063170334704,9.277534479717556,1.732610558434356,0.0,180165.61246627697,0.1375142313736519,1.397332,1.268988,2.391348,126.739308,0.0,0.0,46.7601990089758,0.0409871369954958,0.624271701615535,10.654222559007144,0.0409871369954958,0.624271701615535,1.775703759834524,0.0409871369954958,0.624271701615535,2.426033775591823,36.95072025723339,0.5803729023499103,0,0,0,1,0,0,0,0,0,1,0,0,0,1,0,0,0,0,0,0,0,0,0,0,0
37.88450972916667,6.418866461799258,7.116815789140386,8.035860934131723,1.7827023060487617,0.0,212329.94571530275,0.1314866693793155,1.2996370000000002,1.359048,1.646114,128.890817,1.134456,0.269875,38.65766298894559,0.0498105927591257,0.6169913299254572,8.808075111405325,0.0498105927591257,0.6169913299254572,1.468012518567554,0.0498105927591257,0.6169913299254572,2.4374191242555674,30.19169987260717,0.8237693086681562,0,0,0,0,0,0,0,0,1,0,0,1,0,0,0,0,0,0,0,0,0,0,0,0,1
89.52592195037037,4.45643679471243,0.2789877083697479,2.27820916741872,0.4005359915449179,0.0,202519.20224445444,0.123365029094102,2.486291,1.604065,0.056848,75.656527,0.0139099999999999,0.0,91.3529815820106,0.0605510970905698,0.664339654540884,20.81460339843279,0.0605510970905698,0.664339654540884,3.469100566405465,0.0605510970905698,0.664339654540884,7.001928173778942,76.82203572844638,0.6383350181215399,0,0,0,0,0,1,0,0,0,0,1,0,0,1,0,0,0,0,0,0,0,0,0,0,0
49.41037189351852,4.62754773412432,4.416108269485639,8.771157391637349,1.153920668635151,0.0,109810.987124363,0.1165750963564256,1.543577,1.5140049999999998,1.336388,113.914059,1.136522,0.0,50.41874683012094,0.0085001994988909,0.6275590165892685,11.487815733445276,0.0085001994988909,0.6275590165892685,1.9146359555742123,0.0085001994988909,0.6275590165892685,0.5424929196710164,40.05156858022025,0.2313300615774371,0,0,0,0,0,1,0,0,0,0,0,1,0,0,0,0,0,0,0,0,0,1,0,0,0
0.981202,2.0459295671610604,0.4942628909215081,2.6626916117519497,0.3956260812118184,0.0,165157.99908198442,0.1389475785892644,0.823102,0.4056599999999999,0.458992,497.450009,222.663786,6e-06,25.488678049981104,0.0321131389577111,0.6051586018882495,5.807546897464049,0.0321131389577111,0.6051586018882495,0.9679244829106748,0.0321131389577111,0.6051586018882495,1.036103114009375,19.52492756038769,0.2963321675924352,1,0,0,0,0,0,0,0,0,0,1,0,0,1,0,0,0,0,0,0,0,0,0,0,0
60.359037210046296,55.17941221282596,5.092455204156377,10.48121079666723,2.0437607903846446,0.0,195428.6646807554,0.138020082611403,1.543174,1.413224,2.08224,134.530282,0.369721,0.0,61.590854295965606,0.0472248131003726,0.6375974903105539,14.033359206675708,0.0472248131003726,0.6375974903105539,2.338893201112618,0.0472248131003726,0.6375974903105539,3.681793142809189,49.70908117112743,0.5466054722527047,0,0,1,0,0,0,0,0,0,0,1,0,0,0,0,0,0,1,0,0,0,0,0,0,0
29.63616744189815,13.60336301553817,2.1483291305369323,8.55710584425526,1.3082779854607525,0.0,117593.69624456685,0.128815236503629,1.016376,1.283391,1.184009,155.798311,1.135026,0.0,30.24098718561036,0.0122646492486911,0.6094286942158864,6.890351510645398,0.0122646492486911,0.6094286942158864,1.1483919184408995,0.0122646492486911,0.6094286942158864,0.4694874693236376,23.32876624345048,0.456512261350294,0,0,0,0,0,0,1,0,0,0,0,1,0,0,0,0,0,0,1,0,0,0,0,0,0
2.293301,16.217729896590825,8.971407470943259,5.631837566979497,1.637862971932482,0.0,168632.14759442446,0.1388252052507526,1.974946,0.4046369999999999,0.357554,563.368092,0.0,0.0,59.57306534301776,0.0441989473358861,0.6357844464026617,13.573609824991388,0.0441989473358861,0.6357844464026617,2.262268304165231,0.0441989473358861,0.6357844464026617,3.3329959211814484,47.943833379266,0.9642562474097766,0,0,0,1,0,0,0,0,0,1,0,0,0,1,0,0,0,0,0,0,0,0,0,0,0
1.796791,11.306390072050547,3.3957106260944614,5.578055289723604,1.6544242619896392,0.0,167497.0943682554,0.1378007730920251,1.528631,0.348171,0.4451989999999999,561.890668,0.927956,0.000986,46.67522826299131,0.0396255693226053,0.6241953528511456,10.634862135871437,0.0396255693226053,0.6241953528511456,1.772477022645239,0.0396255693226053,0.6241953528511456,2.3411803711184715,36.87906401901978,0.860291346205538,0,0,1,0,0,0,0,0,0,1,0,0,0,1,0,0,0,0,0,0,0,0,0,0,0
53.14722060777777,14.028581589744205,2.1208792979196964,9.211226837240536,1.781014294933072,0.0,190674.8408086032,0.1364534461884189,1.615179,1.376643,1.17005,135.872475,1.135833,0.0,54.23185776303854,0.0440961707943334,0.630985211155823,12.356625819426505,0.0440961707943334,0.630985211155823,2.059437636571084,0.0440961707943334,0.630985211155823,3.0271104587505664,43.31582306580181,0.6960921687925865,0,0,0,0,1,0,0,0,0,1,0,0,0,0,0,1,0,0,0,0,0,0,0,0,0
14.206481124444444,17.49411174683344,3.6038007724771113,8.316653319114119,1.3665879248715134,0.0,176652.72759292566,0.1235446011562713,0.795948,1.063948,0.010034,155.677438,7.119453,0.840003,14.496409310657596,0.0283428604291732,0.5952817186579051,3.302979336605528,0.0283428604291732,0.5952817186579051,0.5504965561009213,0.0283428604291732,0.5952817186579051,0.5200882352102978,10.92335120103381,0.0780209805970462,0,0,0,1,0,0,0,0,0,1,0,0,0,1,0,0,0,0,0,0,0,0,0,0,0
25.24582589106481,25.45788598060608,49.96366450912375,5.712909857717921,2.7670407343825563,0.0,253934.2971372901,0.1340530479340244,1.036307,1.355693,0.4750979999999999,137.204505,1.1353209999999998,0.11413,25.76104682761716,0.0535838138417409,0.6054033334060188,5.869605606292517,0.0535838138417409,0.6054033334060188,0.9782676010487528,0.0535838138417409,0.6054033334060188,1.7473103007334287,19.741548887934144,0.4740190284501008,0,0,0,0,0,0,0,0,1,1,0,0,0,0,0,0,0,0,0,0,0,0,0,0,1
31.80521886981481,55.34733429636274,31.392263808124643,7.18144157807604,2.023988870979785,0.0,135620.8379515138,0.1336936432716371,1.209508,1.198323,0.267329,145.235724,0.371183,0.379757,32.45430496919879,0.0352241056060076,0.6114174266439741,7.394651765133901,0.0352241056060076,0.6114174266439741,1.23244196085565,0.0352241056060076,0.6114174266439741,1.4470555260818183,25.11788307314717,0.8095570678351894,0,0,0,0,0,1,0,0,0,1,0,0,0,0,0,0,0,0,0,0,0,0,0,0,1
41.72789788717593,89.00072212673369,1.0942123162440678,3.816253383096745,0.9085872279082556,0.0,206179.6284378747,0.1273941958425856,1.193214,1.377502,1.992925,145.344369,0.920367,0.0,42.57948763997544,0.0392771779234822,0.6205152070291471,9.701655411639974,0.0392771779234822,0.6205152070291471,1.616942568606662,0.0392771779234822,0.6205152070291471,2.1169646986405413,33.4445817571068,0.2997465199082018,0,0,1,0,0,0,0,0,0,0,1,0,0,1,0,0,0,0,0,0,0,0,0,0,0
85.28743411087963,8.031202557541075,1.939447257873252,9.435763849628914,2.414674634270245,0.0,184673.09887402577,0.125782234312819,2.43965,1.580824,1.460473,93.276728,1.135082,0.0,87.0279939906935,0.0585475191073646,0.6604535234404578,19.82916318775295,0.0585475191073646,0.6604535234404578,3.304860531292158,0.0585475191073646,0.6604535234404578,6.449712836766767,72.75689274570699,0.6722488517765316,0,0,1,0,0,0,0,0,0,1,0,0,0,0,0,0,0,0,0,0,1,0,0,0,0
87.868234395,8.755405243237814,0.3314724422866206,4.690875351286048,1.4474985899685098,0.0,166072.85725794366,0.1283320253737253,1.6615509999999998,1.422103,1.486876,135.13518100000002,2.152415,0.0,89.66146366836735,0.0597647769057632,0.662819774949938,20.42919425355205,0.0597647769057632,0.662819774949938,3.4048657089253416,0.0597647769057632,0.662819774949938,6.783034649600218,75.2270774308219,0.978103744403616,0,0,1,0,0,0,0,0,0,1,0,0,0,1,0,0,0,0,0,0,0,0,0,0,0
29.96370304125,11.212642037300837,0.1555802124849469,2.209563174407831,0.10042953287526,0.0,79565.07384873352,0.1121153510052809,1.14945,1.342395,0.109698,130.267824,1.13641,0.001376,30.57520718494898,0.0,0.6097290009118922,6.966502902899768,0.0,0.6097290009118922,1.1610838171499611,0.0,0.6097290009118922,0.0,23.598215860193733,0.0940467618914109,0,0,0,0,0,0,0,0,1,0,0,1,0,0,1,0,0,0,0,0,0,0,0,0,0
60.86798262449073,17.502707072666713,3.2380514793830524,8.874614475442351,1.609470705477168,0.0,165404.45833333334,0.1354099180665519,1.853077,1.4535280000000002,1.503268,115.242238,0.0,0.0,62.11018635152115,0.0474480972124439,0.6380641257424323,14.151688029460514,0.0474480972124439,0.6380641257424323,2.358614671576752,0.0474480972124439,0.6380641257424323,3.730392607455679,50.16491361276316,0.0897493429036984,0,0,0,0,0,1,0,0,0,0,0,1,0,0,0,0,0,0,0,0,0,0,0,0,1
55.92579984972222,4.700531965210324,0.9647834541128694,7.375458279387843,0.9464976052157312,0.0,145393.63770233814,0.1311554844966895,1.317024,1.30876,2.308647,138.934811,1.135067,0.0,57.06714270379818,0.0181175059762899,0.6335327997336437,13.002640109726167,0.0181175059762899,0.6335327997336437,2.167106684954361,0.0181175059762899,0.6335327997336437,1.3087522771972877,45.764438848021065,0.2056689432595391,0,0,0,0,0,1,0,0,0,0,0,0,1,0,0,0,0,1,0,0,0,0,0,0,0
60.02890495041667,4.223909969698815,1.1722012716803334,8.6691002468411,2.096547916352892,0.0,136180.98583633095,0.1298939446143681,1.597673,1.509708,2.045614,105.162431,0.370979,0.0,61.25398464328232,0.0319438841235688,0.6372948028215284,13.956604095937742,0.0319438841235688,0.6372948028215284,2.32610068265629,0.0319438841235688,0.6372948028215284,2.476823022217564,49.41372919654877,0.1679791778571211,0,0,0,0,0,1,0,0,0,0,0,1,0,0,0,0,0,0,0,0,0,1,0,0,0
91.26339316564814,4.596525575433459,0.4744704484367828,7.048116053322808,4.822636728449691,0.0,188792.3695106415,0.1372183459125262,2.072076,1.360644,0.396408,130.794965,69.282535,0.007009,93.1259113935185,0.0613790043698696,0.6659326851644182,21.218562089662445,0.0613790043698696,0.6659326851644182,3.53642701494374,0.0613790043698696,0.6659326851644182,7.235412306798563,78.50074459831579,0.5155328581078679,0,0,1,0,0,0,0,0,0,0,0,1,0,0,0,0,0,0,0,0,0,0,0,1,0
39.23240553041666,18.934006069955373,2.2780297651565333,5.936017151930921,0.9504499214587452,0.0,171593.0892161271,0.1378238792185017,1.2835379999999998,1.210066,1.295476,140.295044,0.371758,0.0,40.033066867772106,0.0382460983507832,0.6182271715726992,9.121458273669594,0.0382460983507832,0.6182271715726992,1.5202430456115987,0.0382460983507832,0.6182271715726992,1.9381121679851805,31.32851860638416,0.269128459447989,0,0,0,0,0,1,0,0,0,0,1,0,0,0,0,0,0,1,0,0,0,0,0,0,0
53.27145298185184,9.319116906892686,3.3264462810626134,13.299202548514168,2.647012082221125,0.0,185259.693682554,0.1380532093578391,1.6815380000000002,1.455901,1.36821,129.136233,0.371839,0.0,54.35862549168556,0.0441495069582642,0.6310991157630442,12.385509605700506,0.0441495069582642,0.6310991157630442,2.064251600950084,0.0441495069582642,0.6310991157630442,3.0378563473251314,43.42491200240156,0.7647969500811064,0,0,0,1,0,0,0,0,0,0,0,1,0,0,0,0,0,0,0,0,0,0,0,0,1
118.16484455833331,4.647073928515116,0.6151357803413336,11.190884263109533,3.7355377674102783,0.0,172871.95151378898,0.1328355543118872,2.790438,1.5336040000000002,0.514825,98.775334,1.135974,0.0,120.57637199829932,0.0298745145034743,0.6905977475316318,27.473097417334017,0.0298745145034743,0.6905977475316318,4.578849569555669,0.0298745145034743,0.6905977475316318,4.559696929163936,105.40477330071091,0.2662068322193206,0,0,0,0,0,0,1,0,0,0,1,0,0,0,0,0,0,1,0,0,0,0,0,0,0
29.88223918939815,7.468877407482692,3.3905090636772504,10.66857598210982,1.762750297713337,0.0,186030.1485218076,0.1289027407408046,1.153435,1.282532,1.968832,129.967633,0.0,0.112449,30.49208080550832,0.0233764175363901,0.6096543093661734,6.947562715179109,0.0233764175363901,0.6096543093661734,1.157927119196518,0.0233764175363901,0.6096543093661734,0.9022729271682388,23.53117527167053,0.8163065267378116,0,0,1,0,0,0,0,0,0,0,1,0,0,0,0,0,0,0,0,0,1,0,0,0,0
2.801443,33.144888239815124,13.229711971694616,7.612317345982833,1.4743824075165983,0.0,168958.8985873801,0.1381241563055441,1.095684,0.479026,0.702102,524.8600650000001,1.040795,0.0,72.77306681231103,0.0488794682728752,0.6476450437228658,16.58120509647593,0.0488794682728752,0.6476450437228658,2.763534182745988,0.0488794682728752,0.6476450437228658,4.502669380217963,59.65964055380533,0.514712072886035,0,0,1,0,0,0,0,0,0,0,1,0,0,1,0,0,0,0,0,0,0,0,0,0,0
65.81309300643518,8.385964948222751,2.9718071642539483,11.765047098521134,2.53528347804392,0.0,221469.57477143285,0.1387593101897685,2.244066,1.510649,2.242086,97.773587,1.135038,0.28602,67.15621735350528,0.0496347203979295,0.6425981359786451,15.301416612191076,0.0496347203979295,0.6425981359786451,2.550236102031846,0.0496347203979295,0.6425981359786451,4.219341862435216,54.62589884903701,0.5683969502205488,0,0,1,0,0,0,0,0,0,0,0,1,0,1,0,0,0,0,0,0,0,0,0,0,0
41.3173200738426,7.616382486479623,1.9461417824244327,14.493714117603622,2.557411427406384,0.0,179454.68453986812,0.138683925072352,1.364614,1.355816,1.578471,117.931463,0.371259,0.0,42.16053068759449,0.0391069936936165,0.6201387616387243,9.606196865527858,0.0391069936936165,0.6201387616387243,1.6010328109213094,0.0391069936936165,0.6201387616387243,2.0870526679990946,33.09541682359023,0.4772446786414337,0,0,1,0,0,0,0,0,0,0,0,1,0,0,0,0,0,1,0,0,0,0,0,0,0
10.28819713763889,17.581942419778734,1.201573529475027,3.9910975114332974,0.842022091007347,0.0,235717.2708145984,0.1374178854681605,0.702519,1.231139,0.7280220000000001,162.322269,1.135943,0.000466,10.49816034452948,0.0441379803220177,0.59168917201437,2.391985901285198,0.0441379803220177,0.59168917201437,0.3986643168808663,0.0441379803220177,0.59168917201437,0.5865412591192781,7.862845318897142,0.8672861320752244,0,0,0,0,0,0,0,0,1,1,0,0,0,0,0,0,0,0,0,0,0,0,1,0,0
0.730329,1.3363271866525923,0.3525868897243655,2.204346025590416,0.2385977179848318,0.0,164514.10901903475,0.1389110311687135,0.653473,0.259993,0.7040890000000001,533.465439,114.596908,0.1295609999999999,18.971751740787983,0.029802335424397,0.5993029480916502,4.32267761182511,0.029802335424397,0.5993029480916502,0.7204462686375183,0.029802335424397,0.5993029480916502,0.7156993784396873,14.39218575786979,0.9943808271654824,0,0,1,0,0,0,0,0,0,1,0,0,0,1,0,0,0,0,0,0,0,0,0,0,0
31.56630066680556,192.53649349893843,14.25389493708845,8.899674273795075,2.540084409199173,0.0,201526.8161720624,0.118263059123743,1.1751969999999998,1.383149,0.3576539999999999,140.83893999999998,0.013497,0.0,32.21051088449547,0.035128055775257,0.6111983703450456,7.339103745834411,0.035128055775257,0.6111983703450456,1.2231839576390684,0.035128055775257,0.6111983703450456,1.4322691429114935,24.9202680513734,0.578119020864917,0,0,0,1,0,0,0,0,0,0,1,0,0,1,0,0,0,0,0,0,0,0,0,0,0
37.12417195939815,21.648412402470907,7.586210124784237,7.337162763380604,1.1523018772367666,0.0,145878.96756969424,0.1259181875047638,1.100133,1.347919,2.267389,142.641593,1.134427,0.0,37.88180812183485,0.0253631318228585,0.6162942010517123,8.631298053076293,0.0253631318228585,0.6162942010517123,1.4385496755127154,0.0253631318228585,0.6162942010517123,1.2162041684586489,29.55232743144364,0.7473460473969255,0,0,0,0,0,1,0,0,0,0,1,0,0,0,0,0,0,0,0,0,0,0,0,1,0
15.58431489125,11.869332696142653,3.505623465533451,7.35316104683087,1.0305009144816182,0.0,106122.32478080037,0.1109079873140195,0.82545,1.024012,0.4528279999999999,142.75906,1.135616,0.000607,15.902362133928571,0.0057734854427614,0.5965450094481988,3.623323017857143,0.0057734854427614,0.5965450094481988,0.6038871696428572,0.0057734854427614,0.5965450094481988,0.1162177927667815,12.008195910674807,0.6197848817331364,0,0,0,1,0,0,0,0,0,0,0,1,0,0,0,0,0,0,0,0,0,1,0,0,0
2.4110240000000003,33.94841259320577,5.733812541984539,9.62924975113903,1.871882793857611,0.0,170758.7074902578,0.138447107689129,1.766234,0.327425,1.078282,649.888825,1.07802,0.213137,62.63115495767197,0.0452832996749275,0.638532231664117,14.27038973719108,0.0452832996749275,0.638532231664117,2.3783982895318463,0.0452832996749275,0.638532231664117,3.5900574163735217,50.62279892002963,0.2042003434964767,1,0,0,0,0,0,0,0,0,0,0,1,0,1,0,0,0,0,0,0,0,0,0,0,0
45.77064336513889,3.785434904552641,2.498287953061165,8.095511708614065,1.0914431571674577,0.0,78917.5548280126,0.1112956179560517,1.528909,1.389532,0.4614229999999999,125.881713,1.136822,0.237436,46.70473812769274,0.0016385725390198,0.6242218683498757,10.64158590251227,0.0016385725390198,0.6242218683498757,1.7735976504187114,0.0016385725390198,0.6242218683498757,0.0968722801748731,36.90394796817726,0.1045597082021075,0,0,0,0,0,1,0,0,0,0,1,0,0,0,0,0,0,0,0,0,0,1,0,0,0
70.98971347236112,3.6336850912798018,4.654110850190087,11.017461006018184,1.938043086362972,0.0,233093.9473077788,0.1266791167751633,2.069707,1.303727,0.372496,122.842487,86.586134,0.100596,72.43848313506237,0.0519569489978297,0.6473444102513476,16.504970840900285,0.0519569489978297,0.6473444102513476,2.7508284734833808,0.0519569489978297,0.6473444102513476,4.764155156618458,59.35778119565713,0.5239773889121179,0,0,1,0,0,0,0,0,0,0,1,0,0,1,0,0,0,0,0,0,0,0,0,0,0
77.06452381986112,13.782212282930102,12.855921581208849,7.587947234832983,1.6563979349405074,0.0,175841.11166067145,0.1262172413208216,2.138092,1.510076,3.237878,118.221168,1.134732,0.0,78.63726920393992,0.0547254616121118,0.6529142054978161,17.91735247684707,0.0547254616121118,0.6529142054978161,2.986225412807845,0.0547254616121118,0.6529142054978161,5.447418806457617,64.99163309469407,0.8796461907284551,0,0,0,0,0,1,0,0,0,1,0,0,0,1,0,0,0,0,0,0,0,0,0,0,0
37.260802113425925,3.607227362053735,0.6713341005343042,7.199606189338995,0.6995110689736098,0.0,88723.52661308453,0.1199654884171857,1.213731,1.097665,3.070901,135.370192,1.134482,0.0,38.021226646352986,0.0,0.6164194727785475,8.663064299169035,0.0,0.6164194727785475,1.4438440498615055,0.0,0.6164194727785475,0.0,29.667119599669075,0.9075847902946114,0,0,0,0,0,0,1,0,0,0,0,1,0,0,1,0,0,0,0,0,0,0,0,0,0
35.886761507222225,33.80274276052202,3.6259873869607775,6.352978650900385,0.778047969158319,0.0,123141.57770346224,0.1142616506835682,1.298253,1.237727,0.067991,145.730574,1.134412,0.5873010000000001,36.61914439512472,0.0131647863069746,0.6151596598133514,8.343602520408163,0.0131647863069746,0.6151596598133514,1.390600420068027,0.0131647863069746,0.6151596598133514,0.6102319122861601,28.51470937817837,0.7865914810610535,0,0,0,0,0,0,0,0,1,1,0,0,0,0,0,0,0,0,0,0,0,0,0,1,0
37.221928581620375,9.20872031847636,4.2382563604153605,11.134249206927183,2.093964494389596,0.0,212442.0444019784,0.1317061888907167,1.308657,1.405777,1.070995,118.116057,1.134472,0.0,37.981559777163646,0.0494520660869877,0.6163838309065748,8.654026278341084,0.0494520660869877,0.6163838309065748,1.442337713056847,0.0494520660869877,0.6163838309065748,2.377552663528068,29.63445483450025,0.9550584822495274,0,0,0,0,0,0,0,0,1,0,0,1,0,0,0,0,0,0,0,0,0,0,0,0,1
1.700289,9.154161236399696,0.551641463089904,6.430621332401852,2.6756030667028265,0.0,171124.86098621102,0.1391202178683212,1.540866,0.334463,0.2497469999999999,548.83611,0.004251,0.0,44.1683964289966,0.0387366846575681,0.6219428892433463,10.063685262303023,0.0387366846575681,0.6219428892433463,1.6772808770505037,0.0387366846575681,0.6219428892433463,2.165743347215826,34.772430491513475,0.5845634628636664,0,0,0,1,0,0,0,0,0,0,0,1,0,1,0,0,0,0,0,0,0,0,0,0,0
47.30753530268518,3.279369037208103,0.841363022653319,9.37249149693002,0.8083222842902589,0.0,82750.5965789868,0.1229926457079194,1.612135,1.495551,0.507815,99.94832,1.136233,0.0,48.27299520682161,0.0,0.6256309943831854,10.998910300288468,0.0,0.6256309943831854,1.8331517167147444,0.0,0.6256309943831854,0.0,38.229217712782976,0.7352677726960599,0,0,0,0,0,1,0,0,0,0,0,0,1,0,1,0,0,0,0,0,0,0,0,0,0
49.72393135078703,8.370754634198688,14.321292354906204,5.642975649387717,1.4188190397027014,0.0,204442.7704117956,0.1294082876839797,1.276096,1.263914,3.33306,170.701615,1.135324,0.0,50.73870545998677,0.0563410527469499,0.6278465090169619,11.56071769974382,0.0563410527469499,0.6278465090169619,1.9267862832906364,0.0563410527469499,0.6278465090169619,3.6185722539659113,40.32420138619312,0.2425173304652302,0,0,0,1,0,0,0,0,0,1,0,0,0,0,0,0,0,0,0,0,0,0,0,0,1
46.79301470587962,9.20598045474007,0.8106254212451067,3.931521511478104,0.7782149435661966,0.0,159393.03799460432,0.1357104510819311,1.5532,1.424353,0.271784,120.820753,0.372292,0.030522,47.74797418967308,0.0413942586156701,0.6251592472486469,10.879285258406524,0.0413942586156701,0.6251592472486469,1.8132142097344204,0.0413942586156701,0.6251592472486469,2.501888597445152,37.78492101527068,0.3215001399683175,0,0,0,0,0,1,0,0,0,0,0,1,0,0,0,0,0,0,0,1,0,0,0,0,0
32.17234080967593,16.80600148382641,26.01551065181228,5.258985582873118,1.240059030356167,0.0,106575.44370128895,0.125064595131208,1.068901,1.213217,1.457768,187.747288,1.134653,0.0,32.82891919354687,0.0126277458091458,0.6117540287629777,7.480006904858779,0.0126277458091458,0.6117540287629777,1.2466678174764632,0.0126277458091458,0.6117540287629777,0.5247534769178472,25.421801995679164,0.2215499031010716,0,0,0,0,0,0,1,0,0,0,0,1,0,0,0,0,0,0,1,0,0,0,0,0,0
29.0488385275,59.56350675764538,8.629270692094625,6.072794369942279,1.452719054633765,0.0,202320.1530463129,0.1194162193051488,1.108699,1.339285,1.219645,150.26480800000002,0.920046,0.0,29.641671966836736,0.0341203879980373,0.6088901915123618,6.753798675988117,0.0341203879980373,0.6088901915123618,1.125633112664686,0.0341203879980373,0.6088901915123618,1.2802346182519204,22.846232051435223,0.0595403485899368,0,0,0,1,0,0,0,0,0,0,1,0,0,1,0,0,0,0,0,0,0,0,0,0,0
3.009356,31.14293449038551,5.463127552462424,9.697642174270229,1.7789895142868557,0.0,167418.95668465228,0.138696789723649,1.842619,0.358646,1.646991,662.902811,6.986669,0.0,78.17402147751324,0.0507945651347214,0.6524979635181899,17.81180236196504,0.0507945651347214,0.6524979635181899,2.968633726994173,0.0507945651347214,0.6524979635181899,5.026348640231215,64.56758204317042,0.6409806493986898,0,0,0,1,0,0,0,0,0,1,0,0,0,1,0,0,0,0,0,0,0,0,0,0,0
19.953984989675927,15.359706205413454,3.5917003114732333,4.969149076967216,0.7961491885945665,0.0,179948.4996815048,0.1385756190910899,0.659871,1.132363,0.134074,177.251055,0.369984,0.076434,20.3612091731387,0.0305469723858147,0.6005514172783403,4.639262849575906,0.0305469723858147,0.6005514172783403,0.7732104749293176,0.0305469723858147,0.6005514172783403,0.787307967536287,15.478421552442011,0.3604367052383928,0,0,1,0,0,0,0,0,0,0,0,0,1,0,0,0,0,0,1,0,0,0,0,0,0
54.38009963319444,19.10241956143152,2.6424102117117645,8.060017274723922,3.046103578105533,0.0,174589.30556804556,0.1376714104120965,1.882008,1.456597,0.721967,84.957887,0.371473,0.0,55.48989758489229,0.0446263445923803,0.6321155976769532,12.643267804152671,0.0446263445923803,0.6321155976769532,2.107211300692112,0.0446263445923803,0.6321155976769532,3.134571254454809,44.40003769228748,0.4377866637106056,0,0,0,0,0,1,0,0,0,0,0,1,0,0,0,0,0,1,0,0,0,0,0,0,0
47.55989504125,4.42920534383683,3.225892298513179,7.223904347819961,1.0190305060905804,0.0,115899.20444581837,0.1103765851766657,1.578655,1.381512,1.351533,113.083904,0.0,0.2297789999999999,48.530505144132654,0.0148931941542056,0.6258623747871574,11.05758345056187,0.0148931941542056,0.6258623747871574,1.8429305750936449,0.0148931941542056,0.6258623747871574,0.9149040955863874,38.44736354319902,0.5419421468481771,0,0,1,0,0,0,0,0,0,0,1,0,0,0,0,0,0,0,1,0,0,0,0,0,0
51.25058939194445,6.311284372352419,2.6111792285951205,11.43002258959434,2.07879603452248,0.0,198460.6159509892,0.1389916801481224,1.771066,1.411751,0.624473,134.093596,1.13505,0.0,52.29651978769842,0.0432843293507751,0.6292462519248406,11.915662736437614,0.0432843293507751,0.6292462519248406,1.9859437894062688,0.0432843293507751,0.6292462519248406,2.865341501759577,41.65492286724366,0.8003272903347919,0,0,0,0,1,0,0,0,0,0,0,1,0,1,0,0,0,0,0,0,0,0,0,0,0
1.746776,3.73203578279132,1.0064143193997352,4.545790816382539,1.1486009302185023,0.0,168134.66773456236,0.138418319628393,1.535737,0.321738,0.014407,565.988758,1.111624,0.0,45.37598892932728,0.0391648786993868,0.6230279473326684,10.338832920606215,0.0391648786993868,0.6230279473326684,1.7231388201010356,0.0391648786993868,0.6230279473326684,2.2495507623820545,35.785454735226146,0.624661515384614,1,0,0,0,0,0,0,0,0,1,0,0,0,1,0,0,0,0,0,0,0,0,0,0,0
93.80580360958334,34.12912180537269,7.472571367554242,10.191689118492803,3.6923059636740376,0.0,196053.37301408872,0.1384829942949956,3.314771,1.650834,0.34081,67.943391,1.13676,0.108226,95.72020776488095,0.0625973685074042,0.6682637382829785,21.809667591998192,0.0625973685074042,0.6682637382829785,3.634944598666365,0.0625973685074042,0.6682637382829785,7.584598884890565,80.97005553187687,0.7467217587374129,0,0,0,0,1,0,0,0,0,0,0,1,0,1,0,0,0,0,0,0,0,0,0,0,0
34.48125548824074,43.81368314652216,3.787660742263428,9.152745004466398,1.5517237961864014,0.0,156878.28977443045,0.1292932847474547,1.150234,1.303236,1.193031,141.147243,1.134392,0.1724359999999999,35.184954579837495,0.021782923932026,0.6138709972386214,8.016825094140188,0.021782923932026,0.6138709972386214,1.3361375156900313,0.021782923932026,0.6138709972386214,0.9701660622334062,27.340535640152456,0.370591582406038,0,0,0,0,1,0,0,0,0,0,0,0,1,0,0,0,1,0,0,0,0,0,0,0,0
118.00815393078705,10.8695567880358,1.183981779667971,10.340338184393282,3.348838993971296,0.0,172536.06238758992,0.134482934088301,1.952197,1.493096,1.3897540000000002,109.211224,0.3712809999999999,0.0,120.41648360284393,0.0746061181952101,0.6904540830116633,27.43666715001507,0.0746061181952101,0.6904540830116633,4.572777858335844,0.0746061181952101,0.6904540830116633,11.371906845981462,105.24310476644378,0.7855064527179836,0,0,0,0,0,1,0,0,0,0,0,0,1,0,0,0,0,0,0,0,1,0,0,0,0
41.26742346458333,11.541909744626,0.8145003430277323,3.948360524303336,0.5682558950474508,0.0,167754.4237672362,0.1256734989851498,1.238039,1.328114,1.919181,137.51831,0.0,0.0,42.10961578018707,0.0265200722973703,0.6200930130669715,9.594596000548952,0.0265200722973703,0.6200930130669715,1.5990993334248251,0.0265200722973703,0.6200930130669715,1.4136076644367688,33.053010795226186,0.166953513905286,0,0,0,1,0,0,0,0,0,0,1,0,0,0,0,0,0,0,0,0,0,0,0,1,0
1.033456,6.991398381051563,2.6021429163088903,12.55448738619578,2.456103856757962,0.0,171337.66097122303,0.1384504691338081,0.909825,0.339046,0.446851,570.905029,5.909059,0.066081,26.846079872260017,0.0325944531199757,0.6063782681476217,6.116828325325067,0.0325944531199757,0.6063782681476217,1.0194713875541777,0.0325944531199757,0.6063782681476217,1.1076370782930425,20.606176480371843,0.8505285706700787,1,0,0,0,0,0,0,0,0,1,0,0,0,1,0,0,0,0,0,0,0,0,0,0,0
184.25463462907408,5.569109832672845,0.3889832555247153,2.5084366439629515,0.3267340744606596,0.0,148729.39915879795,0.1324194439952608,2.007092,1.309538,0.370929,171.49916499999998,0.493588,0.0,188.0149332949736,0.1112772215012112,0.7511933180135326,42.83884556088005,0.1112772215012112,0.7511933180135326,7.139807593480008,0.1112772215012112,0.7511933180135326,26.483265035190165,178.77919187081545,0.2603447523254245,0,0,0,0,0,1,0,0,0,0,1,0,0,0,0,0,0,0,0,0,1,0,0,0,0
1.317565,5.380498688561576,2.405730279515401,10.462578027940197,1.8134907878560127,0.0,168193.50582658872,0.138930355294717,0.935449,0.385161,1.386759,515.8135110000001,5.626599,0.0,34.226377539918744,0.0352113950828267,0.6130096870109432,7.798415135677688,0.0352113950828267,0.6130096870109432,1.2997358559462813,0.0352113950828267,0.6130096870109432,1.525517090901352,26.55835567501768,0.1408652083493649,1,0,0,0,0,0,0,0,0,1,0,0,0,1,0,0,0,0,0,0,0,0,0,0,0
30.47835092532408,36.653245274225874,3.9346889254572295,7.526468232953006,0.9871090183155142,0.0,189751.3808640588,0.1368835600142141,1.020619,1.175286,0.009608,151.131623,1.13675,0.720856,31.100358087065384,0.0277532753707047,0.6102008647519709,7.086157538825024,0.0277532753707047,0.6102008647519709,1.1810262564708371,0.0277532753707047,0.6102008647519709,1.092578230528925,24.02210809977626,0.1837164191903764,0,0,1,0,0,0,0,0,0,0,1,0,0,0,0,1,0,0,0,0,0,0,0,0,0
100.32879242953705,9.41485244262786,0.087663320196922,3.14617207553461,0.1047836463960955,0.0,57814.65093628223,0.0873246951077839,2.673059,1.610039,2.416929,104.28705,0.0,0.0,102.37631880565004,0.0026304320078787,0.6742444537364407,23.32624985445191,0.0026304320078787,0.6742444537364407,3.8877083090753177,0.0026304320078787,0.6742444537364407,0.3408784124495904,87.37552550463698,0.6846191955616476,0,0,0,1,0,0,0,0,0,0,1,0,0,0,0,0,0,0,0,0,0,0,0,1,0
35.95414738717593,7.608216118812561,0.2607209840052419,2.139923476343818,0.2159468397426662,0.0,139527.07138976318,0.114507006557225,1.294162,1.357575,0.752908,147.319162,1.136984,4.3e-05,36.68790549711829,0.0221421627577201,0.6152214437263257,8.359269606938344,0.0221421627577201,0.6152214437263257,1.3932116011563906,0.0221421627577201,0.6152214437263257,1.0282906009582902,28.57112175599002,0.8811205133650691,0,0,1,0,0,0,0,0,0,0,0,1,0,0,0,0,1,0,0,0,0,0,0,0,0
20.382663052592594,5.36116217261269,2.25478928866718,12.368104692271574,2.488031457654006,0.0,158697.62208670564,0.1333864482222415,0.913279,1.348205,0.655167,142.676761,0.0134849999999999,0.0,20.798635767951627,0.0307130457095583,0.6009444581965775,4.738929668647206,0.0307130457095583,0.6009444581965775,0.7898216114412009,0.0307130457095583,0.6009444581965775,0.8085942418196872,15.82129734531601,0.2417454264720764,0,0,0,0,0,0,0,0,1,1,0,0,0,1,0,0,0,0,0,0,0,0,0,0,0
51.43434129277778,4.490909580105827,4.459615937239832,8.519490463842304,1.346365868759384,0.0,175166.08473845923,0.1217681812904149,1.658386,1.473578,1.448442,114.695826,1.137118,0.0,52.48402172732427,0.0154805137384769,0.6294147280426526,11.958384697365023,0.0154805137384769,0.6294147280426526,1.993064116227504,0.0154805137384769,0.6294147280426526,1.0284552144308443,41.8154636228968,0.8762719399289343,0,0,1,0,0,0,0,0,0,0,0,1,0,0,0,0,0,0,0,0,1,0,0,0,0
76.08352084138889,8.478600286302113,0.2387954136557716,2.81262152658092,0.2253328631643197,0.0,139124.54115145383,0.1201408304792228,2.257069,1.502016,0.687013,103.967598,1.13641,0.0,77.63624575651927,0.0193762510443629,0.6520147558996052,17.689271185029707,0.0193762510443629,0.6520147558996052,2.948211864171617,0.0193762510443629,0.6520147558996052,1.9041764404052828,64.07592129860592,0.4158533494926039,0,0,0,0,0,1,0,0,0,0,0,0,1,0,0,0,0,0,0,0,1,0,0,0,0
113.34136989018516,25.08318841797965,0.9456474169981566,5.854534799818227,1.0964687335119545,0.0,122852.4063389913,0.1194656600000904,2.020363,1.378566,1.698371,152.570826,1.134381,0.0,115.65445907161752,0.0257870800649299,0.6861752611096205,26.351648902393865,0.0257870800649299,0.6861752611096205,4.391941483732309,0.0257870800649299,0.6861752611096205,3.775178222716417,100.4547198126064,0.1598107060595921,0,0,0,0,0,0,0,0,1,0,0,1,0,0,0,0,0,0,1,0,0,0,0,0,0
55.40567861310185,6.704530149414426,0.4478451786138456,3.057956721571138,0.8625320218664279,0.0,207866.717916292,0.1297993911631244,1.73984,1.373533,0.183836,131.666806,0.8415959999999999,0.0,56.53640674806312,0.0450688425994849,0.6330559175553371,12.88171292993843,0.0450688425994849,0.6330559175553371,2.146952154989738,0.0450688425994849,0.6330559175553371,3.2253549580619167,45.30469221414791,0.2636075693487663,0,0,0,0,0,1,0,0,0,1,0,0,0,1,0,0,0,0,0,0,0,0,0,0,0
22.065680774398142,64.75867744627453,1.2757590198688369,5.345169199456413,0.998473429351116,0.0,194990.73828125,0.1272912247003697,0.953662,1.285682,1.146436,152.06685,0.919859,0.115449,22.51600079020219,0.0313673147096098,0.6024875621900203,5.130228028147335,0.0313673147096098,0.6024875621900203,0.8550380046912224,0.0313673147096098,0.6024875621900203,0.8940082060608818,17.171658767541125,0.3689917431202599,0,0,0,0,0,1,0,0,0,0,0,1,0,1,0,0,0,0,0,0,0,0,0,0,0
36.25622553282407,68.56286361558097,61.36251111006994,5.261653855550203,1.6017269191982078,0.0,153192.84711293466,0.1321930834215036,1.313922,1.2649780000000002,2.173528,170.218597,0.013484,0.0,36.9961485028817,0.0370267396449721,0.6154984093142942,8.429502190530007,0.0370267396449721,0.6154984093142942,1.404917031755001,0.0370267396449721,0.6154984093142942,1.7339832385859824,28.824139942125434,0.4795544796640492,0,0,0,0,0,0,0,0,1,0,0,1,0,1,0,0,0,0,0,0,0,0,0,0,0
24.11602409569445,32.189816084362214,1.3687668108968711,5.333247741063436,0.6328283819220335,0.0,110224.61877997602,0.1103736420901273,0.901737,1.260477,2.465074,166.647354,1.136752,0.0,24.608187852749435,0.0064338472433635,0.6043674550313309,5.606928877841643,0.0064338472433635,0.6043674550313309,0.9344881463069404,0.0064338472433635,0.6043674550313309,0.2004117994690948,18.825807424682388,0.3942918557248975,0,0,0,1,0,0,0,0,0,0,1,0,0,0,0,0,0,0,0,0,0,1,0,0,0
31.58755764064814,7.095038751761119,2.893957049154835,8.126869234821493,1.334111823023652,0.0,135932.00069319544,0.1284284253807948,1.195865,1.316821,1.318232,141.49378000000002,0.370355,0.080967,32.23220167413076,0.0238401821250976,0.6112178601702567,7.344045951067767,0.0238401821250976,0.6112178601702567,1.2240076585112944,0.0238401821250976,0.6112178601702567,0.9726855167141214,24.93784472890932,0.9238103220113808,0,0,0,0,0,1,0,0,0,0,0,1,0,0,0,0,0,0,0,0,0,1,0,0,0
48.66136269064814,27.705547808465504,4.919876640077403,7.083199570219008,0.97406812373111,0.0,154787.90385191847,0.1337525712714778,1.214382,1.3453,2.769993,145.159987,1.1349870000000002,0.0,49.65445172515116,0.0150594717657603,0.6268722745086001,11.313672544971151,0.0150594717657603,0.6268722745086001,1.8856120908285248,0.0150594717657603,0.6268722745086001,0.9465440681002868,39.40126467395315,0.947698132891057,0,0,1,0,0,0,0,0,0,1,0,0,0,0,0,0,0,0,1,0,0,0,0,0,0
31.965346253611106,22.82650508880615,1.1694363466055273,4.767906534300148,1.0457107689883782,0.0,202143.11020870804,0.1314063601428084,1.205937,1.049586,0.590569,144.24772,1.134665,0.015605,32.61770025878684,0.0466337798481377,0.6115642422135277,7.431881071622318,0.0466337798481377,0.6115642422135277,1.238646845270386,0.0466337798481377,0.6115642422135277,1.9254261430643176,25.25040397659868,0.2362313025847759,0,0,0,0,0,0,0,0,1,0,0,1,0,0,0,0,0,0,0,0,0,0,0,0,1
14.75600572009259,9.78488733938762,0.0955368282599486,2.370029889136481,0.0939571254973788,0.0,60848.85525329736,0.103528262998203,0.8099029999999999,1.257613,0.437475,172.227256,1.134342,0.032318,15.057148693972032,0.0011420714347653,0.5957855598159947,3.4307427403986908,0.0011420714347653,0.5957855598159947,0.571790456733115,0.0011420714347653,0.5957855598159947,0.0217675182435438,11.355483245406075,0.0009975301518004,0,0,0,0,0,1,0,0,0,1,0,0,0,0,0,0,0,0,0,0,0,1,0,0,0
166.5438840874074,69.31111654099963,14.23362653489879,5.196974929859884,1.36174977275965,0.0,241520.4100344724,0.1251824652190974,2.606072,1.480411,1.76535,129.82331299999998,0.013483,0.0,169.94273886470145,0.1009280659855921,0.7349549091521002,38.72113037423577,0.1009280659855921,0.7349549091521002,6.453521729039293,0.1009280659855921,0.7349549091521002,21.71138223026436,158.10158253590598,0.3216166502670959,0,0,0,0,0,0,0,0,1,0,0,1,0,1,0,0,0,0,0,0,0,0,0,0,0
8.149108,7.226110285804385,1.1953660932947978,4.336294177053072,0.9842890551764902,0.0,171356.7051671163,0.138116594645188,1.812524,0.346575,0.035436,679.541925,4.942614,0.0,211.68932615967503,0.0981370734236092,0.7724654702342528,48.23301102372342,0.0981370734236092,0.7724654702342528,8.038835170620569,0.0981370734236092,0.7724654702342528,26.296925245982777,206.99075300696896,0.4460335779288358,0,1,0,0,0,0,0,0,0,1,0,0,0,1,0,0,0,0,0,0,0,0,0,0,0
41.64704501421296,21.93120694273994,5.063438908659297,6.13635665621403,1.5347958714556065,0.0,176283.74850119904,0.1259238015887119,0.968734,1.331879,3.381342,155.532017,0.0,0.0,42.49698470838057,0.0392436475508282,0.6204410756700212,9.68285727532722,0.0392436475508282,0.6204410756700212,1.6138095458878696,0.0392436475508282,0.6204410756700212,2.1110591010995257,33.375791019240616,0.2290758891877683,0,0,0,1,0,0,0,0,0,1,0,0,0,0,0,0,0,0,0,0,1,0,0,0,0
62.18973362078703,8.296547554788136,23.07768144395997,10.87657274616708,2.663993951513899,0.0,195365.95088616607,0.1121723780886446,1.891993,1.527835,0.5365409999999999,98.478616,7.117023,0.115377,63.45891185794595,0.0480295096210786,0.6392759960717201,14.45899257522819,0.0480295096210786,0.6392759960717201,2.409832095871365,0.0480295096210786,0.6392759960717201,3.8581017944612586,51.35159378179227,0.2566226423613459,0,0,0,1,0,0,0,0,0,0,1,0,0,1,0,0,0,0,0,0,0,0,0,0,0
212.0334517062037,26.602181713921684,4.727574858734076,6.180802674030514,0.9581472081817884,0.0,122655.8778008843,0.1208433491988576,1.997348,1.429509,1.592065,139.50096200000002,1.134981,0.0,216.3606650063303,0.0458070807992868,0.7766628083281379,49.297366710303095,0.0458070807992868,0.7766628083281379,8.216227785050515,0.0458070807992868,0.7766628083281379,12.545380333838494,212.707951513367,0.118200563355632,0,0,0,0,0,0,0,0,1,0,0,1,0,0,0,0,0,0,0,0,0,1,0,0,0
60.58621952689814,6.7938605410712105,0.9872782493380906,5.479903530445602,2.7548301352871407,0.0,172738.3018772482,0.1390452451056999,1.87991,1.539619,0.759259,91.787551,0.135203,0.011174,61.82267298663076,0.0625392497520568,0.6378057863586774,14.08617865518169,0.0625392497520568,0.6378057863586774,2.3476964425302813,0.0625392497520568,0.6378057863586774,4.894105805380555,49.91247918864986,0.0442735764624009,0,0,0,0,0,1,0,0,0,0,0,0,1,0,0,0,0,0,0,0,0,0,1,0,0
30.50556494333333,119.09378928229924,17.05793067877241,7.28107648501865,1.3281477636499084,0.0,278341.0459382494,0.1215354273948881,1.16184,1.312361,0.747533,138.42255500000002,0.0134849999999999,0.0,31.12812749319728,0.0347024935690982,0.6102258163964626,7.092484745285455,0.0347024935690982,0.6102258163964626,1.182080790880909,0.0347024935690982,0.6102258163964626,1.3673717014566444,24.04454052206264,0.6939311583314496,0,0,1,0,0,0,0,0,0,0,1,0,0,1,0,0,0,0,0,0,0,0,0,0,0
20.04927223888889,6.777647858006613,12.638884057243953,9.40441828551624,2.340664441065251,0.0,202321.19540617507,0.1240455412643133,0.928895,1.253398,2.722407,136.85617299999998,0.0,0.0,20.458441060090703,0.0305838672799805,0.6006387830457233,4.6614169504004135,0.0305838672799805,0.6006387830457233,0.7769028250667355,0.0305838672799805,0.6006387830457233,0.7920230963761001,15.554598913095615,0.2410910303447596,0,0,0,1,0,0,0,0,0,1,0,0,0,1,0,0,0,0,0,0,0,0,0,0,0
61.18289132680555,79.45487476757594,10.179568664633113,10.490327713872604,2.8706680336158623,0.0,190437.02504871105,0.1357871588114068,1.866876,1.424844,1.720117,122.848601,1.088176,0.0,62.431521762046486,0.0475864182680443,0.6383528552488515,14.224903692618186,0.0475864182680443,0.6383528552488515,2.370817282103031,0.0475864182680443,0.6383528552488515,3.7606234274420944,50.44726604345972,0.1975959040522964,0,0,0,1,0,0,0,0,0,0,0,1,0,1,0,0,0,0,0,0,0,0,0,0,0
60.07093520648149,29.732215772356305,4.12964262207635,7.794261572172316,1.3511881434517228,0.0,196683.8127435552,0.1365523780171248,2.064701,1.349105,2.4464490000000003,145.925851,1.137044,0.1176849999999999,61.29687265967499,0.037678850311109,0.6373333389908977,13.966376049039871,0.037678850311109,0.6373333389908977,2.327729341506645,0.037678850311109,0.6373333389908977,2.92353884744684,49.45131711631712,0.6129635219002362,0,0,0,0,0,0,1,0,0,0,1,0,0,0,0,1,0,0,0,0,0,0,0,0,0
142.14100540337964,3.946404809611184,0.7381360074884886,10.266715945099754,0.4583661389722527,0.0,193409.7137664868,0.1335544953171869,3.206082,1.628861,0.324299,87.258588,1.135626,0.0,145.04184224834657,0.0,0.7125807065154068,33.047508360382764,0.0,0.7125807065154068,5.507918060063793,0.0,0.7125807065154068,0.0,130.82787142230757,0.575289286349376,0,0,0,0,1,0,0,0,0,0,0,0,1,0,1,0,0,0,0,0,0,0,0,0,0
132.73847308009258,26.96148747830164,0.6905095298155892,1.8431317274519008,0.3592045709883852,0.0,304657.06787694845,0.1539212445185767,1.654004,1.40549,1.016706,142.274163,1.135548,0.0,135.44742151029854,0.1744310701946603,0.7039598316496485,30.861437812473085,0.1744310701946603,0.7039598316496485,5.143572968745513,0.1744310701946603,0.7039598316496485,29.90663125208688,120.69562537185917,0.3106658460421599,0,0,0,0,0,0,0,0,1,0,0,1,0,0,0,0,0,0,0,0,0,0,1,0,0
209.24250014175928,5.019255794797625,2.545889570987482,9.119427763300834,1.5259426374801344,0.0,130180.45318120504,0.1163671759875129,3.467303,1.6445330000000002,0.303336,75.521614,1.306441,0.0,213.5127552466932,0.0759333031653678,0.7741038759718112,48.648475878993374,0.0759333031653678,0.7741038759718112,8.108079313165561,0.0759333031653678,0.7741038759718112,20.52244148584828,209.2165207669441,0.6909706232231575,0,0,0,0,0,1,0,0,0,0,0,1,0,0,0,0,1,0,0,0,0,0,0,0,0
35.96629059259259,5.63042693734169,1.5608116657042104,9.447205382285356,1.5950444756651954,0.0,164683.5154563849,0.1357826248383064,1.216082,1.406677,1.985937,125.369717,0.371863,0.0,36.70029652305367,0.0369085522548739,0.6152325774348594,8.362092878670456,0.0369085522548739,0.6152325774348594,1.3936821464450757,0.0369085522548739,0.6152325774348594,1.7146263442917675,28.581288636078373,0.2812301696579335,0,0,0,0,0,1,0,0,0,1,0,0,0,0,0,0,0,0,0,0,0,0,0,0,1
26.532471058703702,10.47182458809444,3.398928419577418,11.189532020395037,1.8725734210128693,0.0,196090.4955223321,0.1373573773198848,0.8536309999999999,1.31854,2.150719,139.698082,1.135913,0.0,27.07395005990174,0.0331211934149125,0.6065830163473235,6.168748114914321,0.0331211934149125,0.6065830163473235,1.0281246858190534,0.0331211934149125,0.6065830163473235,1.1350905524553032,20.78809910350886,0.6543445222510933,0,0,0,0,0,0,1,0,0,1,0,0,0,0,0,0,0,0,1,0,0,0,0,0,0
8.525580999999999,8.11340184722628,1.825316775616982,13.278009185973977,2.3977160505253634,0.0,167507.88940722423,0.1391265578657317,2.07013,0.330944,0.900025,708.596459,0.316894,0.0,221.4689628619141,0.1016047847301163,0.7812527672003157,50.46128267739816,0.1016047847301163,0.7812527672003157,8.410213779566359,0.1016047847301163,0.7812527672003157,28.4839320202366,219.0167596010815,0.7257515037048614,1,0,0,0,0,0,0,0,0,0,1,0,0,1,0,0,0,0,0,0,0,0,0,0,0
11.862752,4.898225068762189,0.4896482989656553,7.495293687001692,3.01734365833749,0.0,171471.34238234413,0.1386989585572867,3.621801,0.318342,0.4704,805.63963,10.058672,0.0,308.1586324882842,0.1323436308318223,0.859146036049698,70.21335930112804,0.1323436308318223,0.859146036049698,11.702226550188003,0.1323436308318223,0.859146036049698,51.62383834894772,335.130718451652,0.1340199125263651,0,0,1,0,0,0,0,0,0,1,0,0,0,1,0,0,0,0,0,0,0,0,0,0,0
2.235093,4.499748778910864,0.8514945827227988,3.926845001659805,0.945948413950648,0.0,169375.70773381295,0.1388689358171513,1.878821,0.420023,0.037138,561.2811429999999,1.175726,0.0,58.06099650099206,0.0436627905869846,0.6344258071860364,13.22908781035262,0.0436627905869846,0.6344258071860364,2.2048479683921034,0.0436627905869846,0.6344258071860364,3.208993837334768,46.62708173565509,0.7373161433312018,0,0,1,0,0,0,0,0,0,0,1,0,0,1,0,0,0,0,0,0,0,0,0,0,0
461.4373253214815,43.00697532608395,1.1104995598324197,5.186669419995315,1.1032251382617355,0.0,220636.58979691248,0.1261883800407107,3.39295,1.597518,1.416214,118.735046,0.919853,0.0,470.85441359334845,0.3250967056454206,1.0053330762460313,107.28328410987686,0.3250967056454206,1.0053330762460313,17.88054735164614,0.3250967056454206,1.0053330762460313,193.76356797190368,599.1968557997749,0.9371321697591616,0,0,0,1,0,0,0,0,0,1,0,0,0,1,0,0,0,0,0,0,0,0,0,0,0
28.30532813462963,3.7510819375514974,0.6861338374568976,3.4069035642152783,0.4014463544034843,0.0,178762.06457958632,0.1353983906604689,0.93781,1.395874,0.216308,136.131396,3.692799,0.0,28.88298789247921,0.0202945920721371,0.6082084911110294,6.580933950185138,0.0202945920721371,0.6082084911110294,1.096822325030856,0.0202945920721371,0.6082084911110294,0.7419853887371429,22.23655504413027,0.1082614870745378,0,0,0,0,0,0,0,1,0,0,0,1,0,0,0,0,1,0,0,0,0,0,0,0,0
3.747757,116.85191874049958,7.094089281358879,9.104309329026036,3.043214016395221,0.0,171258.21164943045,0.1387895380528711,1.7826240000000002,0.368712,0.779768,685.846005,0.0,0.0,97.35545951044028,0.0575960130378543,0.6697330610339158,22.182256597315508,0.0575960130378543,0.6697330610339158,3.697042766219251,0.0575960130378543,0.6697330610339158,7.097830778822301,82.53439228644382,0.0654074536716989,0,1,0,0,0,0,0,0,0,1,0,0,0,1,0,0,0,0,0,0,0,0,0,0,0
52.969094804212965,14.885994589896429,1.270057997186121,6.415258556818791,1.3521547357527186,0.0,159075.1012908423,0.1276080838138822,1.708403,1.30295,0.439353,134.593368,1.135252,0.2646179999999999,54.05009673899282,0.0440197309540193,0.6308218934228872,12.315211915213554,0.0440197309540193,0.6308218934228872,2.052535319202258,0.0440197309540193,0.6308218934228872,3.011735084163523,43.15947387921731,0.3935763517252942,0,0,0,0,0,1,0,0,0,1,0,0,0,0,1,0,0,0,0,0,0,0,0,0,0
75.90055812162036,3.600724242414747,0.6749049620948535,3.562665162040747,1.1914575305059374,0.0,173561.21208033574,0.1385391046353381,2.647093,1.504184,0.318067,123.11328600000002,0.5038560000000001,0.000703,77.44954910369425,0.0541913741335719,0.6518470033561423,17.64673270717084,0.0541913741335719,0.6518470033561423,2.9411221178618066,0.0541913741335719,0.6518470033561423,5.31278163538576,63.905387967756326,0.6100763953517291,0,0,0,0,0,0,1,0,0,0,1,0,0,0,0,0,0,0,1,0,0,0,0,0,0
108.75729711666666,31.083971067837307,5.06198433377474,7.851111809984386,1.3621046608872265,0.0,201094.85729541368,0.1333964988767957,1.487562,1.308597,1.710018,166.780318,1.134387,0.0,110.976833792517,0.041956968495071,0.6819722744675902,25.2858608641178,0.041956968495071,0.6819722744675902,4.214310144019632,0.041956968495071,0.6819722744675902,5.893989264702998,95.8014224742969,0.6440798824227711,0,0,0,0,0,0,1,0,0,0,0,0,1,0,0,0,1,0,0,0,0,0,0,0,0
1.127908,8.602049419425782,1.3087123572397574,12.194503887094182,2.500055792520372,0.0,170845.90364583334,0.1392210666760266,0.996914,0.258806,0.450572,496.034447,0.0,0.021099,29.29965886942555,0.0334644551342561,0.6085828824839449,6.675871641134935,0.0334644551342561,0.6085828824839449,1.112645273522489,0.0334644551342561,0.6085828824839449,1.2411355945378515,22.571228924748457,0.1007497299083231,0,0,0,1,0,0,0,0,0,0,1,0,0,1,0,0,0,0,0,0,0,0,0,0,0
73.91892446787035,8.200441752161298,1.2362077989452462,5.861864955019322,1.3816957415150797,0.0,189242.8009592326,0.1373200160529402,2.590985,1.486958,0.498964,133.83451499999998,0.370376,0.0001149999999999,75.42747394680649,0.0532860524819666,0.6500301081654241,17.186006722057172,0.0532860524819666,0.6500301081654241,2.864334453676195,0.0532860524819666,0.6500301081654241,5.087635867483167,62.06345449150295,0.2542144229653282,0,0,0,0,1,0,0,0,0,1,0,0,0,0,0,1,0,0,0,0,0,0,0,0,0
2.422384,16.366551045009068,4.879239168670252,7.442312645969345,2.766476095437432,0.0,170821.7420563549,0.1389002277911138,2.135525,0.409138,0.726055,567.708142,0.0,0.0,62.92625360468632,0.0453879371932672,0.6387973866514187,14.337627403599416,0.0453879371932672,0.6387973866514187,2.3896045672665687,0.0453879371932672,0.6387973866514187,3.615307400527989,50.88243842333929,0.054445143514849,0,1,0,0,0,0,0,0,0,0,1,0,0,1,0,0,0,0,0,0,0,0,0,0,0
10.384680887175923,78.84234140941075,16.875372229751466,3.610013470089407,0.7487388053815142,0.0,172646.7442389838,0.1260106478878062,0.7119310000000001,1.210312,1.895891,172.895219,0.0,0.272828,10.596613150179516,0.026900435802832,0.5917776348138307,2.414418186116852,0.026900435802832,0.5917776348138307,0.4024030310194752,0.026900435802832,0.5917776348138307,0.3608272300934803,7.937770464620721,0.7029119396653839,0,0,0,1,0,0,0,0,0,1,0,0,0,0,0,0,0,0,0,0,1,0,0,0,0
20.57361941282408,6.128562584945134,0.6808557113547691,5.140951430483116,0.7928546999427054,0.0,130598.34975457136,0.1314168405279124,0.692366,1.079006,0.020503,171.253919,2.991026,0.0365459999999999,20.99348919675926,0.018472259275613,0.6011195398479641,4.78332665242616,0.018472259275613,0.6011195398479641,0.7972211087376933,0.018472259275613,0.6011195398479641,0.4908825006864783,15.974172868049532,0.6205030309009039,0,0,0,0,1,0,0,0,0,0,0,1,0,0,0,0,1,0,0,0,0,0,0,0,0
108.17113924513887,5.660036880345571,0.6988890301123512,6.8026534944987125,0.3517880912164418,0.0,185736.7929781175,0.1388293038741004,3.770949,1.6378629999999998,0.832895,74.281059,1.537065,0.0,110.37871351544784,0.0,0.6814348454550353,25.149580294659,0.0,0.6814348454550353,4.191596715776499,0.0,0.6814348454550353,0.0,95.21000200749975,0.7962775854598744,0,0,0,0,0,1,0,0,0,0,1,0,0,0,1,0,0,0,0,0,0,0,0,0,0
141.46404079449073,5.23735112803323,1.0302323041488226,4.359840056879057,0.3522314845229224,0.0,148219.91854016786,0.132761929568341,2.807983,1.5914620000000002,0.416666,104.276446,1.136113,0.0,144.35106203519462,0.0,0.7119600197704834,32.89011540042409,0.0,0.7119600197704834,5.481685900070681,0.0,0.7119600197704834,0.0,130.09137339299673,0.0019818602321325,0,0,0,0,0,1,0,0,0,1,0,0,0,0,1,0,0,0,0,0,0,0,0,0,0
12.957462073379627,2.691799663220133,2.315927390429042,8.41875058455433,1.6319131662519717,0.0,172575.1257681355,0.1367548662516996,0.763937,1.339612,0.5187149999999999,144.831823,0.0,0.070189,13.221900074877173,0.0368294345867303,0.5941365338742793,3.012584827187204,0.0368294345867303,0.5941365338742793,0.5020974711978672,0.0368294345867303,0.5941365338742793,0.6163988657214867,9.94381504015139,0.1410985387813582,0,0,0,0,0,0,0,0,1,0,0,1,0,0,0,0,0,0,0,0,0,0,1,0,0
87.02141765500001,4.013922421705155,1.7559784370646487,9.518937396774476,1.278287439895191,0.0,132683.18079286572,0.132440365064773,2.752237,1.5800459999999998,2.979586,105.047099,1.136814,0.0,88.79736495408164,0.0118728873405124,0.6620433563321909,20.23231100219581,0.0118728873405124,0.6620433563321909,3.3720518336993024,0.0118728873405124,0.6620433563321909,1.334533050929339,74.4148171236135,0.1648304361128862,0,0,0,0,0,1,0,0,0,0,1,0,0,0,0,0,0,0,0,1,0,0,0,0,0
38.30641610939815,5.737820087160383,0.3431883980687573,2.1648162820642227,0.2932061497970736,0.0,184394.2956291217,0.1258283128930653,1.343605,1.434501,1.25861,117.860674,1.304424,0.067688,39.0881797034675,0.03786551071324,0.6173781621089567,8.906167527372343,0.03786551071324,0.6173781621089567,1.4843612545620568,0.03786551071324,0.6173781621089567,1.8735365662312653,30.547074108242267,0.9101618610709966,0,0,0,1,0,0,0,0,0,0,0,1,0,1,0,0,0,0,0,0,0,0,0,0,0
4.345687,11.683391455241612,1.6738582543617817,6.39567862540412,1.1022766362563026,0.0,166622.98257643884,0.1386902501864685,1.821681,0.3640469999999999,0.491536,673.831163,1.103445,0.0,112.88788327886432,0.0631035756558901,0.6836894097625579,25.72128986100705,0.0631035756558901,0.6836894097625579,4.286881643501175,0.0631035756558901,0.6836894097625579,9.017252003950768,97.69651935224212,0.6827136363009255,0,0,1,0,0,0,0,0,0,0,1,0,0,1,0,0,0,0,0,0,0,0,0,0,0
75.94515958050926,3.824626647290729,0.2236909402949775,2.352503242824289,0.3467174063412119,0.0,181223.4538275629,0.1238518966545018,1.989144,1.439043,0.2468489999999999,145.073345,3.117151,3.5e-05,77.49506079643801,0.0542118079135685,0.6518878969774234,17.6571024599479,0.0542118079135685,0.6518878969774234,2.9428504099913164,0.0542118079135685,0.6518878969774234,5.317908038160518,63.94695216294627,0.7281509001974754,0,0,0,0,0,0,0,0,1,0,0,1,0,1,0,0,0,0,0,0,0,0,0,0,0
82.00973603162036,38.4615277835301,5.487485473390391,7.829429571577113,1.5489714436536783,0.0,194557.1578518435,0.1308240900865847,2.380312,1.550872,1.391118,91.836122,1.464906,0.004585,83.68340411389833,0.057013743800835,0.6574483090984611,19.06710473481228,0.057013743800835,0.6574483090984611,3.177850789135379,0.057013743800835,0.6574483090984611,6.039372357634866,69.64242092947553,0.202526700627651,0,0,0,0,0,0,0,0,1,1,0,0,0,1,0,0,0,0,0,0,0,0,0,0,0
64.32126076194444,21.81338618709928,2.167676155515712,8.164361292795597,1.969233570196074,0.0,177849.27085206835,0.1377683949592016,2.227779,1.477424,1.532641,127.914171,0.370877,0.0,65.63393955300454,0.0489717958602135,0.6412303237065612,14.954568505747869,0.0489717958602135,0.6412303237065612,2.492428084291311,0.0489717958602135,0.6412303237065612,4.068622644672573,53.27401557684806,0.6510358072121595,0,0,0,0,0,0,1,0,0,0,0,0,1,0,0,0,1,0,0,0,0,0,0,0,0
46.91941096351852,6.597886338120415,8.198997460966773,11.876490773628657,3.679619113604228,0.0,326272.92316771584,0.1500652013190215,1.189927,1.364613,1.6696369999999998,129.208149,1.136527,0.0,47.876949962774006,0.0878687106921979,0.6252751358500513,10.908672143416862,0.0878687106921979,0.6252751358500513,1.81811202390281,0.0878687106921979,0.6252751358500513,5.325171981144082,37.89400809121472,0.4118185735401961,0,0,0,0,0,1,0,0,0,0,0,0,1,0,0,0,0,0,0,0,0,0,1,0,0
135.49897752990742,5.874344758192698,0.5187911249036126,9.406156329514026,6.1998951114910685,0.0,183642.52401828536,0.1366696214790252,3.58477,1.570512,0.903474,79.361013,4.505054,0.004436,138.26426278561982,0.0837473183749272,0.706490848040763,31.50324974862224,0.0837473183749272,0.706490848040763,5.2505416247703725,0.0837473183749272,0.706490848040763,14.657292703015075,123.64865350524488,0.7021602971449438,0,0,0,0,0,0,0,0,1,0,0,1,0,0,0,1,0,0,0,0,0,0,0,0,0
39.93480213555555,10.175282466979256,1.9366277614943408,11.753443426365475,2.800048662175377,0.0,236182.86415242805,0.1360519531962397,1.424344,1.344113,0.019027,110.377122,1.140728,0.3718349999999999,40.74979809750567,0.0633138485564454,0.6188711760845518,9.284764123482304,0.0633138485564454,0.6188711760845518,1.5474606872470504,0.0633138485564454,0.6188711760845518,3.2658563866470915,31.922627182039697,0.9406494896149944,0,0,0,1,0,0,0,0,0,0,1,0,0,0,0,0,0,0,0,0,0,0,1,0,0
100.1369196009722,3.5874918191205887,0.8217777827803752,9.230018231508543,3.0026666649239813,0.0,227141.20964478416,0.1312224004837534,2.23413,1.504675,0.355591,97.669285,0.970251,0.0,102.18053020507368,0.0656669777204314,0.6740685318051648,23.28163979356109,0.0656669777204314,0.6740685318051648,3.880273298926848,0.0656669777204314,0.6740685318051648,8.493527342327146,87.18567085368014,0.5697215479458915,0,0,1,0,0,0,0,0,0,0,0,1,0,1,0,0,0,0,0,0,0,0,0,0,0
129.89372991597222,17.973782060259865,0.3522678393986728,4.173555811532109,0.3013550061687863,0.0,50004.55276013565,0.0966805156802745,2.742209,1.555414,2.612009,121.656149,1.134399,0.0,132.54462236323695,0.0032310238821668,0.7013515795320393,30.200040538459053,0.0032310238821668,0.7013515795320393,5.033340089743175,0.0032310238821668,0.7013515795320393,0.5420947345675994,117.67136740877709,0.280002869541719,0,0,0,0,0,0,0,0,1,1,0,0,0,0,0,0,0,0,0,0,0,1,0,0,0
5.364785,8.869191637493316,1.2859627015584951,5.8360406946507,1.5866884945107878,0.0,169043.22560701438,0.1391167881355869,1.527796,0.396208,0.060798,625.5667900000001,0.0,0.0,139.3609854773715,0.0724905374221755,0.7074762862809826,31.753135931553004,0.0724905374221755,0.7074762862809826,5.2921893219255,0.0724905374221755,0.7074762862809826,12.787788269542606,124.8032815923908,0.431468293141761,1,0,0,0,0,0,0,0,0,0,0,1,0,1,0,0,0,0,0,0,0,0,0,0,0
44.64119797412037,14.068998811358496,12.504049191943746,7.071913562518516,1.1998574952427432,0.0,166114.73726019185,0.1206264894643275,1.4338229999999998,1.430655,2.168833,132.410099,7.11292,0.0,45.55224283073507,0.040490881366889,0.6231863167507004,10.378992037382671,0.040490881366889,0.6231863167507004,1.7298320062304453,0.040490881366889,0.6231863167507004,2.3347474182974888,35.93358788534086,0.7044677218513458,0,0,0,0,0,1,0,0,0,0,1,0,0,1,0,0,0,0,0,0,0,0,0,0,0
155.28122653689817,29.398487209138416,5.353573967512848,9.240463259122926,1.5945339918994217,0.0,202393.9908385792,0.1383232927436737,2.480563,1.522024,1.006017,113.236211,1.136157,0.0,158.45023116010017,0.0945538021963905,0.7246285462042847,36.10258431495953,0.0945538021963905,0.7246285462042847,6.017097385826587,0.0945538021963905,0.7246285462042847,18.96464786719553,145.3386843687041,0.8198519330882724,0,0,0,0,0,1,0,0,0,1,0,0,0,1,0,0,0,0,0,0,0,0,0,0,0
38.19496337708333,14.938605629830134,3.726082908163826,9.84364237888254,1.664332641686181,0.0,193849.8222234712,0.1382008596933145,1.284632,1.3705459999999998,0.862166,139.631326,0.370033,0.0,38.97445242559524,0.037819776264665,0.61727597473797,8.880254983047015,0.037819776264665,0.61727597473797,1.4800424971745023,0.037819776264665,0.61727597473797,1.865829203511195,30.453155836567014,0.5221957590144775,0,0,1,0,0,0,0,0,0,0,1,0,0,0,0,1,0,0,0,0,0,0,0,0,0
121.80414031000002,3.948983226503645,2.401763773078827,8.897864260547738,1.4429410848972035,0.0,159178.95067071344,0.1287640117341094,1.7248139999999998,1.4410889999999998,1.7733009999999998,128.232155,1.136825,0.0,124.28993909183676,0.0273308605639705,0.6939344989721881,28.31922662851977,0.0273308605639705,0.6939344989721881,4.7198711047532935,0.0273308605639705,0.6939344989721881,4.29993796813086,109.1760463430095,0.010513025458879,0,0,0,1,0,0,0,0,0,0,0,1,0,0,0,0,0,0,0,0,0,1,0,0,0
218.0518992512037,57.23100044159662,2.269232210638426,11.846213921654424,2.587848208219313,0.0,198335.30759142688,0.1301374421131124,2.979659,1.545225,1.129814,110.906756,1.136157,0.0,222.5019380114324,0.1746106947382991,0.7821809263614123,50.69664410387067,0.1746106947382991,0.7821809263614123,8.449440683978443,0.1746106947382991,0.7821809263614123,49.17875693265086,220.29971138100217,0.7146711903491672,0,0,0,1,0,0,0,0,0,1,0,0,0,0,0,0,0,0,0,0,0,0,0,0,1
34.50872408078704,3.763411503178733,0.3803892740242773,4.782721809917788,0.5014926172274765,0.0,162849.10536570742,0.1383352032203754,1.108221,1.098728,0.024047,142.253625,8.666523,0.442417,35.21298375590514,0.0129648170097588,0.6138961822941934,8.023211488687247,0.0129648170097588,0.6138961822941934,1.3372019147812078,0.0129648170097588,0.6138961822941934,0.5778859376745834,27.363438348022296,0.4533920261418148,0,0,0,0,0,1,0,0,0,0,0,1,0,0,0,0,0,0,1,0,0,0,0,0,0
45.69134339685184,3.708627402214777,0.797908102079547,3.224400811058154,0.3939704667928693,0.0,177283.38176333933,0.1374839301839721,1.547281,1.204215,0.508568,173.394049,0.3708369999999999,0.0,46.62381979270596,0.0409310203086446,0.62414916079834,10.62314881352794,0.0409310203086446,0.62414916079834,1.7705248022546565,0.0409310203086446,0.62414916079834,2.4156462212681435,36.83571898332969,0.626271315872695,0,0,0,0,1,0,0,0,0,0,0,0,1,0,1,0,0,0,0,0,0,0,0,0,0
22.19021863791667,98.04333440235683,3.075537065084246,6.022349116327665,2.3920021880444864,0.0,224455.72419252087,0.1332246491806112,0.963646,1.277622,0.885152,161.949749,1.134394,0.0,22.64308024277211,0.0516162765312697,0.602601746890538,5.159182840125291,0.0516162765312697,0.602601746890538,0.8598638066875484,0.0516162765312697,0.602601746890538,1.4794322675071605,17.271847733262153,0.2080093404241952,0,0,0,1,0,0,0,0,0,0,1,0,0,0,0,0,0,0,0,0,0,0,1,0,0
148.18111724148147,7.343801581291926,1.7843133119656314,6.559953897691173,1.1327927868715006,0.0,174324.19210881295,0.1319969544093386,2.553771,1.56953,0.854661,108.533952,1.137004,0.0,151.2052216749811,0.0543708570753742,0.7181186878316207,34.451822660122275,0.0543708570753742,0.7181186878316207,5.741970443353711,0.0543708570753742,0.7181186878316207,10.406528476886924,137.4472093449706,0.4302354502911556,0,0,1,0,0,0,0,0,0,0,0,1,0,0,0,0,1,0,0,0,0,0,0,0,0
92.70273214060184,12.07147479738508,6.716632172072249,7.699212493370477,1.6584182131490548,0.0,241535.18630095923,0.1395056898341619,2.386363,1.568998,1.285123,100.243403,1.134784,0.0,94.5946246332672,0.1117219531086988,0.6672523680717295,21.55320561264316,0.1117219531086988,0.6672523680717295,3.592200935440525,0.1117219531086988,0.6672523680717295,13.37759014887702,79.8968193587391,0.3086988186880095,0,0,1,0,0,0,0,0,0,0,0,1,0,0,0,0,0,0,0,0,0,0,0,0,1
29.52336546453704,17.730548770087108,3.621584536646196,5.770310383620593,0.8252767633191116,0.0,132212.99959719725,0.1294801483909003,0.999104,1.291984,0.485846,136.075141,1.135828,0.082348,30.125883127078605,0.0137238850251935,0.609325269766174,6.864125269460948,0.0137238850251935,0.609325269766174,1.144020878243491,0.0137238850251935,0.609325269766174,0.5233470333144877,23.23602767512835,0.1745747283641889,0,0,0,0,1,0,0,0,0,0,0,1,0,0,0,0,0,1,0,0,0,0,0,0,0
170.57957785069442,13.285561115968797,14.151872960783594,8.787454738891382,2.0800173514180904,0.0,301335.5025854317,0.1458588480431256,3.060681,1.614949,2.768121,79.863333,1.135327,0.0,174.06079372519838,0.2023725251579515,0.7386551049859025,39.65942135510849,0.2023725251579515,0.7386551049859025,6.609903559184748,0.2023725251579515,0.7386551049859025,44.58876247742497,162.74796691521004,0.5037212701603333,0,0,0,0,0,0,0,0,1,0,0,1,0,0,0,0,0,0,0,0,0,0,1,0,0
68.03323754393519,5.859292272159031,2.8824747057555675,13.140047892106235,3.063646955741681,0.0,205761.8009592326,0.1230212861060095,2.06486,1.487408,0.923547,97.034781,1.019181,6e-06,69.42167096319918,0.0506265121904368,0.6446337140105634,15.817595915665636,0.0506265121904368,0.6446337140105634,2.6362659859442723,0.0506265121904368,0.6446337140105634,4.448831735821392,56.6475311212992,0.2781178216892311,0,0,0,1,0,0,0,0,0,0,1,0,0,1,0,0,0,0,0,0,0,0,0,0,0
32.384961463009255,9.076496003922962,0.8406393400056185,10.158644175357956,4.204154205408027,0.0,207322.63551034173,0.129314318031287,1.08518,1.26416,1.849315,124.629883,1.135368,0.0,33.045879043887,0.0283659797006101,0.6119489736973037,7.529440794809695,0.0283659797006101,0.6119489736973037,1.2549067991349492,0.0283659797006101,0.6119489736973037,1.1865553596806562,25.59796426054669,0.5732041339967079,0,0,0,0,0,0,1,0,0,0,0,0,1,0,0,1,0,0,0,0,0,0,0,0,0
38.76946173481482,7.076413711479732,10.846406522414668,6.652690224224429,1.0562833884923006,0.0,125690.7582808753,0.1160367864945666,1.38976,1.238136,0.023209,116.373927,1.136849,0.498283,39.56067523960696,0.0228334136885443,0.6178027135230441,9.013824738138291,0.0228334136885443,0.6178027135230441,1.5023041230230487,0.0228334136885443,0.6178027135230441,1.1434243842330367,30.93758545801656,0.9628020648094258,0,0,0,0,0,1,0,0,0,0,1,0,0,0,0,0,1,0,0,0,0,0,0,0,0
70.45090646472222,26.119290272394817,2.789223827904077,8.369316155961949,1.0929404392802744,0.0,127224.8543540168,0.1261308195797516,2.416927,1.552181,1.056458,97.493234,1.136184,0.00698,71.88868006604308,0.0184617749794926,0.6468503956997417,16.37969925555412,0.0184617749794926,0.6468503956997417,2.729949875925686,0.0184617749794926,0.6468503956997417,1.6799906771544633,58.86230524943304,0.0292336981910675,0,0,0,0,0,0,1,0,0,1,0,0,0,0,0,0,0,0,1,0,0,0,0,0,0
86.64166881810185,13.05393804595584,2.7288484853520383,6.592758153554061,0.9157421591041756,0.0,170992.79676258992,0.1340832891259833,1.808868,1.45316,0.533166,125.520902,1.135828,0.0,88.40986614092026,0.0355111214993025,0.661695177023601,20.14402013337424,0.0355111214993025,0.661695177023601,3.357336688895705,0.0355111214993025,0.661695177023601,3.974093035781384,74.05111648955581,0.4531859870031397,0,0,0,0,0,1,0,0,0,0,0,0,1,0,0,0,1,0,0,0,0,0,0,0,0
30.7933614574537,45.02920363517035,2.928772477937831,6.010636742452352,1.2489881022370977,0.0,119168.43387477518,0.1332667505444525,1.0446799999999998,1.184943,1.112458,161.735794,1.136738,0.0,31.421797405565,0.0124299599825204,0.6104896876228223,7.1593968772173415,0.0124299599825204,0.6104896876228223,1.1932328128695566,0.0124299599825204,0.6104896876228223,0.4943945371266307,24.28187757300125,0.3926433110796845,0,0,0,0,0,1,0,0,0,0,1,0,0,0,0,0,0,0,1,0,0,0,0,0,0
144.49800921199073,4.981172563348498,1.043149847063801,4.627048176541317,0.271591984039302,0.0,160969.3007718825,0.1353417252429383,2.513077,1.5854469999999998,0.181995,121.245686,1.134342,0.0,147.44694817550075,0.0,0.7147417663441327,33.595507179228015,0.0,0.7147417663441327,5.5992511965380025,0.0,0.7147417663441327,0.0,133.4006230139357,0.7102246211758557,0,0,0,0,1,0,0,0,0,0,0,1,0,0,1,0,0,0,0,0,0,0,0,0,0
51.56440342375,9.019194591613044,2.9545177149829818,12.90763033722802,2.266387797373948,0.0,196351.5264538369,0.1382979423129301,1.655226,1.457947,2.45971,123.990824,0.369768,0.0,52.616738187500005,0.0434183404583775,0.6295339777636143,11.988623890822783,0.0434183404583775,0.6295339777636143,1.998103981803797,0.0434183404583775,0.6295339777636143,2.8918119651065712,41.92914492167537,0.302419043813002,0,0,1,0,0,0,0,0,0,0,1,0,0,1,0,0,0,0,0,0,0,0,0,0,0
17.467148167175928,61.18555621419634,1.8341271377724708,7.470900122782023,1.3697097418691329,0.0,177384.89773493705,0.1222929562881982,0.853232,1.295094,1.103827,151.957376,1.137059,0.0,17.823620578750948,0.02367052078445,0.5982713177986251,4.061078106550848,0.02367052078445,0.5982713177986251,0.676846351091808,0.02367052078445,0.5982713177986251,0.5340435207132601,13.49792528049623,0.4686318386935735,0,0,0,0,0,0,0,0,1,1,0,0,0,0,0,1,0,0,0,0,0,0,0,0,0
25.89929327018518,2.373630543975603,0.3992457706079209,2.4051694358996065,0.118636359467352,0.0,145733.10116906476,0.1279739762971298,0.8434229999999999,1.1073620000000002,0.2162239999999999,184.197479,164.410837,0.0035759999999999,26.427850275699164,0.0,0.6060024763082239,6.021535505855506,0.0,0.6060024763082239,1.0035892509759174,0.0,0.6060024763082239,0.0,20.272585709590725,0.7253468459379475,0,0,0,0,0,0,1,0,0,0,0,0,1,0,1,0,0,0,0,0,0,0,0,0,0
8.630204092824075,23.713715824626743,2.1428885451323696,4.110271100517657,0.4044204114867057,0.0,64375.339164605815,0.0970727070915899,0.670766,1.217431,0.310875,167.15596499999998,1.135305,0.0,8.806330706963342,0.0,0.5901690123301278,2.0065057307005083,0.0,0.5901690123301278,0.334417621783418,0.0,0.5901690123301278,0.0,6.578763918457002,0.3361630036672036,0,0,1,0,0,0,0,0,0,1,0,0,0,0,1,0,0,0,0,0,0,0,0,0,0
61.292485665,14.244331831023809,5.14078555547362,12.049381946774124,2.423582526276723,0.0,171687.2271713879,0.1235265132191655,1.906421,1.5400280000000002,0.248548,92.436212,0.013487,0.0,62.54335271938775,0.0476345861900588,0.6384533387189515,14.250384163911132,0.0476345861900588,0.6384533387189515,2.3750640273185217,0.0476345861900588,0.6384533387189515,3.771173070540413,50.54558526375964,0.9921181146162452,0,0,0,0,0,1,0,0,0,0,0,1,0,1,0,0,0,0,0,0,0,0,0,0,0
62.69025261805555,32.84521489143371,4.702223799497389,7.745556304208952,1.168994740616503,0.0,207620.02504871105,0.1368517149552452,1.583271,1.425949,1.840199,129.842154,1.136167,0.0,63.969645528628114,0.0482502566970529,0.6397349055968382,14.575362272345645,0.0482502566970529,0.6397349055968382,2.429227045390941,0.0482502566970529,0.6397349055968382,3.907027617184548,51.802044485215326,0.3946863097040348,0,0,0,0,0,0,1,0,0,0,0,0,1,0,0,1,0,0,0,0,0,0,0,0,0
2.163145,7.124753100531442,1.184715338748136,3.754204423593389,0.7040416444662949,0.0,168586.09148306356,0.1384848754504601,1.699534,0.461595,0.154071,537.476945,0.644995,0.0,56.19200376724301,0.0430000740227674,0.6327464611449808,12.80324136468828,0.0430000740227674,0.6327464611449808,2.13387356078138,0.0430000740227674,0.6327464611449808,3.0585573689608543,45.00669813717524,0.0004119895602321,0,0,0,1,0,0,0,0,0,0,0,1,0,1,0,0,0,0,0,0,0,0,0,0,0
70.82520740652778,5.626526830309913,0.3170651932843297,2.557441613085264,0.1936153998727993,0.0,141982.19915317747,0.1247925575670721,1.374911,1.4014799999999998,0.388282,154.005647,1.136986,0.0,72.27061980257938,0.0185220984328747,0.6471935800112116,16.466723499321883,0.0185220984328747,0.6471935800112116,2.744453916553647,0.0185220984328747,0.6471935800112116,1.6944348528965076,59.20643184767154,0.9362135407869896,0,0,0,0,0,1,0,0,0,1,0,0,0,0,0,0,0,0,0,0,0,0,0,1,0
43.19462908231481,5.912031690279643,0.9256970422159282,9.002639249074374,1.5315863015554505,0.0,173752.46837529977,0.1380655287231187,1.465552,1.384417,0.389859,114.04111,0.371876,0.489938,44.07615212481103,0.0398868836568998,0.6218600049687064,10.042667572741754,0.0398868836568998,0.6218600049687064,1.673777928790292,0.0398868836568998,0.6218600049687064,2.225392850438172,34.69518503713474,0.0700531565592595,0,0,0,0,0,1,0,0,0,0,0,1,0,0,0,1,0,0,0,0,0,0,0,0,0
45.86185742175925,5.416235326585316,0.3718665568805713,2.303628100193948,0.3386537770001436,0.0,179588.46489995503,0.1295251900450788,1.477936,1.497719,0.235917,124.00038,1.13565,0.0,46.79781369567271,0.0410026184992866,0.6243054995399727,10.662792993950744,0.0410026184992866,0.6243054995399727,1.777132165658457,0.0410026184992866,0.6243054995399727,2.4289024070434944,36.98244614766522,0.2352986264521633,0,0,0,0,0,1,0,0,0,0,0,0,1,0,0,0,0,0,0,0,1,0,0,0,0
30.56689194930556,4.878478076344445,2.9712737794402693,7.0206026339130725,0.9005704953802004,0.0,127628.25835581534,0.1143886449632884,1.1864290000000002,1.41351,1.3340459999999998,128.612634,1.1345,0.0,31.19070607071995,0.0123975599909762,0.6102820451257239,7.106743155353913,0.0123975599909762,0.6102820451257239,1.1844571925589853,0.0123975599909762,0.6102820451257239,0.4894793033831101,24.0950985946257,0.9037981737694966,0,0,1,0,0,0,0,0,0,0,0,1,0,0,0,0,0,0,0,0,1,0,0,0,0
39.07136167828703,37.66215379124596,11.483686815174542,6.893129965098356,1.450938370659483,0.0,85518.74081516037,0.1074918051399916,1.358825,1.421244,0.9642,129.141782,1.135907,0.0,39.868736406415344,0.0076359660287361,0.6180795157232564,9.08401589006932,0.0076359660287361,0.6180795157232564,1.5140026483448863,0.0076359660287361,0.6180795157232564,0.38536242633927,31.192467456424502,0.7550215038843777,0,0,0,0,0,0,0,0,1,1,0,0,0,0,0,0,0,0,0,1,0,0,0,0,0
28.461305953472223,22.349014503615244,0.2007916485466402,3.604622150782487,0.1548216959340967,0.0,45895.65496430981,0.0968277726045472,1.128259,1.238954,0.021433,119.518841,1.136157,0.619973,29.042148932114515,0.0013554549113708,0.6083515020799728,6.617198490861535,0.0013554549113708,0.6083515020799728,1.102866415143589,0.0013554549113708,0.6083515020799728,0.049829523299745,22.364348008205244,0.8917221901066695,0,0,0,0,0,1,0,0,0,0,0,1,0,0,0,0,0,0,0,0,0,1,0,0,0
308.6081861827778,6.269488719531468,0.5021794847340035,8.519231190212626,4.017808490234027,0.0,147523.39542116306,0.1277405306500353,6.034273000000001,1.696867,0.818928,53.17070699999999,25.252978,0.0,314.9063124314059,0.0780594227990722,0.8652090289089911,71.75080536411781,0.0780594227990722,0.8652090289089911,11.9584675606863,0.0780594227990722,0.8652090289089911,31.115702511620068,344.8858035140355,0.8379214674027654,0,0,0,0,0,0,1,0,0,0,0,1,0,0,0,0,0,1,0,0,0,0,0,0,0
32.39781747712963,5.077957840760549,13.786840256455418,7.893730138417342,1.4968541957777468,0.0,141680.50399992507,0.1209884885010673,1.178577,1.363181,1.915853,135.95941299999998,1.135936,0.0,33.05899742564248,0.0212775927034783,0.6119607609568625,7.532429793184362,0.0212775927034783,0.6119607609568625,1.255404965530727,0.0212775927034783,0.6119607609568625,0.8903998511495709,25.60861926717358,0.6420041142808228,0,0,0,0,0,1,0,0,0,1,0,0,0,0,0,0,1,0,0,0,0,0,0,0,0
1.223611,5.526970479034242,2.02199835114056,10.776466217544153,1.886805485478408,0.0,167414.80736660672,0.1390808109971259,1.069079,0.31515,2.214534,551.494823,1.043348,0.1072859999999999,31.78573508555367,0.0343459801710228,0.6108166965464226,7.242319386581849,0.0343459801710228,0.6108166965464226,1.2070532310969746,0.0343459801710228,0.6108166965464226,1.3819142113541916,24.57627557247799,0.1412526468829997,1,0,0,0,0,0,0,0,0,0,1,0,0,1,0,0,0,0,0,0,0,0,0,0,0
63.04067446828704,7.361595459779104,0.4689921360793445,4.027730949205174,1.5865257468154963,0.0,144252.78369491905,0.131123963788116,1.901191,1.540683,0.367371,83.196936,1.751118,0.0099239999999999,64.32721884519086,0.0484049946234569,0.6400561959489693,14.65683467358779,0.0484049946234569,0.6400561959489693,2.442805778931298,0.0484049946234569,0.6400561959489693,3.941466686510633,52.117765810164194,0.3318417777707134,0,0,0,0,0,1,0,0,0,1,0,0,0,0,0,0,0,0,0,0,0,0,0,0,1
21.456051130555554,9.565209653264,1.1336978533856874,4.593185524288699,0.5142469406842614,0.0,103187.6989189898,0.1248677367393633,0.706167,1.157077,0.641564,174.95973999999998,1.13523,0.079176,21.89392972505669,0.0062259815198547,0.6019286126758552,4.988490317101524,0.0062259815198547,0.6019286126758552,0.831415052850254,0.0062259815198547,0.6019286126758552,0.1725458251458243,16.681750310665876,0.3286855625092809,0,0,0,0,0,1,0,0,0,0,0,0,1,0,0,0,0,0,0,1,0,0,0,0,0
79.83892803939814,28.83660828499567,3.812209292281446,8.059217792620762,1.445873552660862,0.0,176497.90621252998,0.1372562412092154,1.433427,1.342886,3.3432089999999994,146.983293,0.0,0.0,81.4682939177532,0.0560054324045896,0.6554579661339187,18.56239608252605,0.0560054324045896,0.6554579661339187,3.0937326804210072,0.0560054324045896,0.6554579661339187,5.77552788370629,67.59372434902635,0.8451404405748917,0,0,1,0,0,0,0,0,0,0,1,0,0,0,0,0,1,0,0,0,0,0,0,0,0
33.99369433490741,45.13447714078994,3.0290044697640326,9.027906021054129,1.354664819131938,0.0,173989.0429593825,0.1384678729217973,1.134358,1.35287,1.639786,145.039429,0.372071,0.0,34.68744319888511,0.0361072856579604,0.6134239683374942,7.903468070632051,0.0361072856579604,0.6134239683374942,1.3172446784386749,0.0361072856579604,0.6134239683374942,1.5854043295271143,26.934315263976625,0.7700282272479917,0,0,1,0,0,0,0,0,0,0,0,1,0,0,1,0,0,0,0,0,0,0,0,0,0
18.13558452907408,3.8168271961666287,0.9641858198516946,2.0202219767822065,0.2697176089961466,0.0,175394.49629046762,0.1380157775873188,0.869239,1.279586,0.439584,170.295269,17.822629,3e-05,18.505698499055185,0.0394403014636834,0.598884185272356,4.216488265607509,0.0394403014636834,0.598884185272356,0.7027480442679181,0.0394403014636834,0.598884185272356,0.9238864906313552,14.02882299810446,0.0898994411586826,0,0,1,0,0,0,0,0,0,0,0,1,0,0,0,0,0,0,0,0,0,0,1,0,0
45.44130028657407,32.397715286981494,4.499004231368323,8.495049704178918,1.545571809764103,0.0,173068.04307179258,0.1388426792207095,1.532918,1.411587,1.122447,123.429007,0.371803,0.190446,46.36867376181028,0.0408260948619263,0.6239199044351994,10.565014274842849,0.0408260948619263,0.6239199044351994,1.7608357124738077,0.0408260948619263,0.6239199044351994,2.3962681944574467,36.62068164842482,0.4073782166968717,0,0,1,0,0,0,0,0,0,1,0,0,0,0,0,0,0,0,1,0,0,0,0,0,0
23.30571334430556,50.06652287982759,4.438418291169676,7.768492894206973,1.3366252542685548,0.0,183244.11450839328,0.1381880558080238,0.778076,1.137519,0.4966029999999999,154.556204,1.13706,0.186896,23.781340147250567,0.0318516735610735,0.6036245075625091,5.418533198107724,0.0318516735610735,0.6036245075625091,0.9030888663512872,0.0318516735610735,0.6036245075625091,0.9588297255887072,18.17088574121601,0.8377566316679206,0,0,0,0,0,1,0,0,0,0,1,0,0,0,0,0,0,0,0,1,0,0,0,0,0
39.46666501939814,24.84111543382917,3.2009724132734525,7.029047443426484,1.1289789575895817,0.0,176488.4380995204,0.1341496251916571,1.3570719999999998,1.193944,0.707779,156.549127,1.134373,0.447404,40.27210716265117,0.0230055317551769,0.6184419564488569,9.17592315098381,0.0230055317551769,0.6184419564488569,1.529320525163968,0.0230055317551769,0.6184419564488569,1.172761063516786,31.5265325873266,0.9511023197143836,0,0,0,0,0,1,0,0,0,0,0,0,1,0,0,0,1,0,0,0,0,0,0,0,0
226.7534351293056,30.192113587969825,2.9691066667616224,7.087983450443625,1.2650815865976348,0.0,200001.995297512,0.1282375934812948,2.69034,1.479265,2.434,132.93871299999998,6.228416,0.0,231.3810562543934,0.1377342474315878,0.79015908047626,52.71973433644406,0.1377342474315878,0.79015908047626,8.786622389407343,0.1377342474315878,0.79015908047626,40.34062740901868,231.4276489235409,0.0709222567373963,0,0,1,0,0,0,0,0,0,0,0,1,0,1,0,0,0,0,0,0,0,0,0,0,0
5.923585,8.475554429917109,0.5087071076857386,7.770532453660484,2.4432439432441475,0.0,170570.74895083933,0.1389866336215314,2.697041,0.318546,0.186938,729.295329,14.757223000000002,0.0,153.87692948719769,0.0776376716869864,0.7205192974521317,35.06056621227289,0.0776376716869864,0.7205192974521317,5.843427702045481,0.0776376716869864,0.7205192974521317,15.122337381934962,140.34341408633782,0.6309025983640857,0,0,1,0,0,0,0,0,0,0,1,0,0,1,0,0,0,0,0,0,0,0,0,0,0
1.059724,42.85244346573239,10.257082712164314,7.318515858775992,1.4026082817742007,0.0,167744.63384292566,0.1384769352398616,0.93661,0.335732,0.4096,504.199581,1.0862969999999998,0.009937,27.528443539493573,0.0328364089590381,0.6069913923735412,6.272303591277017,0.0328364089590381,0.6069913923735412,1.0453839318795026,0.0328364089590381,0.6069913923735412,1.1442218102134198,21.15130161254888,0.8137105202722412,0,0,0,1,0,0,0,0,0,1,0,0,0,1,0,0,0,0,0,0,0,0,0,0,0
73.74344623949075,38.00966109548296,4.582423179269695,8.888519028679644,1.356161543505369,0.0,183962.1829848621,0.1394777827197127,1.36304,1.357002,1.7102509999999995,154.13119,1.135586,0.0,75.2484145300926,0.0106412248545878,0.6498692179077241,17.14520837394515,0.0106412248545878,0.6498692179077241,2.8575347289908577,0.0106412248545878,0.6498692179077241,1.0135889860328466,61.90079531578165,0.6970511673278186,0,0,0,0,0,0,0,1,0,0,0,1,0,0,0,0,0,0,0,1,0,0,0,0,0
54.40672812976852,4.432205121006285,4.144784939088981,8.113904998742704,1.1104906560133974,0.0,133976.99330223323,0.1199715497861091,1.6891,1.462653,1.880202,120.930577,1.135064,0.0,55.51706952017196,0.0159357006312119,0.6321400124759601,12.649458878013863,0.0159357006312119,0.6321400124759601,2.1082431463356435,0.0159357006312119,0.6321400124759601,1.119877721260305,44.42349496089904,0.9022444680449828,0,0,0,0,0,0,0,0,1,0,0,1,0,0,0,0,0,0,1,0,0,0,0,0,0
32.80373657643518,18.122486507324947,3.003329126097316,8.572419250040031,1.0181018235586243,0.0,138863.54260341727,0.1237986273259567,1.092435,1.34174,0.1078369999999999,146.568237,1.1359,0.136071,33.47320058819916,0.0071252626400709,0.6123329349245146,7.626805197311201,0.0071252626400709,0.6123329349245146,1.2711341995518668,0.0071252626400709,0.6123329349245146,0.3019055007527813,25.94524450315061,0.505411141640138,0,0,1,0,0,0,0,0,0,1,0,0,0,0,0,0,0,0,0,1,0,0,0,0,0
420.8947010212964,5.6757811324937,5.239432564170526,9.085952491211376,1.5839285658989593,0.0,179697.31368030576,0.1194652537558433,3.540862,1.529144,0.4045539999999999,115.736181,8.317886999999999,0.0,429.4843887972412,0.2301890015954385,0.9681608678659852,97.8572025107638,0.2301890015954385,0.9681608678659852,16.309533751793968,0.2301890015954385,0.9681608678659852,125.14250969375205,526.3417450542142,0.4346172418099934,0,0,1,0,0,0,0,0,0,0,1,0,0,0,0,1,0,0,0,0,0,0,0,0,0
3.562983,8.676119996252513,2.8719743230074144,12.882357354930264,2.5498939746861264,0.0,169901.7256257494,0.1389659017646055,1.288157,0.38692,2.6329290000000003,579.9532230000001,0.676053,0.0,92.55558649957484,0.0558940506422813,0.665420231137463,21.088614645472745,0.0558940506422813,0.665420231137463,3.5147691075787906,0.0558940506422813,0.665420231137463,6.548489416497835,77.95994906532978,0.0829987948645262,1,0,0,0,0,0,0,0,0,0,0,1,0,1,0,0,0,0,0,0,0,0,0,0,0
45.01702636314816,14.155267353284929,1.0644433104949031,6.114030842014926,2.355767623411952,0.0,159625.35417603416,0.1322413531960629,1.2701440000000002,1.396202,1.0083959999999998,138.37061599999998,0.370561,0.0,45.93574118688587,0.0406482385177484,0.6235309015286525,10.4663714096702,0.0406482385177484,0.6235309015286525,1.744395234945033,0.0406482385177484,0.6235309015286525,2.3635531193089867,36.25614444891874,0.6860580295297344,0,0,1,0,0,0,0,0,0,1,0,0,0,0,0,0,0,0,0,0,0,0,0,0,1
152.54869982870372,2.811529824421519,1.0667579900160682,10.504889373870776,5.708380684578161,0.0,214417.31478567145,0.1298947581570211,2.399963,1.395056,0.361679,145.86121699999998,165.86711499999998,0.000602,155.6619386007181,0.0930315473830407,0.7221231816909032,35.4672771495307,0.0930315473830407,0.7221231816909032,5.911212858255117,0.0930315473830407,0.7221231816909032,18.33097597046668,142.28746122851211,0.9346319303934552,0,0,0,0,0,0,0,0,1,1,0,0,0,1,0,0,0,0,0,0,0,0,0,0,0
46.26329600921296,7.0874056940987,1.4766577503664031,5.606005615467648,0.6969155887190959,0.0,196004.33545038968,0.1373375335828863,1.556243,1.4365059999999998,0.676751,128.301386,1.224668,0.000644,47.20744490736016,0.0164685306720333,0.6246735654726103,10.756126687752948,0.0164685306720333,0.6246735654726103,1.7926877812921578,0.0164685306720333,0.6246735654726103,0.9840977903863112,37.32815560396519,0.8281958635072963,0,0,0,0,0,0,1,0,0,0,1,0,0,0,0,0,0,1,0,0,0,0,0,0,0
44.55398073773147,8.321477804865156,1.1745948487763211,6.864710828383192,0.9677892969809562,0.0,103804.12161833032,0.1277797843376509,1.336628,1.441375,0.661461,125.806912,1.135828,0.0,45.4632456507464,0.0080908779274588,0.6231063501145652,10.358714198904243,0.0080908779274588,0.6231063501145652,1.7264523664840403,0.0080908779274588,0.6231063501145652,0.4656171781598298,35.858781090884136,0.554891637939872,0,0,0,0,0,1,0,0,0,1,0,0,0,0,0,0,0,0,0,1,0,0,0,0,0
41.10205184532407,50.75487283979143,2.178418326720917,6.453549206685677,0.6653287152735163,0.0,109097.86068645083,0.1176380967493537,1.4329379999999998,1.24546,1.310668,150.599626,1.136749,0.247071,41.94086922992252,0.0078035701232635,0.6199413892291623,9.556147419476018,0.0078035701232635,0.6199413892291623,1.592691236579336,0.0078035701232635,0.6199413892291623,0.4142892583118086,32.91250726060354,0.5118592614108718,0,0,0,0,0,0,0,0,1,1,0,0,0,0,0,0,0,0,0,0,0,1,0,0,0
34.65535901412037,8.681505875360399,1.366543565865615,3.87570531905698,0.4838470868069491,0.0,172807.31881369904,0.1385018812130681,1.160475,1.318458,0.035394,151.655775,1.06608,0.001929,35.36261123889834,0.0363755029632716,0.6140306270764873,8.057303826584432,0.0363755029632716,0.6140306270764873,1.342883971097405,0.0363755029632716,0.6140306270764873,1.6282693289994563,27.485729562130107,0.6346472867153501,0,0,1,0,0,0,0,0,0,0,0,0,1,0,0,0,0,0,0,1,0,0,0,0,0
20.95889251717593,22.29959514368148,1.7160380611316763,10.794155537081563,2.567650689281148,0.0,152041.89635791368,0.1329274855071692,0.961241,1.142142,0.194833,121.213773,0.37146,0.395783,21.38662501752645,0.0209905163086524,0.601472784176998,4.872901902727547,0.0209905163086524,0.601472784176998,0.8121503171212576,0.0209905163086524,0.601472784176998,0.5682484825537003,16.28287708030516,0.56366343238043,0,0,0,0,0,1,0,0,0,0,0,1,0,0,0,0,0,0,0,0,0,1,0,0,0
1.335165,5.929009159406026,1.38593646462301,10.520611016298655,2.496654188604378,0.0,172403.08897257195,0.1386632233929577,0.897543,0.362369,1.952255,515.486259,1.388262,0.0,34.6835726268424,0.0353735095478602,0.6134204905123967,7.902586168141306,0.0353735095478602,0.6134204905123967,1.3170976946902175,0.0353735095478602,0.6134204905123967,1.5530122626196357,26.931157130987337,0.0509541790006009,0,0,0,1,0,0,0,0,0,1,0,0,0,1,0,0,0,0,0,0,0,0,0,0,0
31.871968313425928,25.593765112331937,0.2032357819860787,3.90049080732915,0.1479101844525022,0.0,64296.31870597272,0.103392047097357,1.185968,1.439943,1.946066,143.952452,0.0,0.0,32.52241664635299,0.0014100381256568,0.6114786270292475,7.410170881447516,0.0014100381256568,0.6114786270292475,1.2350284802412526,0.0014100381256568,0.6114786270292475,0.0580479081137412,25.17311731466464,0.6068422151425491,0,0,1,0,0,0,0,0,0,0,1,0,0,0,0,0,0,0,0,0,0,1,0,0,0
23.13606487282407,5.92923174074718,8.12804390114846,8.713730232321101,2.1018397379264555,0.0,213175.4979766187,0.1269357648792026,1.017325,1.320626,0.35784,143.830276,0.920075,0.035405,23.608229462065378,0.0317852933894886,0.6034689624185495,5.3790902571794525,0.0317852933894886,0.6034689624185495,0.896515042863242,0.0317852933894886,0.6034689624185495,0.949866455516606,18.033966756976746,0.0649786315893907,0,0,0,0,0,0,0,0,1,0,0,1,0,1,0,0,0,0,0,0,0,0,0,0,0
316.0642415958796,4.902519132409777,0.5448633818317661,4.43713649199735,0.8350710699455344,0.0,174378.23259517387,0.1314735441363687,6.817597,1.712334,0.368457,53.44922,23.680155,0.0,322.5145322406935,0.0803203058436706,0.8720452426542302,73.484323801677,0.0803203058436706,0.8720452426542302,12.247387300279495,0.0803203058436706,0.8720452426542302,32.79046312481125,356.00919433841915,0.8723035448401655,0,0,1,0,0,0,0,0,0,0,0,0,1,0,0,0,0,1,0,0,0,0,0,0,0
40.23466548273149,47.66249032020569,5.356413553658721,7.610077485192022,1.2184385658739854,0.0,183020.22350869305,0.1371916841081292,1.305744,1.337607,2.527494,155.369589,1.137043,0.0,41.05578110482805,0.0231955557475808,0.6191461109961212,9.354481770720314,0.0231955557475808,0.6191461109961212,1.5590802951200522,0.0231955557475808,0.6191461109961212,1.2054577966804003,32.17661671514218,0.1875234808843586,0,0,0,0,0,1,0,0,0,0,0,1,0,0,0,0,1,0,0,0,0,0,0,0,0
3.2883160000000005,40.20276246752058,3.8404723643113097,8.252327797795942,1.5370106216814878,0.0,171013.49267461032,0.1385871009539357,1.410698,0.4452279999999999,1.0717299999999998,603.183659,0.0,0.0,85.42056360525322,0.053364079405501,0.6590091990162281,19.4629132265134,0.053364079405501,0.6590091990162281,3.2438188710855647,0.053364079405501,0.6590091990162281,5.7701135937891,71.25688253292746,0.5819963445018357,1,0,0,0,0,0,0,0,0,1,0,0,0,1,0,0,0,0,0,0,0,0,0,0,0
197.1507951539352,7.572349401882716,0.55722612106717,2.9519242345572088,0.5335460112963935,0.0,218796.94785109413,0.1372244331262094,2.370242,1.404304,0.403939,148.819044,1.13523,0.0,201.17428076932163,0.1956211359718511,0.7630173864996586,45.83717789680746,0.1956211359718511,0.7630173864996586,7.639529649467908,0.1956211359718511,0.7630173864996586,49.81511561065168,194.3031315741219,0.6303470605394984,0,0,0,0,0,0,0,0,1,0,0,1,0,0,0,0,0,0,0,0,0,0,1,0,0
39.44326961944444,4.442945506743023,11.525120289205647,7.641583479279808,1.3143773967985342,0.0,149507.9019034772,0.1155074852601372,1.329061,1.457865,3.145544,122.253858,0.0,0.0,40.24823430555556,0.0229997501501011,0.6184205059705709,9.170483765822784,0.0229997501501011,0.6184205059705709,1.528413960970464,0.0229997501501011,0.6184205059705709,1.1717713076082377,31.506751169194622,0.9741971733299332,0,0,1,0,0,0,0,0,0,0,1,0,0,0,0,0,1,0,0,0,0,0,0,0,0
230.8491575684259,5.4063390289034166,0.7551195422808329,10.211903341096654,10.911807989330889,0.0,200802.4305680456,0.1368665440405587,4.225026000000001,1.405408,0.4684,110.73028899999998,18.510496,0.363714,235.56036486574072,0.1404050356994986,0.793914314642814,53.671981868143455,0.1404050356994986,0.793914314642814,8.94533031135724,0.1404050356994986,0.793914314642814,41.8656473903307,236.7275261131592,0.1647092808073976,0,0,0,0,0,1,0,0,0,0,0,1,0,1,0,0,0,0,0,0,0,0,0,0,0
26.72289281240741,39.83591754777091,1.2121824201562708,5.4048964754283,0.520653911810413,0.0,83494.52755920264,0.1013543911421184,0.954529,1.347632,2.645596,145.951251,1.136757,0.0,27.268257971844296,0.0013278609913855,0.6067576078354412,6.213020803711358,0.0013278609913855,0.6067576078354412,1.0355034672852264,0.0013278609913855,0.6067576078354412,0.0458334886884192,20.943320223842967,0.319258209266346,0,0,1,0,0,0,0,0,0,1,0,0,0,0,0,0,0,0,0,0,0,1,0,0,0
149.4195459918055,4.870337001482645,0.4953976065920983,3.372251461735732,0.8175420853481304,0.0,203728.14725719424,0.1329491140155626,4.146198,1.576855,0.375422,97.591757,2.201112,0.0,152.4689244814342,0.0730399773833617,0.7192541627143031,34.73975494513691,0.0730399773833617,0.7192541627143031,5.7899591575228175,0.0730399773833617,0.7192541627143031,14.096616197201824,138.8150741998029,0.7684591725653008,0,0,0,0,0,0,1,0,0,1,0,0,0,0,0,1,0,0,0,0,0,0,0,0,0
49.16521661435186,8.535700394993736,11.953775838124669,7.23768773582056,1.889051803724943,0.0,220684.8498576139,0.1305685695305431,1.602741,1.518055,0.284702,103.144428,0.84116,0.0,50.1685883819917,0.0423969656790097,0.627334241718871,11.430817606023425,0.0423969656790097,0.627334241718871,1.9051362676705703,0.0423969656790097,0.627334241718871,2.6923998984755326,39.83857386167458,0.3192297687248366,0,0,0,0,0,1,0,0,0,1,0,0,0,1,0,0,0,0,0,0,0,0,0,0,0
1.640791,19.081480923153105,4.011076788822238,6.323524890757865,1.1013336883460303,0.0,167420.3943720024,0.1384804840389487,1.486143,0.34191,0.465264,532.308532,6.603026,0.090773,42.62281726525888,0.0381886456552637,0.620554139997353,9.711527984489363,0.0381886456552637,0.620554139997353,1.6185879974148938,0.0381886456552637,0.620554139997353,2.060389449838012,33.48071609152791,0.2725511025064395,0,0,1,0,0,0,0,0,0,0,0,1,0,1,0,0,0,0,0,0,0,0,0,0,0
99.92541907560184,7.836889227231343,0.457929357100162,2.257129987223829,0.8112326028535692,0.0,263390.8645833333,0.1473528656402795,1.958027,1.463635,1.601431,137.364235,0.001318,6.3e-05,101.96471334245086,0.1285046790465745,0.6738746138795924,23.232466331191336,0.1285046790465745,0.6738746138795924,3.8720777218652223,0.1285046790465745,0.6738746138795924,16.586003496389395,86.97649599112329,0.5121097218201888,0,0,0,0,0,1,0,0,0,0,1,0,0,0,0,0,0,0,0,0,0,0,1,0,0
40.50996238708333,17.901752142679122,0.9066624988754876,7.659001845535901,1.8307396735218788,0.0,161200.26948441248,0.1385086030304003,1.340313,1.383763,1.327693,139.25777,0.0,0.0,41.336696313350345,0.038772968213003,0.6193985217384347,9.418487767598812,0.038772968213003,0.6193985217384347,1.5697479612664686,0.038772968213003,0.6193985217384347,2.0287929268203704,32.40998555701241,0.5288959235199874,0,0,0,0,0,0,0,0,1,1,0,0,0,0,0,1,0,0,0,0,0,0,0,0,0
46.17681703898148,8.662397352854411,0.8759408377343231,3.749592775063549,0.9347612745613216,0.0,202497.0206085132,0.1305206750186799,1.282768,1.3845809999999998,1.524157,136.890125,0.0,0.0,47.11920106018519,0.0411349658367414,0.6245942757286082,10.73602049472574,0.0411349658367414,0.6245942757286082,1.7893367491209564,0.0411349658367414,0.6245942757286082,2.4534768681838868,37.253649695059536,0.0425879412468152,0,0,0,1,0,0,0,0,0,0,0,1,0,0,0,0,1,0,0,0,0,0,0,0,0
32.940621305,15.347680099805196,0.3262392505288696,2.732072446271956,1.0876927427965388,0.0,206376.4635791367,0.1262456428089873,1.222297,1.251557,0.639512,165.06538,0.919836,0.147543,33.612878882653064,0.0356815495951506,0.6124584400624302,7.658630631490571,0.0356815495951506,0.6124584400624302,1.2764384385817618,0.0356815495951506,0.6124584400624302,1.5181767150470602,26.058849830983668,0.2348855543520351,0,0,1,0,0,0,0,0,0,0,0,1,0,1,0,0,0,0,0,0,0,0,0,0,0
38.60391191337963,4.153128466435841,1.0435432460096528,7.978643420788882,1.1047408164833947,0.0,158453.50237934652,0.1259045671376822,1.306214,1.422267,0.966694,124.537474,1.135652,0.0,39.391746850387385,0.0151950659233642,0.6176509262974785,8.97533472540472,0.0151950659233642,0.6176509262974785,1.4958891209007863,0.0151950659233642,0.6176509262974785,0.7576711268710259,30.79791003875639,0.4549176557715665,0,0,0,0,0,0,1,0,0,1,0,0,0,0,0,0,0,1,0,0,0,0,0,0,0
264.0726111840741,3.6633352083819255,3.667612986598941,16.750254752252886,4.013962333436778,0.0,292277.82362859714,0.1385036556304787,4.102568,1.5883120000000002,0.482568,89.404604,23.033017,0.0,269.4618481470144,0.3191982985623884,0.8243758144155369,61.39637046387669,0.3191982985623884,0.8243758144155369,10.232728410646114,0.3191982985623884,0.8243758144155369,108.87564994430844,281.1871272406465,0.7972362315289233,0,0,0,1,0,0,0,0,0,0,1,0,0,0,0,0,0,0,0,0,0,0,1,0,0
25.20295553902778,76.43606298423948,1.0211873721304556,3.136297460368497,0.4847001282216833,0.0,191097.2015606265,0.1252973152668499,1.048915,1.172954,1.590873,163.34888600000002,0.0,0.0,25.71730157043651,0.0325965152574325,0.6053640269800843,5.859638332504521,0.0325965152574325,0.6053640269800843,0.9766063887507536,0.0325965152574325,0.6053640269800843,1.0611321683806665,19.706745875621127,0.3394188472068719,0,0,0,0,0,1,0,0,0,0,0,0,1,1,0,0,0,0,0,0,0,0,0,0,0
3.591257536527777,11.351333557991754,7.197161241401013,3.690119821462128,1.6568815801784005,0.0,170828.04768997303,0.1262196082291271,0.548945,1.132158,1.556531,176.109782,0.0,0.142377,3.6645485066609975,0.0165433257005015,0.58554896676969,0.8349604192392146,0.0165433257005015,0.58554896676969,0.1391600698732024,0.0165433257005015,0.58554896676969,0.0767390120138981,2.7161678376617187,0.012231728474909,0,0,0,1,0,0,0,0,0,0,0,1,0,0,0,0,0,0,0,0,0,0,0,1,0
128.5854204552315,25.954492205665225,0.7670210519854685,4.399741185940713,1.2401350266713318,0.0,201762.0351843525,0.1253339545421606,2.517303,1.540683,2.174646,110.899573,0.0,0.0,131.2096127094199,0.080087711172154,0.7001520333077951,29.89586112366529,0.080087711172154,0.7001520333077951,4.982643520610882,0.080087711172154,0.7001520333077951,13.30161717174964,116.286933073454,0.3035906268091103,0,0,0,0,0,1,0,0,0,0,0,0,1,1,0,0,0,0,0,0,0,0,0,0,0
23.27625907037037,44.71942632084801,3.741028391200004,6.565050317800874,1.3316660426932274,0.0,181488.65602517987,0.1368808932870412,0.77404,1.208675,0.62222,176.022825,0.370609,0.0,23.75128476568405,0.0318401460529913,0.6035975019005101,5.411685136484975,0.0318401460529913,0.6035975019005101,0.9019475227474956,0.0318401460529913,0.6035975019005101,0.9572713618804668,18.147109052524733,0.0628622818851868,0,0,0,0,0,1,0,0,0,0,0,1,0,1,0,0,0,0,0,0,0,0,0,0,0
55.17666335958332,4.648682101567586,1.6705400416319318,11.04877758026123,1.867624080438408,0.0,195658.2814186151,0.1383534060250655,1.820245,1.50754,1.318757,110.551161,1.136535,0.0,56.30271771386053,0.0449699155807854,0.6328459409474351,12.828467327208728,0.0449699155807854,0.6328459409474351,2.1380778878681213,0.0449699155807854,0.6328459409474351,3.204972737419115,45.10246375889352,0.5110555250909772,0,0,0,0,0,0,1,0,0,0,1,0,0,0,0,1,0,0,0,0,0,0,0,0,0
39.30526476291667,30.94718921752203,3.7781108023165513,8.064474113839422,1.1573465223506771,0.0,184970.5473995804,0.1312507029613859,1.322261,1.145048,1.393672,150.93221200000002,1.13441,0.0,40.10741302338436,0.0229656540779044,0.6182939738239015,9.13839790406226,0.0229656540779044,0.6182939738239015,1.5230663173437096,0.0229656540779044,0.6182939738239015,1.1659404727274487,31.39009085825926,0.73969036384207,0,0,1,0,0,0,0,0,0,0,0,0,1,0,0,0,1,0,0,0,0,0,0,0,0
31.302739648611112,3.950876555556343,2.677297311149341,10.062882131809811,1.481649155382344,0.0,101565.27088485462,0.1141634978693452,1.209458,1.219232,1.148343,122.033567,0.0,0.625508,31.94157107001134,0.0125029193500701,0.6109567198535373,7.277826319749419,0.0125029193500701,0.6109567198535373,1.2129710532915696,0.0125029193500701,0.6109567198535373,0.5055226417758032,24.70242719987692,0.8374657541462546,0,0,0,0,0,1,0,0,0,0,0,1,0,0,0,0,0,0,1,0,0,0,0,0,0
4.069572,8.283676901317778,3.053803896160721,10.432243187078756,1.7654214670046342,0.0,167560.58299610313,0.1389202137680934,1.728963,0.376609,1.745659,641.556419,6.998991,0.0,105.7152456978458,0.0605602668199411,0.6772445797168853,24.087018007104103,0.0605602668199411,0.6772445797168853,4.014503001184017,0.0605602668199411,0.6772445797168853,8.10397909670529,90.62667992696817,0.5762750516617652,0,0,0,1,0,0,0,0,0,1,0,0,0,1,0,0,0,0,0,0,0,0,0,0,0
91.58759383856484,7.850726700964428,0.937708855389977,10.163151233316324,3.129648684025954,0.0,193156.231152578,0.1364660272352415,2.431447,1.552058,1.450791,99.560682,1.088197,0.0,93.4567284066988,0.06153391039235,0.6662299341752711,21.293938117982005,0.06153391039235,0.6662299341752711,3.5489896863303336,0.06153391039235,0.6662299341752711,7.279440444734178,78.81477217041915,0.877891516606609,0,0,0,1,0,0,0,0,0,0,1,0,0,1,0,0,0,0,0,0,0,0,0,0,0
46.79092719467592,8.766094776562282,1.2144085340362658,9.831654190731276,1.924223109686689,0.0,177250.39272332133,0.1379668124609714,1.594752,1.308065,0.03515,109.645044,0.37127,0.4648739999999999,47.74584407619992,0.0413933793886078,0.6251573332777879,10.878799916096185,0.0413933793886078,0.6251573332777879,1.813133319349364,0.0413933793886078,0.6251573332777879,2.501723845665137,37.78311969338508,0.9787887028768738,0,0,0,0,0,1,0,0,0,1,0,0,0,0,1,0,0,0,0,0,0,0,0,0,0
8.464744,25.022396741594587,5.607747093950816,8.456972778558159,1.82900465049332,0.0,175255.3638901379,0.138937804999826,2.332678,0.352017,0.893626,744.93121,0.0,0.0,219.8886005037793,0.1010444121330005,0.7798327642106608,50.10120011478515,0.1010444121330005,0.7798327642106608,8.350200019130858,0.1010444121330005,0.7798327642106608,28.12470173753492,217.05865208769103,0.0235255001173481,0,0,1,0,0,0,0,0,0,0,1,0,0,1,0,0,0,0,0,0,0,0,0,0,0
40.2416662825,9.988940962723325,1.712425725065547,7.515410962722284,1.0229187632064454,0.0,104892.68493330336,0.1320504373033269,1.098877,1.366373,3.440353,146.108948,1.134743,0.0,41.06292477806122,0.0138023875493549,0.6191525298008314,9.356109443102556,0.0138023875493549,0.6191525298008314,1.559351573850426,0.0138023875493549,0.6191525298008314,0.717425824932674,32.18254905994664,0.9514152243022812,0,0,0,0,1,0,0,0,0,0,0,1,0,0,0,0,0,0,1,0,0,0,0,0,0
376.7561604705556,3.789841078860419,5.369498339202479,10.602840472754243,2.109713451753703,0.0,308608.83584382496,0.1405905643187695,4.32856,1.599237,1.53634,112.240472,7.654356,0.0,384.4450617046485,0.4888887954106023,0.927691681293478,87.59507735042625,0.4888887954106023,0.927691681293478,14.599179558404373,0.4888887954106023,0.927691681293478,237.9125102763801,451.4512476680509,0.374839220934869,0,0,1,0,0,0,0,0,0,1,0,0,0,0,0,0,0,0,0,0,0,0,1,0,0
81.77341448888889,4.398174553258079,0.6579743217793014,4.346690253673984,0.8732469552140728,0.0,191924.73113384293,0.1387950595763089,2.043765,1.56237,0.125808,96.888289,1.212887,0.0,83.44225968253969,0.0569036856015747,0.6572316335925523,19.01216043399638,0.0569036856015747,0.6572316335925523,3.168693405666064,0.0569036856015747,0.6572316335925523,6.0103444441268286,69.4188514453285,0.4579205682335449,0,0,1,0,0,0,0,0,0,0,0,1,0,0,0,1,0,0,0,0,0,0,0,0,0
54.11147258171295,3.463726179088865,1.466134555905843,4.180071739412898,0.8793197607250808,0.0,175543.59850869305,0.1377357433704163,1.842107,1.50799,0.292647,113.441014,0.371148,0.0,55.21578834868669,0.0445106628495407,0.6318693023049454,12.5808125351438,0.0445106628495407,0.6318693023049454,2.0968020891906334,0.0445106628495407,0.6318693023049454,3.111001695139234,44.16349577228125,0.8926492187750443,0,0,0,0,1,0,0,0,0,0,0,1,0,0,0,0,0,1,0,0,0,0,0,0,0
48.33000847324073,4.4063034721783225,3.560416838819746,9.559702039622575,1.3827343946166462,0.0,82684.61074733963,0.1096962604591314,1.362871,1.346855,2.524656,140.36169099999998,1.136518,0.0,49.316335176776256,0.0,0.6265684666463888,11.236633331417377,0.0,0.6265684666463888,1.8727722219028955,0.0,0.6265684666463888,0.0,39.1140006485216,0.6349532482971775,0,0,0,0,0,0,0,0,1,1,0,0,0,0,1,0,0,0,0,0,0,0,0,0,0
3.2859260000000003,42.161833204541885,4.143772241880568,8.07971056816961,1.6354968372008782,0.0,168998.68789343524,0.138957084797555,1.500564,0.448788,1.481248,566.230403,0.888265,0.0,85.35847859060847,0.0533420649980334,0.6589534137680194,19.448767273809523,0.0533420649980334,0.6589534137680194,3.241461212301587,0.0533420649980334,0.6589534137680194,5.763541155839857,71.19906438142513,0.7525681819347577,0,0,1,0,0,0,0,0,0,0,0,1,0,1,0,0,0,0,0,0,0,0,0,0,0
5.356907,7.107438364483062,0.7184521025605053,12.17599048202844,11.053663690313162,0.0,189569.44639913068,0.1369658336222028,3.913965,0.341419,0.476364,665.866612,24.857583,0.0,139.156338721986,0.0724179727769747,0.7072924050318661,31.706507556908203,0.0724179727769747,0.7072924050318661,5.284417926151367,0.0724179727769747,0.7072924050318661,12.756227783939574,124.5876221393702,0.7269327042578113,0,1,0,0,0,0,0,0,0,1,0,0,0,1,0,0,0,0,0,0,0,0,0,0,0
1.340144,20.46827886445182,4.684936710970579,6.527704484742894,1.3271673364604977,0.0,169110.351543765,0.1378223522425555,1.217177,0.358114,0.3830929999999999,499.661155,6.039979,0.0,34.81291207785337,0.0354193713615761,0.6135367058893135,7.932055916472919,0.0354193713615761,0.6135367058893135,1.322009319412153,0.0354193713615761,0.6135367058893135,1.5608246342574552,27.036708099570195,0.4239391726249435,0,0,0,1,0,0,0,0,0,0,0,1,0,1,0,0,0,0,0,0,0,0,0,0,0
40.44718430625,2.519180143447149,1.4563359110761318,9.18088590041053,1.284930018926982,0.0,99885.34442914418,0.1125424423788806,1.115235,1.255894,0.366613,124.527697,28.723156,0.26104,41.27263704719388,0.0077494059782998,0.6193409625660151,9.40389198543658,0.0077494059782998,0.6193409625660151,1.5673153309060963,0.0077494059782998,0.6193409625660151,0.4048587598401581,32.356752856261814,0.2834121319564775,0,0,0,0,0,1,0,0,0,0,0,0,1,0,0,0,0,0,0,1,0,0,0,0,0
48.19854618231481,14.54150539466313,1.5948867732100636,8.381593195368632,1.936671805110195,0.0,166552.09672886692,0.1388546873411114,1.6443709999999998,1.471982,1.079008,126.661539,0.372672,0.004346,49.18218998195388,0.0419875014764841,0.626447933164485,11.206068603483162,0.0419875014764841,0.626447933164485,1.867678100580527,0.0419875014764841,0.626447933164485,2.6139712335240644,39.00010286417475,0.1337850939956302,0,0,0,0,1,0,0,0,0,0,0,0,1,0,0,0,0,1,0,0,0,0,0,0,0
260.6951962586574,3.298003942909695,3.391159472562712,8.628078967261372,1.3381118844453093,0.0,173030.32726318945,0.1198730685567255,2.498011,1.455983,0.441864,115.600154,72.635548,0.0,266.0155063863851,0.1284079958656996,0.8212791729533586,60.61112803740419,0.1284079958656996,0.8212791729533586,10.101854672900698,0.1284079958656996,0.8212791729533586,43.23863043579106,276.5480950351636,0.8965598480215023,0,0,1,0,0,0,0,0,0,0,1,0,0,0,0,1,0,0,0,0,0,0,0,0,0
17.93946030574074,47.15287069139026,5.395622227117598,5.035019600705849,0.9450099463228412,0.0,168905.45363084532,0.135236203366761,0.8912059999999999,1.185556,0.8990020000000001,162.972228,0.370601,0.395107,18.305571740551777,0.0297696514483456,0.598704365376038,4.170889763670025,0.0297696514483456,0.598704365376038,0.6951482939450041,0.0297696514483456,0.598704365376038,0.6898107471884977,13.87294393895264,0.5889386412465276,0,0,0,1,0,0,0,0,0,1,0,0,0,0,0,0,0,0,0,0,0,0,0,0,1
5.483366,8.599183368682862,0.9997418029702824,10.147377509293223,5.400390651872118,0.0,175930.0599895084,0.1387087205509773,2.140956,0.380537,0.947576,720.7640150000001,0.990508,0.0,142.44136335251324,0.0735827928413873,0.7102440982131337,32.45499418158529,0.0735827928413873,0.7102440982131337,5.409165696930882,0.0735827928413873,0.7102440982131337,13.267383964066784,128.06093375006972,0.9329487437761564,0,0,1,0,0,0,0,0,0,1,0,0,0,1,0,0,0,0,0,0,0,0,0,0,0
103.74378255662036,20.628979240145004,0.3732096948694411,3.805526020143816,1.0241048611897072,0.0,170128.15512589927,0.1169242141611999,2.9419,1.512777,1.515285,99.406733,0.0,0.280303,105.86100260879628,0.0674384842734769,0.6773755466740817,24.120228442510545,0.0674384842734769,0.6773755466740817,4.020038073751757,0.0674384842734769,0.6773755466740817,9.036842480516212,90.76918292860732,0.2333991712079912,0,0,0,1,0,0,0,0,0,0,0,1,0,1,0,0,0,0,0,0,0,0,0,0,0
40.74727677050925,105.26491519383022,77.59758835909464,4.540760568005862,1.1178961499489182,0.0,313218.007831235,0.1380047711679975,1.404491,1.387691,2.569635,140.389884,0.0,0.0,41.57885384745842,0.07618728879633,0.6196161075475568,9.473662901952553,0.07618728879633,0.6196161075475568,1.5789438169920915,0.07618728879633,0.6196161075475568,4.009848285945209,32.611300730697394,0.1254781906989407,0,0,1,0,0,0,0,0,0,1,0,0,0,0,0,0,0,0,0,0,0,0,1,0,0
41.59562095773149,14.840065799440657,5.000124624593081,7.014546935220988,1.440965796045834,0.0,118588.3289633918,0.1119400073084042,1.435787,1.3432540000000002,0.555057,131.928451,1.135323,0.209563,42.444511181358656,0.0,0.6203939266317862,9.670901281828554,0.0,0.6203939266317862,1.6118168803047588,0.0,0.6203939266317862,0.0,33.33204677945551,0.5064261507271605,0,0,0,1,0,0,0,0,0,0,1,0,0,0,1,0,0,0,0,0,0,0,0,0,0
31.107608265972228,50.398996307736354,3.925470529986229,10.307976985720993,1.9132033627239065,0.0,178627.60411046163,0.1383509653077708,1.040718,1.129253,0.140743,131.29466100000002,0.371198,0.471701,31.742457414257377,0.0349438553597379,0.6107778102604327,7.232458651349781,0.0349438553597379,0.6107778102604327,1.2054097752249635,0.0349438553597379,0.6107778102604327,1.4040554944891794,24.54125143261412,0.8445138623593956,0,0,1,0,0,0,0,0,0,0,1,0,0,0,0,0,1,0,0,0,0,0,0,0,0
14.008345762268515,46.95697369802566,2.7134658326919703,5.151077371135318,0.9053612101278145,0.0,172260.80925884293,0.1117416268987335,0.785887,1.104457,0.174448,155.841779,1.137062,0.088444,14.294230369661753,0.0226140997655094,0.5951000548140521,3.2569132487836905,0.0226140997655094,0.5951000548140521,0.5428188747972816,0.0226140997655094,0.5951000548140521,0.4091786729755767,10.76771807153215,0.1334476763931492,0,0,1,0,0,0,0,0,0,1,0,0,0,0,0,1,0,0,0,0,0,0,0,0,0
55.84700903050925,16.11563963776543,28.02461798328289,5.127278356529255,1.104515271507007,0.0,163602.09725344725,0.1288318382553774,1.2128139999999998,1.1965629999999998,1.19168,181.045098,1.13701,0.0,56.98674390868291,0.0181038681651029,0.6334605590042688,12.984321396915092,0.0181038681651029,0.6334605590042688,2.164053566152515,0.0181038681651029,0.6334605590042688,1.3059246821281978,45.694752724338464,0.6446967500057538,0,0,0,0,0,0,1,0,0,1,0,0,0,0,0,0,0,1,0,0,0,0,0,0,0
84.30245976962964,6.350116801261902,3.121038019943009,10.565394631392664,1.9195623873806689,0.0,144228.29849557855,0.1195260021362087,2.4949060000000003,1.466172,0.448488,85.823305,1.136396,0.0,86.02291813227514,0.0348511049636922,0.6595504326293932,19.60015856178421,0.0348511049636922,0.6595504326293932,3.266693093630701,0.0348511049636922,0.6595504326293932,3.794928796343068,71.818294772386,0.5860326266247219,0,0,0,0,0,1,0,0,0,0,1,0,0,0,0,0,1,0,0,0,0,0,0,0,0
37.75788435444445,13.345356614249091,0.9936302195635917,4.037926691899196,0.7452995959374544,0.0,151995.29628484714,0.1312898284525608,1.281718,1.339449,0.7705609999999999,132.72306899999998,0.370266,0.0,38.5284534229025,0.0376405736757122,0.6168752312540806,8.778634957117026,0.0376405736757122,0.6168752312540806,1.463105826186171,0.0376405736757122,0.6168752312540806,1.8357380881974803,30.085124829259563,0.6471038320732533,0,0,0,0,0,1,0,0,0,0,0,1,0,0,0,0,0,0,1,0,0,0,0,0,0
34.33744633226852,10.744164221059709,3.09000161011442,8.100227445149594,1.3237105662302433,0.0,145590.08706160073,0.1280619735054546,1.181254,1.327501,2.986044,151.465846,1.1367969999999998,0.0,35.03821054313114,0.0362465621974739,0.6137391433193196,7.983389744004564,0.0362465621974739,0.6137391433193196,1.330564957334094,0.0362465621974739,0.6137391433193196,1.607613516126317,27.2206599014978,0.8578634362524913,0,0,0,0,0,1,0,0,0,1,0,0,0,0,0,0,0,0,0,0,1,0,0,0,0
129.60847914722223,7.270367680277143,0.8940513908005446,4.604831217575988,0.5195650218202056,0.0,140013.71894671762,0.1266781710338392,2.012068,1.409909,0.491368,153.97448,1.1349360000000002,0.0,132.2535501502268,0.0322501728600248,0.7010900424164832,30.133720287393448,0.0322501728600248,0.7010900424164832,5.022286714565574,0.0322501728600248,0.7010900424164832,5.398987156578199,117.36917352475064,0.5282654064060528,0,0,0,0,0,0,1,0,0,0,1,0,0,0,0,0,0,1,0,0,0,0,0,0,0
27.69674224638889,45.6682848975772,3.46491331991246,4.653840945207244,1.153395819435303,0.0,148715.69606190047,0.1314750519945181,0.8403700000000001,1.136168,3.210265,180.235841,0.370622,0.0,28.2619818840703,0.0335825015188348,0.6076504985822937,6.439438910294498,0.0335825015188348,0.6076504985822937,1.0732398183824163,0.0335825015188348,0.6076504985822937,1.201402594363386,21.73849035794819,0.3104156912889942,0,0,0,0,0,1,0,0,0,0,0,1,0,0,0,0,1,0,0,0,0,0,0,0,0
62.36386260412037,36.62468630472819,0.7303914506551173,3.640397140733916,1.092442978914979,0.0,249823.76171875,0.1258491212301117,1.879985,1.5322129999999998,0.931626,109.225399,0.0134949999999999,0.0,63.63659449400037,0.0481062707823625,0.6394356492506941,14.499477226481096,0.0481062707823625,0.6394356492506941,2.4165795377468493,0.0481062707823625,0.6394356492506941,3.875087653665551,51.50823685616996,0.0778196788823545,0,0,0,0,0,0,0,0,1,0,0,1,0,1,0,0,0,0,0,0,0,0,0,0,0
84.35019249532408,9.627857241176423,2.141543474986398,8.342086031568423,1.04827463026527,0.0,128928.14643285373,0.1254973611314233,1.629767,1.430532,1.716955,125.088254,1.136493,0.0,86.07162499522866,0.0116215104335531,0.6595941972069628,19.611256328026784,0.0116215104335531,0.6595941972069628,3.2685427213377967,0.0116215104335531,0.6595941972069628,1.2661801112847135,71.86372707724887,0.4127607554563403,0,0,0,0,0,0,1,0,0,0,1,0,0,0,0,0,0,0,0,1,0,0,0,0,0
1.7828959999999998,17.57727527391343,2.2584528039685257,7.966837805237987,1.722833725760023,0.0,168194.9761315947,0.1387849894108818,1.409632,0.366011,0.7638020000000001,619.005776,0.984898,0.0,46.31427793726379,0.0394975817946713,0.6238710281549696,10.55262028950314,0.0394975817946713,0.6238710281549696,1.7587700482505233,0.0394975817946713,0.6238710281549696,2.31557212795977,36.57485594300732,0.9137624508842288,0,0,0,1,0,0,0,0,0,0,1,0,0,1,0,0,0,0,0,0,0,0,0,0,0
27.77224905407408,14.397378206253052,0.4087018724396932,3.2230785662035863,0.2198447128958839,0.0,108656.3707049985,0.1175743336979147,1.118667,1.242514,1.227052,170.982438,1.137016,0.0,28.339029647014364,0.0067224956488083,0.6077197283087318,6.456994096788082,0.0067224956488083,0.6077197283087318,1.0761656827980135,0.0067224956488083,0.6077197283087318,0.2411506373335518,21.80023721217299,0.5848604856059127,0,0,0,0,0,1,0,0,0,1,0,0,0,0,0,0,0,0,0,0,0,0,0,1,0
58.030163887777775,5.100620075066884,0.300142435468644,3.189542475364191,0.7377138654533908,0.0,192765.1032861211,0.1265596172435106,1.818462,1.553981,0.088126,103.288646,1.425947,4e-06,59.214452946712015,0.0462072839517844,0.6354622224062091,13.491900671402735,0.0462072839517844,0.6354622224062091,2.248650111900456,0.0462072839517844,0.6354622224062091,3.463467140959878,47.63107325074116,0.8976151602929472,0,0,0,1,0,0,0,0,0,0,1,0,0,0,0,0,0,0,0,0,1,0,0,0,0
149.62979910194446,4.717768378484816,0.2451361718652345,2.29974119668956,0.1861013668528992,0.0,149946.90115407674,0.1205027693753048,2.165625,1.49465,0.2109889999999999,114.526266,1.136399,0.0,152.6834684713719,0.0326354869804399,0.7194469369255818,34.7886383858822,0.0326354869804399,0.7194469369255818,5.798106397647033,0.0326354869804399,0.7194469369255818,6.307467528387169,139.04766292519258,0.3007612849397817,0,0,0,1,0,0,0,0,0,1,0,0,0,0,0,0,0,0,0,0,1,0,0,0,0
150.1876991998611,14.78257924715678,3.442640944922285,13.582651536241707,2.395347538325998,0.0,192517.0443270384,0.1374998999764021,2.109273,1.431023,2.249701,129.788569,1.1370870000000002,0.0,153.25275428557256,0.0917238932113589,0.7199584573082155,34.918349077725395,0.0917238932113589,0.7199584573082155,5.819724846287565,0.0917238932113589,0.7199584573082155,17.793594010679094,139.66533740971624,0.0853918638693228,0,0,0,0,1,0,0,0,0,0,0,1,0,0,0,0,1,0,0,0,0,0,0,0,0
7.490830294861111,4.8020125985145565,0.7308896624927612,2.144183282657779,0.2629168367178606,0.0,176867.63817071344,0.132869413931021,0.637039,1.194763,0.211951,179.932935,1.142522,0.019978,7.643704382511339,0.0258205657366962,0.5891243576988179,1.7416035301924568,0.0258205657366962,0.5891243576988179,0.2902672550320761,0.0258205657366962,0.5891243576988179,0.2498288246588702,5.700117006059028,0.2261628093321562,0,0,1,0,0,0,0,0,0,0,0,1,0,1,0,0,0,0,0,0,0,0,0,0,0
79.07680824787037,5.522812143393925,0.6636841962520453,7.352884546458292,1.2419085951446058,0.0,163358.27583558153,0.1304017455368448,1.751542,1.493382,1.949693,124.374636,1.135075,0.0,80.69062066109223,0.0333917134759328,0.6547592033826112,18.38520470759063,0.0333917134759328,0.6547592033826112,3.0642007845984383,0.0333917134759328,0.6547592033826112,3.4106304877346614,66.87712215760152,0.4362665065697123,0,0,0,0,1,0,0,0,0,0,0,0,1,0,0,0,1,0,0,0,0,0,0,0,0
42.373269796018526,21.799209864934287,2.7956903635454977,6.998854983624795,1.0498588272421765,0.0,154266.82908048562,0.1276962911303666,1.471355,0.994224,0.708134,148.150592,1.135259,0.7937960000000001,43.238030404100535,0.0158180465729585,0.6211069274589964,9.851703130048223,0.0158180465729585,0.6211069274589964,1.6419505216747037,0.0158180465729585,0.6211069274589964,0.8657483274114668,33.994228118569055,0.3742617870203638,0,0,1,0,0,0,0,0,0,0,0,0,1,0,0,0,0,1,0,0,0,0,0,0,0
44.69315663712964,8.782128547486804,4.038791847457703,12.623789579176504,2.7132186806745096,0.0,231876.8569019784,0.1271204249017673,1.442225,1.513186,2.111027,107.890467,1.135073,0.0,45.60526187462208,0.0405126254811502,0.6232339559522041,10.391072325863258,0.0405126254811502,0.6232339559522041,1.7318453876438762,0.0405126254811502,0.6232339559522041,2.338720119362463,35.97816173462905,0.0518237723991754,0,0,1,0,0,0,0,0,0,0,0,1,0,1,0,0,0,0,0,0,0,0,0,0,0
34.40811622375001,22.612141211827595,3.945056137135275,8.031733659245699,1.2014260996731636,0.0,173727.09835881295,0.1378335018666814,1.153938,1.29358,0.054801,138.579686,0.3718079999999999,0.190241,35.110322677295926,0.0362752137955183,0.6138039382352307,7.999820356852236,0.0362752137955183,0.6138039382352307,1.333303392808706,0.0362752137955183,0.6138039382352307,1.612195520947528,27.27956244561262,0.5381343801042491,0,0,0,0,0,1,0,0,0,0,0,1,0,0,0,1,0,0,0,0,0,0,0,0,0
65.15603612634258,8.481378038724264,1.1380594281269778,5.014728536137002,0.6755155773042775,0.0,117709.77227592924,0.1349171821644409,1.717388,1.514209,0.569842,97.183241,1.1474799999999998,0.0002189999999999,66.48575114932918,0.0176152355601583,0.6419957019802067,15.148652160606646,0.0176152355601583,0.6419957019802067,2.524775360101108,0.0176152355601583,0.6419957019802067,1.4824837568221585,54.029830988348,0.921350539318784,0,0,0,0,0,1,0,0,0,1,0,0,0,0,0,0,0,0,1,0,0,0,0,0,0
70.52620961277778,11.352061494191489,2.073707963637025,5.9255924362072845,0.9605092129690184,0.0,122196.5440647482,0.1312068823805387,2.213936,1.458193,1.203639,131.622045,1.135536,0.0,71.96552001303854,0.0184739059601155,0.6469194386973155,16.3972070915784,0.0184739059601155,0.6469194386973155,2.7328678485964,0.0184739059601155,0.6469194386973155,1.682891454546443,58.93151115493078,0.2107462869942078,0,0,1,0,0,0,0,0,0,0,0,1,0,0,0,0,0,0,1,0,0,0,0,0,0
47.16252964638889,12.856323350043525,3.92771099339858,7.846782753507582,1.286820751943177,0.0,181962.45173860912,0.1374415381670855,1.601092,1.384049,2.672656,144.342752,0.370639,0.0,48.12503025141724,0.041549979629438,0.6254980434318059,10.9651967661457,0.041549979629438,0.6254980434318059,1.8275327943576165,0.041549979629438,0.6254980434318059,2.5311316792562994,38.10393957260501,0.5469550796218745,0,0,0,0,0,1,0,0,0,0,1,0,0,0,0,1,0,0,0,0,0,0,0,0,0
79.21532225347222,38.62319212186904,3.362444506560584,11.559068255573154,2.344293495162214,0.0,176195.7871702638,0.1384246303594941,2.545195,1.511509,2.833298,115.299799,0.3720969999999999,0.0,80.83196148313492,0.0557168812142229,0.6548862023514412,18.41740894552441,0.0557168812142229,0.6548862023514412,3.0695681575874016,0.0557168812142229,0.6548862023514412,5.700892147175281,67.00726111937746,0.1497286040353694,0,0,1,0,0,0,0,0,0,0,0,0,1,0,0,1,0,0,0,0,0,0,0,0,0
3.25394,5.806744144076393,0.52970576014736,6.333151407950788,1.9649389400470745,0.0,168475.48008468226,0.1389239124721474,1.745893,0.385201,0.494691,550.260091,34.557263,0.0069019999999999,84.52757847411186,0.0530474403799335,0.6582068250863438,19.25944825992422,0.0530474403799335,0.6582068250863438,3.209908043320703,0.0530474403799335,0.6582068250863438,5.675913518437472,70.4261127337746,0.3709130697960118,0,0,0,1,0,0,0,0,0,0,0,1,0,1,0,0,0,0,0,0,0,0,0,0,0
1.455244,10.30667103131612,1.2002035562368891,11.209966776182323,3.044920189489278,0.0,173003.15743030576,0.138959090343768,1.280829,0.329758,0.409321,582.941786,0.863275,0.0,37.80286403835979,0.0364795631186981,0.6162232674243874,8.613310793550331,0.0364795631186981,0.6162232674243874,1.4355517989250552,0.0364795631186981,0.6162232674243874,1.74561008196824,29.487347336351828,0.1442350310243207,0,1,0,0,0,0,0,0,0,1,0,0,0,1,0,0,0,0,0,0,0,0,0,0,0
63.10039765467592,14.342391324043271,3.944632502339727,9.533993310493816,1.6194936314360986,0.0,169414.76674910073,0.1260533622093052,1.929301,1.455574,0.844794,113.109327,1.136789,0.0,64.38816087211829,0.0387451059962449,0.6401109541884245,14.670720198710496,0.0387451059962449,0.6401109541884245,2.445120033118416,0.0387451059962449,0.6401109541884245,3.1578811618905,52.17160391682205,0.482234837613933,0,0,0,1,0,0,0,0,0,1,0,0,0,0,0,1,0,0,0,0,0,0,0,0,0
47.80912351300925,2.2742658608016515,0.2178260886447607,4.3110538562424745,0.3674282372283707,0.0,87474.0801577488,0.1140745972557891,1.630629,1.457865,0.2230489999999999,109.216546,21.321715,8e-06,48.78481991123392,0.0083645768051021,0.6260908842348409,11.115528587369754,0.0083645768051021,0.6260908842348409,1.852588097894959,0.0083645768051021,0.6260908842348409,0.5165371811020147,38.6629506777999,0.7101563325150682,0,0,0,0,0,0,1,0,0,0,0,1,0,0,0,0,0,0,0,1,0,0,0,0,0
1.414352,58.41448995045253,8.485626460551073,8.582456349754791,1.734491300740116,0.0,164245.05262664868,0.1385132669687843,1.070152,0.478413,0.570396,508.246746,6.727585,0.0,36.74061281708239,0.0361029048968716,0.615268802834533,8.371278869714976,0.0361029048968716,0.615268802834533,1.3952131449524958,0.0361029048968716,0.615268802834533,1.679041582769504,28.614370713130867,0.9110095296089076,0,1,0,0,0,0,0,0,0,0,0,1,0,1,0,0,0,0,0,0,0,0,0,0,0
44.31004741634258,4.344963881799153,0.886129980750507,3.817497143642508,0.606744836703193,0.0,179955.35804481414,0.1381646330408055,1.479231,1.366823,0.088101,135.960325,0.947715,0.0345899999999999,45.214334098308754,0.040352379069934,0.6228826956173533,10.302000174298197,0.040352379069934,0.6228826956173533,1.7170000290496992,0.040352379069934,0.6228826956173533,2.3095012011767087,35.64965354898503,0.6502647833591676,0,0,1,0,0,0,0,0,0,0,0,1,0,0,1,0,0,0,0,0,0,0,0,0,0
31.78164526768518,9.001662794748942,20.992522007269827,6.8871570948502425,3.467218023981693,0.0,173136.40401116607,0.1118620718769032,1.169847,1.329751,1.7696419999999995,150.591382,1.135631,0.0,32.43025027314815,0.0352146253327745,0.6113958127779318,7.389170948312236,0.0352146253327745,0.6113958127779318,1.2315284913853726,0.0352146253327745,0.6113958127779318,1.445593813692431,25.09837876499133,0.3658191186638269,0,0,0,1,0,0,0,0,0,0,1,0,0,1,0,0,0,0,0,0,0,0,0,0,0
4.901313,26.046505171912056,2.6879528643701858,8.310469463860674,1.949208830329154,0.0,173836.38101393884,0.1383772743977517,2.4662040000000003,0.331763,0.360608,710.431674,0.0,0.0,127.32137631108276,0.0682214740507001,0.6966583362567972,29.00993384303152,0.0682214740507001,0.6966583362567972,4.834988973838586,0.0682214740507001,0.6966583362567972,10.99500249380501,112.27784581114496,0.981728213977353,0,0,0,1,0,0,0,0,0,0,0,1,0,1,0,0,0,0,0,0,0,0,0,0,0
77.62776998305556,3.994878959088098,0.4871734033385627,3.766536777253917,0.8651723542945277,0.0,173248.53582134293,0.1387019180636897,2.263481,1.600792,0.083813,88.680359,3.0542990000000003,0.0,79.21201018679139,0.0549845250982992,0.6534306275131376,18.04830611850943,0.0549845250982992,0.6534306275131376,3.008051019751571,0.0549845250982992,0.6534306275131376,5.513208559749832,65.51842218092676,0.8172860833743728,0,0,0,1,0,0,0,0,0,0,1,0,0,1,0,0,0,0,0,0,0,0,0,0,0
37.83122727856482,4.168486674342836,0.1759309982277935,1.880168642071512,0.2079349810556828,0.0,112616.61168877398,0.100398255498718,1.291105,1.423044,0.186704,124.489812,1.333385,0.0,38.60329314139267,0.0134484139761324,0.6169424769863355,8.79568704487428,0.0134484139761324,0.6169424769863355,1.4659478408123796,0.0134484139761324,0.6169424769863355,0.6571557810220822,30.146849734785327,0.9696039151626864,0,0,1,0,0,0,0,0,0,1,0,0,0,0,0,0,0,0,1,0,0,0,0,0,0
35.08895036560185,30.62191273144313,3.657894727137449,6.113207640407754,0.8975828797411289,0.0,178565.1504421463,0.1377414471561388,1.152847,1.27042,2.205474,169.63511499999998,0.370588,0.0,35.80505139347128,0.036551568010627,0.6144281728285758,8.158112975727633,0.036551568010627,0.6144281728285758,1.3596854959546054,0.036551568010627,0.6144281728285758,1.6566212292815972,27.84763583003014,0.5860067685789471,0,0,0,0,0,0,1,0,0,0,1,0,0,0,0,1,0,0,0,0,0,0,0,0,0
50.14308832601852,37.5759938739595,1.3231413537721268,4.268742856361883,1.1900423940994758,0.0,291862.8309539868,0.1509364517651301,1.625604,1.407782,0.932008,119.450252,1.136441,0.108016,51.166416659202575,0.0907622471424772,0.6282308203607933,11.65817088437527,0.0907622471424772,0.6282308203607933,1.9430284807292115,0.0907622471424772,0.6282308203607933,5.878454372427226,40.68901254776328,0.0589170068168091,0,0,0,0,0,0,0,0,1,0,0,1,0,0,0,0,0,0,0,0,0,0,1,0,0
1.1622940000000002,10.12757291907356,1.461264725926397,5.383144446700025,0.9615869336991572,0.0,166813.74353642086,0.1384531587934036,1.022915,0.298292,0.367665,538.6922440000001,1.112293,0.0603,30.19290377050265,0.0337811862703152,0.6093854898249097,6.87939579581073,0.0337811862703152,0.6093854898249097,1.1465659659684548,0.0337811862703152,0.6093854898249097,1.2910786155861431,23.29002209294193,0.8667051012983595,0,0,1,0,0,0,0,0,0,0,0,1,0,1,0,0,0,0,0,0,0,0,0,0,0
97.9990280963889,39.29987373124985,1.578131716028392,6.167185416324533,1.0858252260038892,0.0,244580.3098770984,0.1273683893273202,1.691898,1.495796,1.553684,128.367428,1.017519,0.0,99.99900826162131,0.0646247454097776,0.6721083688933146,22.784584160875745,0.0646247454097776,0.6721083688933146,3.7974306934792894,0.0646247454097776,0.6721083688933146,8.180266392579153,85.07616497932582,0.7684980945958513,0,0,1,0,0,0,0,0,0,0,0,1,0,1,0,0,0,0,0,0,0,0,0,0,0
196.10579213685185,31.371086840402512,1.9686940851971968,5.858866197028035,0.901543105820672,0.0,141479.4343618855,0.1221345682188475,2.558928,1.395793,2.103782,144.979741,1.134698,0.0,200.1079511600529,0.0710547580914117,0.7620592573558423,45.59421672001206,0.0710547580914117,0.7620592573558423,7.599036120002008,0.0710547580914117,0.7620592573558423,17.998255774488104,193.03052740763167,0.363607817400285,0,0,0,0,0,0,0,0,1,0,0,1,0,0,0,0,1,0,0,0,0,0,0,0,0
51.6956875125,4.483811078185127,2.011763192623925,10.489673591632066,1.548340194802776,0.0,160001.90337417566,0.1188169355979926,1.641579,1.432414,1.139369,117.417368,1.136254,0.0,52.75070154336735,0.0155203754609007,0.6296543478577619,12.019147187096358,0.0155203754609007,0.6296543478577619,2.0031911978493926,0.0155203754609007,0.6296543478577619,1.0363426503531354,42.04393491054228,0.5769382564286629,0,0,0,1,0,0,0,0,0,0,1,0,0,0,0,0,0,0,1,0,0,0,0,0,0
1.933192,5.192519542716799,0.7062867824122202,3.819619014108781,0.6971815994960798,0.0,166709.540654976,0.1387804873126873,1.31635,0.365643,0.181585,599.453941,2.079137,1e-06,50.21851616364322,0.0408819656376635,0.6273791033285183,11.44219355627314,0.0408819656376635,0.6273791033285183,1.907032259378856,0.0408819656376635,0.6273791033285183,2.5987742432614067,39.88107296358884,0.4299304349095337,0,0,0,1,0,0,0,0,0,0,1,0,0,1,0,0,0,0,0,0,0,0,0,0,0
38.12470080486111,6.557424840472994,3.52431548899598,9.667290477158067,1.6817831102606775,0.0,180287.29818645085,0.1335942594410418,1.273234,1.460525,1.968208,125.169067,0.370361,0.0,38.90275592332766,0.0377909522306941,0.6172115532797876,8.863919071137948,0.0377909522306941,0.6172115532797876,1.477319845189658,0.0377909522306941,0.6172115532797876,1.8609774566339623,30.393962544685472,0.4474217998175711,0,0,1,0,0,0,0,0,0,0,0,1,0,0,0,0,0,0,0,0,0,0,0,1,0
60.38095607768518,25.990356245495025,6.986056061385633,6.544362756559889,1.0573334811116866,0.0,185810.6059090228,0.1334550365519752,1.531012,1.422635,3.121871,122.583386,0.0,0.0,61.61322048743386,0.0472344225563768,0.6376175870045739,14.038455300934295,0.0472344225563768,0.6376175870045739,2.339742550155716,0.0472344225563768,0.6376175870045739,3.6838796095729913,49.72869996807387,0.4347619828281798,0,0,0,1,0,0,0,0,0,0,0,1,0,0,0,0,0,0,1,0,0,0,0,0,0
71.58111557935185,23.2801546448753,0.3213134391380728,3.284076980978465,0.2557725790235922,0.0,82679.54434577338,0.1015409551275005,1.447545,1.430409,1.436134,140.81963000000002,1.134375,0.0,73.041954672808,0.0104448830878119,0.6478866475321582,16.642470684943596,0.0104448830878119,0.6478866475321582,2.7737451141572653,0.0104448830878119,0.6478866475321582,0.9657147810920708,59.90241410400182,0.9875086082576504,0,0,0,1,0,0,0,0,0,0,0,1,0,0,0,0,0,0,0,0,0,0,0,1,0
72.96984513634258,5.626677355879829,6.264178538922783,8.863883406138248,1.3428435863064918,0.0,97916.40214703238,0.1088292633341871,2.19794,1.507417,0.096297,100.922214,1.136549,0.098466,74.45902564932916,0.0105708448128887,0.6491599283166917,16.965347616302846,0.0105708448128887,0.6491599283166917,2.827557936050474,0.0105708448128887,0.6491599283166917,0.996322538048052,61.18457690259396,0.9175456379905276,0,0,0,0,0,0,0,0,1,1,0,0,0,0,0,0,0,0,0,0,1,0,0,0,0
35.38827910625,18.72025268986112,2.8324222819124767,8.736852158745416,2.7242770728876264,0.0,169921.2135791367,0.1386945334484251,1.265555,1.424353,1.028165,108.739383,0.013497,0.0,36.110488883928575,0.0366732532519334,0.6147026175768763,8.227706327983725,0.0366732532519334,0.6147026175768763,1.3712843879972874,0.0366732532519334,0.6147026175768763,1.6763153213815694,28.09773675814125,0.0840422066495365,0,0,0,0,0,1,0,0,0,1,0,0,0,1,0,0,0,0,0,0,0,0,0,0,0
23.20367986986112,31.07931533086868,4.6354881156262735,8.207128581954994,1.5539023161506196,0.0,181512.91981414868,0.1338224062780968,0.987236,1.353934,0.814122,149.073137,4.752915,0.0,23.67722435700114,0.0318117454561908,0.6035309564014962,5.394810612987602,0.0318117454561908,0.6035309564014962,0.8991351021646001,0.0318117454561908,0.6035309564014962,0.9534352333595468,18.088528938118607,0.3410449552700042,0,0,1,0,0,0,0,0,0,0,1,0,0,1,0,0,0,0,0,0,0,0,0,0,0
1.80135,15.819057926677525,2.20448202080578,8.223878435093722,5.285993605494785,0.0,169843.89682628898,0.1385565928632406,1.675544,0.380455,0.732651,493.776257,0.0,0.0,46.793657376700686,0.0396675624956785,0.6243017649626869,10.661845984564714,0.0396675624956785,0.6243017649626869,1.7769743307607853,0.0396675624956785,0.6243017649626869,2.349608010622333,36.97894036624492,0.273666701301328,0,1,0,0,0,0,0,0,0,0,1,0,0,1,0,0,0,0,0,0,0,0,0,0,0
48.68081218527777,23.11882022676014,3.616462823298338,8.444080475137103,0.799181430602817,0.0,116733.94279264088,0.130822246425229,1.642694,1.433192,1.453249,131.29546299999998,1.137067,0.0,49.67429814824263,0.0,0.6268901071151404,11.31819451478946,0.0,0.6268901071151404,1.8863657524649096,0.0,0.6268901071151404,0.0,39.41813428736866,0.3321776378948814,0,0,0,0,0,1,0,0,0,0,1,0,0,0,1,0,0,0,0,0,0,0,0,0,0
762.1203261343056,7.584842912356058,1.2334744730155818,8.794681789206086,4.383556004622571,0.0,179427.64736023682,0.1271386524970583,4.92398,1.502261,1.234772,100.422473,54.539965,0.3592059999999999,777.6738021778629,0.6672619192379341,1.2810195014708752,177.19149923039913,0.6672619192379341,1.2810195014708752,29.53191653839985,0.6672619192379341,1.2810195014708752,656.8507769395725,1261.0320333833492,0.5025952675608645,0,0,1,0,0,0,0,0,0,1,0,0,0,1,0,0,0,0,0,0,0,0,0,0,0
1.357951,10.796055220422293,2.7158248298745646,5.3379766792416286,1.365485914105134,0.0,165261.57681354915,0.1375266032324706,1.245529,0.313431,0.32642,556.242344,1.076384,0.196625,35.27548440244709,0.0355833925137835,0.6139523410001307,8.037452142329716,0.0355833925137835,0.6139523410001307,1.339575357054953,0.0355833925137835,0.6139523410001307,1.5888878577292724,27.41451421366581,0.9843813613102564,0,0,1,0,0,0,0,0,0,1,0,0,0,1,0,0,0,0,0,0,0,0,0,0,0
59.169028536666666,6.676173452536265,0.4155689739494873,7.371296489839073,2.2490116868087715,0.0,159997.57882756295,0.1336105657960299,2.080986,1.456515,0.105013,88.551684,1.13656,0.130276,60.37655973129252,0.0280224095675355,0.6365064102153583,13.756684495737534,0.0280224095675355,0.6365064102153583,2.292780749289589,0.0280224095675355,0.6365064102153583,2.141641373505127,48.64565480470653,0.1442660551110801,0,0,0,0,1,0,0,0,0,0,0,1,0,0,0,0,1,0,0,0,0,0,0,0,0
111.14772656199077,41.77567346436637,5.928678032877348,5.906654477977066,0.9576725899029692,0.0,184682.5534509892,0.1267597111080476,2.1527700000000003,1.473537,1.357746,112.407399,1.136169,0.0,113.41604751223548,0.0569013083741148,0.684163981171169,25.8416310787372,0.0569013083741148,0.684163981171169,4.306938513122865,0.0569013083741148,0.684163981171169,8.169014549451864,98.2217399932525,0.764373904104432,0,0,0,0,0,1,0,0,0,0,0,0,1,0,0,1,0,0,0,0,0,0,0,0,0
22.506527500185182,2.22010588986533,2.1128487038097794,9.77110436265703,1.7038685810937584,0.0,177692.95025854316,0.138957893676895,0.7166170000000001,1.217063,1.856678,155.077689,1.136822,0.019277,22.965844387944067,0.0315392867118464,0.6028917601578994,5.232724037759407,0.0315392867118464,0.6028917601578994,0.8721206729599011,0.0315392867118464,0.6028917601578994,0.9168687983936924,17.52647891969622,0.1774950778079764,0,0,0,0,0,1,0,0,0,0,0,0,1,0,0,0,0,0,1,0,0,0,0,0,0
316.1244739313426,8.894736666906448,1.1533662632500812,4.440698545327861,0.6776457547569732,0.0,178754.49850119904,0.1402304091756578,2.94143,1.486017,0.323921,134.319024,1.136227,0.0,322.57599380749247,0.2008467120767473,0.8721004677158462,73.49832770297296,0.2008467120767473,0.8721004677158462,12.249721283828826,0.2008467120767473,0.8721004677158462,82.01054145711906,356.09958870052924,0.3341777089612483,0,0,1,0,0,0,0,0,0,0,0,1,0,0,0,0,0,0,1,0,0,0,0,0,0
53.85483599092593,6.282542404390517,6.600584294870317,7.762336087169693,1.2530236448601282,0.0,181766.1214778177,0.1223218140306232,1.6413369999999998,1.534832,2.881206,105.986924,1.137116,0.0,54.95391427645503,0.0355201841567552,0.6316340005948231,12.52114502501507,0.0355201841567552,0.6316340005948231,2.086857504169178,0.0355201841567552,0.6316340005948231,2.4708520952331927,43.9376718009902,0.502772817723944,0,0,0,0,0,0,0,0,1,1,0,0,0,0,0,1,0,0,0,0,0,0,0,0,0
101.77426665083334,9.729859339623223,0.8428112459983186,9.946698728511087,2.322234276387331,0.0,188034.28621477817,0.1372946175060969,3.036695,1.657627,0.804983,79.212787,0.370403,0.0,103.85129250085036,0.0664691132494044,0.675569761850789,23.662319810320334,0.0664691132494044,0.675569761850789,3.9437199683867217,0.0664691132494044,0.675569761850789,8.737852306754494,88.80859866164063,0.8740100441335106,0,0,0,0,1,0,0,0,0,0,0,0,1,1,0,0,0,0,0,0,0,0,0,0,0
55.68975833898147,7.2187410910924275,0.3421355246139659,3.4085545279710985,0.994778762118136,0.0,198315.4358044814,0.1248125601336538,1.6532490000000002,1.418584,0.409081,145.87681,1.136993,0.0,56.82628401936885,0.0451916481096995,0.6333163809799235,12.94776091580556,0.0451916481096995,0.6333163809799235,2.15796015263426,0.0451916481096995,0.6333163809799235,3.2507258617533634,45.55571713884043,0.592186679745099,0,0,0,0,0,0,0,0,1,1,0,0,0,1,0,0,0,0,0,0,0,0,0,0,0
26.631882415416666,15.72285220736549,2.084073742516607,8.756391058722846,1.5935776117179603,0.0,198237.8899505396,0.1389150270473042,0.883397,1.244846,0.895757,145.465721,1.136718,0.0,27.175390219812925,0.0331605150820924,0.6066741633742084,6.191861062742185,0.0331605150820924,0.6066741633742084,1.031976843790364,0.0331605150820924,0.6066741633742084,1.140696123096018,20.86912294426918,0.1387882380474443,0,0,0,0,0,1,0,0,0,0,0,1,0,1,0,0,0,0,0,0,0,0,0,0,0
55.55519023870371,4.211457343328567,1.1740461518581538,10.557705605916269,1.2850685026719988,0.0,74029.43681148831,0.1059291284102544,1.7464259999999998,1.477588,0.603273,110.643136,1.1474959999999998,0.0,56.68896963133032,0.009026692515703,0.6331929998828392,12.916474093214502,0.009026692515703,0.6331929998828392,2.1527456822024167,0.009026692515703,0.6331929998828392,0.6477391112582854,45.43678321661925,0.5258127196647299,0,0,0,0,0,1,0,0,0,0,0,1,0,0,0,0,0,0,0,1,0,0,0,0,0
33.79319142953704,4.53719800341697,1.0874186924321474,3.975638777231999,0.6172318886652839,0.0,203730.2737185252,0.1375002816891213,1.1229559999999998,1.385154,0.2049929999999999,151.535574,3.086423,0.000973,34.48284839748678,0.0360261179667809,0.6132401337705937,7.856851533604582,0.0360261179667809,0.6132401337705937,1.3094752556007634,0.0360261179667809,0.6132401337705937,1.5725103344284592,26.76742603046316,0.3676575358315885,0,0,0,0,0,0,1,0,0,0,1,0,0,1,0,0,0,0,0,0,0,0,0,0,0
18.37394266810185,97.1755366824922,9.765280324420768,5.4225323583296445,1.3535157031864284,0.0,120384.73728829436,0.1129790045392456,0.877912,1.262564,1.222376,159.966549,0.0,0.267306,18.74892108989985,0.0106874606543531,0.5991027280669077,4.271906071116422,0.0106874606543531,0.5991027280669077,0.7119843451860702,0.0106874606543531,0.5991027280669077,0.2536434891897163,14.21839211806352,0.5599106569422763,0,0,0,1,0,0,0,0,0,0,1,0,0,0,0,0,0,0,0,0,0,1,0,0,0
111.5425971263889,3.95630076442446,0.4423638014413184,5.642617159896045,0.5449325663866185,0.0,123120.77245391186,0.1286361383484136,2.069624,1.508276,0.329409,115.583946,1.13627,0.0,113.81897665958051,0.014265057416755,0.6845260250979328,25.93343771990442,0.014265057416755,0.6845260250979328,4.322239619984069,0.014265057416755,0.6845260250979328,2.055233211601541,98.62285021961652,0.7539137169644599,0,0,0,0,0,1,0,0,0,0,0,1,0,0,0,0,0,0,0,1,0,0,0,0,0
66.0592920412037,21.44596174785069,2.564166295156776,9.146760835350277,1.35318404321762,0.0,123705.25965789868,0.1289142332613754,2.108629,1.456515,2.869157,135.333904,1.134702,0.0,67.40744085837113,0.0,0.6428238678344722,15.358657410768105,0.0,0.6428238678344722,2.5597762351280173,0.0,0.6428238678344722,0.0,54.849508675191856,0.9726124808348748,0,0,0,0,0,1,0,0,0,0,0,0,1,0,1,0,0,0,0,0,0,0,0,0,0
38.29890616055556,6.404668961820148,0.7684133959759911,4.482328085590609,0.3014367891372822,0.0,120386.70241306956,0.1248924198339311,1.24304,1.403158,0.352402,136.488655,2.386807,0.000419,39.08051649036282,0.0,0.6173712764820857,8.904421478816845,0.0,0.6173712764820857,1.484070246469474,0.0,0.6173712764820857,0.0,30.54074474839809,0.4963669008930325,0,0,1,0,0,0,0,0,0,1,0,0,0,0,1,0,0,0,0,0,0,0,0,0,0
1.707818,47.05723676227388,17.001322473553444,7.217548475562811,1.3410996764683896,0.0,174517.7659060252,0.1375417647887762,0.8343290000000001,0.3486619999999999,1.046714,552.9003280000001,4.760008,0.0,44.363977213624345,0.0388060346466157,0.6221186244457578,10.108247972724534,0.0388060346466157,0.6221186244457578,1.684707995454089,0.0388060346466157,0.6221186244457578,2.17922789470073,34.936274024155594,0.182859110611648,0,1,0,0,0,0,0,0,0,0,1,0,0,1,0,0,0,0,0,0,0,0,0,0,0
12.73269821462963,49.925779642377584,14.098672176579491,5.737481849656688,1.077469866267211,0.0,170949.54353080035,0.1321180755321642,0.752356,1.239854,0.802671,156.787323,1.136735,0.0,12.992549198601663,0.0277844299056295,0.5939304552314195,2.9603276655041766,0.0277844299056295,0.5939304552314195,0.493387944250696,0.0277844299056295,0.5939304552314195,0.4569500917772034,9.767937544483672,0.9013647195121148,0,0,0,0,0,0,0,0,1,1,0,0,0,0,1,0,0,0,0,0,0,0,0,0,0
56.99289993662037,20.32639403116136,0.2060990715823728,3.147856020527206,0.2294064666405856,0.0,103157.40816565498,0.1119660523271174,1.248783,1.324186,0.553299,155.391085,1.135537,0.0,58.15602034349017,0.016334998516725,0.6345111889592362,13.250738812440796,0.016334998516725,0.6345111889592362,2.2084564687401325,0.016334998516725,0.6345111889592362,1.202504438037399,46.7096779915006,0.1488015927636171,0,0,0,0,0,1,0,0,0,1,0,0,0,0,0,0,0,0,1,0,0,0,0,0,0
24.828680054675925,3.920988507639794,1.1195494059464342,5.205213021889008,0.9220520772522302,0.0,172563.34839628296,0.1390984320133138,1.018881,1.303809,2.318605,155.211024,0.372165,0.0,25.335387810893803,0.0324492162040698,0.6050208660097224,5.772620007545423,0.0324492162040698,0.6050208660097224,0.9621033345909038,0.0324492162040698,0.6050208660097224,1.040649970493228,19.403086422834345,0.2412589845825998,0,0,0,1,0,0,0,0,0,0,0,1,0,1,0,0,0,0,0,0,0,0,0,0,0
25.40849902023148,10.458198894205548,4.505725068011159,6.664027184891186,1.445932204774815,0.0,143515.5098171463,0.1200182792290652,1.052926,1.256754,0.375382,144.036179,7.110389,0.0,25.927039816562733,0.0326774841052364,0.6055524830863761,5.907426793647205,0.0326774841052364,0.6055524830863761,0.984571132274534,0.0326774841052364,0.6055524830863761,1.07244358417919,19.873649797466967,0.1332631472539042,0,0,0,0,0,1,0,0,0,0,0,1,0,1,0,0,0,0,0,0,0,0,0,0,0
37.108922944629626,12.445394976933796,0.6256666116291385,7.348557572856509,4.9108982416365645,0.0,175208.59489283574,0.1322444358961187,1.313699,1.423208,0.7790560000000001,140.330422,1.136995,0.0,37.86624790268329,0.037374946290405,0.616280219727998,8.627752686687332,0.037374946290405,0.616280219727998,1.437958781114555,0.037374946290405,0.616280219727998,1.7914544070657623,29.53951845283608,0.1747895135316537,0,0,0,0,0,0,0,0,1,1,0,0,0,0,0,0,0,0,1,0,0,0,0,0,0
73.10336948101853,7.317041311945234,1.992678515202136,13.629617162745634,2.6149277069585786,0.0,173488.72393959833,0.1324788387373482,1.654853,1.465067,2.001832,113.16641,1.136839,0.0,74.59527498063116,0.0529149081882409,0.6492823524283465,16.996391767738746,0.0529149081882409,0.6492823524283465,2.8327319612897903,0.0529149081882409,0.6492823524283465,4.996458388451504,61.30809572083997,0.912710144519324,0,0,0,0,0,0,0,0,1,0,0,1,0,0,0,0,0,0,0,1,0,0,0,0,0
54.31215368925925,5.377196817738669,4.766927026730361,8.221065380590424,1.2436768762785182,0.0,125571.99911008694,0.1176787406134662,1.640682,1.387118,2.11185,119.14928700000002,1.1344530000000002,0.0,55.42056498904006,0.0159211560084072,0.6320533002596022,12.627470503831912,0.0159211560084072,0.6320533002596022,2.1045784173053184,0.0159211560084072,0.6320533002596022,1.116910710461496,44.34019114376523,0.4413810742715692,0,0,0,0,0,1,0,0,0,0,0,0,1,0,0,0,0,0,1,0,0,0,0,0,0
1.416937,8.98872993673597,0.7931805917684981,10.53485706041185,2.954354537762612,0.0,168604.3689111211,0.138797861995171,1.145339,0.341788,0.301408,512.409375,5.8602620000000005,0.0,36.8077633454743,0.0361267154589234,0.615329139598809,8.386578990108069,0.0361267154589234,0.615329139598809,1.3977631650180111,0.0361267154589234,0.615329139598809,1.6832197380523295,28.669480189781368,0.3443056098017806,0,0,0,1,0,0,0,0,0,1,0,0,0,1,0,0,0,0,0,0,0,0,0,0,0
36.67441512481481,5.1150821328163145,0.9334862009226848,3.270921486744778,0.4645186417179999,0.0,165018.75522706835,0.1396120343562796,1.227525,1.340758,0.389813,115.761789,0.371142,0.030974,37.42287257634164,0.0371973958583755,0.6158818336960202,8.526730460432272,0.0371973958583755,0.6158818336960202,1.4211217434053784,0.0371973958583755,0.6158818336960202,1.762067601746488,29.17476884112633,0.2872121638885566,0,0,0,0,0,0,0,1,0,1,0,0,0,0,0,0,0,0,1,0,0,0,0,0,0
98.6423124940278,26.83064491635277,3.587338174275643,9.306190764017812,1.3964110108302366,0.0,152530.43956085132,0.1352994757072388,2.13607,1.48348,2.317009,126.295029,1.135288,0.0,100.65542091227326,0.0389626438455988,0.6726981753523049,22.934146536973653,0.0389626438455988,0.6726981753523049,3.822357756162275,0.0389626438455988,0.6726981753523049,4.964305463460431,85.70976960380311,0.5566417193974044,0,0,0,0,0,1,0,0,0,1,0,0,0,0,0,0,1,0,0,0,0,0,0,0,0
21.704744995787035,29.761218094825743,0.962634183424,3.565721838022593,0.5923739152846577,0.0,175025.0093581385,0.1286930226021819,0.8959020000000001,1.177659,1.404975,176.651378,1.134371,0.0,22.147698975292894,0.0312266991198192,0.6021566319602699,5.046311158927495,0.0312266991198192,0.6021566319602699,0.841051859821249,0.0312266991198192,0.6021566319602699,0.8754424456934182,16.881498507129482,0.4254395351700838,0,0,0,0,0,0,0,0,1,1,0,0,0,0,0,0,0,0,1,0,0,0,0,0,0
389.2620582301389,5.898344343049185,1.647710990848587,12.283850050086883,8.29795530088228,0.0,210505.3024955036,0.1315558356203907,5.941408999999999,1.680459,0.362869,58.825095,9.129332000000002,0.0,397.2061818674886,0.2600346738169063,0.9391579305933946,90.50267434955435,0.2600346738169063,0.9391579305933946,15.08377905825906,0.2600346738169063,0.9391579305933946,130.74351891135595,472.20169086275206,0.8007997255851642,0,0,0,0,0,0,0,0,1,0,0,1,0,1,0,0,0,0,0,0,0,0,0,0,0
96.89175614754627,28.82784976732163,1.2715939204755733,5.734052107488509,1.1197070014848411,0.0,168886.98902128296,0.1287314471223657,1.529048,1.380162,1.212161,150.964216,1.134377,0.0,98.86913892606763,0.0640872243730728,0.6710931473992395,22.527145578091364,0.0640872243730728,0.6710931473992395,3.7545242630152265,0.0640872243730728,0.6710931473992395,8.020567961933425,83.9878501551233,0.9209125329944357,0,0,0,0,0,1,0,0,0,0,0,1,0,0,0,0,0,0,0,0,1,0,0,0,0
8.173879235185186,20.671983171644666,20.769081240649417,3.602996286442526,0.6545609570950341,0.0,177297.10755770383,0.1310883462429046,0.648732,1.110554,0.415764,168.497812,6.238208,0.128909,8.34069309712774,0.0260744945713221,0.5897506229685622,1.9004110854215104,0.0260744945713221,0.5897506229685622,0.316735180903585,0.0260744945713221,0.5897506229685622,0.2752903251672418,6.226492341798318,0.8639171875877145,0,0,1,0,0,0,0,0,0,0,1,0,0,1,0,0,0,0,0,0,0,0,0,0,0
93.41022023648148,6.543119677475521,0.5311068814578388,3.541094208221069,0.6117941459162916,0.0,175162.33054181654,0.1325847974283804,2.383764,1.535937,0.322146,126.756297,4.752819000000001,0.0,95.31655126171582,0.0624072598637439,0.6679010408051895,21.71769522418841,0.0624072598637439,0.6679010408051895,3.619615870698068,0.0624072598637439,0.6679010408051895,7.529676941652869,80.58484024514075,0.3673847109477496,0,0,1,0,0,0,0,0,0,0,0,1,0,1,0,0,0,0,0,0,0,0,0,0,0
90.32393675162037,10.944177183650789,0.8999495437676958,8.400199400721123,2.8074433877885485,0.0,177026.8715527578,0.1378032852419846,2.361406,1.528858,1.43551,104.34205,0.371287,0.0,92.16728239961262,0.0609308766177235,0.6650713282545239,21.00014029358262,0.0609308766177235,0.6650713282545239,3.5000233822637696,0.0609308766177235,0.6650713282545239,7.108649762128707,77.59217332546856,0.7799114511148987,0,0,0,0,0,1,0,0,0,0,0,0,1,0,0,0,0,0,0,1,0,0,0,0,0
409.0906907177777,5.289147841930389,0.4517585784911537,2.643076651387935,0.3312249665887807,0.0,203762.6089253597,0.141752463325465,5.931449,1.618714,0.296504,66.816524,18.696008,0.083446,417.43948032426295,0.2772506849568201,0.95733815625576,95.11279298527508,0.2772506849568201,0.95733815625576,15.852132164212517,0.2772506849568201,0.95733815625576,146.50048335179864,505.8616992936613,0.5525010942821271,0,0,0,0,0,1,0,0,0,0,1,0,0,1,0,0,0,0,0,0,0,0,0,0,0
37.54299798773148,16.25361802010309,8.58298676905872,6.142151387475377,1.0113152321294057,0.0,198852.7051858513,0.1358094591138174,1.272432,1.259495,0.977401,152.666869,1.134364,0.077288,38.30918162013417,0.037552559040697,0.6166782089611391,8.728674293195127,0.037552559040697,0.6166782089611391,1.4547790488658543,0.037552559040697,0.6166782089611391,1.8210225374568016,29.90435127629282,0.866956805301556,0,0,0,0,1,0,0,0,0,1,0,0,0,1,0,0,0,0,0,0,0,0,0,0,0
47.43454253921296,9.585133779616584,0.8054891971947192,10.75919990516681,2.197854349653212,0.0,184710.87070968223,0.1370553330694743,1.378857,1.405858,1.910659,130.669837,0.370693,0.0,48.40259442776833,0.0416647220159293,0.6257474431711827,11.028439236706708,0.0416647220159293,0.6257474431711827,1.838073206117784,0.0416647220159293,0.6257474431711827,2.552760305927515,38.338986969655394,0.5958715209779036,0,0,0,0,0,1,0,0,0,0,0,0,1,0,0,1,0,0,0,0,0,0,0,0,0
1.971622,16.93928220612662,9.67125075240787,5.144329248286551,0.8288444819496118,0.0,162879.84487410073,0.138919836307744,1.266534,0.507055,0.333559,548.625749,1.040151,0.0,51.21681202673848,0.0412359462564836,0.6282761021103853,11.66965337318092,0.0412359462564836,0.6282761021103853,1.9449422288634863,0.0412359462564836,0.6282761021103853,2.673384440712673,40.73202407934121,0.2281451054161338,0,1,0,0,0,0,0,0,0,1,0,0,0,1,0,0,0,0,0,0,0,0,0,0,0
66.47078632287038,6.412121736293748,1.9234268067837903,7.776181209573357,1.3572645099471798,0.0,170271.96550884293,0.139101218887799,2.262977,1.499806,2.498304,114.69477,0.372146,0.0,67.8273329825208,0.0499278759248268,0.6432011535047844,15.454329033992082,0.0499278759248268,0.6432011535047844,2.575721505665346,0.0499278759248268,0.6432011535047844,4.286676791725586,55.2235681183677,0.9194561890480109,0,0,0,0,1,0,0,0,0,0,0,0,1,1,0,0,0,0,0,0,0,0,0,0,0
22.006695854166665,8.099617701485043,0.1779249161392521,4.774449594300999,0.1728761969871229,0.0,80481.04802720324,0.1025551865971703,0.967634,1.295503,1.678234,134.24539,0.0,0.115324,22.45581209608844,0.0012537729480934,0.6024334808426983,5.116514148475845,0.0012537729480934,0.6024334808426983,0.8527523580793075,0.0012537729480934,0.6024334808426983,0.0356385945994257,17.12421904581788,0.924076620332967,0,0,0,1,0,0,0,0,0,0,0,1,0,0,0,0,0,0,0,0,0,1,0,0,0
43.74089512388888,5.106941943509238,2.164492398286037,7.759620528141085,0.8429672951035077,0.0,93714.91582827488,0.1139307110268863,1.450007,1.4220620000000002,1.512602,116.698414,1.136545,0.0,44.63356645294784,0.0,0.6223608584649671,10.16967336902609,0.0,0.6223608584649671,1.694945561504348,0.0,0.6223608584649671,0.0,35.1622591569744,0.4127199904484013,0,0,0,1,0,0,0,0,0,1,0,0,0,0,1,0,0,0,0,0,0,0,0,0,0
41.445243778703706,4.583873428617205,0.7750948043607122,7.440721396347888,1.072368891404973,0.0,131086.65471372902,0.1268635404695995,1.43534,1.411219,0.0495009999999999,105.020597,1.136265,0.157687,42.29106508030991,0.0139801182320644,0.6202560507066108,9.635938879057951,0.0139801182320644,0.6202560507066108,1.6059898131763253,0.0139801182320644,0.6202560507066108,0.74839758225654,33.20416329985985,0.6529468455068999,0,0,0,0,0,1,0,0,0,0,1,0,0,0,0,0,0,0,0,0,0,1,0,0,0
48.20063369351851,7.24273517585936,6.359914653021083,7.51165004256818,1.270806265248955,0.0,198339.1399692745,0.1286568419574547,1.449596,1.415638,2.822241,124.141061,1.134458,0.0,49.184320095427054,0.0419883844313995,0.626449847135344,11.206553945793504,0.0419883844313995,0.626449847135344,1.867758990965584,0.0419883844313995,0.626449847135344,2.614139417928864,39.00191114586849,0.8724669859963657,0,0,0,0,0,0,0,0,1,1,0,0,0,0,1,0,0,0,0,0,0,0,0,0,0
37.39305358541667,39.67705128306434,4.298913633794808,8.324490934824771,1.4298909016364485,0.0,191803.2285858813,0.137887799589754,1.214539,1.306919,1.7352299999999998,135.698798,1.136473,0.0,38.1561771279762,0.0374911784823814,0.6165407298348005,8.693812510171792,0.0374911784823814,0.6165407298348005,1.4489687516952985,0.0374911784823814,0.6165407298348005,1.810784869506728,29.77827505593464,0.5294720858906223,0,0,0,0,0,1,0,0,0,0,0,1,0,0,1,0,0,0,0,0,0,0,0,0,0
22.17143103708333,7.119615860780081,0.7758379172649886,4.543881006378064,0.4888681253369192,0.0,124268.65591276978,0.1301857210088262,0.731124,1.360849,0.262638,147.64771000000002,1.134688,0.0,22.623909221513607,0.0,0.6025845211528066,5.154814759332214,0.0,0.6025845211528066,0.8591357932220356,0.0,0.6025845211528066,0.0,17.2567310187979,0.3573876277882953,0,0,0,0,0,1,0,0,0,1,0,0,0,0,1,0,0,0,0,0,0,0,0,0,0
50.67273065032407,4.957747325726918,1.1864145328100923,7.096321250037324,0.852356768054642,0.0,169907.32791891487,0.1351294620252913,1.716241,1.48483,1.406079,113.121992,1.136826,0.0,51.70686801053476,0.0086075774932407,0.6287164321135058,11.781311698602856,0.0086075774932407,0.6287164321135058,1.9635519497671423,0.0086075774932407,0.6287164321135058,0.5633808523208201,41.15057920423719,0.739743807801958,0,0,0,0,0,1,0,0,0,1,0,0,0,0,0,0,0,0,0,1,0,0,0,0,0
20.852200328703702,28.974565227826435,3.737033060986361,9.520349614625928,1.4705577384081965,0.0,188152.092176259,0.1282281931355702,0.6950529999999999,1.235231,0.167317,163.039726,1.135311,0.376321,21.27775543745276,0.0185371294477345,0.6013749615932144,4.848096175622148,0.0185371294477345,0.6013749615932144,0.8080160292703579,0.0185371294477345,0.6013749615932144,0.4992765910143044,16.197353618972105,0.315014347518843,0,0,1,0,0,0,0,0,0,1,0,0,0,0,0,0,1,0,0,0,0,0,0,0,0
19.5496442525,7.327036079906282,2.260867969023524,10.310194708460529,1.7367731910243596,0.0,178830.71208970324,0.1390972121192111,0.663633,1.079251,0.323246,172.970351,1.136231,0.0,19.94861658418367,0.024312432955607,0.6001806904593865,4.545254411586153,0.024312432955607,0.6001806904593865,0.7575424019310254,0.024312432955607,0.6001806904593865,0.6139232952659195,15.155410728107498,0.456668361954631,0,0,0,0,0,1,0,0,0,1,0,0,0,0,0,1,0,0,0,0,0,0,0,0,0
138.05645878643517,17.198603455225626,0.9789704554658428,4.66997910460694,2.126630149442229,0.0,244855.8714590828,0.1329943354574324,2.964105,1.586634,0.624247,106.090332,1.1361290000000002,0.0,140.87393753717876,0.1398463349858403,0.7088357190952812,32.097859185686296,0.1398463349858403,0.7088357190952812,5.349643197614382,0.1398463349858403,0.7088357190952812,24.93759982227677,126.40060609613904,0.3463406348496071,0,0,0,0,0,0,0,0,1,1,0,0,0,0,0,0,0,0,0,0,0,0,0,0,1
36.11692234615741,35.50510668073382,3.92179312237161,10.107190902856328,1.6375998375798873,0.0,189370.27881444845,0.1387656205635276,1.225252,1.367437,0.6776939999999999,134.819789,1.136192,0.0,36.854002394038176,0.0369699415949911,0.6153706867711151,8.397114469527684,0.0369699415949911,0.6153706867711151,1.399519078254614,0.0369699415949911,0.6153706867711151,1.7246712861382982,28.707433877827327,0.8212750440829792,0,0,0,0,0,1,0,0,0,0,1,0,0,0,0,0,0,0,0,1,0,0,0,0,0
20.520107845138888,5.594397741272336,2.510007739495888,9.495790248294528,1.4346042840029125,0.0,172741.83589066248,0.1222684082957051,0.94094,1.040625,0.673706,136.476001,1.140892,0.0,20.93888555626417,0.0061532684566829,0.60107047683887,4.770885316617153,0.0061532684566829,0.60107047683887,0.7951475527695254,0.0061532684566829,0.60107047683887,0.1630918784955115,15.93132395668131,0.7822458879901029,0,0,1,0,0,0,0,0,0,1,0,0,0,0,0,0,0,0,0,1,0,0,0,0,0
50.27745276666667,10.419670297985984,2.4235374543020765,10.7259984107898,2.1685644586881003,0.0,199376.4321792566,0.1283757905397626,1.667768,1.350374,0.794846,106.644266,1.134495,0.456183,51.30352323129252,0.0428695556203889,0.6283540147290132,11.68941035649703,0.0428695556203889,0.6283540147290132,1.948235059416172,0.0428695556203889,0.6283540147290132,2.783999041374447,40.80604404066563,0.5480330806725883,0,0,0,1,0,0,0,0,0,0,0,1,0,1,0,0,0,0,0,0,0,0,0,0,0
3.257349,14.308065564291818,2.919568418884735,6.541952844432218,1.131595038109832,0.0,165746.36744979018,0.1385076635425611,1.688732,0.395676,0.30715,628.373744,6.476471,0.0,84.61613404520976,0.0530788408464846,0.6582863949236423,19.279625478655387,0.0530788408464846,0.6582863949236423,3.213270913109231,0.0530788408464846,0.6582863949236423,5.685223179785441,70.50841751012254,0.5310625371446884,0,0,1,0,0,0,0,0,0,0,0,1,0,1,0,0,0,0,0,0,0,0,0,0,0
21.43268118805556,55.64991347449166,9.413028155013526,8.391291546307022,1.4238954843948786,0.0,204977.6151828537,0.1356647715365572,0.721803,1.196972,1.306775,163.149879,1.137072,0.0,21.87008284495465,0.0311208160631781,0.6019071855386771,4.983056850749161,0.0311208160631781,0.6019071855386771,0.8305094751248601,0.0311208160631781,0.6019071855386771,0.8615377538029144,16.662987357853616,0.6753777720194627,0,0,0,0,1,0,0,0,0,1,0,0,0,1,0,0,0,0,0,0,0,0,0,0,0
45.989399264814814,44.93723333903721,11.86465501356468,8.407723235855286,2.062025894364007,0.0,176818.84569844123,0.1312444097132419,1.450997,1.425417,2.615997,133.888868,0.0,0.0,46.927958433484505,0.0410561969479569,0.6244224384912388,10.6924462253509,0.0410561969479569,0.6244224384912388,1.7820743708918163,0.0410561969479569,0.6244224384912388,2.438839878241366,37.09224080816695,0.4012168220954127,0,0,0,1,0,0,0,0,0,1,0,0,0,0,0,0,0,0,0,0,0,0,0,1,0
61.03439799935185,8.782182881945655,0.3887138542868822,4.705549850738306,1.6030552856070246,0.0,166750.82197991607,0.1283177253332355,1.901534,1.432619,0.4954199999999999,135.32539,3.772682,0.00307,62.2799979585223,0.047521178120873,0.638216706565671,14.190379281688625,0.047521178120873,0.638216706565671,2.3650632136147705,0.047521178120873,0.638216706565671,3.7463530080437297,50.31409516709471,0.563914898152851,0,0,1,0,0,0,0,0,0,1,0,0,0,0,0,0,1,0,0,0,0,0,0,0,0
25.19704940976852,65.85346508139656,1.2499472593946708,5.230144366943579,0.9213846080023036,0.0,192856.93008093524,0.1260284139401764,0.8773270000000001,1.255567,2.282145,161.58588400000002,1.135559,0.0,25.711274907927056,0.0195565136843121,0.6053586118430196,5.858265168894772,0.0195565136843121,0.6053586118430196,0.9763775281491286,0.0195565136843121,0.6053586118430196,0.6364846830101087,19.70195150250252,0.6594400728438317,0,0,1,0,0,0,0,0,0,0,0,1,0,0,0,0,1,0,0,0,0,0,0,0,0
36.38364008861112,14.662600919178551,2.869621988680723,9.418473970975809,1.4600638341274763,0.0,162877.681279976,0.1334854981167425,0.8917450000000001,1.190957,2.798074,156.43823899999998,1.135326,0.0,37.12616335572563,0.0222472271421784,0.6156152315600201,8.459125827886853,0.0222472271421784,0.6156152315600201,1.4098543046478085,0.0222472271421784,0.6156152315600201,1.0455116317625963,28.930926140721727,0.6806260729688464,0,0,0,0,0,1,0,0,0,0,0,1,0,0,0,0,1,0,0,0,0,0,0,0,0
19.696202813472222,7.598064331781297,1.409862121946806,5.0764872616143535,0.7082133679795894,0.0,178935.23538669065,0.1376982294291043,0.6547390000000001,0.935384,0.025171,176.22941799999998,0.370259,0.338217,20.098166136196145,0.0304472177500036,0.6003150652183563,4.5793289930573495,0.0304472177500036,0.6003150652183563,0.7632214988428915,0.0304472177500036,0.6003150652183563,0.7745990388917887,15.272445461797403,0.553198430279322,0,0,0,0,0,0,1,0,0,0,0,1,0,0,0,1,0,0,0,0,0,0,0,0,0
31.61790292546296,40.39753561474028,3.924762221549056,10.989815716549074,2.160205748870218,0.0,185315.07818120503,0.1402388002625186,1.039016,1.321977,1.372337,134.520145,1.13619,0.0,32.26316625047241,0.035148794769814,0.611245682771037,7.351101170993713,0.035148794769814,0.611245682771037,1.225183528498952,0.035148794769814,0.611245682771037,1.435457479952208,24.96293807990568,0.4870111662713483,0,0,0,0,0,0,0,1,0,0,0,1,0,1,0,0,0,0,0,0,0,0,0,0,0
22.98138538412037,17.157729048956007,9.694351777041271,4.7243539606638665,1.5825343460058994,0.0,138036.0919467551,0.1153782987676793,0.967144,1.37296,1.311513,143.31811399999998,1.134444,0.0,23.450393249102422,0.0190348812685189,0.603327141846116,5.343127575744855,0.0190348812685189,0.603327141846116,0.8905212626241424,0.0190348812685189,0.603327141846116,0.5650322167047388,17.909188271073948,0.6358232699670836,0,0,0,0,0,0,0,0,1,0,0,1,0,0,0,0,1,0,0,0,0,0,0,0,0
29.94226786523148,15.22078264100211,27.44931962107011,5.229054202278741,1.0003353056433104,0.0,204104.8421013189,0.1364224473510286,1.017398,1.100406,0.712541,169.94541999999998,1.134654,0.0,30.553334556358656,0.0344770817113596,0.6097093476989249,6.961519266005769,0.0344770817113596,0.6097093476989249,1.1602532110009616,0.0344770817113596,0.6097093476989249,1.333404825384917,23.58057428149932,0.6833735805983552,0,0,0,0,1,0,0,0,0,0,0,0,1,1,0,0,0,0,0,0,0,0,0,0,0
2.635511,11.107238880793254,1.7082959496431784,5.581070167555226,1.2204523040808075,0.0,164397.9691996403,0.1390137971162224,1.62694,0.402469,0.296434,650.1528099999999,0.983931,0.0,68.46265231438966,0.0473510604653795,0.6437720069840485,15.599085337455872,0.0473510604653795,0.6437720069840485,2.599847556242645,0.0473510604653795,0.6437720069840485,4.103517961213828,55.79030263783005,0.5736655501631813,0,1,0,0,0,0,0,0,0,0,0,1,0,1,0,0,0,0,0,0,0,0,0,0,0
28.195504679351856,16.60771809191931,1.6036606282353116,6.607796611259881,0.7883307144081564,0.0,82454.09668202938,0.0957633628592574,1.109443,1.304259,1.520248,136.811551,0.0,0.417542,28.770923142195773,0.0067561295131934,0.6081077975709571,6.555400209614227,0.0067561295131934,0.6081077975709571,1.092566701602371,0.0067561295131934,0.6081077975709571,0.2460507379276059,22.14661102035944,0.0036398582056872,0,0,0,1,0,0,0,0,0,0,1,0,0,0,0,0,0,0,0,1,0,0,0,0,0
30.25251785351852,11.12052009219215,2.263708110621793,7.943242656241218,1.4201909885060586,0.0,218402.42080710432,0.138789035451355,0.854872,1.227743,1.127902,164.684543,1.136718,0.0,30.86991617705971,0.0346011831435052,0.6099938057825735,7.033651787178162,0.0346011831435052,0.6099938057825735,1.1722752978630269,0.0346011831435052,0.6099938057825735,1.3520704091988571,23.83602234561226,0.5556626347062177,0,0,0,0,0,0,0,1,0,1,0,0,0,1,0,0,0,0,0,0,0,0,0,0,0
29.282156090694443,5.895850276379358,4.325509449274992,8.900451572107183,1.4147932572330502,0.0,190697.50908648083,0.1328731596255473,1.142304,1.210966,1.6402880000000002,144.003116,0.0,0.4891819999999999,29.87975111295352,0.0342134402623994,0.6091041127675221,6.808044557381813,0.0342134402623994,0.6091041127675221,1.1346740928969687,0.0342134402623994,0.6091041127675221,1.2940368098207573,23.03782188781004,0.1891030084964684,0,0,1,0,0,0,0,0,0,0,0,1,0,0,0,0,0,0,0,0,1,0,0,0,0
28.501223240879625,18.304254982585,3.71194001810728,11.104249240683137,1.7709704723289543,0.0,190463.3745316247,0.1376134329240956,0.947294,1.227334,0.189159,144.900429,1.136785,0.120359,29.08288085804044,0.0339022580410667,0.608388100937375,6.626479182844656,0.0339022580410667,0.608388100937375,1.1044131971407758,0.0339022580410667,0.608388100937375,1.2480700397808708,22.39706158862172,0.8707788002716369,0,0,0,0,0,0,1,0,0,0,0,1,0,1,0,0,0,0,0,0,0,0,0,0,0
47.847411523379634,11.555396170843215,1.8262267899599007,5.742603796563274,0.7563468112076501,0.0,59013.00292500375,0.1017424285197429,1.570965,1.401153,1.114342,122.120036,1.136786,0.06509,48.82388930957106,0.0,0.6261259892613289,11.12443047559847,0.0,0.6261259892613289,1.8540717459330776,0.0,0.6261259892613289,0.0,38.6960835361276,0.4156428638196101,0,0,1,0,0,0,0,0,0,0,0,1,0,0,1,0,0,0,0,0,0,0,0,0,0
49.768278235138894,5.174211856864748,0.68954790410378,7.007110497362608,0.8861402792038677,0.0,164274.47944769185,0.1377443269216757,1.68377,1.495878,1.040502,104.503415,1.137343,0.0,50.78395738279479,0.0152271253611454,0.6278871692271626,11.571028264434256,0.0152271253611454,0.6278871692271626,1.9285047107390425,0.0152271253611454,0.6278871692271626,0.9788527663327672,40.36277878890618,0.6793303643369152,0,0,0,0,0,1,0,0,0,1,0,0,0,0,0,0,0,0,1,0,0,0,0,0,0
55.26965943796296,6.783262748377664,0.1058599584706895,3.1798735719790563,0.0800535688065081,0.0,73801.95576663669,0.1094929642385716,1.780631,1.316371,0.1728849999999999,149.44998700000002,1.536024,0.067989,56.39761167139078,0.0,0.6329312060150947,12.850088735253594,0.0,0.6329312060150947,2.1416814558755988,0.0,0.6329312060150947,0.0,45.184567558916896,0.1696360737932991,0,0,1,0,0,0,0,0,0,0,1,0,0,0,1,0,0,0,0,0,0,0,0,0,0
4.828165,7.168959045410157,0.743867527595241,4.815186303296535,1.2499854756202058,0.0,169940.90122901677,0.1383967186621339,2.173214,0.3215739999999999,0.271156,705.669352,0.768007,0.0,125.42121118504348,0.0675477042275033,0.6949509808860971,28.57698482697193,0.0675477042275033,0.6949509808860971,4.762830804495321,0.0675477042275033,0.6949509808860971,10.723942882256388,110.3311313126181,0.1560169760923727,0,0,1,0,0,0,0,0,0,0,1,0,0,1,0,0,0,0,0,0,0,0,0,0,0
49.054858552546285,4.1289199130875724,0.6417046900418737,4.019242108868752,0.3996341552951639,0.0,125756.67287732314,0.1234443246407045,1.670942,1.471041,0.154594,134.2232,1.13521,0.035614,50.05597811484315,0.0169400640179432,0.62723305801553,11.405159570470593,0.0169400640179432,0.62723305801553,1.9008599284117649,0.0169400640179432,0.62723305801553,1.0733562958812806,39.742739525229766,0.4831256905175263,0,0,0,0,1,0,0,0,0,1,0,0,0,0,0,0,0,1,0,0,0,0,0,0,0
45.17906305597222,8.362590358370827,3.0065260373717018,12.014642810364135,1.97275119605396,0.0,212511.7556205036,0.1412930623929706,1.535059,1.442439,0.667814,123.427057,1.136224,0.0,46.10108475099207,0.0407161376186714,0.6236794676813089,10.504044626808318,0.0407161376186714,0.6236794676813089,1.750674104468053,0.0407161376186714,0.6236794676813089,2.3760229254321854,36.39531645193625,0.8080474957186965,0,0,0,0,0,1,0,0,0,0,1,0,0,1,0,0,0,0,0,0,0,0,0,0,0
47.237985539166665,5.327910652047112,0.5151998860229977,7.007694779540137,0.7075228759710738,0.0,159148.27426184053,0.1300625090422533,1.6086200000000002,1.464698,0.289009,100.567542,1.135364,0.0,48.20202606037415,0.0083163599110865,0.6255672264760279,10.982740115021958,0.0083163599110865,0.6255672264760279,1.8304566858369928,0.0083163599110865,0.6255672264760279,0.5074245533691735,38.16912373811832,0.3056953226102783,0,0,1,0,0,0,0,0,0,0,0,0,1,0,0,0,0,0,0,1,0,0,0,0,0
39.737099550092594,1.9857499009086967,0.4481194871935627,2.1697788185638776,0.2389082513588795,0.0,225322.83415767387,0.136474065053806,1.369527,1.214199,0.180276,168.623395,47.391089,0.004697,40.548060765400606,0.0384539888774182,0.6186899090395354,9.238798655407733,0.0384539888774182,0.6186899090395354,1.5397997759012887,0.0384539888774182,0.6186899090395354,1.973714781865309,31.75528610971551,0.4461276862590217,0,0,1,0,0,0,0,0,0,1,0,0,0,1,0,0,0,0,0,0,0,0,0,0,0
63.09502613194445,8.057112657456171,5.042227935162094,8.17627505547137,1.3664004361029152,0.0,179868.04151678656,0.130136221200585,1.91242,1.502057,1.46019,111.470226,1.134739,0.0,64.38267972647392,0.0484290089763703,0.6401060292146286,14.669471330082668,0.0484290089763703,0.6401060292146286,2.444911888347111,0.0484290089763703,0.6401060292146286,3.946821992906558,52.16676135431696,0.9283744788574164,0,0,1,0,0,0,0,0,0,0,1,0,0,0,0,0,0,0,1,0,0,0,0,0,0
51.67896196541668,8.929448250361851,0.7594385241433014,9.099422627501635,1.5778752315244515,0.0,179645.76776079138,0.1379234170456298,1.47478,1.45406,1.820419,120.825672,0.370695,0.0,52.73363465858844,0.0434672926535885,0.6296390127497814,12.015258529804962,0.0434672926535885,0.6296390127497814,2.002543088300827,0.0434672926535885,0.6296390127497814,2.901504215686437,42.0293084368877,0.2367374434821254,0,0,0,0,0,0,1,0,0,1,0,0,0,0,0,0,0,0,0,1,0,0,0,0,0
146.43366670435185,5.438748022488185,0.3625880588087246,8.184954327645062,4.079270373431327,0.0,174167.7460843825,0.1384558195440317,3.100214,1.57174,1.264845,86.034141,0.944708,0.0,149.42210888199168,0.0896592617835084,0.716516507493736,34.04554379589683,0.0896592617835084,0.716516507493736,5.674257299316139,0.0896592617835084,0.716516507493736,16.958324020878983,135.5233007575613,0.7192065569976552,0,0,0,0,0,0,0,0,1,0,0,1,0,1,0,0,0,0,0,0,0,0,0,0,0
45.14965969694445,4.072311395406723,0.7663384877520499,3.819897640523293,0.7034101728483927,0.0,180958.25440272785,0.1367693394065189,1.468694,1.421039,0.178473,117.485197,0.996266,0.007086,46.0710813234127,0.0407038140982786,0.623652508701526,10.497208402802894,0.0407038140982786,0.623652508701526,1.749534733800482,0.0407038140982786,0.623652508701526,2.37375788543654,36.37005752650424,0.9579776363537807,0,0,0,0,0,1,0,0,0,1,0,0,0,1,0,0,0,0,0,0,0,0,0,0,0
69.86492679537038,4.081167005357289,0.4198397602751958,2.690401417174213,0.3693382923337195,0.0,152207.55598958334,0.131356000989604,1.427524,1.422226,0.2145159999999999,151.814753,0.37518,0.0,71.29074162792897,0.0514494794966098,0.646313130074943,16.243460117755966,0.0514494794966098,0.646313130074943,2.707243352959328,0.0514494794966098,0.646313130074943,4.642875379347138,58.324230844190886,0.5486714392169547,0,0,0,0,0,1,0,0,0,0,0,1,0,0,0,0,0,0,1,0,0,0,0,0,0
64.99476315712964,6.85342489935103,3.832276098305087,10.98150637624361,1.906803832923194,0.0,170506.8751311451,0.1229925772679938,1.868997,1.5071709999999998,1.567078,107.915006,1.136533,0.0,66.32118689503025,0.0394165840630209,0.6418478360607915,15.111156507728412,0.0394165840630209,0.6418478360607915,2.518526084621401,0.0394165840630209,0.6418478360607915,3.30905650431302,53.883683915896825,0.2958171779627631,0,0,0,0,0,0,0,0,1,0,0,1,0,0,0,1,0,0,0,0,0,0,0,0,0
2.409168,14.604156005950202,3.4001794318786915,10.308134215055324,1.9686683833742027,0.0,170133.50575164868,0.139088507000205,1.684135,0.399523,0.764911,598.392565,0.0,0.0,62.58294165759638,0.0452662039677058,0.6384889105676,14.2594044283131,0.0452662039677058,0.6384889105676,2.3765674047188496,0.0452662039677058,0.6384889105676,3.5859394961668243,50.58039777098024,0.8939020774046983,0,0,0,1,0,0,0,0,0,0,1,0,0,1,0,0,0,0,0,0,0,0,0,0,0
43.8159182399537,3.4506687706425074,0.797419407241922,6.846025488645338,0.9256895265990882,0.0,118181.13491082136,0.132976786258052,1.44986,1.39391,2.179848,140.084699,1.135648,0.0,44.71012065301398,0.0143321114123598,0.6224296447103527,10.187116098155084,0.0143321114123598,0.6224296447103527,1.6978526830258471,0.0143321114123598,0.6224296447103527,0.8111271271633502,35.22646140887657,0.0568624216480505,0,0,1,0,0,0,0,0,0,0,1,0,0,0,0,0,0,0,1,0,0,0,0,0,0
1.9779,10.259055000827423,0.6182112449364696,8.0346716748153,3.835913948875537,0.0,171352.50488983814,0.1387757838880129,1.698062,0.3920349999999999,0.157809,526.96296,0.8624129999999999,0.0,51.37989559240363,0.0412937732230449,0.6284226375866424,11.706811653965383,0.0412937732230449,0.6284226375866424,1.951135275660897,0.0412937732230449,0.6284226375866424,2.6856579200208146,40.87125254063872,0.8394909812617036,1,0,0,0,0,0,0,0,0,1,0,0,0,1,0,0,0,0,0,0,0,0,0,0,0
2.945994,6.889559498287382,2.039769207830909,13.3788392389421,2.66945989440671,0.0,168782.91760341727,0.1391821093053269,1.512363,0.447356,1.053398,565.0246900000001,0.890625,0.0,76.52806721060091,0.0502109346385028,0.6510190242307412,17.436774807478688,0.0502109346385028,0.6510190242307412,2.906129134579781,0.0502109346385028,0.6510190242307412,4.863982000914476,63.06484511608858,0.7857631087064656,0,0,0,1,0,0,0,0,0,0,0,1,0,1,0,0,0,0,0,0,0,0,0,0,0
26.31661730875,21.58645503407433,1.476800535365546,5.855778072091887,1.1614886632354424,0.0,192055.6896545264,0.1294398755549812,1.068609,1.130153,0.0448,132.338642,1.136425,0.271123,26.853691131377552,0.0330358567057033,0.6063851070922767,6.11856253626324,0.0330358567057033,0.6063851070922767,1.0197604227105397,0.0330358567057033,0.6063851070922767,1.1229553066270972,20.61225110445987,0.048119344306292,0,0,0,1,0,0,0,0,0,0,1,0,0,0,0,0,1,0,0,0,0,0,0,0,0
31.60003179296296,12.99295624551319,0.3649400430295965,3.2155476091005246,0.846237454054167,0.0,168203.97507306654,0.1117156877470531,1.206623,0.995943,0.522712,168.546438,7.1138710000000005,0.509465,32.24493040098262,0.035141611963071,0.6112292973131949,7.346946167312495,0.035141611963071,0.6112292973131949,1.2244910278854158,0.035141611963071,0.6112292973131949,1.4343529518070437,24.94815968469048,0.1624337346990632,0,0,0,1,0,0,0,0,0,0,1,0,0,1,0,0,0,0,0,0,0,0,0,0,0
58.93387803680557,4.88339646997906,3.768645968940332,8.06813319581304,1.157972779348314,0.0,109212.54099689,0.112652275988238,1.851743,1.418748,0.7094189999999999,120.019669,1.134454,0.259839,60.13661024163834,0.0166366701384659,0.6362908084004193,13.702012460120129,0.0166366701384659,0.6362908084004193,2.283668743353354,0.0166366701384659,0.6362908084004193,1.26642145295649,48.43591436090252,0.774954297636771,0,0,0,0,0,0,0,0,1,1,0,0,0,0,0,0,0,0,0,0,1,0,0,0,0
47.149953664259264,6.545063127222515,3.7571115925443546,9.819414967255629,1.638876265115875,0.0,192575.07184877087,0.1302006344000498,1.223094,1.377175,2.113487,124.269068,6.232391000000001,0.0,48.11219761659109,0.0415446770106969,0.6254865129244356,10.962272874666324,0.0415446770106969,0.6254865129244356,1.8270454791110533,0.0415446770106969,0.6254865129244356,2.530133810450761,38.0930768561176,0.373977454725557,0,0,1,0,0,0,0,0,0,0,1,0,0,1,0,0,0,0,0,0,0,0,0,0,0
557.4646990859723,38.03523679914929,22.856704153888803,6.114339518604233,1.5898591370033703,0.0,238081.64099970023,0.1382274688612357,3.346213,1.48393,2.96866,143.816845,0.0,0.0,568.8415296795636,0.7594304851626952,1.0933774396629783,129.60946245863474,0.7594304851626952,1.0933774396629783,21.60157707643912,0.7594304851626952,1.0933774396629783,546.8298719813173,787.2892345506497,0.5404935270796511,0,0,0,0,0,1,0,0,0,0,0,1,0,0,0,0,0,0,0,0,0,0,0,0,1
72.3946594273611,8.78350720121747,3.359229056955241,7.96998638386349,1.3557282002995623,0.0,188063.6795563549,0.1376582576895503,1.35933,1.291984,2.551199,160.354859,0.370356,0.0,73.87210145649092,0.0525930723291673,0.6486325593217007,16.831618053377678,0.0525930723291673,0.6486325593217007,2.805269675562946,0.0525930723291673,0.6486325593217007,4.91792503165673,60.652974974931695,0.4745016276772471,0,0,0,0,1,0,0,0,0,1,0,0,0,0,0,0,1,0,0,0,0,0,0,0,0
7.629036,44.55446832520621,7.351271478963985,9.348843730039162,2.1108606041764184,0.0,178302.87050359714,0.1382115068052598,2.2916540000000003,0.336427,0.427428,746.908829,0.0,0.0,198.17941915702949,0.093346664670265,0.7603264134951657,45.15480436489279,0.093346664670265,0.7603264134951657,7.525800727482131,0.093346664670265,0.7603264134951657,23.416946562783703,190.73550252686,0.6464215629350534,0,0,0,1,0,0,0,0,0,0,0,1,0,1,0,0,0,0,0,0,0,0,0,0,0
29.67901233648148,18.098941486222405,3.3643020877449348,8.049532427776345,1.1450570847490709,0.0,167713.20432404077,0.1356237069022455,0.892057,1.205852,2.558128,165.549487,1.134437,0.0,30.28470646579743,0.0,0.6094679773007129,6.900312865624731,0.0,0.6094679773007129,1.1500521442707885,0.0,0.6094679773007129,0.0,23.36399847196884,0.2173029832360388,0,0,0,0,0,1,0,0,0,0,0,1,0,0,1,0,0,0,0,0,0,0,0,0,0
36.29802667180555,12.55911706515721,3.486434889497231,5.407381669508753,0.7945308975464435,0.0,159803.7592550959,0.133646233360187,1.231908,1.106012,0.018888,120.568223,1.136713,0.33489,37.03880272633219,0.0222262728083864,0.6155367354136912,8.43922087435417,0.0222262728083864,0.6155367354136912,1.4065368123923616,0.0222262728083864,0.6155367354136912,1.0420690302423636,28.85916925797246,0.7863942111539078,0,0,0,0,0,1,0,0,0,0,1,0,0,0,0,0,1,0,0,0,0,0,0,0,0
27.96923883083333,7.396007633209228,3.600965865510259,12.39553314890507,2.650235128631409,0.0,210524.0877922662,0.1161103807657742,1.120434,1.306182,0.306486,139.599753,1.148461,0.0,28.54003962329932,0.0336907185989087,0.6079003418027231,6.502793838220097,0.0336907185989087,0.6079003418027231,1.0837989730366828,0.0336907185989087,0.6079003418027231,1.2171322072788404,21.961392205147995,0.2571542106042941,0,0,1,0,0,0,0,0,0,1,0,0,0,1,0,0,0,0,0,0,0,0,0,0,0
57.94302302375001,4.171411945138659,0.8462045471445262,7.832534331497815,0.7831270729037497,0.0,114512.62361360912,0.1278573068694102,1.992257,1.437161,0.6127520000000001,102.272981,1.136238,0.0,59.12553369770409,0.0,0.635382325793398,13.4716405893503,0.0,0.635382325793398,2.245273431558383,0.0,0.635382325793398,0.0,47.553568499522974,0.3485534820272422,0,0,0,0,0,0,0,1,0,1,0,0,0,0,1,0,0,0,0,0,0,0,0,0,0
49.112392397916665,6.209802021299089,0.5627771513782245,5.79605461824998,0.674205541110439,0.0,168542.81244379497,0.1343120013316758,1.678639,1.261582,0.095822,101.170218,1.135378,0.303261,50.11468612032313,0.0169498238680922,0.6272858089196939,11.418536078048309,0.0169498238680922,0.6272858089196939,1.9030893463413845,0.0169498238680922,0.6272858089196939,1.0752343075243096,39.7926980022069,0.4240278516456771,0,0,1,0,0,0,0,0,0,0,0,1,0,0,0,0,0,1,0,0,0,0,0,0,0
98.18028516675923,4.95770762250537,0.3669004288437269,7.18038932996974,1.0495257627763908,0.0,116237.99881032674,0.1271448358536052,2.9721490000000004,1.64576,1.122411,78.380059,1.135084,0.0,100.1839644558768,0.0231024996341209,0.672274557582539,22.82672607855421,0.0231024996341209,0.672274557582539,3.804454346425701,0.0231024996341209,0.672274557582539,2.929746838210981,85.25459541954352,0.4731708692070381,0,0,0,0,1,0,0,0,0,1,0,0,0,0,0,0,0,0,1,0,0,0,0,0,0
31.179805604675924,39.10405030023484,4.6924161479341615,8.813035029587414,1.3126490975884224,0.0,190507.08912245205,0.137892086139257,1.03572,1.306878,1.016309,144.958476,1.136449,0.0,31.816128168036656,0.0349728304654577,0.6108440056428259,7.2492443927172125,0.0349728304654577,0.6108440056428259,1.208207398786202,0.0349728304654577,0.6108440056428259,1.4084810841620514,24.600874904062096,0.8394807470662947,0,0,0,0,0,1,0,0,0,0,0,1,0,0,1,0,0,0,0,0,0,0,0,0,0
63.55567875671296,7.150425929682595,0.958326162837392,3.115871712744093,0.4449960512937687,0.0,164878.1076701139,0.1392969634535787,2.088993,1.416702,0.358268,145.506091,0.372025,0.0,64.85273342521731,0.0486326909463574,0.6405283865645605,14.776572172834324,0.0486326909463574,0.6405283865645605,2.46276202880572,0.0486326909463574,0.6405283865645605,3.9923581540444273,52.58229962677972,0.7728805174162385,0,0,0,0,0,0,0,1,0,1,0,0,0,0,0,0,0,0,1,0,0,0,0,0,0
20.516798376157407,35.29744426182338,5.181230748157136,4.903871029115123,0.9131121362427728,0.0,160120.43865220324,0.1223854129638174,0.907316,1.258595,1.194601,156.385348,1.13441,0.0,20.9355085470994,0.0184590352191057,0.6010674424948252,4.770115871491002,0.0184590352191057,0.6010674424948252,0.7950193119151668,0.0184590352191057,0.6010674424948252,0.4891763159503756,15.928674151561504,0.945189544301417,0,0,1,0,0,0,0,0,0,0,1,0,0,0,0,0,1,0,0,0,0,0,0,0,0
27.729047755138883,58.11815789086478,1.7382989574393497,6.126324239680521,1.067632255794333,0.0,162999.61897669366,0.1240240930349563,1.113349,1.008627,0.029749,153.077295,1.134988,0.1913089999999999,28.29494668891723,0.0227944287887638,0.6076801184483928,6.4469498784874695,0.0227944287887638,0.6076801184483928,1.0744916464145782,0.0227944287887638,0.6076801184483928,0.8164141106106236,21.76490703216732,0.2725308097088873,0,0,0,1,0,0,0,0,0,1,0,0,0,0,0,0,0,0,0,0,1,0,0,0,0
79.85145310662037,3.38890997852598,0.7039873472792353,8.451871934840433,2.4026515643945414,0.0,171362.00689448442,0.1278277937706997,2.366723,1.258104,0.087435,134.10633700000002,18.742299,0.15505,81.48107459859222,0.0380036215795599,0.6554694499590731,18.5653081363881,0.0380036215795599,0.6554694499590731,3.0942180227313494,0.0380036215795599,0.6554694499590731,3.919716360684545,67.60551284710563,0.7336303059408945,0,0,0,0,0,0,0,0,1,1,0,0,0,0,0,0,0,0,0,0,0,0,0,1,0
40.03642829074074,6.048104039827982,0.9382731016877172,8.252579884563419,1.4533185944568623,0.0,173542.6048598621,0.1386758806965619,1.0589540000000002,1.3182120000000002,1.924597,139.13036200000002,0.371581,0.0,40.85349825585789,0.0385774392351032,0.618964353787836,9.308392007663825,0.0385774392351032,0.618964353787836,1.5513986679439704,0.0385774392351032,0.618964353787836,1.9949662614009545,32.00868246570831,0.9891383970545156,0,0,0,0,0,0,1,0,0,0,0,1,0,0,0,0,1,0,0,0,0,0,0,0,0
62.63946499791666,7.860711521194094,13.29977557584822,8.573890546528842,3.0905742848233926,0.0,263842.4236360911,0.1452286840557194,1.360618,1.401767,1.7190869999999998,131.695957,1.1368200000000002,0.0,63.91782142644558,0.1022430272054118,0.6396883400863042,14.563554249063548,0.1022430272054118,0.6396883400863042,2.4272590415105912,0.1022430272054118,0.6396883400863042,8.272343740524981,51.75631024077946,0.1414738780711798,0,0,0,1,0,0,0,0,0,0,0,1,0,0,0,0,0,0,0,0,0,0,1,0,0
209.7488234384722,7.391585188820248,0.7003740198749433,4.812370846311537,1.384191064990396,0.0,224859.2756669664,0.1382295899003815,5.013723000000001,1.633771,0.519882,65.749616,2.659069,0.0,214.0294116719104,0.1268732736957777,0.7745681072695616,48.76619506448592,0.1268732736957777,0.7745681072695616,8.12769917741432,0.1268732736957777,0.7745681072695616,34.372926741767834,209.8485522768728,0.5450101343385005,0,0,0,0,0,0,0,1,0,1,0,0,0,1,0,0,0,0,0,0,0,0,0,0,0
29.16008760018519,32.783104349318,4.755124052365621,8.185150650765399,0.9669189831907514,0.0,167572.78580260792,0.1326064775280243,0.970066,1.3478370000000002,0.2310719999999999,144.04966299999998,1.136772,0.0,29.7551914287604,0.0,0.6089921921544841,6.779663869844141,0.0,0.6089921921544841,1.1299439783073566,0.0,0.6089921921544841,0.0,22.9375686787052,0.1616211061959969,0,0,1,0,0,0,0,0,0,0,0,0,1,0,1,0,0,0,0,0,0,0,0,0,0
71.5794353874074,12.566113697914853,1.7599207776055918,6.337738304687061,0.9889726699899426,0.0,211371.5532823741,0.1369303101472717,1.32038,1.328319,0.7922739999999999,160.119647,1.136713,0.0,73.04024019123204,0.0522236549299839,0.6478851070190277,16.64208004357186,0.0522236549299839,0.6478851070190277,2.773680007261976,0.0522236549299839,0.6478851070190277,4.828390252848162,59.9008656113821,0.1330314332368388,0,0,1,0,0,0,0,0,0,0,0,0,1,1,0,0,0,0,0,0,0,0,0,0,0
130.49238739726852,6.054680247533889,0.2247686265684146,2.7694442269327544,0.3985230860164125,0.0,127886.87638639088,0.1213497936868553,2.044451,1.545184,0.234827,107.26278,7.116401,0.0,133.15549734415154,0.0810910846903133,0.7019004690286405,30.33922724297124,0.0810910846903133,0.7019004690286405,5.056537873828539,0.0810910846903133,0.7019004690286405,13.668004698880235,118.3062101767112,0.2385943373903796,0,0,0,0,0,1,0,0,0,0,0,1,0,1,0,0,0,0,0,0,0,0,0,0,0
96.89175614754627,28.82784976732163,1.2715939204755733,5.734052107488509,1.1197070014848411,0.0,168886.98902128296,0.1287314471223657,1.529048,1.380162,1.212161,150.964216,1.134377,0.0,98.86913892606763,0.0640872243730728,0.6710931473992395,22.527145578091364,0.0640872243730728,0.6710931473992395,3.7545242630152265,0.0640872243730728,0.6710931473992395,8.020567961933425,83.9878501551233,0.1796515200944024,0,0,0,0,0,1,0,0,0,0,0,1,0,0,1,0,0,0,0,0,0,0,0,0,0
10.583249026064816,81.93556659108117,0.7264338866841021,4.859981780429538,2.2620398951091354,0.0,206374.685926259,0.1160036640362345,0.707252,1.099383,1.516251,173.175676,1.135274,0.269831,10.799233700066138,0.0269749230566958,0.5919596954565204,2.460584893685956,0.0269749230566958,0.5919596954565204,0.4100974822809925,0.0269749230566958,0.5919596954565204,0.3687449343424822,8.092039357284737,0.0932557330936735,0,0,1,0,0,0,0,0,0,1,0,0,0,1,0,0,0,0,0,0,0,0,0,0,0
34.9009725274537,6.912176062947228,2.7459571873255486,10.521559288747593,2.0021082430148867,0.0,198016.45033348323,0.1296448392583598,1.2085629999999998,1.455615,2.971709,120.555954,0.0,0.0,35.613237272911945,0.036475208033843,0.6142558220868295,8.114408492562216,0.036475208033843,0.6142558220868295,1.3524014154270356,0.036475208033843,0.6142558220868295,1.6443040990988314,27.690681440817524,0.9183716435263786,0,0,0,1,0,0,0,0,0,0,0,1,0,0,0,0,1,0,0,0,0,0,0,0,0
46.60185468601852,28.327514229502,2.6367754310155087,8.653826596925585,0.967128394461936,0.0,131771.1076513789,0.1278615012425455,1.58666,1.224428,0.072462,114.204189,1.135556,0.509788,47.552912944916855,0.0082627535864838,0.6249839788683961,10.83484092415827,0.0082627535864838,0.6249839788683961,1.8058068206930449,0.0082627535864838,0.6249839788683961,0.4973645594726124,37.62001106214758,0.7434590718297613,0,0,0,0,0,0,0,1,0,1,0,0,0,0,0,0,0,0,0,1,0,0,0,0,0
73.55865058305557,16.101423239707948,3.93568576039742,6.785199093304092,1.8066207580000373,0.0,223820.20346223025,0.1339926277722815,1.555181,1.470877,0.716812,127.771307,1.13525,0.0,75.05984753373018,0.0531219943199936,0.6496997848044825,17.102243741862573,0.0531219943199936,0.6496997848044825,2.8503739569770947,0.0531219943199936,0.6496997848044825,5.0472516384131705,61.72957821534401,0.8164755618133624,0,0,0,0,0,0,1,0,0,0,0,0,1,1,0,0,0,0,0,0,0,0,0,0,0
2.139992,8.672051460402352,0.9101477827099588,10.593216157359755,3.97187858262508,0.0,171854.21637065348,0.1384225764649091,1.392206,0.448952,0.345461,529.842305,5.920955,0.0,55.59055843499622,0.0427868106018061,0.6322060444705971,12.666203187720656,0.0427868106018061,0.6322060444705971,2.111033864620109,0.0427868106018061,0.6322060444705971,3.0108135379833154,44.48694564316525,0.4314831301191804,1,0,0,0,0,0,0,0,0,0,1,0,0,1,0,0,0,0,0,0,0,0,0,0,0
28.90508028643519,25.93754379635765,1.2812426083294643,7.926821748701503,1.6499849483549451,0.0,162098.66338803957,0.1385043115495778,1.127067,1.262564,0.972952,155.936266,0.372378,0.08737,29.49497988411754,0.0340630883806822,0.6087583842752761,6.720375163469819,0.0340630883806822,0.6087583842752761,1.1200625272449698,0.0340630883806822,0.6087583842752761,1.2717596285811916,22.72824847909768,0.3924758216393033,0,0,0,0,0,0,0,0,1,1,0,0,0,0,1,0,0,0,0,0,0,0,0,0,0
36.971860013888886,1.7351909621840431,0.4180496346821888,2.767019247837204,0.1983240462607331,0.0,186396.55952113308,0.1390505118621625,1.209288,1.277703,0.279267,149.682848,73.942938,0.039739,37.726387769274375,0.0149275652769397,0.6161545512023261,8.595885820847325,0.0149275652769397,0.6161545512023261,1.4326476368078875,0.0149275652769397,0.6161545512023261,0.7128647039101085,29.42441205628124,0.2185347901439915,0,0,0,0,0,1,0,0,0,0,1,0,0,0,0,0,0,1,0,0,0,0,0,0,0
1.132972,7.539177171389261,1.4999206715064657,12.40110423639238,2.917861135457631,0.0,169044.9879721223,0.1390941473755905,0.8552709999999999,0.50681,0.506526,361.103571,1.0713780000000002,0.0,29.4312063648904,0.0335110998871499,0.6087010818550449,6.705844488202875,0.0335110998871499,0.6087010818550449,1.1176407480338124,0.0335110998871499,0.6087010818550449,1.2484456915103344,22.67697108178212,0.7356339626847231,0,1,0,0,0,0,0,0,0,1,0,0,0,1,0,0,0,0,0,0,0,0,0,0,0
73.31540461291667,6.501958753381457,5.531491559472301,7.2232400799255005,1.908556135724203,0.0,232110.1923711032,0.1429757530704962,1.336314,1.34485,2.61364,135.047903,1.134455,0.0,74.81163736011905,0.0954203766487753,0.6494767605171877,17.045689525090417,0.0954203766487753,0.6494767605171877,2.840948254181736,0.0954203766487753,0.6494767605171877,9.036145081790073,61.50432896409713,0.073755608098471,0,0,0,0,0,1,0,0,0,0,1,0,0,0,0,0,0,0,0,0,0,0,1,0,0
22.9945978025926,35.21613179161435,4.552775563095971,8.915994161610408,1.3894447782914416,0.0,207865.4429706235,0.1388397932195549,0.722276,1.226679,2.012807,162.018505,1.13442,0.0,23.46387530876796,0.0317299679746215,0.6033392558811872,5.3461994374408,0.0317299679746215,0.6033392558811872,0.8910332395734665,0.0317299679746215,0.6033392558811872,0.9424152051996474,17.91984439098863,0.1421365608969905,0,0,1,0,0,0,0,0,0,0,0,1,0,1,0,0,0,0,0,0,0,0,0,0,0
51.72817122342593,9.512884976750328,0.6631933031894034,8.24191705786067,1.7625271928110282,0.0,194454.89397856715,0.1381376145733632,1.794428,1.391046,0.7217859999999999,117.968026,1.140186,0.226404,52.78384818716932,0.0434883254529905,0.6296841311116173,12.02669958694997,0.0434883254529905,0.6296841311116173,2.0044499311583284,0.0434883254529905,0.6296841311116173,2.905672365347929,42.07234377527244,0.7369781353205119,0,0,0,0,0,1,0,0,0,0,0,0,1,1,0,0,0,0,0,0,0,0,0,0,0
62.122907804814815,15.231048662321909,0.4116680013547412,3.0769749745476447,0.8238742097819166,0.0,202351.01477255693,0.123281796290863,1.909028,1.489086,0.683442,113.601712,0.013493,0.0,63.39072224981104,0.0480000610560505,0.6392147256631227,14.44345570248859,0.0480000610560505,0.6392147256631227,2.4072426170814314,0.0480000610560505,0.6392147256631227,3.8515930865545167,51.29149763607616,0.933968269222228,0,0,0,0,0,1,0,0,0,0,1,0,0,1,0,0,0,0,0,0,0,0,0,0,0
4.81634,30.4585781392597,6.936240132192342,8.510284763445958,3.424058197785339,0.0,176538.39869979018,0.1373732894909181,3.202392,0.373744,0.935429,641.259909,5.208537000000001,0.0,125.11403323601664,0.0674387835713089,0.694674972283558,28.50699491453544,0.0674387835713089,0.694674972283558,4.751165819089239,0.0674387835713089,0.694674972283558,10.680428112832008,110.01719945634686,0.1059731686725412,1,0,0,0,0,0,0,0,0,1,0,0,0,1,0,0,0,0,0,0,0,0,0,0,0
31.28861076180556,7.493692217554365,6.76749515905083,7.007253693447982,2.217444270206012,0.0,230580.4138283124,0.1353868456731597,1.176829,1.398411,0.749873,127.183516,1.134473,0.039648,31.92715383857709,0.0575321258550213,0.6109437655385767,7.274541380941617,0.0575321258550213,0.6109437655385767,1.2124235634902694,0.0575321258550213,0.6109437655385767,2.325110168143853,24.690753910214827,0.8726042525553577,0,0,0,0,0,0,0,0,1,0,0,1,0,0,0,0,0,0,0,0,0,0,0,0,1
1.326073,14.098736458732969,1.196272729826774,15.584259456296047,4.8368327063050485,0.0,175420.55148381295,0.1391125011572735,1.21761,0.3361409999999999,0.811193,545.767354,0.0,0.046868,34.44738980125661,0.0352897626889918,0.6132082731581231,7.848772359779987,0.0352897626889918,0.6132082731581231,1.3081287266299977,0.0352897626889918,0.6132082731581231,1.538785077647522,26.73851191751052,0.174611903682659,0,0,0,1,0,0,0,0,0,0,1,0,0,1,0,0,0,0,0,0,0,0,0,0,0
139.0173249190278,4.508997205893198,1.3241517425155185,10.69729663428071,2.970590322709484,0.0,197986.7414568345,0.1296841913668943,2.482192,1.527385,1.592839,89.577903,0.000103,0.0,141.85441318268144,0.0856329945320011,0.7097167058770347,32.32125869985147,0.0856329945320011,0.7097167058770347,5.386876449975244,0.0856329945320011,0.7097167058770347,15.376478719509864,127.43854030143352,0.3260103039630881,0,0,0,1,0,0,0,0,0,0,0,1,0,0,0,0,1,0,0,0,0,0,0,0,0
35.46538973351851,22.578666810762314,8.5987548979638,6.4745557542613374,1.0353037684941464,0.0,193419.3773231415,0.1380185431463541,1.197053,1.385931,0.490389,146.436988,0.369693,0.0,36.18917319746787,0.0367046192236775,0.6147733177931207,8.245634399423059,0.0367046192236775,0.6147733177931207,1.374272399903843,0.0367046192236775,0.6147733177931207,1.6814048382693343,28.162200094680006,0.877071058183289,0,0,1,0,0,0,0,0,0,0,1,0,0,0,0,0,1,0,0,0,0,0,0,0,0
84.28644703124999,4.312133265109289,0.5711432716114629,7.576208386775687,2.6695894677576115,0.0,191998.9006294964,0.1362002623810184,2.740368,1.238422,0.5860569999999999,112.638445,5.339767,0.142252,86.00657860331631,0.0348466012636753,0.6595357510724378,19.59643563113536,0.0348466012636753,0.6595357510724378,3.2660726051892266,0.0348466012636753,0.6595357510724378,3.79371765904141,71.80305495735303,0.0682710373263366,0,0,0,0,0,0,0,1,0,1,0,0,0,0,0,0,1,0,0,0,0,0,0,0,0
32.044849881527774,6.35671280395417,9.168837557021948,7.951659713717674,1.253199960830972,0.0,193638.02002772785,0.1268695862137442,1.203847,1.403608,0.201788,126.75431,1.136215,0.023255,32.69882640972222,0.0126094237628209,0.6116371364939277,7.450365511075949,0.0126094237628209,0.6116371364939277,1.2417275851793248,0.0126094237628209,0.6116371364939277,0.5219156439836826,25.31622348348673,0.6320378753131493,0,0,1,0,0,0,0,0,0,0,0,1,0,0,0,0,0,0,1,0,0,0,0,0,0
159.67406291819444,41.0326224781218,5.271527509323413,7.783127482846487,1.7784414329974771,0.0,218506.0531605965,0.1322461576413193,2.076474,1.504553,2.950803,113.540844,0.0,0.0,162.9327172634637,0.1594052542987957,0.72865619444274,37.12391026256135,0.1594052542987957,0.72865619444274,6.187318377093558,0.1594052542987957,0.72865619444274,32.8763686442737,150.28092874862074,0.9381326346569848,0,0,0,1,0,0,0,0,0,1,0,0,0,0,0,0,0,0,0,0,0,0,0,0,1
79.62139409749999,35.95378473599752,2.877974415282837,8.015177531208066,1.564051238895892,0.0,168076.3956272482,0.1387208436819003,1.440718,1.353074,1.83405,153.035786,4.759562,0.0,81.24632050765305,0.0559047203491965,0.6552585163657415,18.511819862503227,0.0559047203491965,0.6552585163657415,3.085303310417204,0.0559047203491965,0.6552585163657415,5.749433958710803,67.38904232407629,0.560456626554256,0,0,0,1,0,0,0,0,0,0,0,1,0,1,0,0,0,0,0,0,0,0,0,0,0
80.77252923907407,17.372769551050094,3.872167489797377,7.277950397784189,1.022097018482588,0.0,172826.835918765,0.138028087215029,1.578774,1.3938700000000002,1.226603,129.246319,0.37149,0.0,82.42094820313682,0.0564383450387098,0.6563139545889645,18.77945655261345,0.0564383450387098,0.6563139545889645,3.129909425435575,0.0564383450387098,0.6563139545889645,5.888230269754773,68.47344108376319,0.3223716361659741,0,0,0,0,0,1,0,0,0,1,0,0,0,0,0,0,1,0,0,0,0,0,0,0,0
78.3299120136574,3.323923501514253,73.86400889378372,10.27506763014576,2.982302444444286,0.0,350986.765625,0.1544615185643128,2.3269040000000003,1.54142,0.4081619999999999,76.194579,1.135391,0.123316,79.92848164658919,0.1172530383083436,0.6540743986139097,18.21155278023551,0.1172530383083436,0.6540743986139097,3.0352587967059184,0.1172530383083436,0.6540743986139097,11.863110532196536,66.17616906976676,0.3087255584704492,0,0,0,0,0,0,0,0,1,0,0,1,0,0,0,0,0,0,0,0,0,0,1,0,0
331.2330399277777,4.875000937212081,0.5494924034717843,2.8133428822890174,0.4251982497332765,0.0,196956.41486810552,0.1339394013069087,4.736097,1.6469060000000002,0.2519139999999999,72.912414,33.37457,0.0,337.9928978854875,0.1700139707785434,0.885953018537047,77.01104002454144,0.1700139707785434,0.885953018537047,12.835173337423573,0.1700139707785434,0.885953018537047,72.73862615754238,379.045352057888,0.4656415780449762,0,0,0,0,0,0,1,0,0,0,1,0,0,0,0,1,0,0,0,0,0,0,0,0,0
30.31618694523148,33.94394221987043,4.159067814584544,8.8995488999273,1.278142411503003,0.0,185485.5509592326,0.1362756509289181,1.014486,1.3167799999999998,0.211511,149.891127,1.13473,0.136547,30.93488463799131,0.0277013329412735,0.6100521818937743,7.048454727643589,0.0277013329412735,0.6100521818937743,1.174742454607265,0.0277013329412735,0.6100521818937743,1.08473106184416,23.888473253213668,0.6328042026908416,0,0,0,0,0,1,0,0,0,0,0,1,0,0,0,1,0,0,0,0,0,0,0,0,0
18.4526316575,12.963923399788992,0.288122868062638,2.570706039309788,0.2080639616119489,0.0,116622.9357857464,0.1163640594561037,0.886243,1.22451,0.8059970000000001,159.396624,1.136119,0.0,18.829215977040818,0.0106982811608173,0.5991748754318504,4.290201108692845,0.0106982811608173,0.5991748754318504,0.715033518115474,0.0106982811608173,0.5991748754318504,0.2549876538735907,14.281003971547898,0.7121159969016704,0,0,0,0,0,1,0,0,0,0,0,0,1,0,0,0,0,0,1,0,0,0,0,0,0
90.0119556564815,5.53013201327551,0.6941130441441524,3.4372221440148296,0.5112181136862551,0.0,173381.68191696642,0.1372254582689248,1.968575,1.508685,0.363734,134.34113100000002,0.372017,0.0,91.84893434334847,0.0607823069545448,0.6647852829755289,20.92760529342117,0.0607823069545448,0.6647852829755289,3.4879342155701947,0.0607823069545448,0.6647852829755289,7.066822937601571,77.29091114992872,0.8501513411345013,0,0,1,0,0,0,0,0,0,0,0,1,0,0,0,0,0,0,0,0,1,0,0,0,0
45.98695534925927,53.85090321586246,1.86408559609946,7.428502335536966,1.5507711420099226,0.0,220231.19834757195,0.1360820512995302,1.508739,1.334539,3.114132,148.17113600000002,0.0,0.0,46.925464642101296,0.0674536444761328,0.6244201977448672,10.691878019719285,0.0674536444761328,0.6244201977448672,1.7819796699532136,0.0674536444761328,0.6244201977448672,4.006700770690691,37.0901365963173,0.8169117953468317,0,0,0,0,0,1,0,0,0,0,1,0,0,0,0,0,0,0,0,0,0,0,0,0,1
41.85704354981481,6.092242665517897,0.6925406160829164,3.995438909930863,0.608770456745756,0.0,167529.55270158872,0.1389526142169245,1.144515,1.370219,0.538547,151.558693,0.0,0.0,42.71126892838246,0.0393307529291666,0.6206336164702194,9.731681527985875,0.0393307529291666,0.6206336164702194,1.6219469213309792,0.0393307529291666,0.6206336164702194,2.1264131209030426,33.55449278361281,0.803350758611397,0,0,0,1,0,0,0,0,0,0,1,0,0,0,1,0,0,0,0,0,0,0,0,0,0
35.301443731666666,36.28209951037452,3.909974922379144,7.629994072216592,1.1422116346210598,0.0,178594.76131594725,0.1400825726114017,0.940314,1.295748,2.377435,149.97525900000002,1.135594,0.0,36.02188135884354,0.0130797447996815,0.6146230010573617,8.207517271635236,0.0130797447996815,0.6146230010573617,1.3679195452725392,0.0130797447996815,0.6146230010573617,0.5964012852887086,28.025160537347656,0.5588292976606726,0,0,1,0,0,0,0,0,0,0,0,1,0,0,0,0,0,0,1,0,0,0,0,0,0
30.731194355509263,7.74270350592477,1.3405409732596765,8.096752203339868,0.9676623211490164,0.0,78147.49384554857,0.1183048234872823,1.036727,1.201842,0.730919,142.871019,1.137093,0.90464,31.35836158725435,0.0,0.6104326886369956,7.144943146463016,0.0,0.6104326886369956,1.190823857743836,0.0,0.6104326886369956,0.0,24.230593639188303,0.7796499696423399,0,0,0,0,1,0,0,0,0,0,0,0,1,0,1,0,0,0,0,0,0,0,0,0,0
0.998985,182.4423612117768,17.438039614821225,9.443572836814166,3.575212226568652,0.0,167328.97412694845,0.1389086926333624,0.8934139999999999,0.259583,0.410359,570.930343,0.0,0.522177,25.95062692672903,0.0322769390447389,0.6055736768124738,5.912801071912943,0.0322769390447389,0.6055736768124738,0.9854668453188238,0.0322769390447389,0.6055736768124738,1.0602617765655635,19.89242602988365,0.6108647100578866,1,0,0,0,0,0,0,0,0,0,0,1,0,1,0,0,0,0,0,0,0,0,0,0,0
24.76628383564815,15.32081642150879,0.4399189447863496,3.040313427825626,0.6858557156092829,0.0,222797.8086780576,0.1204079477299603,1.015409,1.348123,0.7127600000000001,148.348342,0.921027,0.0,25.27171819964097,0.0324246769658831,0.6049636569539234,5.758113007513132,0.0324246769658831,0.6049636569539234,0.9596855012521884,0.0324246769658831,0.6049636569539234,1.0372497455647964,19.352495012106104,0.6731501261365592,0,0,1,0,0,0,0,0,0,1,0,0,0,1,0,0,0,0,0,0,0,0,0,0,0
27.73861975773148,17.88891670022692,3.0968839940693167,9.335244448636647,1.5460897744130746,0.0,140887.27492693346,0.1276076759437291,1.111374,1.305855,2.106659,158.65294,1.136787,0.0,28.304714038501512,0.0227970071859494,0.6076888947050147,6.449175350544648,0.0227970071859494,0.6076888947050147,1.0748625584241078,0.0227970071859494,0.6076888947050147,0.8167883156100789,21.77273466961835,0.6596454501194443,0,0,0,0,0,1,0,0,0,1,0,0,0,0,0,0,0,0,0,0,0,0,0,1,0
3.298496818935185,11.363200375579652,10.634832991822288,2.221255821146839,0.3990428750749401,0.0,150506.94146245503,0.1323764559497936,0.55081,0.814267,0.2848429999999999,197.497266,0.369982,0.127045,3.365813080546108,0.0242749978831895,0.585280544027263,0.7668941196181004,0.0242749978831895,0.585280544027263,0.1278156866030167,0.0242749978831895,0.585280544027263,0.1034241840575549,2.4936011530077264,0.7315069485266235,0,0,0,0,0,1,0,0,0,0,1,0,0,0,0,0,0,0,1,0,0,0,0,0,0
52.50467447629629,8.760618431227547,1.4867678412573515,4.587284078700937,0.4445078289694637,0.0,68158.10159060251,0.1163434616917614,1.501103,1.287442,0.352364,163.213027,1.136994,0.0,53.5761984452003,0.0,0.6303960815889658,12.207235088779814,0.0,0.6303960815889658,2.0345391814633023,0.0,0.6303960815889658,0.0,42.75218426112292,0.8626779498262067,0,0,0,0,1,0,0,0,0,1,0,0,0,0,1,0,0,0,0,0,0,0,0,0,0
74.82085659513888,5.788452627545311,5.116399634084542,9.182752341675243,1.570469473334525,0.0,190519.46232389088,0.131452376357943,2.176527,1.525175,2.392783,107.748229,1.135335,0.0,76.34781285218253,0.0536974880591772,0.6508570602820716,17.39570419416817,0.0536974880591772,0.6508570602820716,2.8992840323613613,0.0536974880591772,0.6508570602820716,5.189475656929586,62.90064940751555,0.5742485375292119,0,0,1,0,0,0,0,0,0,0,1,0,0,0,0,0,0,0,1,0,0,0,0,0,0
338.36665123226857,30.40504508926755,4.898677819100269,5.444883511220809,1.823766762832944,0.0,170263.85163744004,0.1168343674132435,3.816418,1.7326700000000002,1.833447,69.171503,0.0,0.0,345.2720930941516,0.2181285346151716,0.892493593807888,78.66959083157884,0.2181285346151716,0.892493593807888,13.111598471929806,0.2181285346151716,0.892493593807888,95.33379203815242,390.0672546926216,0.9903586318950776,0,0,0,1,0,0,0,0,0,0,0,1,0,1,0,0,0,0,0,0,0,0,0,0,0
62.72153982865742,4.363798641307014,2.826909813377783,9.202286580769565,1.0271699833069488,0.0,198051.2913669065,0.137305514435831,2.168275,1.445262,1.415231,108.341841,1.135629,0.25431,64.00157125373207,0.0,0.6397635918186159,14.582636488192117,0.0,0.6397635918186159,2.430439414698686,0.0,0.6397635918186159,0.0,51.83022165483887,0.6874674493092089,0,0,0,0,0,0,1,0,0,0,1,0,0,0,1,0,0,0,0,0,0,0,0,0,0
50.49949267787037,6.412908264568874,1.0544977532588036,9.931891753519182,1.7644376420288634,0.0,189446.94821642688,0.1367905107940987,1.744619,1.471286,0.434179,110.585873,1.136249,0.016048,51.53009456925548,0.0257784530798823,0.6285575958733131,11.741034205653149,0.0257784530798823,0.6285575958733131,1.9568390342755244,0.0257784530798823,0.6285575958733131,1.681476107665128,40.99953462984264,0.1859885558702718,0,0,1,0,0,0,0,0,0,0,0,1,0,0,0,0,1,0,0,0,0,0,0,0,0
18.424781203148147,3.5890707668803987,2.595216016117617,8.103869644000376,1.398464924854626,0.0,185466.35165617507,0.1379489933701156,0.621345,0.895407,0.022028,161.362564,0.370367,2.086115,18.80079714606953,0.0299564457423943,0.5991493402596578,4.283725932015844,0.0299564457423943,0.5991493402596578,0.7139543220026405,0.0299564457423943,0.5991493402596578,0.7129177969873349,14.258842033447117,0.8084333161043715,0,0,0,0,0,0,1,0,0,0,1,0,0,0,1,0,0,0,0,0,0,0,0,0,0
40.54623925861111,23.185385420208885,1.7365474086299504,6.557582230876676,1.0463852869520942,0.0,142143.57225157373,0.1305017389839501,1.393579,1.313711,1.14268,126.636238,4.752891,0.241078,41.37371352919501,0.0387879591818382,0.6194317828173875,9.426922069943164,0.0387879591818382,0.6194317828173875,1.5711536783238609,0.0387879591818382,0.6194317828173875,2.031394824774031,32.44075080147485,0.7470702543025544,0,0,0,0,0,1,0,0,0,1,0,0,0,1,0,0,0,0,0,0,0,0,0,0,0
107.81017800907408,4.042637294388952,1.865751057505893,10.496233984720792,2.241341004840476,0.0,184077.3376798561,0.1369185760188445,1.855918,1.526525,1.7573,103.384411,0.3715699999999999,0.0,110.010385723545,0.0694554823453092,0.6811038918841769,25.0656575066305,0.0694554823453092,0.6811038918841769,4.177609584438416,0.0694554823453092,0.6811038918841769,9.671929624585244,94.84620489112147,0.6570935939683934,0,0,0,0,0,0,0,0,1,1,0,0,0,0,0,0,0,0,0,0,1,0,0,0,0
29.97757735351852,13.525263174374896,2.526272513883577,7.123839683669934,1.1304625585782442,0.0,114979.89581459832,0.1278529630737196,1.03455,1.2205,0.724108,157.592719,1.135826,0.17449,30.589364646447464,0.0123133582258283,0.6097417218157725,6.969728653620941,0.0123133582258283,0.6097417218157725,1.1616214422701567,0.0123133582258283,0.6097417218157725,0.476782031382528,23.60963527693088,0.0627481387663622,0,0,0,0,0,0,1,0,0,0,1,0,0,0,0,0,0,0,1,0,0,0,0,0,0
161.37220236750002,19.690235202653067,2.8852806251397807,8.125724848511693,1.3812613788840296,0.0,193608.27070218825,0.1360957686670964,2.19119,1.468095,1.015954,143.247172,1.1370209999999998,0.0,164.66551261989798,0.0979810962332263,0.7302131630543569,37.51872439440714,0.0979810962332263,0.7302131630543569,6.253120732401189,0.0979810962332263,0.7302131630543569,20.42292080797947,152.20370229891498,0.0601127858289965,0,0,0,0,1,0,0,0,0,0,0,0,1,0,0,0,0,0,0,1,0,0,0,0,0
21.757289180231485,34.10775955745152,5.159024525031769,6.938040869984981,1.371720057168453,0.0,169639.52832733814,0.1349582631382153,0.903618,1.244192,2.691172,150.603455,0.0,0.0,22.20131549003213,0.0312471593289193,0.6022048080072585,5.05852758000732,0.0312471593289193,0.6022048080072585,0.84308793000122,0.0312471593289193,0.6022048080072585,0.8781367625678971,16.923720167320724,0.0276539006497195,0,0,0,1,0,0,0,0,0,0,1,0,0,0,0,0,0,0,1,0,0,0,0,0,0
26.296200430879622,47.94253449894133,2.360203688950848,7.806270566203898,1.368110422250464,0.0,207454.0121028177,0.13035836181552,1.075336,1.163747,0.213606,150.06503,1.134389,0.466721,26.83285758253023,0.0330277880542712,0.6063663875236308,6.113815651715749,0.0330277880542712,0.6063663875236308,1.018969275285958,0.0330277880542712,0.6063663875236308,1.1218100419319668,20.595623948423952,0.0329092320655372,0,0,1,0,0,0,0,0,0,0,0,1,0,0,1,0,0,0,0,0,0,0,0,0,0
1.08754,6.541753268241882,0.8364201391057716,4.225017348067652,1.121298797625146,0.0,170269.24700239807,0.1386033563519553,0.933946,0.344161,0.093263,495.665382,0.990521,0.0,28.25101959278156,0.0330926235021841,0.607640648634702,6.436941173038836,0.0330926235021841,0.607640648634702,1.0728235288398058,0.0330926235021841,0.607640648634702,1.183418170806008,21.72970616449299,0.1559048512767632,0,1,0,0,0,0,0,0,0,1,0,0,0,1,0,0,0,0,0,0,0,0,0,0,0
48.55950741837963,13.720129929270064,1.1032560154688444,4.446648522532529,0.8826331046702479,0.0,171791.9425022482,0.1349109305287722,1.605423,1.202046,0.030455,136.147548,1.087912,0.2590449999999999,49.55051777385677,0.0421402594733806,0.6267788867353435,11.289991391511668,0.0421402594733806,0.6267788867353435,1.8816652319186111,0.0421402594733806,0.6267788867353435,2.6431287038363065,39.31293464235164,0.9285959493772706,0,0,0,1,0,0,0,0,0,1,0,0,0,1,0,0,0,0,0,0,0,0,0,0,0
105.02340146703705,6.281287771747226,0.9471001763709728,8.297100980790685,4.597505949955764,0.0,183245.01287095324,0.1369942376296297,2.970546,1.609793,0.943246,78.692945,1.088441,0.0,107.16673619085414,0.0680709339727805,0.6785487874695681,24.417737359941448,0.0680709339727805,0.6785487874695681,4.069622893323574,0.0680709339727805,0.6785487874695681,9.23410104218484,92.0479226574369,0.3435985020666044,0,0,0,0,0,1,0,0,0,1,0,0,0,1,0,0,0,0,0,0,0,0,0,0,0
39.96140517467592,8.114134135132744,4.840785762103056,9.675291601130716,1.6035964058743393,0.0,175697.33179706236,0.1277100238725721,1.135495,1.368255,2.436253,145.454858,1.13592,0.0,40.77694405579176,0.026153791583269,0.6188955675424506,9.29094927853483,0.026153791583269,0.6188955675424506,1.5484915464224716,0.026153791583269,0.6188955675424506,1.3499641724529103,31.94515181526076,0.8644803553326141,0,0,0,0,0,1,0,0,0,0,0,1,0,0,0,0,0,0,0,0,0,0,0,1,0
1.366837,3.8543665306908745,0.7061125362376801,3.422412133045334,0.8382794000119043,0.0,173256.08348321344,0.1387877949743534,1.256301,0.318546,0.114523,524.777658,2.65099,0.0,35.506315967356386,0.0356652418965271,0.6141597500861486,8.090046676106518,0.0356652418965271,0.6141597500861486,1.3483411126844196,0.0356652418965271,0.6141597500861486,1.6029637314307466,27.603228026571426,0.5676529993841066,0,0,1,0,0,0,0,0,0,0,0,1,0,1,0,0,0,0,0,0,0,0,0,0,0
50.98104587212962,4.228317060924712,0.3153210155111994,3.2211751340390395,0.2044216668684419,0.0,89908.12521545264,0.1166214066282879,1.6967290000000002,1.487162,0.279394,126.509193,1.713559,0.000146,52.0214753797241,0.0086338646519155,0.6289991162729435,11.852994390316884,0.0086338646519155,0.6289991162729435,1.9754990650528137,0.0086338646519155,0.6289991162729435,0.5685397182550557,41.419572203874864,0.1183852811762243,0,0,0,0,0,0,1,0,0,0,0,1,0,0,0,0,0,0,0,1,0,0,0,0,0
32.244970925092595,51.56686098234994,3.2532123378712496,10.998876345243383,1.9366670595370323,0.0,175777.32518360313,0.1371753298157124,1.1212540000000002,1.290593,2.255445,140.902243,0.372075,0.0,32.90303155621693,0.0354010839207133,0.6118206209442075,7.496893265973478,0.0354010839207133,0.6118206209442075,1.2494822109955794,0.0354010839207133,0.6118206209442075,1.474434153629765,25.481966073001896,0.5555845218742735,0,0,1,0,0,0,0,0,0,0,1,0,0,0,0,0,0,0,0,0,0,0,0,1,0
18.03141262851852,4.559834753047852,3.615569950865327,9.277647000136708,1.8410015852331256,0.0,178620.6956403627,0.1324052848547196,0.8923260000000001,1.281304,0.143235,144.398985,1.465028,8.1e-05,18.39940064134543,0.0298050198693237,0.598788673458268,4.1922685005597184,0.0298050198693237,0.598788673458268,0.698711416759953,0.0298050198693237,0.598788673458268,0.6941702553151241,13.94601607906131,0.7800328198798371,0,0,0,0,0,1,0,0,0,0,1,0,0,1,0,0,0,0,0,0,0,0,0,0,0
1.80797,10.319511607715064,0.8987248329807529,7.757342186477259,2.0475516684478423,0.0,168696.12533723022,0.1387120222123407,1.693127,0.369489,0.18165,506.418789,0.32211,0.0,46.96562507416856,0.039728539641049,0.6244562830978927,10.701028497911825,0.039728539641049,0.6244562830978927,1.7835047496519705,0.039728539641049,0.6244562830978927,2.3618679715515856,37.12402489517024,0.6493657803177465,0,1,0,0,0,0,0,0,0,1,0,0,0,1,0,0,0,0,0,0,0,0,0,0,0
16.16184268597222,53.90910796210879,25.438441186285704,3.7430640204633168,0.8299985210672557,0.0,142049.81027990108,0.1261433008298885,0.840778,1.219518,1.631034,167.903728,1.137043,0.195288,16.491676210175736,0.0103844228022085,0.5970745258251292,3.7575971111792814,0.0103844228022085,0.5970745258251292,0.6262661851965469,0.0103844228022085,0.5970745258251292,0.2167804284602394,12.464252852218028,0.9187943101226448,0,0,1,0,0,0,0,0,0,1,0,0,0,0,0,0,0,0,0,0,0,1,0,0,0
85.15233140407408,3.809336354902813,5.1039801223529615,8.980607740598902,1.9835974732748896,0.0,113496.78403214928,0.1155450643270278,1.458138,1.398861,2.2188060000000003,129.78566999999998,1.13476,0.0,86.89013408578988,0.0208787985120466,0.6603296521801048,19.79775207017997,0.0208787985120466,0.6603296521801048,3.299625345029995,0.0208787985120466,0.6603296521801048,2.296407091470795,72.6280152136105,0.9053220224789376,0,0,0,0,0,1,0,0,0,0,1,0,0,0,0,0,0,0,0,0,1,0,0,0,0
27.19240463106481,3.426699161529541,0.697605944866185,2.8921934154679736,0.3143325888638874,0.0,190129.6534397482,0.1391809818377312,0.904335,1.334088,0.280981,157.67048400000002,20.966721,0.0,27.747351664351857,0.0267059691974661,0.60718808789097,6.322181391877638,0.0267059691974661,0.60718808789097,1.053696898646273,0.0267059691974661,0.60718808789097,0.9379998972904336,21.326406836855856,0.1668673036436889,0,0,0,0,0,0,0,1,0,1,0,0,0,0,0,1,0,0,0,0,0,0,0,0,0
210.8640381128704,8.663187829653422,0.6643548955162653,8.752991090861443,2.158333144885459,0.0,169914.04522631894,0.1390813489397652,2.1572720000000003,1.480125,0.428821,130.122213,0.016025,0.0,215.1673858294596,0.127574329345209,0.7755906111893442,49.02548031557306,0.127574329345209,0.7755906111893442,8.170913385928843,0.127574329345209,0.7755906111893442,34.746626511588794,211.24279023225824,0.2197631071287823,0,0,0,0,0,1,0,0,0,0,1,0,0,1,0,0,0,0,0,0,0,0,0,0,0
18.486464613472226,18.757789575485955,2.0879379257881383,5.594659668078526,0.962275176382751,0.0,203810.13693420263,0.1376994863795719,0.6033430000000001,1.165957,0.644145,174.595682,1.13466,0.0,18.86373940150227,0.0299802083630749,0.5992058957644318,4.29806720540558,0.0299802083630749,0.5992058957644318,0.7163445342342633,0.0299802083630749,0.5992058957644318,0.7158719465364373,14.30792894372655,0.2632936884699636,0,0,0,0,0,0,0,1,0,1,0,0,0,1,0,0,0,0,0,0,0,0,0,0,0
25.60439412648148,10.585762866338094,3.4365617988778534,11.374461756049872,1.9814180966189725,0.0,193613.1721747602,0.1381353851523902,0.8495590000000001,1.344154,0.7529359999999999,145.677113,0.369759,0.0,26.126932782123955,0.0327547020943173,0.6057320929127218,5.952972026306724,0.0327547020943173,0.6057320929127218,0.9921620043844538,0.0327547020943173,0.6057320929127218,1.08326569609712,20.03281224747588,0.2514650663886754,0,0,1,0,0,0,0,0,0,0,0,1,0,1,0,0,0,0,0,0,0,0,0,0,0
68.48258705925926,8.189519479161216,0.7695364506124592,10.405570672856246,3.801831150512329,0.0,199491.01273980807,0.1320951081347837,2.200828,1.545839,3.011785,89.12868900000001,1.13713,0.0,69.88019087679517,0.0406624066343447,0.6450457079085268,15.922068807371051,0.0406624066343447,0.6450457079085268,2.653678134561841,0.0406624066343447,0.6450457079085268,3.5968313128074296,57.05812302899408,0.3895349016698316,0,0,0,0,0,0,1,0,0,0,0,0,1,0,0,1,0,0,0,0,0,0,0,0,0
61.89221235935185,24.021121480351404,4.062842887654293,9.01720122810748,1.822261360623568,0.0,170128.8628035072,0.1358099042904748,1.807228,1.443094,3.181901,117.586418,0.0,0.0,63.155318734032505,0.032499093262485,0.6390032085420903,14.389819458387151,0.032499093262485,0.6390032085420903,2.398303243064525,0.032499093262485,0.6390032085420903,2.598089358935816,51.08411557917108,0.0832817596781326,0,0,1,0,0,0,0,0,0,0,1,0,0,0,0,0,0,0,0,0,0,1,0,0,0
15.454532792268518,4.465437914076306,3.718108488787278,2.664752919182217,0.3375382553116023,0.0,171227.37696717627,0.1357118580624354,0.812908,1.288547,0.367788,154.906701,1.131533,0.006474,15.76993142068216,0.0288179140243065,0.5964260164794255,3.5931489312946696,0.0288179140243065,0.5964260164794255,0.5988581552157781,0.0288179140243065,0.5964260164794255,0.5752614276587701,11.905819465052137,0.3926247937002209,0,0,1,0,0,0,0,0,0,0,1,0,0,1,0,0,0,0,0,0,0,0,0,0,0
69.27477210361111,3.9080566042945497,1.2698663823324428,10.256380053732892,1.3197826087046012,0.0,146947.47590677458,0.1316159820134977,1.550382,1.459911,1.042942,116.859497,1.135938,0.0,70.68854296286848,0.0102367723322539,0.6457720365084262,16.106250295337123,0.0102367723322539,0.6457720365084262,2.684375049222853,0.0102367723322539,0.6457720365084262,0.9159778744425784,57.783144742968304,0.5901162006043869,0,0,0,0,0,1,0,0,0,0,0,1,0,0,0,0,0,0,0,1,0,0,0,0,0
78.97497843305555,30.39926055726551,2.975249848777441,8.47615753832481,1.2671035929835386,0.0,121182.49933490709,0.1337643475573268,2.354352,1.435238,3.397826,139.46147,1.134418,0.0,80.58671268679139,0.0198512714763737,0.6546658389504626,18.361529472939807,0.0198512714763737,0.6546658389504626,3.0602549121566343,0.0198512714763737,0.6546658389504626,2.024998368270921,66.78147831564324,0.301354062448513,0,0,0,0,0,1,0,0,0,0,1,0,0,0,0,0,0,0,1,0,0,0,0,0,0
42.633521345231486,28.003525753248304,5.422245497897946,8.93172712691968,1.844105037282125,0.0,174714.16942071344,0.1357374138933577,1.106738,1.324432,2.497617,146.562366,0.371229,0.0,43.50359320941988,0.0396533143527592,0.62134554360646,9.912211111007062,0.0396533143527592,0.62134554360646,1.6520351851678434,0.0396533143527592,0.62134554360646,2.1836223506426418,34.21615667283709,0.9153871888349098,0,0,1,0,0,0,0,0,0,0,1,0,0,0,0,0,0,0,0,0,1,0,0,0,0
191.89652945421287,3.601026526803062,1.1709752195744778,7.44023161197452,1.0370981045764127,0.0,104889.93010435402,0.1135352645114028,1.970767,1.445753,1.5465950000000002,127.63234,13.02527,0.0,195.8127851573602,0.0231731213406904,0.7581999218474429,44.61557130167701,0.0231731213406904,0.7581999218474429,7.4359285502795,0.0231731213406904,0.7581999218474429,5.74378915254437,187.93068152283624,0.995878245140277,0,0,0,1,0,0,0,0,0,1,0,0,0,0,0,0,0,0,0,0,0,1,0,0,0
58.36658413847223,8.359115770884923,1.7447183480937418,12.777382992440277,2.277319732329828,0.0,170713.62589928057,0.1387513425531719,1.4960129999999998,1.46478,2.388995,119.727786,0.371854,0.0,59.5577389168084,0.046353847180297,0.6357706751489198,13.570117727880394,0.046353847180297,0.6357706751489198,2.261686287980065,0.046353847180297,0.6357706751489198,3.494595352093375,47.93046060947135,0.0986211565526489,0,0,0,0,0,0,1,0,0,0,0,1,0,0,1,0,0,0,0,0,0,0,0,0,0
54.14624746347224,41.52956413768587,4.174973179396393,6.107414698429245,1.1017846450102415,0.0,184246.8465696193,0.1289926160046522,1.745984,1.3891639999999998,0.8531850000000001,131.116944,1.136751,0.0,55.25127292191045,0.0356205065365253,0.6319011862585242,12.588897627777063,0.0356205065365253,0.6319011862585242,2.0981496046295103,0.0356205065365253,0.6319011862585242,2.49123839021045,44.19410747044138,0.5838541068650892,0,0,1,0,0,0,0,0,0,0,1,0,0,0,0,1,0,0,0,0,0,0,0,0,0
43.34610093185185,11.351754585901896,3.458572576371886,10.287137990946963,2.284355498618073,0.0,224507.0202338129,0.1369771317219277,1.431108,1.452546,2.671678,126.417349,1.134436,0.0,44.23071523658352,0.0399500044970108,0.6219988845615274,10.077884484284851,0.0399500044970108,0.6219988845615274,1.6796474140474753,0.0399500044970108,0.6219988845615274,2.236730724819641,34.824627266472795,0.5464446282873657,0,0,0,0,0,0,0,1,0,0,0,1,0,1,0,0,0,0,0,0,0,0,0,0,0
30.073322836898143,9.849005617414202,2.7942509068001944,9.362073166479025,1.5354108294422963,0.0,157276.42822616905,0.129838647352134,1.013856,1.203315,0.182725,139.242936,1.13474,0.754625,30.687064119283825,0.0276235915280987,0.6098295077231001,6.991989293001378,0.0276235915280987,0.6098295077231001,1.1653315488335627,0.0276235915280987,0.6098295077231001,1.0730214233261666,23.68845215864565,0.5684685722854849,0,0,0,0,0,0,1,0,0,0,0,1,0,0,0,1,0,0,0,0,0,0,0,0,0
54.045588691527776,28.65741331236703,3.1245511507244705,7.951725031260392,0.876631307944977,0.0,129609.87911701888,0.1283580130703157,1.7716599999999998,1.450132,1.438309,114.109713,1.136178,0.0,55.14855988931406,0.0088964609089066,0.6318088955173453,12.565494658324722,0.0088964609089066,0.6318088955173453,2.0942491097207867,0.0088964609089066,0.6318088955173453,0.6210468446047855,44.1055072316958,0.2092811157635826,0,0,0,0,0,0,1,0,0,0,0,1,0,0,0,0,0,0,0,1,0,0,0,0,0
12.09346155212963,53.16751403808594,6.25443992626181,6.039544703577348,1.3179987058650962,0.0,189988.1701794814,0.122043576386335,0.74753,1.104007,1.1706,167.226652,0.0,0.511544,12.340266889928197,0.0220344590283387,0.5933443600086071,2.81170637998364,0.0220344590283387,0.5933443600086071,0.4686177299972731,0.0220344590283387,0.5933443600086071,0.3441912723859343,9.26838956979728,0.1181270990007108,0,0,1,0,0,0,0,0,0,1,0,0,0,0,0,1,0,0,0,0,0,0,0,0,0
127.12877041175926,12.789592646417164,1.8905515716516144,9.884186328457986,6.7790277781818125,0.0,173710.00929256596,0.1384737767654357,3.539209,1.478038,1.348789,81.258402,0.372344,0.275363,129.72323511404008,0.0793243852574742,0.6988164784470184,29.557192810793943,0.0793243852574742,0.6988164784470184,4.926198801798989,0.0793243852574742,0.6988164784470184,13.025589720293704,114.75029662676975,0.3883028935282562,0,0,0,0,0,1,0,0,0,0,1,0,0,0,0,0,1,0,0,0,0,0,0,0,0
23.519810529953705,34.20959884552729,0.3421286865898544,3.71994240392598,0.3071848556435079,0.0,93365.23396282972,0.1146280166002915,0.979738,1.401726,1.368778,138.66937,1.136136,0.0,23.999806663218067,0.0063870995544307,0.6038208062811014,5.468310378961078,0.0063870995544307,0.6038208062811014,0.9113850631601796,0.0063870995544307,0.6038208062811014,0.1940369043608393,18.343775455664407,0.9592398502013486,0,0,0,0,0,0,0,0,1,0,0,1,0,0,0,0,0,0,0,0,0,1,0,0,0
42.275004024722215,5.859084024315789,1.801234534604372,11.56764422789466,2.0814357535730448,0.0,182140.9486285972,0.1383978674987808,1.428018,1.474723,0.251582,114.566412,0.370071,0.0,43.13775920890022,0.0395042854126385,0.6210168307819731,9.828856528610176,0.0395042854126385,0.6210168307819731,1.6381427547683625,0.0395042854126385,0.6210168307819731,2.157121964367177,33.91047406448999,0.1320023597917525,0,0,0,0,0,0,1,0,0,0,0,0,1,0,0,0,0,0,1,0,0,0,0,0,0
67.47266441337963,6.905531895160675,0.5314325789610544,8.00624612309664,2.2671785934937656,0.0,169098.83273381295,0.1345806007655404,2.3403240000000003,1.524316,0.707649,93.687615,1.143232,0.0,68.8496575646731,0.0302253003657708,0.6441197428115857,15.687263748912857,0.0302253003657708,0.6441197428115857,2.6145439581521424,0.0302253003657708,0.6441197428115857,2.6341792151553336,56.13597939648479,0.9092813628936298,0,0,0,0,0,1,0,0,0,0,1,0,0,0,0,0,1,0,0,0,0,0,0,0,0
26.74799386175926,11.908853284517924,7.6833522871529745,8.086656506970632,1.988837510847645,0.0,210326.8367243705,0.1303115707042692,0.959185,1.312361,3.282028,152.960534,1.134434,0.0,27.293871287509447,0.0332064582604572,0.6067806221679658,6.218856749052785,0.0332064582604572,0.6067806221679658,1.0364761248421308,0.0332064582604572,0.6067806221679658,1.1472567059176904,20.96378759646501,0.8962972899894922,0,0,1,0,0,0,0,0,0,0,0,1,0,0,0,0,1,0,0,0,0,0,0,0,0
51.110980715833335,8.496502348354884,2.7815554179161857,10.795888444502577,1.8781889908605345,0.0,179494.4303057554,0.1386351097795031,1.599958,1.45496,2.265792,120.084124,0.371249,0.0,52.154061954931976,0.0432247510321445,0.629118249288365,11.883203989731337,0.0432247510321445,0.629118249288365,1.980533998288556,0.0432247510321445,0.629118249288365,2.853602966224018,41.5330027219794,0.1865529727090751,0,0,1,0,0,0,0,0,0,0,0,0,1,1,0,0,0,0,0,0,0,0,0,0,0
56.70423786907407,6.490486974375589,0.9911429604752172,4.469317708941673,0.6084087173358428,0.0,143528.36349670263,0.1354002088880081,1.774159,1.444935,0.652871,150.255767,1.134346,0.0,57.86146721334089,0.0162902796931988,0.6342465241352031,13.18362544101438,0.0162902796931988,0.6342465241352031,2.1972709068357297,0.0162902796931988,0.6342465241352031,1.1931385878027596,46.45371450813225,0.5148300732816425,0,0,0,0,0,0,0,1,0,1,0,0,0,0,0,0,0,0,1,0,0,0,0,0,0
179.53864133046295,48.73577428772336,2.5164842540554577,10.160513123162358,2.3573291690515386,0.0,203110.1018060552,0.1268833282111074,2.646847,1.50844,0.840775,116.093174,0.013491,0.0,183.2026952351663,0.1084825894561521,0.746869377749654,41.74238625611384,0.1084825894561521,0.746869377749654,6.957064376018972,0.1084825894561521,0.746869377749654,25.15734528412291,173.20061138271916,0.843437518943032,0,0,0,1,0,0,0,0,0,1,0,0,0,1,0,0,0,0,0,0,0,0,0,0,0
35.152950404212966,5.753221893310547,0.6901035175906668,3.6650949370660943,0.5598613138822057,0.0,172289.84642910672,0.1389274140306228,1.1605530000000002,1.336462,0.281458,148.98164,0.503255,0.0,35.87035755531935,0.0365775762062939,0.6144868523741811,8.172992860705675,0.0365775762062939,0.6144868523741811,1.362165476784279,0.0365775762062939,0.6144868523741811,1.6608237177553231,27.90109254139825,0.2918910582748157,0,0,0,0,0,1,0,0,0,0,1,0,0,0,0,0,0,0,1,0,0,0,0,0,0
1.170796,8.23357124782744,3.0537300715915303,10.968584355690496,1.96090373060972,0.0,174384.52525479617,0.1383857173706701,0.998172,0.341951,0.7474810000000001,517.03972,6.99999,0.0,30.413760169879065,0.0338594986101853,0.6095839359254414,6.929717507061053,0.0338594986101853,0.6095839359254414,1.1549529178435087,0.0338594986101853,0.6095839359254414,1.3035375572183932,23.468024848920635,0.8421398582688858,1,0,0,0,0,0,0,0,0,0,1,0,0,1,0,0,0,0,0,0,0,0,0,0,0
46.90263450152778,4.915201280230567,3.733070556494258,9.455614378126404,1.5119149473359546,0.0,129689.61520158872,0.1155765912980198,1.419679,1.432782,1.219365,124.870418,1.136254,0.0,47.85983112400794,0.0248642619157776,0.6252597540598548,10.904771648508138,0.0248642619157776,0.6252597540598548,1.8174619414180224,0.0248642619157776,0.6252597540598548,1.50632832444585,37.87952688347264,0.5044135138305602,0,0,0,0,0,1,0,0,0,0,0,1,0,0,0,0,1,0,0,0,0,0,0,0,0
5.100601999999999,49.519266264779226,13.215666305532844,8.89088238800744,1.8926629537015225,0.0,175050.93283498203,0.1387200545993068,1.230033,0.463232,1.156779,526.571614,0.0,0.0,132.49830538369235,0.0700571348246799,0.7013099623364091,30.189487302613447,0.0700571348246799,0.7013099623364091,5.03158121710224,0.0700571348246799,0.7013099623364091,11.74993879026196,117.62326779528522,0.6991138798181694,0,0,0,1,0,0,0,0,0,1,0,0,0,1,0,0,0,0,0,0,0,0,0,0,0
57.78959095027778,4.47567636399042,0.2970198563141503,2.510614305663166,0.4295201146488281,0.0,162592.50100232314,0.1299251441260893,1.807161,1.496492,1.534261,120.93748,1.7318759999999995,6.1e-05,58.9689703574263,0.0461025651533933,0.6352416489352583,13.435967929540167,0.0461025651533933,0.6352416489352583,2.2393279882566945,0.0461025651533933,0.6352416489352583,3.44129214928072,47.41714679223525,0.5868374669353764,0,0,0,1,0,0,0,0,0,1,0,0,0,0,0,1,0,0,0,0,0,0,0,0,0
1.209166,46.17919767924717,4.681853395285938,7.5059862594238576,1.5271311356223745,0.0,165986.4920376199,0.1389435944761589,1.038484,0.38111,0.435906,539.370665,0.0,0.0,31.410497413359792,0.0342129265660565,0.6104795342408261,7.156822195449067,0.0342129265660565,0.6104795342408261,1.192803699241511,0.0342129265660565,0.6104795342408261,1.3603101789956789,24.272741558456406,0.0644014261607613,1,0,0,0,0,0,0,0,0,1,0,0,0,1,0,0,0,0,0,0,0,0,0,0,0
67.66115140060187,5.119549425159182,0.5267845186040842,5.675792709528971,0.6314064781728694,0.0,125455.47862335132,0.1311343171738749,2.3009880000000003,1.620309,1.209475,82.149106,1.135958,0.0,69.04199122510394,0.0180141686638133,0.6442925603754927,15.73108660825153,0.0180141686638133,0.6442925603754927,2.621847768041921,0.0180141686638133,0.6442925603754927,1.5743469301449928,56.30790037955002,0.3703620388835059,0,0,1,0,0,0,0,0,0,0,0,1,0,0,0,0,0,0,1,0,0,0,0,0,0
57.609810412222224,35.37797930354164,1.0437810057930523,6.101741294494921,1.0102836645835882,0.0,128703.545699378,0.1006646235104945,1.36195,1.443503,2.752161,128.620924,1.135305,0.0,58.78552082879819,0.0276146139397699,0.6350768140303,13.394169302764144,0.0276146139397699,0.6350768140303,2.2323615504606904,0.0276146139397699,0.6350768140303,2.054860079665272,47.25736870767721,0.3331855123660769,0,0,0,1,0,0,0,0,0,0,1,0,0,0,0,0,1,0,0,0,0,0,0,0,0
28.861395295879635,4.641688628423782,5.857188855715507,9.995687671130796,1.6161267272860027,0.0,143941.30868742507,0.1214793329562643,1.108163,1.292229,0.556421,139.128425,1.136817,0.377702,29.450403363142485,0.0204274088833566,0.6087183309338844,6.7102184878046165,0.0204274088833566,0.6087183309338844,1.118369747967436,0.0204274088833566,0.6087183309338844,0.7615132041502443,22.692405544989555,0.0033924848724744,0,0,0,0,0,0,0,0,1,0,0,1,0,0,0,0,1,0,0,0,0,0,0,0,0
33.49984519050926,8.814767650195531,57.46101830410715,8.417630925167092,1.855223023920036,0.0,175225.28362934652,0.124988955943633,1.271355,1.360685,0.6772199999999999,129.14322,1.13478,0.0,34.183515500519654,0.0359074572831759,0.6129711741826819,7.788649101384225,0.0359074572831759,0.6129711741826819,1.2981081835640371,0.0359074572831759,0.6129711741826819,1.5537254716755602,26.52342991651321,0.1324433170220958,0,0,0,0,0,1,0,0,0,0,1,0,0,1,0,0,0,0,0,0,0,0,0,0,0
80.29336904546297,23.999361134710767,1.596712430889944,6.859442602244498,1.735431065483631,0.0,176780.12554331534,0.1311765120898505,2.3614610000000003,1.5025879999999998,1.354195,96.139571,1.136731,0.0,81.93200923006425,0.0742894696760622,0.6558746282534896,18.668052735964007,0.0742894696760622,0.6558746282534896,3.1113421226606675,0.0742894696760622,0.6558746282534896,7.704665209108496,68.02167860231629,0.0038003438103655,0,0,0,0,0,1,0,0,0,0,0,1,0,0,0,0,0,0,0,0,0,0,0,0,1
0.7434930000000001,21.45800265357608,4.371376944388703,7.364359240451876,1.2666400535215292,0.0,168341.8961143585,0.138765573876796,0.655111,0.326812,0.2363579999999999,538.1000849999999,1.3865299999999998,0.0,19.31371288421202,0.0299235896754027,0.599610210437851,4.400592809060966,0.0299235896754027,0.599610210437851,0.7334321348434943,0.0299235896754027,0.599610210437851,0.73156407526038,14.659113223846337,0.2937148229619633,0,1,0,0,0,0,0,0,0,0,0,1,0,1,0,0,0,0,0,0,0,0,0,0,0
46.15031582967592,11.12852483931042,3.131452293418866,12.774872539712373,2.412806036375124,0.0,204329.4639163669,0.1334424413722768,1.495282,1.42509,1.482105,124.432212,1.135912,0.0,47.09215900987338,0.0328990600556383,0.6245699776351415,10.72985901490786,0.0328990600556383,0.6245699776351415,1.7883098358179763,0.0328990600556383,0.6245699776351415,1.9611237562221453,37.23082113871791,0.2057074462791609,0,0,0,0,0,0,1,0,0,0,0,0,1,0,0,1,0,0,0,0,0,0,0,0,0
1.7311299999999998,35.63162948517572,9.378109479693771,6.968239619577531,1.20367749031785,0.0,168959.12496252998,0.1380475019808295,0.8369260000000001,0.458813,1.191784,496.55698600000005,4.843238,0.0,44.96955288784958,0.0390207626243918,0.6226627523563194,10.246227240269524,0.0390207626243918,0.6226627523563194,1.7077045400449204,0.0390207626243918,0.6226627523563194,2.2211977829896346,35.44413363719176,0.8167136948040482,0,0,1,0,0,0,0,0,0,0,0,1,0,1,0,0,0,0,0,0,0,0,0,0,0
84.82510129416666,5.357544736067454,1.334718414276338,11.654196830676328,3.05799552719656,0.0,207893.3977068345,0.1316843056242814,2.418164,1.4738639999999998,0.91786,86.51128800000001,1.1439469999999998,0.0,86.55622581037414,0.0583303481160327,0.6600296255773954,19.72167170362955,0.0583303481160327,0.6600296255773954,3.286945283938258,0.0583303481160327,0.6600296255773954,6.390955421682355,72.31604216837182,0.3919314976516007,0,0,0,1,0,0,0,0,0,0,0,1,0,1,0,0,0,0,0,0,0,0,0,0,0
41.74943489300925,23.28339892001379,5.245757411709793,6.5558241208394366,1.181284258405653,0.0,195782.8307853717,0.1365250817341484,1.331135,1.302623,1.833023,154.70488500000002,1.137026,0.0,42.601464176540055,0.0314288887211209,0.6205349536065465,9.70666272376862,0.0314288887211209,0.6205349536065465,1.617777120628103,0.0314288887211209,0.6205349536065465,1.6948312366598686,33.46290834982309,0.6402889813702174,0,0,0,0,0,0,1,0,0,0,1,0,0,0,0,1,0,0,0,0,0,0,0,0,0
51.073125482175925,7.2413066194171,1.1927930249584664,5.614532206270049,1.103944168959876,0.0,177077.0592026379,0.1377517047474424,1.73758,1.555659,0.632685,105.85787,0.370853,0.0,52.11543416548564,0.0432086004868556,0.6290835410607137,11.874402721249892,0.0432086004868556,0.6290835410607137,1.979067120208315,0.0432086004868556,0.6290835410607137,2.850424017791765,41.49995173258255,0.3134901373998928,0,0,0,0,0,0,1,0,0,1,0,0,0,0,1,0,0,0,0,0,0,0,0,0,0
1.011775,25.232708710715883,2.6434959816418107,7.635690561015543,1.183904025694735,0.0,167167.97444544366,0.1384206126741082,0.841724,0.348416,0.892234,551.28595,4.666228,0.0,26.282872674555943,0.0323947483633627,0.6058722095842687,5.988502634708949,0.0323947483633627,0.6058722095842687,0.9980837724514914,0.0323947483633627,0.6058722095842687,1.0777557551373942,20.15704068551292,0.856198669972397,1,0,0,0,0,0,0,0,0,1,0,0,0,1,0,0,0,0,0,0,0,0,0,0,0
38.93414600282407,2.984060047354017,0.6711094185745687,2.323020629745593,0.2699370761033442,0.0,179275.9474857614,0.1374224276779938,1.315382,1.306019,0.31723,163.560013,2.524133,0.008164,39.728720411044975,0.0381233929937901,0.6179537071509362,9.052113511377335,0.0381233929937901,0.6179537071509362,1.5086855852295558,0.0381233929937901,0.6179537071509362,1.9172071156590889,31.0765950105928,0.7865473793498698,0,0,0,0,0,1,0,0,0,0,1,0,0,0,0,0,1,0,0,0,0,0,0,0,0
1.399518,8.633636544999622,1.5687775889174829,15.158596683749192,3.1471235360458887,0.0,169795.88487335132,0.1389283332750379,1.168854,0.336796,0.77693,611.630787,4.950616,0.0,36.35527009438776,0.035966268193786,0.6149225608379102,8.2834792620124,0.035966268193786,0.6149225608379102,1.3805798770020663,0.035966268193786,0.6149225608379102,1.655143537306684,28.298323780246594,0.0204002796992742,0,1,0,0,0,0,0,0,0,0,1,0,0,1,0,0,0,0,0,0,0,0,0,0,0
51.598261837175926,15.387146913437617,1.1043322578751498,4.956109179867258,0.9557219847357816,0.0,160904.27571380397,0.1309199738059398,1.67825,1.364654,0.955349,148.30991799999998,4.751823,0.035366,52.65128758895503,0.0434328068184007,0.6295650214373038,11.996495906344183,0.0434328068184007,0.6295650214373038,1.999415984390697,0.0434328068184007,0.6295650214373038,2.8946749399887937,41.95874556916724,0.638353669340083,0,0,1,0,0,0,0,0,0,1,0,0,0,1,0,0,0,0,0,0,0,0,0,0,0
31.632235471898152,51.01564581053598,4.872396544586841,7.279076682577888,1.091551499544002,0.0,177169.009367506,0.1325649632324131,1.063939,1.284823,1.592965,164.656901,1.135598,0.0,32.27779129785526,0.0210927333796054,0.6112588238148619,7.354433460270818,0.0210927333796054,0.6112588238148619,1.225738910045136,0.0210927333796054,0.6112588238148619,0.8618061340863413,24.97479081527669,0.8531880632586594,0,0,0,0,1,0,0,0,0,1,0,0,0,0,0,0,1,0,0,0,0,0,0,0,0
78.39197728578704,7.007591848146348,4.5270550079482925,8.42576810438856,2.098021487252032,0.0,159559.47206609714,0.1228658653241839,1.742313,1.43937,3.665466,123.435477,0.0,0.0,79.99181355692555,0.044269330871852,0.6541313042353043,18.22598283575519,0.044269330871852,0.6541313042353043,3.037663805959198,0.044269330871852,0.6541313042353043,4.482511470115241,66.23436624068228,0.156408563743146,0,0,0,0,0,1,0,0,0,1,0,0,0,0,0,1,0,0,0,0,0,0,0,0,0
29.206343793564816,61.442673197246734,7.173207916875484,5.648114477701896,1.060789479769105,0.0,229170.2264407224,0.1398467848198019,1.10444,1.378198,1.355192,135.452325,1.135852,0.0135699999999999,29.802391626086543,0.0615297546858315,0.6090346029477876,6.790418345184277,0.0615297546858315,0.6090346029477876,1.131736390864046,0.0615297546858315,0.6090346029477876,2.3211820832964376,22.97555411504821,0.0219970178127081,0,0,0,0,0,0,0,0,1,0,0,1,0,0,0,0,0,0,0,0,0,0,1,0,0
62.755703731527774,4.63623328492755,0.9737799144763168,3.184288990297478,0.4250902324486121,0.0,159584.94465677458,0.1350089383604143,1.397966,1.415597,0.242005,136.307492,4.757201,0.0,64.03643237910997,0.0482791465155091,0.6397949155856016,14.59057952941746,0.0482791465155091,0.6397949155856016,2.43176325490291,0.0482791465155091,0.6397949155856016,3.913448482482964,51.86099221315917,0.632478977070659,0,0,0,0,0,1,0,0,0,1,0,0,0,1,0,0,0,0,0,0,0,0,0,0,0
99.32818721171296,32.83535692805336,0.4982664401618411,4.384719252300491,1.296631487868101,0.0,159972.3307760042,0.1135649188584703,2.314918,1.457129,2.006196,131.594022,7.611264,0.0,101.3552930731765,0.0652720349590335,0.6733270314850412,23.093611079964266,0.0652720349590335,0.6733270314850412,3.848935179994044,0.0652720349590335,0.6733270314850412,8.374261054120838,86.38640330412441,0.7157609926995671,0,0,0,1,0,0,0,0,0,0,0,1,0,1,0,0,0,0,0,0,0,0,0,0,0
44.011456941851854,12.892993424052284,0.608310816492394,3.703868574947476,0.5306899848458864,0.0,161706.40303694544,0.1176680485568315,1.498861,1.190098,0.12644,144.32941499999998,1.134954,0.402465,44.90964994066516,0.0272944362101022,0.6226089277611858,10.232578467493328,0.0272944362101022,0.6226089277611858,1.705429744582221,0.0272944362101022,0.6226089277611858,1.5516247791436812,35.39385948821233,0.1498570281116817,0,0,0,1,0,0,0,0,0,0,1,0,0,0,0,0,0,0,0,0,1,0,0,0,0
49.8535861625,4.846742712316059,1.2369828530066878,9.621545877388057,1.6408478254608685,0.0,141201.75488983814,0.1255071157638689,1.72395,1.415802,0.545938,121.061284,1.135349,0.215405,50.8710062882653,0.0170757077250592,0.627965385280195,11.590862192262978,0.0170757077250592,0.627965385280195,1.931810365377163,0.0170757077250592,0.627965385280195,1.0995676393140148,40.43700134607816,0.519706372391788,0,0,0,0,0,0,0,1,0,1,0,0,0,0,0,0,0,1,0,0,0,0,0,0,0
784.324928233565,4.448530650422686,4.473603210432066,14.081534767608275,2.811325314805376,0.0,255641.9198235162,0.1132204391294531,5.035758,1.616177,0.192208,119.800519,22.898536,0.0,800.3315594220051,0.6970777497340928,1.301378176087454,182.35402619741888,0.6970777497340928,1.301378176087454,30.392337699569808,0.6970777497340928,1.301378176087454,706.1940790924918,1318.397500083338,0.8391655805488819,0,0,1,0,0,0,0,0,0,1,0,0,0,1,0,0,0,0,0,0,0,0,0,0,0
25.734023480740746,18.69490621430533,3.848865728441188,6.737868706957042,1.3205755292225798,0.0,216586.30631744603,0.1384165028659559,0.8282,1.316003,1.614358,151.016063,1.137015,0.0,26.25920763340892,0.0328058261974348,0.6058509458348469,5.983110600017223,0.0328058261974348,0.6058509458348469,0.9971851000028702,0.0328058261974348,0.6058509458348469,1.0904493692455286,20.138184533638515,0.3406476570622836,0,0,1,0,0,0,0,0,0,0,0,1,0,1,0,0,0,0,0,0,0,0,0,0,0
43.27499826365741,7.125328596433004,1.4608399151898117,5.309758093717287,0.8730921625233382,0.0,196934.06900104915,0.13770502853951,1.49898,1.260927,0.6296729999999999,171.289469,1.135816,0.0,44.15816149352797,0.0399203712072122,0.6219336928467797,10.061353251689916,0.0399203712072122,0.6219336928467797,1.676892208614986,0.0399203712072122,0.6219336928467797,2.231405314746411,34.763858793663694,0.4781511772886324,0,0,0,0,0,1,0,0,0,0,0,1,0,0,1,0,0,0,0,0,0,0,0,0,0
36.56184226453704,28.38010230972653,1.0135633090703036,4.453088045120239,0.5640062764108323,0.0,122403.7745241307,0.1143206672416888,1.304025,1.321281,0.115893,148.14383999999998,1.134389,0.273579,37.30800231075208,0.0132630622678161,0.6157786193162801,8.50055748852579,0.0132630622678161,0.6157786193162801,1.4167595814209648,0.0132630622678161,0.6157786193162801,0.626352351563711,29.08034196501709,0.0700280381068616,0,0,0,0,0,0,0,0,1,1,0,0,0,0,0,0,0,0,0,0,0,0,0,1,0
139.2005931282407,26.4278202579135,1.0198508341678327,5.167060649652275,0.7133225967986978,0.0,96522.55094518136,0.1129644173387286,1.968993,1.483193,3.107519,123.136999,0.0,0.0,142.0414215594293,0.0171463296763086,0.709884738513794,32.36386820341427,0.0171463296763086,0.709884738513794,5.3939780339023775,0.0171463296763086,0.709884738513794,3.082897521201919,127.6367562048646,0.6334420031619137,0,0,0,1,0,0,0,0,0,1,0,0,0,0,0,0,0,0,0,0,0,1,0,0,0
41.91651216166667,12.47201417173658,2.252759400317423,8.856865339713703,1.735284761130381,0.0,221533.2252323141,0.1379970802123741,1.428148,1.37296,1.400534,149.281622,1.136718,0.0,42.77195118537415,0.0393554301039877,0.6206881412985942,9.745507865021958,0.0393554301039877,0.6206881412985942,1.6242513108369927,0.0393554301039877,0.6206881412985942,2.130770297831857,33.60511757084061,0.7209105442920722,0,0,0,0,0,0,0,1,0,1,0,0,0,1,0,0,0,0,0,0,0,0,0,0,0
31.69549724435185,4.480777647949401,4.996210837535721,8.806036599248433,1.7570672333955193,0.0,197814.2650348472,0.1248417176056108,1.200849,1.384868,1.383828,146.43763,1.1344610000000002,0.000138,32.34234412688964,0.0351799863560547,0.6113168264683341,7.36914169979764,0.0351799863560547,0.6113168264683341,1.2281902832996066,0.0351799863560547,0.6113168264683341,1.4402572469706385,25.027112876198657,0.5274636206984454,0,0,0,0,0,1,0,0,0,0,0,0,1,1,0,0,0,0,0,0,0,0,0,0,0
48.48517165356481,2.430691186870848,0.3516746519995536,2.998975680743476,0.3784065655738615,0.0,156033.2537844724,0.1341860334900357,1.371218,1.312934,0.7844899999999999,155.52786,41.647662,0.02933,49.474664952617154,0.0421087872267369,0.626710730699875,11.272708470216566,0.0421087872267369,0.626710730699875,1.8787847450360944,0.0421087872267369,0.626710730699875,2.637111569118802,39.24848534631164,0.0824498838125036,0,0,0,0,0,0,0,0,1,1,0,0,0,0,0,1,0,0,0,0,0,0,0,0,0
63.23578039347223,7.548486451307933,1.043791583616385,8.187755574425347,1.6238889188217602,0.0,177042.83213429258,0.1324225567656455,2.163713,1.584465,1.111708,83.882469,1.13684,0.0,64.52630652395126,0.0484912162592038,0.6402350822009659,14.702196423178767,0.0484912162592038,0.6402350822009659,2.4503660705297943,0.0484912162592038,0.6402350822009659,3.960707701342531,52.29367741960336,0.248464862937521,0,0,0,0,0,0,1,0,0,0,0,1,0,1,0,0,0,0,0,0,0,0,0,0,0
46.99242294074074,6.522737019970304,3.692705774478775,8.967395345655849,1.5397261208195767,0.0,170335.2212136541,0.1294020107574314,1.558277,1.378607,1.836274,128.478433,1.134463,0.272313,47.95145198034769,0.0414782717319816,0.6253420781479018,10.9256472866615,0.0414782717319816,0.6253420781479018,1.820941214443583,0.0414782717319816,0.6253420781479018,2.5176498166885173,37.95703877417715,0.3771308414950658,0,0,0,0,0,1,0,0,0,0,1,0,0,0,1,0,0,0,0,0,0,0,0,0,0
4.056139,3.8987832693826574,0.640753334446205,11.06480594561826,17.490292080586478,0.0,209218.1673785972,0.1381395909783365,3.304183,0.4933479999999999,0.233641,473.524124,0.8441930000000001,0.010705,105.36629674315006,0.0604365347967142,0.6769310386126226,24.007510650337988,0.0604365347967142,0.6769310386126226,4.001251775056331,0.0604365347967142,0.6769310386126226,8.060726404453556,90.28571732798274,0.8087581583620918,0,1,0,0,0,0,0,0,0,0,1,0,0,1,0,0,0,0,0,0,0,0,0,0,0
37.41642352791667,38.74743520418803,3.494929573232893,8.991997806860102,1.5019650023332316,0.0,187010.9017161271,0.1377646656309386,1.28161,1.302418,1.980098,153.497545,0.37,0.259347,38.18002400807824,0.0375007432193443,0.6165621569719785,8.699245976524155,0.0375007432193443,0.6165621569719785,1.4498743294206922,0.0375007432193443,0.6165621569719785,1.812378830930813,29.7979214628641,0.3513976807019836,0,0,0,0,0,0,1,0,0,0,1,0,0,0,1,0,0,0,0,0,0,0,0,0,0
63.86239015893518,7.341072106361389,1.1980762092901365,4.475361902936757,0.7372994650182106,0.0,187442.50599520383,0.1372368601586321,1.778248,1.428977,0.481577,150.12880900000002,0.369715,0.0,65.1657042438114,0.0487684556257408,0.6408096002341919,14.847881979602596,0.0487684556257408,0.6408096002341919,2.4746469966004327,0.0487684556257408,0.6408096002341919,4.022823741436035,52.85925175374224,0.1336099807213532,0,0,0,0,0,1,0,0,0,0,0,0,1,0,0,1,0,0,0,0,0,0,0,0,0
32.36706487305555,11.669429172788348,2.502465660080796,7.625509554247776,1.485959057041781,0.0,109852.96116232016,0.1286074650480592,1.092635,1.201187,0.376465,168.259229,1.136701,0.0,33.02761721740362,0.0126557443092543,0.6119325648983537,7.525279872319813,0.0126557443092543,0.6119325648983537,1.254213312053302,0.0126557443092543,0.6119325648983537,0.5291000995536562,25.58313229914788,0.7319997403581902,0,0,0,0,1,0,0,0,0,0,0,0,1,0,0,0,0,0,1,0,0,0,0,0,0
47.96291199083333,15.75807196299235,3.000250280475159,5.373828059477772,0.7581484870944949,0.0,183967.06742730807,0.1323257617348675,1.633594,1.328524,0.3029969999999999,130.48696,1.136722,0.104017,48.94174692942176,0.0167551483122633,0.6262318878684933,11.15128411050116,0.0167551483122633,0.6262318878684933,1.8585473517501927,0.0167551483122633,0.6262318878684933,1.0380078841312952,38.79605389265041,0.3309542528254662,0,0,0,0,0,0,1,0,0,0,0,0,1,0,0,0,0,1,0,0,0,0,0,0,0
14.223537618425928,41.67790889512925,27.741747043687376,5.978380173516216,1.191962339609361,0.0,173402.26710506596,0.1346440879489592,0.794841,1.206793,0.5866560000000001,165.11023,0.370894,0.294323,14.513813896352987,0.0283493394288825,0.59529735720029,3.3069449384095413,0.0283493394288825,0.59529735720029,0.5511574897349235,0.0283493394288825,0.59529735720029,0.5208316918422057,10.936753234678196,0.0395795548405254,0,0,1,0,0,0,0,0,0,0,0,1,0,0,1,0,0,0,0,0,0,0,0,0,0
60.82200646310185,4.530762902327946,0.3615415566009011,2.664742924612489,0.5574754914648528,0.0,158728.89509330035,0.1333180229655272,1.405443,1.413142,0.613052,149.991371,0.097985,0.0,62.06327190112434,0.0474279130868239,0.6380219717013172,14.140998661015672,0.0474279130868239,0.6380219717013172,2.356833110169278,0.0474279130868239,0.6380219717013172,3.72598919697525,50.123710264038365,0.6990987622091236,0,0,0,0,0,0,0,0,1,1,0,0,0,0,0,0,0,0,0,0,0,0,0,1,0
23.025706811018523,22.04497416814168,1.264006772916094,4.304809189528871,0.5505657455117868,0.0,141934.2662245204,0.124824671927902,0.858944,1.250943,1.663589,159.965528,1.137027,0.0,23.49561919491686,0.011331941128257,0.6033677787152086,5.353432221626626,0.011331941128257,0.6033677787152086,0.8922387036044376,0.011331941128257,0.6033677787152086,0.3370265487199289,17.944936155918235,0.3545784736257245,0,0,0,0,0,1,0,0,0,1,0,0,0,0,0,0,0,0,0,0,0,0,0,1,0
1.214688,6.614297760100592,2.9463885207828,10.80079201943011,1.840421160919775,0.0,171904.33127248203,0.1387834852154878,0.980439,0.397027,0.5978439999999999,535.6896320000001,0.299165,0.0,31.553942371882084,0.0342637899794607,0.6106084238394072,7.189505856884525,0.0342637899794607,0.6106084238394072,1.1982509761474207,0.0342637899794607,0.6106084238394072,1.368553992979968,24.388737996980257,0.4154061714668176,1,0,0,0,0,0,0,0,0,1,0,0,0,1,0,0,0,0,0,0,0,0,0,0,0
98.20156759805556,4.059518178587868,3.534196787600895,9.311488458006789,1.499360810795562,0.0,161770.5017517236,0.1194781393563147,2.541267,1.5304950000000002,0.779874,96.480906,7.620282,0.0,100.20568122250566,0.064723235735599,0.6722940707488579,22.831674202596226,0.064723235735599,0.6722940707488579,3.805279033766037,0.064723235735599,0.6722940707488579,8.209665731405725,85.27555106486167,0.8487437388652326,0,0,0,0,0,1,0,0,0,0,1,0,0,1,0,0,0,0,0,0,0,0,0,0,0
397.94717405060186,4.986688508873894,0.7805368650159675,10.670780371704833,4.372873847719005,0.0,202860.2855028477,0.132858450392739,4.441154,1.572435,0.6778029999999999,71.049305,12.92856,0.0,406.0685449495937,0.2675140463192632,0.9471210296935584,92.52194695054034,0.2675140463192632,0.9471210296935584,15.42032449175672,0.2675140463192632,0.9471210296935584,137.5051133448626,486.8304536947142,0.5128025754334662,0,0,0,1,0,0,0,0,0,0,0,1,0,1,0,0,0,0,0,0,0,0,0,0,0
27.06351354296296,54.22219095684233,5.279724245162891,8.366161224081647,1.3908695417056554,0.0,195793.00762514988,0.1361400759298738,0.906557,1.281427,0.182505,153.832328,1.13706,0.0,27.61583014588057,0.0333313900229926,0.607069911860978,6.292214463618358,0.0333313900229926,0.607069911860978,1.0487024106030596,0.0333313900229926,0.607069911860978,1.1651569688621044,21.221189332439824,0.7711752881240002,0,0,0,0,1,0,0,0,0,0,0,0,1,0,1,0,0,0,0,0,0,0,0,0,0
137.1203372988426,11.03305248305911,7.050748071510443,10.22702948481059,2.4945599235219063,0.0,326528.23446867504,0.1503173556866691,2.096141,1.486058,0.31181,116.976998,1.13656,0.0,139.91871152943122,0.1793824079511878,0.7079774198705397,31.88021275354129,0.1793824079511878,0.7079774198705397,5.313368792256881,0.1793824079511878,0.7079774198705397,31.77082960959113,125.39150427875576,0.8586895774288804,0,0,0,0,0,1,0,0,0,0,0,0,1,0,0,0,0,0,0,0,0,0,1,0,0
52.12138705333333,58.18007230758667,11.683552208564263,7.62739736113331,2.512712970197344,0.0,196972.78480965228,0.1308269363513095,1.457196,1.444567,1.7393490000000005,125.215495,1.464911,0.0,53.18508882993197,0.0436565023451955,0.6300446578663588,12.11812150555412,0.0436565023451955,0.6300446578663588,2.019686917592353,0.0436565023451955,0.6300446578663588,2.93908222181438,42.41643176638783,0.6657357493633713,0,0,0,0,0,0,0,0,1,1,0,0,0,1,0,0,0,0,0,0,0,0,0,0,0
55.685175997314815,4.913478686128344,0.7798401037994906,3.96355130032098,0.7143829697184712,0.0,179893.80526828536,0.1369923666048107,1.881289,1.485117,0.277818,128.415991,1.875365,0.000319,56.82160816052532,0.0451896663857437,0.6333121795804768,12.946695530246275,0.0451896663857437,0.6333121795804768,2.157782588374379,0.0451896663857437,0.6333121795804768,3.2503158433868267,45.55166647013937,0.5541945060633249,0,0,0,0,0,1,0,0,0,0,0,0,1,0,0,0,1,0,0,0,0,0,0,0,0
1.153275,77.67544232777186,10.804029495596028,10.6944176504652,2.173157697815975,0.0,174058.23147107314,0.1376234433419413,1.0012,0.419818,0.244381,470.306321,1.096062,0.0,29.958617265447845,0.0336981118180347,0.6091749763715228,6.826014060481787,0.0336981118180347,0.6091749763715228,1.1376690100802975,0.0336981118180347,0.6091749763715228,1.2779099171199595,23.101316411142644,0.2291968334551983,1,0,0,0,0,0,0,0,0,0,0,1,0,1,0,0,0,0,0,0,0,0,0,0,0
45.97112081305556,11.952214317094713,2.904012385603907,12.870599435673627,2.768415954473207,0.0,247070.2053544664,0.1391381858814534,1.56621,1.2366629999999998,0.0208719999999999,126.623931,1.135665,0.643677,46.90930695209752,0.0674427137150474,0.6244056795756682,10.68819652073108,0.0674427137150474,0.6244056795756682,1.781366086788513,0.0674427137150474,0.6244056795756682,4.004672100432401,37.07650339980768,0.4185418039796197,0,0,1,0,0,0,0,0,0,0,0,1,0,0,0,0,0,0,0,0,0,0,1,0,0
46.01391479273148,5.557840179261707,0.3443543539880562,2.400135624608833,0.7029261345343052,0.0,252690.96386016184,0.1464515000278,1.522362,1.370996,0.485886,145.882475,1.134954,0.021459,46.95297427829743,0.080490335932175,0.6244449159782786,10.698146038093084,0.080490335932175,0.6244449159782786,1.7830243396821803,0.080490335932175,0.6244449159782786,4.783874269208779,37.11334946600216,0.1655158667238011,0,0,0,0,0,1,0,0,0,0,0,1,0,0,0,0,0,0,0,0,0,0,1,0,0
48.87838748347222,5.141047316505795,0.625647388702388,8.66017447387,0.5554447770118713,0.0,127945.0096860012,0.1260086979886753,1.678059,1.487244,0.527835,113.709264,1.137136,0.0,49.87590559537981,0.0,0.6270712574546166,11.364130388820715,0.0,0.6270712574546166,1.894021731470119,0.0,0.6270712574546166,0.0,39.58955295997793,0.513226976378205,0,0,1,0,0,0,0,0,0,1,0,0,0,0,1,0,0,0,0,0,0,0,0,0,0
1.44807,60.17680704480126,4.269799696741631,8.066266735108922,1.7198472423233289,0.0,167220.14590827338,0.1385633499680949,1.329229,0.29019,0.731598,565.116721,6.368565,0.509737,37.61650508645124,0.0364134830520987,0.616055818315329,8.57084926020408,0.0364134830520987,0.616055818315329,1.42847487670068,0.0364134830520987,0.616055818315329,1.7338581904363002,29.33400863695753,0.8633842576639973,0,0,0,1,0,0,0,0,0,1,0,0,0,1,0,0,0,0,0,0,0,0,0,0,0
24.857090573009256,42.58398462931315,3.51751610329397,7.971899239565257,1.508781991273665,0.0,189435.23619229617,0.1326061379459264,1.0305959999999998,1.309251,0.736096,150.24993500000002,1.13619,0.0,25.36437813572373,0.0324603911534137,0.6050469146862918,5.7792253980130015,0.0324603911534137,0.6050469146862918,0.9632042330021668,0.0324603911534137,0.6050469146862918,1.042199538795807,19.42612497969124,0.4612847843876579,0,0,1,0,0,0,0,0,0,0,0,1,0,0,0,0,0,0,1,0,0,0,0,0,0
22.754432184351845,4.093386258397784,2.513778476120471,10.161626989607043,1.829635679293022,0.0,169695.7837136541,0.1306090087627621,0.99562,1.401521,0.640444,137.847654,1.137118,0.0,23.21880835137944,0.0316361013410659,0.6031190558679649,5.290361396516833,0.0316361013410659,0.6031190558679649,0.881726899419472,0.0316361013410659,0.6031190558679649,0.9298133848392752,17.726209837042003,0.5758441004907214,0,0,0,0,0,1,0,0,0,0,0,1,0,0,0,0,0,0,1,0,0,0,0,0,0
63.16292116097221,18.38720585391635,3.5033736297552536,6.250554773733199,0.9127934850948892,0.0,173350.16730365707,0.1380508578331064,1.633543,1.438511,2.2223490000000004,119.789664,0.371504,0.0,64.45196036833899,0.0484590124985143,0.6401682799497636,14.685256792786095,0.0484590124985143,0.6401682799497636,2.4475427987976826,0.0484590124985143,0.6401682799497636,3.953516902586188,52.2279754536581,0.3709376513380175,0,0,0,0,0,1,0,0,0,1,0,0,0,0,0,0,0,0,0,1,0,0,0,0,0
27.69157438328704,6.040933258192879,2.29023159507939,10.149280279374524,1.695934674865622,0.0,187205.13198815947,0.1337658653763844,0.913932,1.281386,1.807012,152.331303,1.135048,0.0,28.256708554374526,0.0268643600847043,0.6076457603373621,6.438237392135968,0.0268643600847043,0.6076457603373621,1.0730395653559943,0.0268643600847043,0.6076457603373621,0.960884042295268,21.734264752093864,0.5194515941736165,0,0,0,0,1,0,0,0,0,0,0,0,1,0,0,1,0,0,0,0,0,0,0,0,0
69.17082932013889,4.4722653962316965,0.4185480422181763,3.1243760412831385,0.2864685356438303,0.0,174412.25539568346,0.1280278042941499,2.05588,1.419934,0.454114,133.923013,4.330159,0.004037,70.58247889810092,0.0182559535106534,0.6456767347643106,16.082083799567297,0.0182559535106534,0.6456767347643106,2.6803472999278823,0.0182559535106534,0.6456767347643106,1.6310765233296305,57.68792975505906,0.4156667893193952,0,0,1,0,0,0,0,0,0,0,1,0,0,0,0,0,0,0,1,0,0,0,0,0,0
32.17310453328704,31.142588647206622,4.815697333223814,7.759284476867968,1.1558268753458842,0.0,192112.5427720324,0.1390869338020718,0.993276,1.360562,2.2734400000000003,151.95128300000002,1.134993,0.0,32.82969850335412,0.0282977156033495,0.6117547289962187,7.480184469118661,0.0282977156033495,0.6117547289962187,1.2466974115197766,0.0282977156033495,0.6117547289962187,1.175956293153954,25.422434570818947,0.0553026302091377,0,0,0,0,0,0,0,1,0,0,0,1,0,0,0,1,0,0,0,0,0,0,0,0,0
2.614555,6.1074263970057165,2.736098953859983,10.705864535818854,1.929164175506976,0.0,170234.3752810252,0.1388493232982907,1.306399,0.367852,1.460649,589.5112740000001,1.060969,0.0,67.91827843702758,0.0471580337194,0.6432828707240223,15.475050783120208,0.0471580337194,0.6432828707240223,2.5791751305200346,0.0471580337194,0.6432828707240223,4.0542942591100575,55.3046394020311,0.1213404993716013,0,0,1,0,0,0,0,0,0,0,0,1,0,1,0,0,0,0,0,0,0,0,0,0,0
53.22674969314815,6.754940465518406,0.4127318786381246,4.312056167806081,1.8352860223761,0.0,191965.86707508992,0.1236258719107515,1.7213650000000005,1.460689,0.420326,125.374385,1.136407,9.8e-05,54.3130098909675,0.0441303124277071,0.631058128777331,12.375116177688795,0.0441303124277071,0.631058128777331,2.0625193629481324,0.0441303124277071,0.631058128777331,3.033987462503224,43.38565365830205,0.8543314453801603,0,0,0,0,0,0,0,0,1,0,0,1,0,1,0,0,0,0,0,0,0,0,0,0,0
19.229465857268515,15.49978867542176,1.109691849322342,3.442373712571691,0.5906872123265438,0.0,161161.11726244004,0.1298749108644698,0.92019,0.953429,0.4625329999999999,168.218796,1.136422,0.165633,19.62190393598828,0.0302668178469984,0.5998871293436036,4.4708135550353045,0.0302668178469984,0.5998871293436036,0.745135592505884,0.0302668178469984,0.5998871293436036,0.751762774989695,14.899908385336667,0.0421532379435004,0,0,0,1,0,0,0,0,0,1,0,0,0,0,0,0,1,0,0,0,0,0,0,0,0
35.402433450509264,12.18819599265144,4.372307270265026,11.472422955419232,2.7743030846547736,0.0,245158.64058753,0.1375398355886804,1.183725,1.371365,1.393233,125.252016,1.136848,0.0,36.1249320923564,0.0660222183436232,0.614715595232945,8.230997185600192,0.0660222183436232,0.614715595232945,1.3718328642666984,0.0660222183436232,0.614715595232945,3.019048296519133,28.10956852392731,0.7856451334467406,0,0,0,0,0,0,0,0,1,0,0,1,0,0,0,0,0,0,0,0,0,0,0,0,1
38.84234642476852,5.966211281503949,1.4253778383314466,7.859215700940834,1.2722278656147652,0.0,160097.71254871102,0.1334135439112889,1.2030530000000002,1.3745969999999998,2.319941,131.06384,0.370096,0.0,39.63504737221277,0.0380856489339765,0.6178695391153544,9.030770287339616,0.0380856489339765,0.6178695391153544,1.5051283812232694,0.0380856489339765,0.6178695391153544,1.910793037594461,30.999099307195365,0.8333426301180847,0,0,0,0,0,0,0,0,1,1,0,0,0,0,1,0,0,0,0,0,0,0,0,0,0
54.424904751712965,2.9475781886350543,0.674281132664326,3.977217292328247,0.3744007531616041,0.0,152900.49645908273,0.1325294607245236,1.612884,1.492318,0.165645,115.10929,8.56822,1e-06,55.53561709358466,0.0178582593633313,0.6321566780270986,12.653684907399036,0.0178582593633313,0.6321566780270986,2.1089474845665057,0.0178582593633313,0.6321566780270986,1.25540437210113,44.43950786590562,0.4876745949335163,0,0,1,0,0,0,0,0,0,0,1,0,0,0,0,0,0,1,0,0,0,0,0,0,0
35.326188376666664,9.502149802730196,0.932047988585145,9.395630247587208,2.6759347143790704,0.0,192374.6396133093,0.1379844064085031,1.223834,1.216981,0.024249,124.773403,1.136837,0.575441,36.04713099659864,0.0366480023445896,0.6146456886143737,8.213270353655385,0.0366480023445896,0.6146456886143737,1.3688783922758976,0.0366480023445896,0.6146456886143737,1.6722219509861758,28.0458400683252,0.4117054079966514,0,0,0,0,0,0,1,0,0,0,1,0,0,0,0,1,0,0,0,0,0,0,0,0,0
77.79800397597221,7.579012972400302,4.905075650706851,11.215239291568452,1.99802909037478,0.0,208461.79880470625,0.1307979235403257,2.282535,1.555127,2.854009,97.605045,0.0,0.0,79.38571834282878,0.0550629029482593,0.6535867095025819,18.087885192036936,0.0550629029482593,0.6535867095025819,3.014647532006156,0.0550629029482593,0.6535867095025819,5.53317481593548,65.67778535846611,0.6243835832925839,0,0,0,1,0,0,0,0,0,0,0,1,0,0,0,1,0,0,0,0,0,0,0,0,0
1.215546,9.31274691876911,1.5103707695178847,12.031439783475951,3.050503544384341,0.0,181830.0198965828,0.1381210258467306,1.050625,0.403124,0.6752229999999999,476.541291,0.0,0.0,31.57623063236961,0.0342716930596311,0.6106284505101031,7.194584194717128,0.0342716930596311,0.6106284505101031,1.1990973657861876,0.0342716930596311,0.6106284505101031,1.369836562294548,24.40676554935888,0.2682018207987081,0,0,0,1,0,0,0,0,0,0,1,0,0,1,0,0,0,0,0,0,0,0,0,0,0
22.300373040092595,9.343766329402015,3.95702773947224,8.597350155992759,1.479487412124515,0.0,177411.6634255096,0.1361752944848806,0.950408,1.344236,1.512591,136.02584199999998,0.371529,0.0,22.755482693972034,0.0314588362444177,0.6027027438650147,5.184793525208818,0.0314588362444177,0.6027027438650147,0.8641322542014696,0.0314588362444177,0.6027027438650147,0.9061531692814528,17.360496022316205,0.3158897033137349,0,0,1,0,0,0,0,0,0,1,0,0,0,1,0,0,0,0,0,0,0,0,0,0,0
45.19525399652778,10.42283744187582,2.2067510461349853,8.38887145707933,0.9825137401942154,0.0,117576.52835544063,0.1283998864856984,1.180651,1.347919,3.693968,149.165672,1.134739,0.0,46.117606118905904,0.0,0.6236943126260205,10.5078089891178,0.0,0.6236943126260205,1.7513014981863,0.0,0.6236943126260205,0.0,36.40922613707414,0.4928393843095122,0,0,0,0,0,1,0,0,0,0,0,1,0,0,1,0,0,0,0,0,0,0,0,0,0
24.39177923421296,15.179592301732018,0.4526139512943993,2.832029067640968,0.2416978556868269,0.0,112194.11495803358,0.1124443457745533,1.008633,1.132895,2.213613,155.696474,0.0,0.0,24.889570647156084,0.0064554990533937,0.6046202859135892,5.67104141327607,0.0064554990533937,0.6046202859135892,0.9451735688793448,0.0064554990533937,0.6046202859135892,0.2033855693064476,19.049037115126566,0.2830642184742488,0,0,0,1,0,0,0,0,0,0,0,1,0,0,0,0,0,0,0,1,0,0,0,0,0
144.38225417,6.246646626790365,6.302326954668946,8.641783029341298,2.0437342757515484,0.0,171300.89161795564,0.109164450281887,1.913099,1.508399,0.972875,115.529619,1.136527,0.0,147.3288307857143,0.0708308692698002,0.7146356343258878,33.5685943562387,0.0708308692698002,0.7146356343258878,5.594765726039783,0.0708308692698002,0.7146356343258878,13.209403991209436,133.27396511777258,0.2112086595017356,0,0,0,1,0,0,0,0,0,0,1,0,0,0,0,1,0,0,0,0,0,0,0,0,0
42.41888955305556,19.63389052095868,4.365621022469134,6.376921635451648,1.0500382618080797,0.0,200958.5967663369,0.1363444775521612,1.422772,1.471245,1.325738,128.310138,1.135254,0.0,43.2845811765873,0.0395640763441819,0.621148754724599,9.86230963517179,0.0395640763441819,0.621148754724599,1.6437182725286317,0.0395640763441819,0.621148754724599,2.1677398407549866,34.03311860330762,0.1652785853110172,0,0,0,0,0,0,1,0,0,0,0,1,0,1,0,0,0,0,0,0,0,0,0,0,0
1.045658,63.57484096799578,9.659290203945242,8.799045423237827,1.9104643855735264,0.0,165889.30035971224,0.1387683374883173,0.8757870000000001,0.374399,0.715753,498.636969,1.077276,0.0,27.163051147864703,0.0327068463416994,0.6066630763478909,6.189049628627401,0.0327068463416994,0.6066630763478909,1.0315082714379,0.0327068463416994,0.6066630763478909,1.1245794178037145,20.859266040960392,0.0743955212235709,0,1,0,0,0,0,0,0,0,1,0,0,0,1,0,0,0,0,0,0,0,0,0,0,0
27.87229684712963,57.05192811148508,9.37148923725247,8.93588531617638,1.604526319949747,0.0,216087.4026716127,0.1407316300026375,0.937215,1.2959120000000002,0.3209869999999999,159.128739,1.137067,0.0,28.44111923176493,0.033652209051548,0.6078114588633177,6.480255014832515,0.033652209051548,0.6078114588633177,1.0800425024720857,0.033652209051548,0.6078114588633177,1.2115272025915893,21.882073635398232,0.5396218701508009,0,0,0,0,0,1,0,0,0,0,0,0,1,1,0,0,0,0,0,0,0,0,0,0,0
66.32494057060184,3.2594719807306927,0.5429279923581962,3.1217074783014165,0.3118391816707538,0.0,127715.9857801259,0.1335051751715673,2.140728,1.570881,0.131038,104.574179,1.573538,0.0,67.6785107863284,0.0178010268565515,0.6430674322968396,15.420420179163433,0.0178010268565515,0.6430674322968396,2.570070029860572,0.0178010268565515,0.6430674322968396,1.524996187492213,55.090944497516666,0.1794526471505497,0,0,1,0,0,0,0,0,0,0,0,1,0,0,0,0,0,0,1,0,0,0,0,0,0
61.23024219069445,11.711129840215047,2.742496797220884,7.661923291300126,1.0908412150055955,0.0,136609.7387589928,0.1272755860746335,1.862729,1.341495,1.908408,124.323952,1.134377,0.0,62.47983897009637,0.0095214455252252,0.6383962697098007,14.23591267673082,0.0095214455252252,0.6383962697098007,2.3726521127884697,0.0095214455252252,0.6383962697098007,0.7530359280742017,50.48974193744122,0.8201543154016449,0,0,0,0,0,0,1,0,0,0,1,0,0,0,0,0,0,0,0,1,0,0,0,0,0
46.45262309240741,2.903794640870321,0.1014163147220365,2.083576448958554,0.1095692042565102,0.0,75535.11109393735,0.1068059097823622,1.52866,1.464944,0.313224,119.275449,1.153893,1.4e-05,47.40063580857899,0.001650038561595,0.6248471532930825,10.80014486777749,0.001650038561595,0.6248471532930825,1.8000241446295815,0.001650038561595,0.6248471532930825,0.0990036416813658,37.491332087687,0.9775263371510162,0,0,0,0,0,1,0,0,0,0,0,1,0,0,0,0,0,0,0,0,0,0,0,1,0
31.00353819523148,5.811200657912663,0.3495970978725442,1.879845095481232,0.1442165792577987,0.0,161211.6342363609,0.1257907449305772,1.171988,1.324064,0.198447,144.475224,3.487304,0.03033,31.63626346452192,0.0124600498219057,0.6106823918107769,7.20826256153664,0.0124600498219057,0.6106823918107769,1.20137709358944,0.0124600498219057,0.6106823918107769,0.4989739480340252,24.45532789932929,0.4839478615319745,0,0,0,1,0,0,0,0,0,1,0,0,0,0,0,0,0,0,1,0,0,0,0,0,0
0.8393950000000001,11.446351596287318,3.392950815548428,11.167037751177231,1.9469590810277195,0.0,167985.3259330036,0.1389809741640834,0.763579,0.18499,0.0145069999999999,604.960679,1.033955,1.395541,21.804958522061607,0.0308069477109501,0.601848669380828,4.968218397431759,0.0308069477109501,0.601848669380828,0.8280363995719596,0.0308069477109501,0.601848669380828,0.8503091354792276,16.611753509375855,0.679759025318886,0,0,0,1,0,0,0,0,0,1,0,0,0,1,0,0,0,0,0,0,0,0,0,0,0
1.502385,3.937841420514243,0.8991818297967065,3.146273977179036,0.8150130842658255,0.0,176242.73564898083,0.1377495366463558,1.3595469999999998,0.278201,0.0288959999999999,616.360097,0.590613,0.0,39.027445492488674,0.0369137811866606,0.6173235905983658,8.892329352718939,0.0369137811866606,0.6173235905983658,1.4820548921198229,0.0369137811866606,0.6173235905983658,1.823608333144369,30.49691491557609,0.8657066307307004,0,0,1,0,0,0,0,0,0,0,0,1,0,1,0,0,0,0,0,0,0,0,0,0,0
39.67065559592593,13.08252472650437,1.3856945259393834,6.038934564133056,1.0508812873197688,0.0,160876.67457284173,0.1352868245588503,1.38264,1.249225,0.8941040000000001,130.165728,0.371749,0.185669,40.48026081216931,0.0384266012121615,0.6186289887475585,9.223350564798071,0.0384266012121615,0.6186289887475585,1.5372250941330117,0.0384266012121615,0.6186289887475585,1.9690111888525577,31.69906684869585,0.0443325493712607,0,0,0,0,0,1,0,0,0,0,0,0,1,0,0,1,0,0,0,0,0,0,0,0,0
35.71298892824074,64.04481923693703,1.1378791803327708,4.963412857741761,0.7964341150199195,0.0,134974.83471972423,0.1127997635365676,1.276249,1.259045,0.8254,132.444302,1.136179,0.0,36.441825436980345,0.0220832310752552,0.6150003334098899,8.303200732476535,0.0220832310752552,0.6150003334098899,1.383866788746089,0.0220832310752552,0.6150003334098899,1.0186750024417128,28.36928454912395,0.1648601279622513,0,0,1,0,0,0,0,0,0,0,0,1,0,0,0,0,1,0,0,0,0,0,0,0,0
91.35567643532409,4.634085840270632,0.2924691862303862,4.786913170803079,0.7730216665162171,0.0,134873.49303057554,0.1316397661160079,3.096901,1.555495,0.541852,67.336382,3.660678,0.020068,93.22007799522866,0.0245692338309125,0.6660172966810528,21.24001777106476,0.0245692338309125,0.6660172966810528,3.540002961844126,0.0245692338309125,0.6660172966810528,2.899172017722376,78.5901067630115,0.5947677756671784,0,0,0,0,0,1,0,0,0,1,0,0,0,0,0,0,0,1,0,0,0,0,0,0,0
67.21816624870371,19.096406227066403,6.396494604129014,8.999282037611488,1.7806688938781223,0.0,190173.51541891487,0.136528893912153,2.389128,1.338712,1.2287,151.290951,1.136132,0.0,68.58996555990174,0.0502616738454554,0.6438864017545385,15.628093418711789,0.0502616738454554,0.6438864017545385,2.6046822364519646,0.0502616738454554,0.6438864017545385,4.363856301320003,55.90398243143399,0.7721235761787684,0,0,0,0,1,0,0,0,0,1,0,0,0,0,0,0,1,0,0,0,0,0,0,0,0
114.5833626840278,8.306999455179486,0.4198514853807376,6.188196341196696,1.1349357651006118,0.0,185137.32662619904,0.1386088368703993,1.853391,1.4496,0.395484,128.906363,1.5229700000000002,0.0,116.92179865717124,0.0728616632584554,0.687314003747428,26.640409820621294,0.0728616632584554,0.687314003747428,4.440068303436882,0.0728616632584554,0.687314003747428,10.783692052318653,101.7240374182418,0.6203851417567553,0,0,0,0,0,1,0,0,0,0,1,0,0,0,0,0,0,0,0,1,0,0,0,0,0
24.618045082731484,3.3881837929998126,0.8582588177647807,2.4415642434744527,0.2547327087258549,0.0,173544.59176408872,0.1386651583819938,0.765822,1.253275,0.365991,173.98121899999998,23.157674,0.001718,25.120454166052536,0.0323663973092937,0.6048277416818232,5.723647784670198,0.0323663973092937,0.6048277416818232,0.9539412974450328,0.0323663973092937,0.6048277416818232,1.0291881014283035,19.23233868769025,0.1109899988210942,0,0,1,0,0,0,0,0,0,0,0,0,1,0,1,0,0,0,0,0,0,0,0,0,0
10.027205,9.023442443211874,2.8490929294833176,12.4214959407596,2.8487243049150464,0.0,170546.26862260193,0.1390897167993964,1.935219,0.338309,1.343375,687.073346,0.0,0.0,260.47663986229213,0.115436317198374,0.8163023352154654,59.34910781672479,0.115436317198374,0.8163023352154654,9.89151796945413,0.115436317198374,0.8163023352154654,38.06134686317748,269.14897390970486,0.4452461746795175,0,0,0,1,0,0,0,0,0,0,1,0,0,1,0,0,0,0,0,0,0,0,0,0,0
44.49234824231481,34.52192930494036,5.628555615457128,6.817667105786806,1.710905043627147,0.0,194787.60105665468,0.1323121426095493,1.168385,1.319767,2.758008,137.83616999999998,1.135601,0.0,45.40035534930083,0.0404286083937632,0.6230498412920072,10.344384763131837,0.0404286083937632,0.6230498412920072,1.724064127188639,0.0404286083937632,0.6230498412920072,2.3233837814614926,35.80592936073749,0.9276871554389096,0,0,1,0,0,0,0,0,0,0,0,1,0,0,0,0,0,0,0,1,0,0,0,0,0
92.59336691949072,9.937537706465948,1.7682575041727482,4.5946642031772535,0.8091089570407959,0.0,176933.22337754795,0.1336723855680985,2.170948,1.430082,0.607172,137.220498,1.087994,0.0,94.4830274688681,0.0620153264061329,0.6671520946716021,21.527778410628173,0.0620153264061329,0.6671520946716021,3.587963068438029,0.0620153264061329,0.6671520946716021,7.416956694077818,79.79056922375932,0.608408789425143,0,0,1,0,0,0,0,0,0,0,0,1,0,1,0,0,0,0,0,0,0,0,0,0,0
1.308167,5.23742029383069,0.9744531782410986,4.651677842334592,0.9068802086283548,0.0,166207.44403851917,0.1388105707738897,1.173663,0.421209,0.075322,501.58493,1.057276,0.0,33.982245754298944,0.0351248296429186,0.6127903272776102,7.742790171865582,0.0351248296429186,0.6127903272776102,1.2904650286442636,0.0351248296429186,0.6127903272776102,1.5109121430424612,26.35948290810763,0.3994515073737621,0,0,0,1,0,0,0,0,0,0,0,1,0,1,0,0,0,0,0,0,0,0,0,0,0
40.95404220949074,6.943883528595879,1.0762924852131082,8.844255223262795,1.6668466335292056,0.0,195812.2849782674,0.1389605252684163,1.3824610000000002,1.20712,1.441258,121.743164,1.136246,0.0,41.78983898927626,0.0389565935867013,0.6198056840270344,9.521735465911046,0.0389565935867013,0.6198056840270344,1.5869559109851743,0.0389565935867013,0.6198056840270344,2.060746548808761,32.78680979763039,0.0541636701669927,0,0,1,0,0,0,0,0,0,0,0,1,0,0,0,0,1,0,0,0,0,0,0,0,0
25.229940439953705,63.547811063130695,3.623716746731628,4.4170569453022175,0.8617938019388871,0.0,247467.5430905276,0.1370708637421937,1.041176,1.316044,1.78479,160.568129,1.134389,0.0,25.74483718362623,0.0535735347092114,0.6053887685546037,5.865912269686989,0.0535735347092114,0.6053887685546037,0.9776520449478314,0.0535735347092114,0.6053887685546037,1.745875858784808,19.72865225219526,0.6194905852910847,0,0,0,1,0,0,0,0,0,0,0,1,0,0,0,0,0,0,0,0,0,0,1,0,0
31.16549851569444,71.84596126874288,11.445025538369048,6.728552756549643,1.4988003763363515,0.0,173365.8110855066,0.1321169815296463,1.169204,1.309865,2.349359,140.700848,0.0,0.315925,31.80152909764739,0.0349670880467745,0.6108308879401091,7.245918022248772,0.0349670880467745,0.6108308879401091,1.2076530037081286,0.0349670880467745,0.6108308879401091,1.407603630353797,24.589058552619203,0.9528014225390846,0,0,0,0,0,0,0,0,1,1,0,0,0,0,0,0,1,0,0,0,0,0,0,0,0
3.9000309925,2.010298663874467,0.7776975237922988,3.597593386967977,0.6493281100293715,0.0,179517.47950389687,0.1361081955923165,0.565337,1.007359,0.474555,200.907168,176.516351,0.022002,3.9796234617346937,0.0244953925118433,0.5858320710690724,0.9067496495091708,0.0244953925118433,0.5858320710690724,0.1511249415848617,0.0244953925118433,0.5858320710690724,0.1233954920816863,2.951127917295072,0.0424534101914692,0,0,0,0,0,0,0,0,1,1,0,0,0,0,1,0,0,0,0,0,0,0,0,0,0
1.015346,49.83160790602366,3.649332460453756,8.679028373828038,1.697569579243374,0.0,167251.07902428057,0.1386631465465616,0.8888209999999999,0.32051,0.632628,586.1839269999999,1.113334,0.0616559999999999,26.375636518613,0.032427641019876,0.6059555606810693,6.009638700443468,0.032427641019876,0.6059555606810693,1.0016064500739112,0.032427641019876,0.6059555606810693,1.0826578135396387,20.23096660121041,0.7882984867283991,0,0,1,0,0,0,0,0,0,1,0,0,0,1,0,0,0,0,0,0,0,0,0,0,0
59.36792762245371,8.028523821490152,1.2854159424344984,5.363063168468521,0.914941619626052,0.0,199915.703125,0.1365347105286104,2.0446310000000003,1.567484,0.376921,100.917852,2.358669,0.00052,60.57951798209562,0.0467909373898753,0.6366887742924523,13.802928147819255,0.0467909373898753,0.6366887742924523,2.3004880246365422,0.0467909373898753,0.6366887742924523,3.588066370897547,48.82316335601018,0.521394394292898,0,0,0,0,0,0,1,0,0,0,0,1,0,0,0,0,1,0,0,0,0,0,0,0,0
36.87797292462963,4.434742969558353,3.907784579897956,7.554552790644071,1.6919899449931632,0.0,109432.16053095023,0.1114047252052693,1.315626,1.434869,1.045133,124.735592,1.135051,0.0,37.63058461696901,0.0133091544546095,0.6160684691958851,8.574057254499268,0.0133091544546095,0.6160684691958851,1.4290095424165443,0.0133091544546095,0.6160684691958851,0.6339636239044222,29.34559070876243,0.2853351572578407,0,0,0,0,0,0,0,0,1,0,0,1,0,0,0,0,0,0,1,0,0,0,0,0,0
88.64926907462961,5.489093479656038,0.327683646901906,6.539560902318795,0.808863926777165,0.0,108051.19002922662,0.1218887691964491,2.766468,1.310356,0.402527,81.915936,2.034348,0.0,90.45843783125471,0.0120269649084328,0.6635358801445173,20.610783303323856,0.0120269649084328,0.6635358801445173,3.435130550553976,0.0120269649084328,0.6635358801445173,1.3771398195799385,75.97774577577175,0.7797799254688336,0,0,0,0,1,0,0,0,0,1,0,0,0,0,0,0,0,0,0,1,0,0,0,0,0
1.291633,10.75991252093088,1.2785395728312523,13.13654075366416,3.531480455855957,0.0,172535.8556092626,0.1389747436741273,1.147544,0.356068,0.48921,570.319748,0.919406,0.044335,33.552742142526455,0.0349725341562786,0.6124044053973242,7.644928589436407,0.0349725341562786,0.6124044053973242,1.2741547649060676,0.0349725341562786,0.6124044053973242,1.4853473678687568,26.00993303954893,0.0689332015746403,1,0,0,0,0,0,0,0,0,0,0,1,0,1,0,0,0,0,0,0,0,0,0,0,0
40.36195275125,4.424798728170849,0.8846490804811747,3.149149876132572,0.4017210002247092,0.0,187734.57447167265,0.1385993954660795,1.37438,1.338712,0.338978,155.71518999999998,4.722505,0.0,41.18566607270408,0.0387118223622387,0.6192628165363068,9.38407581403384,0.0387118223622387,0.6192628165363068,1.5640126356723063,0.0387118223622387,0.6192628165363068,2.0181926441481064,32.28449566216018,0.5291525689801136,0,0,0,0,1,0,0,0,0,0,0,1,0,1,0,0,0,0,0,0,0,0,0,0,0
34.127600541388894,10.608699093546186,2.5546399940975566,10.102352321862602,1.3353358991712116,0.0,156096.25603267387,0.1295070620231348,1.128663,1.221114,1.326839,126.694014,1.135624,0.0,34.82408218509071,0.0072323044087076,0.6135467425657696,7.934601004197883,0.0072323044087076,0.6135467425657696,1.322433500699647,0.0072323044087076,0.6135467425657696,0.3188080545777579,27.045825553803866,0.0271868141059726,0,0,0,0,1,0,0,0,0,0,0,0,1,0,0,0,0,0,0,1,0,0,0,0,0
57.95689733601852,6.1569824184690205,12.086946461984008,8.591334975308937,2.679208172453965,0.0,300829.1570930755,0.1472011734094979,1.339635,1.415024,3.963093,127.3772,0.0,0.0,59.13969115920257,0.0978918141615031,0.6353950466972782,13.474866340071472,0.0978918141615031,0.6353950466972782,2.245811056678578,0.0978918141615031,0.6353950466972782,7.328217286740946,47.56590737438497,0.4709488367264008,0,0,0,1,0,0,0,0,0,1,0,0,0,0,0,0,0,0,0,0,0,0,1,0,0
82.60663694861113,9.286059177489507,9.317340049526388,8.68565459445798,2.306351362372474,0.0,190035.3164905576,0.1209588755788705,2.009116,1.513923,2.515381,107.44353999999998,7.114307000000001,0.0,84.29248668225625,0.0572920442684714,0.6579955880586077,19.20588304152674,0.0572920442684714,0.6579955880586077,3.2009805069211232,0.0572920442684714,0.6579955880586077,6.113023896834642,70.2077017005235,0.3750450283892249,0,0,1,0,0,0,0,0,0,0,1,0,0,1,0,0,0,0,0,0,0,0,0,0,0
44.9624201249537,45.40406242325192,2.5858670890474205,6.892489555642474,1.129353121601992,0.0,177343.79208820444,0.1270655476325135,1.476602,1.377952,1.168517,118.33159,1.136464,0.000523,45.88002053566704,0.0275643095270776,0.6234808348519129,10.453675565088693,0.0275643095270776,0.6234808348519129,1.7422792608481152,0.0275643095270776,0.6234808348519129,1.6008241609541811,36.209257603291896,0.6189445705474159,0,0,0,0,0,1,0,0,0,0,0,0,1,0,0,0,0,0,0,0,1,0,0,0,0
1.667709,3.879384959879376,2.0232541238089548,9.990312724948216,1.8350373270700304,0.0,168411.08192820742,0.1390389619077995,0.957394,0.426038,1.614651,531.3299049999999,1.38781,0.0,43.32206597831632,0.0384365886762733,0.6211824359434965,9.870850476072071,0.0384365886762733,0.6211824359434965,1.645141746012012,0.0384365886762733,0.6211824359434965,2.107787886854331,34.06443857533596,0.6124285427865686,0,1,0,0,0,0,0,0,0,0,1,0,0,1,0,0,0,0,0,0,0,0,0,0,0
145.39543536995373,4.483850931269782,9.787122997734471,6.062218086325007,1.5898947505642185,0.0,161226.8573609862,0.1128050551550994,1.690514,1.425008,3.334134,133.91476799999998,0.0,0.0,148.362689153014,0.0712731316396827,0.7155645870846576,33.80415702220572,0.0712731316396827,0.7155645870846576,5.634026170367619,0.0712731316396827,0.7155645870846576,13.385156296734298,134.3836536741087,0.047744821152723,0,0,0,1,0,0,0,0,0,0,1,0,0,0,0,1,0,0,0,0,0,0,0,0,0
60.1040298962963,5.019199937014353,0.776976597109001,7.487416698492402,3.668587209509431,0.0,197746.2603042566,0.1360449847950638,2.088598,1.4980870000000002,0.894566,85.62727199999999,0.369818,0.0,61.33064275132276,0.0471130600781629,0.637363682431346,13.974070500301387,0.0471130600781629,0.637363682431346,2.329011750050231,0.0471130600781629,0.637363682431346,3.6575623500954655,49.48091684792964,0.1294090261827257,0,0,0,0,0,1,0,0,0,1,0,0,0,1,0,0,0,0,0,0,0,0,0,0,0
39.56322514129629,57.926742783046905,3.396173508333073,11.010741906200382,2.496964881460158,0.0,202946.85783872905,0.1309312584517385,1.346651,1.422798,2.512051,125.254487,0.0,0.0,40.37063789928193,0.0383823310888817,0.6185304892716418,9.198373192241451,0.0383823310888817,0.6185304892716418,1.5330621987069086,0.0383823310888817,0.6185304892716418,1.9614166963539208,31.60819039500144,0.2850735620668064,0,0,0,1,0,0,0,0,0,0,0,1,0,0,0,0,1,0,0,0,0,0,0,0,0
29.89878653430556,4.876454838684627,3.214899823819991,6.694557768263691,1.2186089876315576,0.0,168705.0053113759,0.1325386286639481,1.159901,1.30921,0.048157,125.492858,0.370061,0.602534,30.5089658513322,0.0344596987340546,0.6096694810863975,6.951409940809868,0.0344596987340546,0.6096694810863975,1.1585683234683113,0.0344596987340546,0.6096694810863975,1.330797179651227,23.544791619068764,0.5188368648353315,0,0,0,0,0,0,0,0,1,0,0,1,0,0,0,0,1,0,0,0,0,0,0,0,0
1.226376,24.625213602611,2.0781907226256044,9.861471907983868,2.0395335012631453,0.0,168101.04599445444,0.1386499322003883,1.120665,0.299724,0.291502,559.521846,0.7417520000000001,0.029763,31.85756147278912,0.0343714487219215,0.6108812347101452,7.258684892534229,0.0343714487219215,0.6108812347101452,1.2097808154223717,0.0343714487219215,0.6108812347101452,1.3860639754018165,24.63441327512882,0.1293471409732358,0,0,0,1,0,0,0,0,0,0,1,0,0,1,0,0,0,0,0,0,0,0,0,0,0
43.26751377226852,6.959448182582856,2.531530274475793,10.12129273974924,1.640208209875962,0.0,197446.1120353717,0.1368384474008489,1.503061,1.147298,0.284702,145.397649,1.136227,0.656936,44.15052425741686,0.0399172522866523,0.6219268305610167,10.059613121943082,0.0399172522866523,0.6219268305610167,1.6766021869905134,0.0399172522866523,0.6219268305610167,2.2308450827484445,34.75746280888931,0.2328949865339199,0,0,0,0,0,1,0,0,0,1,0,0,0,0,0,1,0,0,0,0,0,0,0,0,0
50.92211186680555,21.88111563750676,0.7134005763619352,4.080632093141404,0.5882161353632129,0.0,93463.97081553508,0.1050126347556817,1.629369,1.3518059999999998,2.107895,152.840578,1.134386,0.0,51.9613386395975,0.0086288380352922,0.6289450816078375,11.83929234826272,0.0086288380352922,0.6289450816078375,1.97321539137712,0.0086288380352922,0.6289450816078375,0.5675518673646311,41.36813717865079,0.4284337452171942,0,0,1,0,0,0,0,0,0,1,0,0,0,0,0,0,0,0,0,0,0,1,0,0,0
24.094130685509256,18.373536944389343,9.195836595494113,5.254658680167987,0.840956652979199,0.0,166927.25957359112,0.1359969781135483,0.876634,1.246606,2.012219,151.746812,0.371488,0.0,24.58584763827476,0.0218209977610948,0.604347381678419,5.601838702391715,0.0218209977610948,0.604347381678419,0.9336397837319526,0.0218209977610948,0.604347381678419,0.6790983876827998,18.808091957640364,0.4622868069524982,0,0,0,1,0,0,0,0,0,0,1,0,0,0,0,0,0,0,0,0,0,1,0,0,0
100.56666687694444,5.579893167813619,1.5326987709358728,12.415362376389172,4.076383854559571,0.0,178836.95222571943,0.1272484028903986,2.915698,1.333925,0.438814,85.164069,1.13664,0.4256819999999999,102.61904783361678,0.065877181510054,0.6744625530499396,23.38155520259623,0.065877181510054,0.6744625530499396,3.8969258670993705,0.065877181510054,0.6744625530499396,8.557283089271008,87.61101897900639,0.1806739491170546,0,0,1,0,0,0,0,0,0,1,0,0,0,0,0,0,0,0,1,0,0,0,0,0,0
43.04898698967592,5.795863888377235,0.4655595675503893,6.809319493867797,1.4568472410277498,0.0,147409.15318682554,0.1269293944809219,1.469458,1.309497,0.322844,135.441009,1.241133,0.144821,43.92753774456726,0.0238957317734303,0.621726470489626,10.008806068382414,0.0238957317734303,0.621726470489626,1.668134344730402,0.0238957317734303,0.621726470489626,1.3287096954574913,34.57077594839194,0.3746849133182598,0,0,0,0,0,0,1,0,0,0,0,1,0,0,0,0,1,0,0,0,0,0,0,0,0
27.693610979583337,20.09652823039464,2.400536099640872,7.54324248883364,0.8145598633397969,0.0,70833.00102105815,0.1207716666805229,0.927593,1.241532,0.0803929999999999,147.158072,1.135302,0.305826,28.258786713860548,0.0,0.6076476276260051,6.438710896828986,0.0,0.6076476276260051,1.0731184828048308,0.0,0.6076476276260051,0.0,21.73593000793245,0.8562221787248424,0,0,0,0,0,1,0,0,0,0,0,1,0,0,1,0,0,0,0,0,0,0,0,0,0
210.34898290953709,21.23771233331589,5.444200971715456,6.34424631830028,0.946093563982051,0.0,169530.42931279977,0.1387571225956761,2.237334,1.410728,1.730434,146.974301,1.134699,0.0,214.641819295446,0.0454283767066795,0.775118373891537,48.905730978709215,0.0454283767066795,0.775118373891537,8.150955163118201,0.0454283767066795,0.775118373891537,12.342822055646264,210.59850372330035,0.5149837975581699,0,0,1,0,0,0,0,0,0,0,0,1,0,0,0,0,0,0,1,0,0,0,0,0,0
76.02697983671297,19.02611996786935,0.7112716203399128,5.329638887080643,0.646241346316086,0.0,75815.7096822542,0.0935583018097017,1.413427,1.417152,2.134863,131.711649,1.135592,0.0,77.57855085378874,0.0021699719892483,0.6519629152986548,17.676125510989838,0.0021699719892483,0.6519629152986548,2.946020918498306,0.0021699719892483,0.6519629152986548,0.2130927624293651,64.02321288516589,0.427396666749827,0,0,1,0,0,0,0,0,0,1,0,0,0,0,0,0,0,0,0,0,0,0,0,1,0
208.8517027699537,4.82258453425907,0.6155993090116149,4.659967053708413,1.1112044703045625,0.0,167812.5507718825,0.1388762871996104,2.965822,1.629229,0.268216,91.542103,14.506398,8e-06,213.1139824183201,0.126310463298555,0.7737455666223332,48.55761624721218,0.126310463298555,0.7737455666223332,8.092936041202028,0.126310463298555,0.7737455666223332,34.07408336032674,208.7291127612722,0.6290287889337637,0,0,0,0,0,1,0,0,0,0,0,0,1,0,0,0,0,1,0,0,0,0,0,0,0
34.1070309187963,5.734786114238557,1.0931424731545023,4.190767700437734,0.3704389305137616,0.0,143391.76279601318,0.1309762519719503,1.1389200000000002,1.426195,0.8218110000000001,148.110609,1.135296,0.000654,34.803092774281936,0.0072306378391993,0.6135278829504756,7.929818606798415,0.0072306378391993,0.6135278829504756,1.3216364344664024,0.0072306378391993,0.6135278829504756,0.3185424804239088,27.02869345561289,0.6499377962922825,0,0,0,0,0,0,0,1,0,0,0,1,0,0,0,0,0,0,0,1,0,0,0,0,0
70.28062155689814,6.692053991272336,1.0282319504008304,10.469130161568987,1.8669342757414853,0.0,194905.2641824041,0.1366722496221963,2.427936,1.552713,1.165282,90.227393,1.136543,0.0,71.7149199560185,0.0413094730698706,0.6466942670280813,16.34010834440928,0.0413094730698706,0.6466942670280813,2.72335139073488,0.0413094730698706,0.6466942670280813,3.750007031178576,58.70585771637331,0.8952729577900114,0,0,0,0,0,0,1,0,0,0,1,0,0,0,0,1,0,0,0,0,0,0,0,0,0
81.11877606689815,40.76626003356207,4.334604918813819,6.407798172472764,1.3706479797260367,0.0,179892.2111061151,0.135007076769424,1.4003290000000002,1.339653,1.644353,152.358626,0.3709179999999999,0.0,82.77426129275321,0.056599181443559,0.6566314169993775,18.85995826923491,0.056599181443559,0.6566314169993775,3.1433263782058174,0.056599181443559,0.6566314169993775,5.930323333879878,68.80022846042694,0.7100156158572308,0,0,1,0,0,0,0,0,0,0,1,0,0,1,0,0,0,0,0,0,0,0,0,0,0
24.11034708351852,10.361696231932868,0.6727993333225342,3.868662390777533,0.3912509447522014,0.0,159419.19821642686,0.1268978972139833,1.005793,1.228438,0.712851,146.156968,1.1367120000000002,0.138277,24.60239498318216,0.0114836220291684,0.6043622499642386,5.60560898350986,0.0114836220291684,0.6043622499642386,0.9342681639183098,0.0114836220291684,0.6043622499642386,0.3576260822774356,18.82121365385426,0.5888929970900615,0,0,0,0,0,1,0,0,0,1,0,0,0,0,0,0,0,0,1,0,0,0,0,0,0
32.84961090800926,11.935973950794764,0.5714422672343769,4.195634754441625,1.506548265759036,0.0,179654.95350906774,0.1222992691454841,1.221531,1.387568,0.91997,145.954629,1.137007,0.0,33.5200111306217,0.0285158575892198,0.6123749956011975,7.637470890521399,0.0285158575892198,0.6123749956011975,1.2729118150868997,0.0285158575892198,0.6123749956011975,1.2099390680884474,25.98331223881842,0.941258624501279,0,0,0,0,0,0,0,0,1,1,0,0,0,0,0,1,0,0,0,0,0,0,0,0,0
56.9559357138426,3.780597819316955,0.7915602718754639,3.159326384536368,0.3199622215484258,0.0,175768.51191546762,0.13076482417522,1.625141,1.325086,0.09249,161.35821,1.671878,8e-06,58.11830174881898,0.0274441512648371,0.6344772976703663,13.242144702262552,0.0274441512648371,0.6344772976703663,2.2070241170437583,0.0274441512648371,0.6344772976703663,2.018996790443087,46.67688992250834,0.9037521191930904,0,0,1,0,0,0,0,0,0,0,0,0,1,0,0,0,1,0,0,0,0,0,0,0,0
1.420468,19.355787488392423,3.837720009920409,10.730116696666473,2.257639569630154,0.0,179287.03621477817,0.1388442743417742,1.278126,0.350421,0.415318,523.754417,0.0,0.0,36.899488109788365,0.0361592396734707,0.6154115570512881,8.407478303496083,0.0361592396734707,0.6154115570512881,1.4012463839160136,0.0361592396734707,0.6154115570512881,1.6889334612534446,28.74477396460804,0.1698311096157743,0,0,0,1,0,0,0,0,0,0,0,1,0,1,0,0,0,0,0,0,0,0,0,0,0
16.41705365935185,36.45160079456511,2.7705374018465587,6.767017108359211,1.6482842038575407,0.0,165719.60307066847,0.1304886969480869,0.844475,1.294071,1.643399,164.434071,0.013482,0.0,16.752095570767196,0.0291856339485386,0.5973085204332014,3.8169331680229055,0.0291856339485386,0.5973085204332014,0.6361555280038175,0.0291856339485386,0.5973085204332014,0.6188867458219586,12.666037239912075,0.9744703071692092,0,0,1,0,0,0,0,0,0,1,0,0,0,1,0,0,0,0,0,0,0,0,0,0,0
30.025539196296297,45.87387708482288,0.9428670723303902,5.579633657880824,0.6981996832419929,0.0,122109.1724229991,0.1149010286003136,1.135386,1.37427,1.333722,155.691239,1.134684,0.0,30.63830530234316,0.0069020757280177,0.6097856964633144,6.980879689141479,0.0069020757280177,0.6097856964633144,1.1634799481902465,0.0069020757280177,0.6097856964633144,0.2676808903479733,23.649114350943016,0.1156012001915353,0,0,0,1,0,0,0,0,0,0,0,1,0,0,0,0,0,0,0,1,0,0,0,0,0
49.56436403097223,18.70375202950977,0.3925724052053561,2.637533336234607,0.3689636875399583,0.0,136088.46746665167,0.1088718482666164,1.612249,1.343622,1.362164,152.30097,1.134661,0.048393,50.57588166425738,0.0255398298935396,0.6277002069517852,11.523618607045986,0.0255398298935396,0.6277002069517852,1.9206031011743303,0.0255398298935396,0.6277002069517852,1.635062549899905,40.185432135978935,0.4598917969222124,0,0,0,1,0,0,0,0,0,0,1,0,0,0,0,0,1,0,0,0,0,0,0,0,0
96.4846914628241,5.090887246813093,0.4557751373385639,1.6262154664924675,0.2667333043093304,0.0,261975.43399655275,0.1132880854878208,2.40274,1.605374,0.116366,99.05284,0.0134949999999999,0.0,98.4537667988001,0.0638900073620772,0.6707199230817258,22.432503827574703,0.0638900073620772,0.6707199230817258,3.738750637929117,0.0638900073620772,0.6707199230817258,7.96229352607541,83.58848467645237,0.7936163559584931,0,0,1,0,0,0,0,0,0,1,0,0,0,1,0,0,0,0,0,0,0,0,0,0,0
18.578798798055555,50.55097887402489,6.0374532132387175,3.2095797748016794,0.4369535057378901,0.0,160930.86427420564,0.1164346000702261,0.891078,1.257654,0.109509,147.92113899999998,1.134686,0.551573,18.957957957199547,0.0203657119962779,0.5992905539632825,4.319534724425213,0.0203657119962779,0.5992905539632825,0.7199224540708687,0.0203657119962779,0.5992905539632825,0.4887244453086981,14.381424210357892,0.0815149946447687,0,0,0,1,0,0,0,0,0,0,1,0,0,0,0,0,0,0,0,0,1,0,0,0,0
69.04305835999999,19.130794886180333,1.3677266644631072,8.519611351781611,1.7114743448132803,0.0,144084.9649748951,0.1310302195110195,2.022106,1.453692,1.627867,118.288196,4.753989,0.0,70.45210036734693,0.0510796923428953,0.6455595857430723,16.052377298889173,0.0510796923428953,0.6455595857430723,2.6753962164815284,0.0510796923428953,0.6455595857430723,4.555280521107424,57.57092244034662,0.828409909364607,0,0,0,0,0,1,0,0,0,0,0,1,0,1,0,0,0,0,0,0,0,0,0,0,0
3.255754,9.292418062119255,3.0424031485184777,12.212675254693703,2.42932508975196,0.0,173466.48930230815,0.1388643609283925,1.588115,0.373785,1.060865,685.977259,0.0,0.0,84.5747007404573,0.0530641492230909,0.6582491658563231,19.270184978838373,0.0530641492230909,0.6582491658563231,3.211697496473062,0.0530641492230909,0.6582491658563231,5.680866507075808,70.46990660120781,0.7188266658658964,0,0,1,0,0,0,0,0,0,1,0,0,0,1,0,0,0,0,0,0,0,0,0,0,0
59.29328636819444,2.7457231639396578,1.1656966998422746,9.370335952269372,1.8217453584253644,0.0,178228.66490557554,0.1381063582263976,1.582057,1.482334,2.651127,103.247796,0.37098,0.0,60.5033534369331,0.0467583123240084,0.6366203381636875,13.785574200820198,0.0467583123240084,0.6366203381636875,2.2975957001367,0.0467583123240084,0.6366203381636875,3.5810565780430186,48.75653838614867,0.9615612298016336,0,0,0,0,0,0,1,0,0,1,0,0,0,0,0,0,1,0,0,0,0,0,0,0,0
112.40186256125004,4.232664464768909,0.2490367926210522,3.1722567410206053,0.2426014256348712,0.0,116667.00590152876,0.1287955531149173,2.753678,1.443626,0.329917,114.587774,47.338389,0.203874,114.69577812372452,0.0256176953225942,0.6853138575175102,26.133215268696727,0.0256176953225942,0.6853138575175102,4.355535878116121,0.0256176953225942,0.6853138575175102,3.7192930364068912,99.49696980625583,0.9271048585824968,0,0,0,0,1,0,0,0,0,1,0,0,0,0,0,0,0,0,1,0,0,0,0,0,0
49.63989629611111,27.7233738944644,4.607401294388073,9.48822451323914,1.5078539699673368,0.0,174140.52302532975,0.1380666348216631,1.673884,1.450459,1.441155,121.195558,0.372109,0.0,50.65295540419501,0.0425984654469672,0.6277694600193313,11.54117971234823,0.0425984654469672,0.6277694600193313,1.9235299520580385,0.0425984654469672,0.6277694600193313,2.731314139965029,40.251111977816166,0.1834009704477689,0,0,0,0,0,1,0,0,0,0,1,0,0,0,0,0,0,1,0,0,0,0,0,0,0
51.45549643680554,22.58960844221569,3.146948920737068,9.264379066814907,1.2384182869387474,0.0,153388.99777990108,0.1274403301235154,1.640121,1.500911,2.635592,119.382718,1.137085,0.0,52.50560860898525,0.0260230912054674,0.6294341245034315,11.963303227363728,0.0260230912054674,0.6294341245034315,1.993883871227288,0.0260230912054674,0.6294341245034315,1.7295673944686043,41.83395162824869,0.1924763112313138,0,0,0,0,1,0,0,0,0,1,0,0,0,0,0,0,1,0,0,0,0,0,0,0,0
38.95054060300926,32.669927201952255,3.300511240673294,11.577349651345818,1.9465812340343027,0.0,167557.3387477518,0.1390362120003437,1.159163,1.338139,3.209129,135.773305,0.372403,0.0,39.745449594907406,0.0381301348772889,0.6179687388245121,9.055925224156118,0.0381301348772889,0.6179687388245121,1.5093208706926862,0.0381301348772889,0.6179687388245121,1.918353612420644,31.09043716478246,0.5468920890907553,0,0,0,0,0,1,0,0,0,0,0,1,0,0,0,0,0,0,0,1,0,0,0,0,0
9.767643124305556,55.56895678383963,45.15635945288826,5.151379907445656,2.797348519595121,0.0,179666.4240857314,0.1286640779720507,0.692902,1.171235,0.295388,164.35654,1.1350129999999998,0.388963,9.966982779903628,0.0266692906686833,0.5912118930372268,2.2709581017501934,0.0266692906686833,0.5912118930372268,0.3784930169583655,0.0266692906686833,0.5912118930372268,0.3364713428443183,7.45898576857755,0.6611268641598692,0,0,0,0,0,1,0,0,0,0,0,1,0,0,1,0,0,0,0,0,0,0,0,0,0
24.05253320615741,49.040101650782994,1.9629604375476744,7.147486108098384,1.7023197170927655,0.0,160855.4887589928,0.1190564907747778,1.010296,1.350496,0.314984,143.840352,7.11025,0.050025,24.543401230772865,0.0321443239129802,0.6043092423078863,5.592167369036855,0.0321443239129802,0.6043092423078863,0.9320278948394758,0.0321443239129802,0.6043092423078863,0.9986468849217744,18.7744356980086,0.9772697305127592,0,0,0,0,0,1,0,0,0,0,0,1,0,1,0,0,0,0,0,0,0,0,0,0,0
30.642984278425924,50.67224424907139,1.4002843192584222,3.852855272716184,0.7181880758534804,0.0,184103.86556692145,0.1254940453907854,1.151384,1.411055,1.088542,150.55348700000002,1.13498,0.0,31.26835130451625,0.0347575450782876,0.610351811697647,7.1244344744467405,0.0347575450782876,0.610351811697647,1.1874057457411231,0.0347575450782876,0.610351811697647,1.3757102911271617,24.157841604443007,0.4276482643335857,0,0,0,0,0,1,0,0,0,0,0,0,1,1,0,0,0,0,0,0,0,0,0,0,0
3.209196,23.264325168019248,4.38026378595,9.726633108491235,1.5839218327181517,0.0,172637.40529451438,0.1380850994329658,1.4379540000000002,0.44486,1.7238380000000002,575.58214,6.382885,0.0,83.36526387358278,0.0526353011967826,0.6571624505483303,18.99461708512013,0.0526353011967826,0.6571624505483303,3.165769514186687,0.0526353011967826,0.6571624505483303,5.554374396626956,69.34749506047069,0.8328669280954111,0,0,0,1,0,0,0,0,0,0,0,1,0,1,0,0,0,0,0,0,0,0,0,0,0
23.024866715046297,36.02867165065947,61.24450844511997,4.0804783800523055,0.7465716900228024,0.0,156292.85665842326,0.12942780736539,0.8236879999999999,1.199837,2.026102,172.068516,0.3699949999999999,0.0,23.49476195412888,0.0215368136795414,0.6033670084586434,5.3532369009407565,0.0215368136795414,0.6033670084586434,0.8922061501567926,0.0215368136795414,0.6033670084586434,0.6405092539889279,17.944258524950243,0.9631401525588696,0,0,0,1,0,0,0,0,0,1,0,0,0,0,0,0,0,0,0,0,0,1,0,0,0
27.77016154287037,24.74924754301707,2.489929040844778,7.525859438258109,1.0427189276372786,0.0,167486.43068045564,0.1354057238006191,0.864557,1.285191,1.982602,162.769207,1.136733,0.0,28.336899533541192,0.0067223298780855,0.6077178143378728,6.45650875447774,0.0067223298780855,0.6077178143378728,1.0760847924129564,0.0067223298780855,0.6077178143378728,0.2411265650463684,21.798529936247515,0.6688085997316666,0,0,1,0,0,0,0,0,0,0,0,1,0,0,0,0,0,0,0,1,0,0,0,0,0
89.88059519537036,3.8561417755626497,0.5745279767530428,4.25919425773392,1.043345294553313,0.0,176728.77426184053,0.1350483593108842,2.586691,1.573295,0.771853,103.740417,9.02445,0.000196,91.71489305650036,0.0607197882486842,0.6646648428580573,20.897064240721605,0.0607197882486842,0.6646648428580573,3.4828440401202667,0.0607197882486842,0.6646648428580573,7.049251753976486,77.16413288752196,0.5577053677811683,0,0,1,0,0,0,0,0,0,0,1,0,0,0,0,1,0,0,0,0,0,0,0,0,0
78.66961627587962,10.486690364565169,3.0701947675334464,11.541033414342134,2.008493430894628,0.0,174808.02784022782,0.1380243269945506,1.714796,1.381267,1.902412,137.866398,0.371836,0.0,80.27511864885676,0.0554647801294918,0.6543858623595572,18.29053336303065,0.0554647801294918,0.6543858623595572,3.048422227171775,0.0554647801294918,0.6543858623595572,5.636002285731276,66.4948135987948,0.2520963269796414,0,0,0,0,0,1,0,0,0,1,0,0,0,0,0,0,0,1,0,0,0,0,0,0,0
18.625054991435185,34.25855902717227,7.504643009077731,6.905157093235629,1.6921820794935707,0.0,125924.20320930755,0.1136702380949358,0.879144,1.248324,0.901739,145.376437,1.134719,0.0,19.0051581545257,0.0107220008623722,0.5993329647565859,4.330289199765349,0.0107220008623722,0.5993329647565859,0.721714866627558,0.0107220008623722,0.5993329647565859,0.2579409140789176,14.418250357493282,0.0749546341246059,0,0,0,1,0,0,0,0,0,0,0,1,0,0,0,0,0,0,0,0,0,0,0,1,0
103.37324931796296,7.056229899043129,0.853753689381716,7.6894948602580335,1.8339580391808377,0.0,214837.2698591127,0.1369195747539865,2.758895,1.606643,1.118939,99.989808,1.136359,0.0,105.48290746730916,0.0672557366361021,0.6770358168466013,24.03408018242487,0.0672557366361021,0.6770358168466013,4.005680030404144,0.0672557366361021,0.6770358168466013,8.980165372445153,90.39962838035964,0.0448231501019728,0,0,0,0,0,0,1,0,0,0,0,0,1,0,0,0,1,0,0,0,0,0,0,0,0
62.191464727638895,6.896595234530313,1.3452519274158157,4.722021885055432,0.4275960163604155,0.0,125400.98398156474,0.1270089769552794,2.177139,1.508644,0.536596,123.546687,1.135232,0.0016079999999999,63.46067829350908,0.0,0.6392775832670667,14.459395054217255,0.0,0.6392775832670667,2.409899175702876,0.0,0.6392775832670667,0.0,51.353150698687706,0.6804434159315554,0,0,0,0,0,0,1,0,0,0,1,0,0,0,1,0,0,0,0,0,0,0,0,0,0
1.480115,9.268708465212868,2.9444808959960938,13.210102296275773,2.5286252978894352,0.0,171137.4023343825,0.1390163630461521,1.024251,0.266499,0.5379010000000001,589.285255,0.946254,0.261017,38.44893784556879,0.0367086511220984,0.6168037841223789,8.760517483800482,0.0367086511220984,0.6168037841223789,1.4600862473000802,0.0367086511220984,0.6168037841223789,1.7865932220104217,30.019557415991105,0.38306536968799,0,0,0,1,0,0,0,0,0,1,0,0,0,1,0,0,0,0,0,0,0,0,0,0,0
28.6777197674074,60.03094354129973,0.8681501190153529,4.959610708611761,0.7772629636940624,0.0,138665.32309464927,0.107768385186434,0.840677,1.261991,2.6272830000000003,163.873919,1.137052,0.0,29.262979354497347,0.0203835118947216,0.6085499248393965,6.667514283303193,0.0203835118947216,0.6085499248393965,1.111252380550532,0.0203835118947216,0.6085499248393965,0.7550408705663161,22.54175175538756,0.5488962843928806,0,0,0,1,0,0,0,0,0,0,1,0,0,0,0,0,1,0,0,0,0,0,0,0,0
55.22505797907407,3.8297854590983618,0.3257085815143528,8.72797352289982,0.4011405205769504,0.0,84878.61818513939,0.1198084403803165,1.907605,1.521124,0.314694,91.114507,1.135667,0.0,56.35209997864701,0.0,0.6328903123938137,12.839718982476532,0.0,0.6328903123938137,2.139953163746089,0.0,0.6328903123938137,0.0,45.14518754371308,0.2133547496112807,0,0,0,0,1,0,0,0,0,1,0,0,0,0,1,0,0,0,0,0,0,0,0,0,0
62.366331977129626,3.396251058010828,0.5924193813360566,8.937541131493,1.2598139013317848,0.0,128824.8887421313,0.1245289901249128,1.940131,1.461425,0.133923,120.78623600000002,32.554719,0.00228,63.63911426237717,0.0171743273882704,0.6394379133381737,14.50005135092138,0.0171743273882704,0.6394379133381737,2.416675225153563,0.0171743273882704,0.6394379133381737,1.3834923835969817,51.51045877294185,0.0751430204237293,0,0,0,0,0,1,0,0,0,0,0,0,1,0,0,0,0,0,0,0,0,1,0,0,0
35.89651171199074,17.572656305631003,3.32941452576388,7.950184579089963,1.0809756210096162,0.0,165300.35856939448,0.1307989483614333,1.223154,1.34976,0.521659,154.90078799999998,1.13561,0.0,36.62909358366402,0.0073760247840807,0.6151685994577296,8.34586942412598,0.0073760247840807,0.6151685994577296,1.3909782373543298,0.0073760247840807,0.6151685994577296,0.3419963317614181,28.52287113831482,0.8296458283121309,0,0,1,0,0,0,0,0,0,1,0,0,0,0,0,0,0,0,0,1,0,0,0,0,0
57.24454686648149,28.70389227412996,3.885317686364519,9.25983952675506,1.8510422523644905,0.0,177456.3493892386,0.1385781597569406,1.910604,1.444608,2.388041,118.169839,0.371805,0.0,58.41280292498112,0.0458655849745242,0.6347419158121832,13.309246236071646,0.0458655849745242,0.6347419158121832,2.218207706011941,0.0458655849745242,0.6347419158121832,3.3913131343745047,46.93298029944558,0.128768126781438,0,0,1,0,0,0,0,0,0,0,0,0,1,0,0,0,0,1,0,0,0,0,0,0,0
83.74440692699075,5.807880406152634,2.653964541512999,9.26453821779155,2.500105894083599,0.0,190421.98415017987,0.1376661587533333,2.895481,1.582092,3.212519,95.60724,1.134747,0.0,85.45347645611301,0.0346942636379249,0.6590387722001112,19.47041235708904,0.0346942636379249,0.6590387722001112,3.2450687261815063,0.0346942636379249,0.6590387722001112,3.7528423303108833,71.2875369669213,0.7125129989736332,0,0,0,0,0,1,0,0,0,0,0,0,1,0,0,0,1,0,0,0,0,0,0,0,0
22.67406300300925,21.33517344338553,2.8585350221867185,6.501064811679099,0.9357980090937168,0.0,191054.8081160072,0.138099502548754,0.71297,1.180073,1.709184,171.923132,1.13555,0.0,23.136798982662505,0.0,0.6030453679898917,5.271675717568672,0.0,0.6030453679898917,0.8786126195947785,0.0,0.6030453679898917,0.0,17.661442350136532,0.4244121843252391,0,0,1,0,0,0,0,0,0,0,1,0,0,0,1,0,0,0,0,0,0,0,0,0,0
30.366847278101847,28.89062029180073,1.2475703449415074,5.610427412197744,1.007010179172031,0.0,183406.35424160672,0.1290899260367135,0.912908,1.230852,1.327792,151.14327,1.136727,0.1514579999999999,30.98657885520597,0.0277175569875124,0.6100986306987682,7.060233156882372,0.0277175569875124,0.6100986306987682,1.1767055261470618,0.0277175569875124,0.6100986306987682,1.0871800826167335,23.93021434126653,0.1075180006435175,0,0,1,0,0,0,0,0,0,0,1,0,0,0,0,1,0,0,0,0,0,0,0,0,0
18.08245482319445,72.7730764252799,6.541569245519112,7.970103148362048,1.8440125087896984,0.0,226271.8635716427,0.1381498091726851,0.603661,0.986245,0.399023,176.706926,1.135568,0.006405,18.45148451346373,0.0298246573020344,0.5988354723798825,4.204135711928443,0.0298246573020344,0.5988354723798825,0.7006892853214072,0.0298246573020344,0.5988354723798825,0.6965939269972806,13.986586638898906,0.6418506720248076,0,0,0,0,0,0,0,1,0,0,0,1,0,1,0,0,0,0,0,0,0,0,0,0,0
38.13294901986111,6.966154036635444,1.4407219326467535,7.870769834632782,1.3684276209460746,0.0,193840.5253110012,0.1361321023792671,1.29673,1.461589,0.8381430000000001,132.078272,1.137126,0.0,38.91117246924603,0.0377943355971741,0.6172191157987916,8.865836765144666,0.0377943355971741,0.6172191157987916,1.477639460857444,0.0377943355971741,0.6172191157987916,1.8615467225091245,30.40091071666117,0.2380603513245377,0,0,0,0,0,1,0,0,0,1,0,0,0,0,0,0,0,0,0,1,0,0,0,0,0
10.970431439444445,66.41848703566052,18.60918652439575,5.094893387467455,2.1240488971880587,0.0,222624.6821979916,0.1384266830212492,0.705491,1.039725,2.26362,173.73484,1.13707,0.185147,11.194317795351475,0.0488165535236238,0.5923146903686571,2.550604054637045,0.0488165535236238,0.5923146903686571,0.4251006757728408,0.0488165535236238,0.5923146903686571,0.6917316630597857,8.393112504863238,0.5177914280846114,0,0,0,0,0,1,0,0,0,0,1,0,0,0,0,0,0,0,0,0,0,0,1,0,0
26.31208588199074,3.602914352360226,1.7652179098529497,8.768783264022938,1.1997550835998223,0.0,100873.34343618854,0.1154236170224291,1.066186,1.3760290000000002,1.670306,134.107296,0.0,0.0283089999999999,26.849067226521164,0.0117931615127672,0.6063809523750461,6.117508988321278,0.0117931615127672,0.6063809523750461,1.0195848313868796,0.0117931615127672,0.6063809523750461,0.4008042864171018,20.60856070278423,0.1437103018314088,0,0,0,0,0,1,0,0,0,0,0,1,0,0,0,0,0,0,1,0,0,0,0,0,0
39.17558449375,6.772930501188551,1.9128409281051413,7.469570774540341,1.0780454533849118,0.0,130482.21345735912,0.1364595411921576,1.315536,1.347428,0.8749540000000001,143.439997,1.135921,0.0,39.97508621811224,0.0136455086158873,0.6181750742195604,9.108247492734431,0.0136455086158873,0.6181750742195604,1.5180412487890722,0.0136455086158873,0.6181750742195604,0.6904814979874544,31.28050872128463,0.1674210301956579,0,0,0,0,0,1,0,0,0,0,1,0,0,0,0,0,0,0,1,0,0,0,0,0,0
23.426890823935185,5.950992783478328,0.6369501488814823,3.783091848988613,0.7250864307085673,0.0,183346.7459532374,0.1330820478195195,0.996886,1.380939,0.229258,158.155766,3.240471,0.000633,23.90499063666856,0.031899110324105,0.6037356112367658,5.446706727342203,0.031899110324105,0.6037356112367658,0.9077844545570336,0.031899110324105,0.6037356112367658,0.9652505488807454,18.268726751440827,0.8387371595270195,0,0,1,0,0,0,0,0,0,0,0,1,0,0,1,0,0,0,0,0,0,0,0,0,0
27.76491730740741,13.353801348663511,3.4456448160487114,7.883934999827287,1.3293878082319988,0.0,182802.1795376199,0.1378227652941676,0.878676,1.232694,2.021976,162.854869,0.370036,0.0,28.33154827286471,0.0336095671728101,0.6077130060696171,6.455289479893224,0.0336095671728101,0.6077130060696171,1.075881579982204,0.0336095671728101,0.6077130060696171,1.205330474413367,21.79424097153048,0.9768039785762548,0,0,0,0,0,1,0,0,0,0,1,0,0,0,0,0,0,0,0,1,0,0,0,0,0
32.84202458680556,62.4202254204523,1.109257240688129,4.288142003601403,0.7867561289303594,0.0,195271.209307554,0.1247356594216337,1.223313,1.249429,1.258756,121.98863500000002,0.0,0.4927399999999999,33.51226998653628,0.035641760970821,0.6123680399510024,7.635707085539912,0.035641760970821,0.6123680399510024,1.2726178475899852,0.035641760970821,0.6123680399510024,1.5119447043667675,25.977016564511427,0.6615094218348914,0,0,0,0,0,1,0,0,0,0,0,0,1,1,0,0,0,0,0,0,0,0,0,0,0
273.52773860671294,4.552645096324739,3.449988159916098,15.299355909406996,3.408607723043977,0.0,218271.69249288068,0.1261852919179901,4.794583,1.659877,0.272781,72.928428,18.753699,0.0,279.1099373537887,0.1695016885303461,0.8330449120104997,63.59466927048351,0.1695016885303461,0.8330449120104997,10.599111545080582,0.1695016885303461,0.8330449120104997,59.88557679375484,294.31786481537085,0.6345810873179283,0,0,0,1,0,0,0,0,0,0,0,1,0,1,0,0,0,0,0,0,0,0,0,0,0
17.635803797962964,74.87333461443583,6.498814171166729,8.768303725930998,1.633413478553438,0.0,222528.40010491607,0.136794681153852,0.581544,1.0626799999999998,0.0669309999999999,174.922073,1.134397,1.04764,17.995718161186698,0.0296529296084627,0.598425952639371,4.100290213941273,0.0296529296084627,0.598425952639371,0.6833817023235453,0.0296529296084627,0.598425952639371,0.6754756504903837,13.63177820764276,0.3745596594392997,0,0,0,0,0,0,0,1,0,0,0,1,0,1,0,0,0,0,0,0,0,0,0,0,0
45.99683284129629,7.80581780955905,1.0991341132911847,7.7099572360086785,2.261509965935485,0.0,205737.82681354915,0.131903918151804,1.508724,1.4243940000000002,0.941057,127.188288,1.135097,0.0,46.93554371560846,0.0542598918033319,0.6244292540947857,10.694174517480407,0.0542598918033319,0.6244292540947857,1.7823624195800678,0.0542598918033319,0.6244292540947857,3.2236930680246467,37.09864120616531,0.9993843359914184,0,0,0,0,0,1,0,0,0,0,0,0,1,0,0,0,0,0,0,0,0,0,0,0,1
35.23466883060185,17.05316172100249,0.7432252330888661,3.60446890766958,0.588898767920421,0.0,179022.0757831235,0.1285059184586401,1.275954,1.312402,2.008144,141.628846,0.0,0.0711789999999999,35.95374370469576,0.0366107923151416,0.6145617773309803,8.191992236512958,0.0366107923151416,0.6145617773309803,1.3653320394188262,0.0366107923151416,0.6145617773309803,1.6661962578790486,27.96936282640553,0.2377348549353587,0,0,0,0,0,0,0,0,1,0,0,1,0,0,0,1,0,0,0,0,0,0,0,0,0
135.9126356951389,5.22657185622624,0.2478919977264152,6.571154878865615,0.2844964439312903,0.0,79176.94652090827,0.1137314265777024,4.831711,1.649484,0.668856,51.163789,1.518237,0.0986679999999999,138.68636295422337,0.0,0.7068701177052583,31.599424470582537,0.0,0.7068701177052583,5.26657074509709,0.0,0.7068701177052583,0.0,124.092716082995,0.4906164324334211,0,0,0,0,0,0,1,0,0,1,0,0,0,0,1,0,0,0,0,0,0,0,0,0,0
11.954362025092593,81.01889594850086,57.01427056677908,5.056825895675367,1.2273282623119492,0.0,188507.61348733515,0.1269896215886521,0.735269,1.258227,0.605061,161.96518799999998,1.135284,0.4569819999999999,12.198328597033258,0.0274906227549376,0.5932168241942922,2.779366009450616,0.0274906227549376,0.5932168241942922,0.4632276682417692,0.0274906227549376,0.5932168241942922,0.424480569242797,9.159814874443652,0.3938785336675224,0,0,0,1,0,0,0,0,0,0,1,0,0,0,0,0,1,0,0,0,0,0,0,0,0
26.015582918703704,4.370953310955138,4.1114085689723066,10.958851139608331,2.179569257249077,0.0,162559.14366943945,0.1226021258486546,1.106488,1.239895,1.513547,162.191498,0.0,0.014633,26.54651318235072,0.0263335543642976,0.6061090984897376,6.048572623826746,0.0263335543642976,0.6061090984897376,1.0080954373044575,0.0263335543642976,0.6061090984897376,0.8848912000885767,20.367193889874088,0.7682311666703671,0,0,0,0,0,1,0,0,0,1,0,0,0,0,0,1,0,0,0,0,0,0,0,0,0
43.36608503300926,30.447007740111577,6.164540358584562,7.093232528768855,1.433653872361858,0.0,172973.94921875,0.12553343421621,1.18474,1.290797,2.634921,146.0757,0.0,0.0,44.25110717654007,0.0271117298754388,0.6220172073313365,10.08253074908508,0.0271117298754388,0.6220172073313365,1.6804217915141797,0.0271117298754388,0.6220172073313365,1.518638056277782,34.84170899654571,0.7524094238079535,0,0,0,1,0,0,0,0,0,0,1,0,0,0,0,0,0,0,0,0,0,0,0,1,0
3.4657760000000004,2.849119343360265,0.8760771314731891,2.8370181596536432,0.5406908546563247,0.0,172149.09745953238,0.1377234575059488,1.277375,0.414008,0.136841,589.844339,22.554394,0.0,90.03044088510961,0.0549986721875936,0.6631513120484975,20.513265011797127,0.0549986721875936,0.6631513120484975,3.4188775019661874,0.0549986721875936,0.6631513120484975,6.267790766005919,75.57443670539891,0.4669349782625474,0,0,0,1,0,0,0,0,0,0,0,1,0,1,0,0,0,0,0,0,0,0,0,0,0
268.1708029962037,7.561013549850099,1.810890992768377,5.711582617222263,0.8855323874407249,0.0,196849.9901641187,0.1385656150339318,3.240899,1.565684,0.727923,116.868348,1.13524,0.0,273.6436765267385,0.1325781678896958,0.8281333126695704,62.34919212001636,0.1325781678896958,0.8281333126695704,10.391532020002726,0.1325781678896958,0.8281333126695704,45.92300922596907,286.8524611812257,0.2788186611168876,0,0,1,0,0,0,0,0,0,0,1,0,0,0,0,1,0,0,0,0,0,0,0,0,0
34.34946225041667,31.763378229595364,3.2549361010535445,7.640038879083501,1.325370727182864,0.0,168941.9751199041,0.1267041730687772,1.1566610000000002,1.291984,2.168119,161.973705,1.134386,0.0,35.050471684098646,0.0217508600086634,0.6137501603223131,7.986183421693362,0.0217508600086634,0.6137501603223131,1.331030570282227,0.0217508600086634,0.6137501603223131,0.9650353200486732,27.23067419682056,0.2607525231328782,0,0,0,0,0,0,1,0,0,0,0,0,1,0,0,0,1,0,0,0,0,0,0,0,0
19.350465134722224,44.39760736056736,3.5793583618937066,6.871925882298312,1.226957111335773,0.0,180318.51601843524,0.1377315429582012,0.622885,1.099833,1.1657540000000002,173.259426,0.370601,0.2082969999999999,19.74537258645125,0.030313559104661,0.599998069630104,4.498945652609145,0.030313559104661,0.599998069630104,0.7498242754348575,0.030313559104661,0.599998069630104,0.7576614163834742,14.996437260756869,0.3087709594535228,0,0,0,0,1,0,0,0,0,0,0,1,0,0,0,0,1,0,0,0,0,0,0,0,0
32.19767097611111,9.639212150800796,2.9711499708733684,12.906125473461564,2.3874759908488614,0.0,203511.375,0.133109128839678,1.0647,1.328073,0.8611340000000001,132.488771,1.135626,0.0,32.8547663021542,0.0353820362704482,0.6117772531654746,7.485896119478171,0.0353820362704482,0.6117772531654746,1.2476493532463615,0.0353820362704482,0.6117772531654746,1.4714791556454694,25.44278314142468,0.505450384612772,0,0,0,0,0,0,1,0,0,0,0,1,0,1,0,0,0,0,0,0,0,0,0,0,0
231.55631471740745,4.920468801685742,0.3388337253166331,4.412600613612352,0.7257205317203376,0.0,135148.77611660672,0.1292195783423291,4.251275,1.660082,0.4578899999999999,65.94930699999999,26.577602,0.0,236.2819537932729,0.0563473286896491,0.7945626839418695,53.836394535176105,0.0563473286896491,0.7945626839418695,8.97273242252935,0.0563473286896491,0.7945626839418695,16.852983435217777,237.6466118645718,0.3771603997303189,0,0,0,0,0,1,0,0,0,0,0,0,1,0,0,0,0,1,0,0,0,0,0,0,0
2.206107,7.330019441672734,0.5089910487048059,8.686998472511053,4.37136672640876,0.0,172102.63292491008,0.138550741816882,2.088339,0.2505409999999999,0.1539829999999999,568.357395,1.6956220000000002,0.141183,57.308027365221086,0.0433957991163336,0.633749241828472,13.057525222455435,0.0433957991163336,0.633749241828472,2.1762542037425727,0.0433957991163336,0.633749241828472,3.14800967505631,45.97331505492935,0.5774773954210827,0,0,0,1,0,0,0,0,0,0,0,1,0,1,0,0,0,0,0,0,0,0,0,0,0
47.25550026731481,11.606073152451287,3.6567198384008246,11.048352878442484,1.8550827503204343,0.0,215049.2462717326,0.1365057594841904,1.617734,1.440966,1.222395,126.660615,1.135032,0.0,48.21989823195389,0.041589186590062,0.6255832851583575,10.986812255381896,0.041589186590062,0.6255832851583575,1.8311353758969824,0.041589186590062,0.6255832851583575,2.5385143606614338,38.18425613411062,0.1203638933125098,0,0,1,0,0,0,0,0,0,0,0,0,1,1,0,0,0,0,0,0,0,0,0,0,0
17.77640531476852,19.96197089013599,2.286601888618881,6.684535102020923,0.9528306496086166,0.0,99173.14525723172,0.1182035127167793,0.586855,1.147175,0.805581,182.34232,1.135237,1.8e-05,18.139189096702573,0.0059413921131541,0.5985548655790601,4.132979794185396,0.0059413921131541,0.5985548655790601,0.6888299656975659,0.0059413921131541,0.5985548655790601,0.1364202975166596,13.743417584164508,0.0112308980844012,0,0,0,0,0,0,1,0,0,0,0,1,0,0,0,0,0,0,0,1,0,0,0,0,0
36.607385649212965,17.715659521874926,2.3657672190837724,7.605751610488343,0.9966226322330732,0.0,126276.3012589928,0.1320499597157505,1.227072,1.356102,0.140559,134.30489,1.136494,0.0,37.354475152258125,0.0132696997510704,0.6158203765585585,8.51114623722337,0.0132696997510704,0.6158203765585585,1.4185243728705614,0.0132696997510704,0.6158203765585585,0.6274464172522625,29.11854044862141,0.2388617172394936,0,0,1,0,0,0,0,0,0,0,0,1,0,0,0,0,0,0,1,0,0,0,0,0,0
109.74135498958331,8.571059148084549,0.2446556343770713,2.978299943949107,0.1681354734287273,0.0,135121.18816509293,0.1185547256802054,1.821999,1.3482459999999998,0.234915,160.836027,1.134643,0.0,111.98097447916663,0.0140841448956167,0.6828745249987656,25.51465241297468,0.0140841448956167,0.6828745249987656,4.2524420688291125,0.0140841448956167,0.6828745249987656,1.996400341920186,96.79614526121496,0.6539717650382185,0,0,1,0,0,0,0,0,0,0,0,1,0,0,0,0,0,0,0,1,0,0,0,0,0
29.804950359953704,8.558143029894147,2.245376228428573,11.737076497478164,2.090210626737105,0.0,158770.5526453837,0.1282980060584539,1.173661,1.366782,0.629644,121.78769,1.135957,0.0,30.413214653013984,0.0344221930584625,0.6095834457621726,6.929593212079135,0.0344221930584625,0.6095834457621726,1.1549322020131891,0.0344221930584625,0.6095834457621726,1.3251766409044414,23.46758504416312,0.7363219903732081,0,0,0,0,0,1,0,0,0,1,0,0,0,0,0,0,0,0,0,0,1,0,0,0,0
96.633337535,6.796788489250909,1.4943512195019986,4.322481944692506,0.3144544286193321,0.0,149051.19975269784,0.1336711551681411,2.135028,1.571167,0.355294,97.346029,1.136116,0.0,98.60544646428572,0.0127923999778289,0.6708562118115546,22.46706375135624,0.0127923999778289,0.6708562118115546,3.74451062522604,0.0127923999778289,0.6708562118115546,1.596709254637397,83.73427377090856,0.4219177002513491,0,0,0,0,1,0,0,0,0,0,0,1,0,0,0,0,0,0,0,1,0,0,0,0,0
72.46555843592593,3.974729914892288,0.7270164303928256,3.919468066389326,0.5169601459726155,0.0,175732.0643547662,0.1369474427662879,2.278271,1.576323,0.253291,123.05813,1.532544,6e-05,73.94444738359789,0.0210500959789045,0.6486975643075842,16.848101935503315,0.0210500959789045,0.6486975643075842,2.8080169892505524,0.0210500959789045,0.6486975643075842,1.9703009044706228,60.71845938203831,0.0178330624962553,0,0,0,0,0,1,0,0,0,0,1,0,0,0,0,0,0,1,0,0,0,0,0,0,0
27.739536226064825,7.132398760886419,0.6823182132104032,4.413657822483163,1.306004640974587,0.0,184405.4632981115,0.1312481867466613,1.07971,1.35958,0.8543459999999999,155.241919,0.0,0.0,28.30564921027023,0.0335994901369228,0.6076897349849041,6.449388427656507,0.0335994901369228,0.6076897349849041,1.0748980712760845,0.0335994901369228,0.6076897349849041,1.2038675714679397,21.77348413565161,0.2048195487629177,0,0,0,1,0,0,0,0,0,0,1,0,0,0,0,1,0,0,0,0,0,0,0,0,0
1.540841,46.56148200716291,6.531330090918416,7.895913077201203,1.6426307914925993,0.0,172432.63228791967,0.1380394513694216,1.24383,0.344652,1.6712779999999998,621.6737009999999,1.114102,0.314001,40.02641675741685,0.0372680012927586,0.6182211962490417,9.11994305865194,0.0372680012927586,0.6182211962490417,1.5199905097753232,0.0372680012927586,0.6182211962490417,1.888233609442921,31.32301170801637,0.2413946669077737,1,0,0,0,0,0,0,0,0,0,1,0,0,1,0,0,0,0,0,0,0,0,0,0,0
1.825508,9.320555375871203,0.9851291858606772,10.143651567774713,2.7920198329061057,0.0,175465.5646732614,0.1392399258286261,1.614408,0.374195,0.397948,515.729063,0.0,0.0,47.42120958749056,0.0398900830210351,0.6248656394506479,10.804832564238357,0.0398900830210351,0.6248656394506479,1.800805427373059,0.0398900830210351,0.6248656394506479,2.394475933421403,37.50871449672213,0.1902078526019051,0,1,0,0,0,0,0,0,0,1,0,0,0,1,0,0,0,0,0,0,0,0,0,0,0
32.51087402902778,7.140829554058256,7.601831525921535,6.179629173781946,1.7885619766420595,0.0,285164.13991306955,0.1400193679425642,1.1810459999999998,1.350619,1.80721,144.40249,1.135645,0.0,33.17436125410998,0.0639147882750643,0.6120644188176554,7.558715222455438,0.0639147882750643,0.6120644188176554,1.2597858704092395,0.0639147882750643,0.6120644188176554,2.683964905970808,25.70233688689085,0.4717808311269929,0,0,0,0,0,0,0,0,1,1,0,0,0,0,0,0,0,0,0,0,0,0,1,0,0
30.710930222361103,64.37251895268759,12.010862165298178,4.9665458093730095,1.0987029800312125,0.0,175589.79571342925,0.1272889906160837,1.122358,1.325905,2.764521,146.28141100000002,0.0,0.0,31.33768390036847,0.0347847737291146,0.610414109114998,7.1402317747675,0.0347847737291146,0.610414109114998,1.1900386291279164,0.0347847737291146,0.610414109114998,1.379840814770679,24.213878987051693,0.2719622077528859,0,0,0,1,0,0,0,0,0,1,0,0,0,0,0,0,0,0,0,1,0,0,0,0,0
51.42657676939815,25.52417841865903,8.620789095652189,7.0558047191702205,1.9632971189576656,0.0,271296.9098283873,0.1367706295719249,1.669644,1.437161,1.600194,128.192982,0.0,0.0,52.476098744283824,0.0780470416688651,0.6294076090047013,11.956579460722896,0.0780470416688651,0.6294076090047013,1.992763243453816,0.0780470416688651,0.6294076090047013,5.184309196600765,41.80867827915733,0.008241336741655,0,0,0,1,0,0,0,0,0,1,0,0,0,0,0,0,0,0,0,0,0,0,0,0,1
19.65860215435185,2.0076371339105425,1.5045626312136935,11.814814235952548,4.072938160072986,0.0,160449.9681504796,0.1254657299416385,0.902741,1.165425,0.2823739999999999,174.67461799999998,127.443093,0.032016,20.059798116685567,0.0182596046225267,0.6002805904017855,4.570586912662535,0.0182596046225267,0.6002805904017855,0.7617644854437556,0.0182596046225267,0.6002805904017855,0.4636506106561839,15.242414502309666,0.4688350524275451,0,0,0,0,0,1,0,0,0,0,1,0,0,0,0,0,1,0,0,0,0,0,0,0,0
12.287523721712963,24.38124806937717,11.897745882006856,4.703928381133137,0.8455996384008897,0.0,163373.2909172662,0.1381582366548282,0.726106,1.150367,2.02579,164.187099,0.0,0.0,12.538289511952003,0.0276162908964948,0.5935222892751743,2.856825458419444,0.0276162908964948,0.5935222892751743,0.4761375764032405,0.0276162908964948,0.5935222892751743,0.4383051272234647,9.419942145226152,0.7285076171497694,0,0,0,0,0,0,0,0,1,1,0,0,0,0,0,0,0,0,0,0,0,0,0,1,0
1.427255,7.254498880817777,1.4918123094869746,9.853898707625392,2.2139683567362725,0.0,168609.8940909772,0.1388398745327259,1.293526,0.327753,0.394256,560.432912,6.279643,0.016391,37.075793965183294,0.0362217550640492,0.6155699731515362,8.447649257889864,0.0362217550640492,0.6155699731515362,1.407941542981644,0.0362217550640492,0.6155699731515362,1.6999371238126892,28.88955126040477,0.4188278955498195,0,0,0,1,0,0,0,0,0,0,1,0,0,1,0,0,0,0,0,0,0,0,0,0,0
17.623024156203705,3.3737060983975726,4.0745829147972366,10.142229056186814,1.814364120399924,0.0,131876.08790467627,0.1222128753217575,0.881906,1.01366,0.019258,140.224225,1.135052,1.302353,17.982677710411945,0.0237184158687938,0.5984142354031364,4.097318971992595,0.0237184158687938,0.5984142354031364,0.6828864953320991,0.0237184158687938,0.5984142354031364,0.5398995295823282,13.621633332376188,0.0789410117848423,0,0,0,0,0,1,0,0,0,0,0,1,0,0,0,1,0,0,0,0,0,0,0,0,0
244.4064481659722,27.34319291568938,0.9201844532569822,4.264181453832905,0.6721643620400691,0.0,183523.9806186301,0.1182293471047203,2.788431,1.60341,0.786489,92.963443,7.609872999999999,0.0,249.3943348632369,0.1493974500478384,0.8063445517046642,56.824025665041326,0.1493974500478384,0.8063445517046642,9.470670944173554,0.1493974500478384,0.8063445517046642,47.163136310056096,254.55413056073377,0.4753157559666118,0,0,0,1,0,0,0,0,0,1,0,0,0,1,0,0,0,0,0,0,0,0,0,0,0
294.8464722319908,4.931863862276077,0.2097464496676298,4.225927187098588,0.3076257193974739,0.0,90929.8965452638,0.1169022382627859,3.512983,1.667242,0.5271319999999999,93.609973,65.326685,0.0,300.86374717550075,0.0369802884290724,0.8525913627496027,68.55123353365839,0.0369802884290724,0.8525913627496027,11.425205588943063,0.0369802884290724,0.8525913627496027,14.083579934685512,324.7010534257115,0.9946078384218318,0,0,0,0,0,0,1,0,0,0,0,1,0,0,0,0,0,0,0,1,0,0,0,0,0
43.61737555851852,33.83796930540176,6.375045157164979,8.897777967887532,1.7245291025518514,0.0,194142.33762365108,0.1364570241108786,1.445922,1.456392,1.332805,127.457174,1.135897,0.0,44.50752608012094,0.0400631218929544,0.622247607408771,10.140955309394643,0.0400631218929544,0.622247607408771,1.6901592182324403,0.0400631218929544,0.622247607408771,2.257101825951562,35.05658432283384,0.949924425541218,0,0,0,0,1,0,0,0,0,1,0,0,0,1,0,0,0,0,0,0,0,0,0,0,0
458.3288429369907,4.688094978389286,4.165739067738577,13.243544253799842,2.7015476789977626,0.0,254079.7633955336,0.1196329949749745,4.506177,1.51159,0.255913,135.238153,26.260308,0.0,467.6824927928477,0.32215839380255,1.002483010249157,106.5605679781172,0.32215839380255,1.002483010249157,17.76009466301953,0.32215839380255,1.002483010249157,190.71878568065367,593.4731053364605,0.5796632062456101,0,0,1,0,0,0,0,0,0,1,0,0,0,1,0,0,0,0,0,0,0,0,0,0,0
44.95872879416667,15.49019446032388,1.440007947903457,6.926023521011682,1.2045838587718616,0.0,172452.3288931355,0.1384346817644665,1.4268459999999998,1.483603,0.604892,130.444027,0.3714469999999999,0.0,45.87625387159864,0.0406238179239493,0.6234774503912475,10.452817337832602,0.0406238179239493,0.6234774503912475,1.7421362229721,0.0406238179239493,0.6234774503912475,2.359074157357847,36.2060883510961,0.5867343994174534,0,0,0,0,0,0,1,0,0,1,0,0,0,0,0,0,1,0,0,0,0,0,0,0,0
145.6580290049074,4.810045705238978,3.890903055524941,16.33331543192875,4.143661303771771,0.0,287616.3057741307,0.1421834753571654,1.515775,1.061002,1.51234,182.994659,104.613663,0.2459,148.63064184174226,0.1749004188015564,0.7158053506140607,33.865209533561526,0.1749004188015564,0.7158053506140607,5.64420158892692,0.1749004188015564,0.7158053506140607,32.90577405679096,134.6716565766091,0.2159490499355565,0,0,1,0,0,0,0,0,0,0,0,1,0,0,0,0,0,0,0,0,0,0,1,0,0
114.46959332342593,20.069963841211223,2.921236683424714,5.373595400679883,0.9427517621780184,0.0,161224.40428282373,0.1352386503018063,1.855294,1.383886,0.977056,137.61203799999998,0.371761,0.0,116.80570747288358,0.0728039689566088,0.68720969233561,26.613958664707653,0.0728039689566088,0.68720969233561,4.435659777451274,0.0728039689566088,0.68720969233561,10.76445455798804,101.60761303225772,0.9029241603815564,0,0,0,0,0,1,0,0,0,1,0,0,0,0,0,0,0,0,0,1,0,0,0,0,0
70.90002686296296,6.195910282362075,1.93405073180759,8.642335270806182,0.7587386751346451,0.0,115288.63411458331,0.1231018676549839,1.939659,1.492441,2.280481,105.818544,1.136206,0.0,72.3469661866969,0.0,0.6472621795277327,16.484118877981572,0.0,0.6472621795277327,2.7473531463302616,0.0,0.6472621795277327,0.0,59.27525951420331,0.0987677694687091,0,0,1,0,0,0,0,0,0,1,0,0,0,0,1,0,0,0,0,0,0,0,0,0,0
261.68625493134266,3.743164019641422,0.3452089851458581,1.9940482672455784,0.3166865623540443,0.0,207993.2842663369,0.1283358073384641,2.817864,1.6332799999999998,0.125121,100.016261,0.925435,0.0,267.02679074626803,0.1611969800965526,0.8221878422892441,60.84154725864335,0.1611969800965526,0.8221878422892441,10.140257876440558,0.1611969800965526,0.8221878422892441,54.48596490274998,277.90655812290584,0.7009546904154029,0,0,0,0,0,0,0,0,1,0,0,1,0,1,0,0,0,0,0,0,0,0,0,0,0
95.79520178671297,6.234607113543011,0.9926073050184502,13.229223222755412,3.787075836309712,0.0,157017.6998463729,0.1290877290087924,2.479586,1.540929,1.091062,87.837714,1.667884,0.0,97.75020590480914,0.0839898342439027,0.6700877525116481,22.27219881375398,0.0839898342439027,0.6700877525116481,3.712033135625663,0.0839898342439027,0.6700877525116481,10.392434925635795,82.91293137000555,0.0434894955575095,0,0,0,0,0,1,0,0,0,1,0,0,0,0,0,0,0,0,0,0,0,0,0,0,1
90.21538616902778,5.044439844858079,0.716058638563259,4.1883974509845245,0.4619372520658323,0.0,112950.1937481265,0.1258482550688499,2.257601,1.588557,0.253136,95.007029,1.135519,0.0,92.05651649900794,0.0217338634538501,0.6649718017698536,20.974902493444848,0.0217338634538501,0.6649718017698536,3.4958170822408072,0.0217338634538501,0.6649718017698536,2.5325870375019464,77.48732612785008,0.4525975217999017,0,0,0,0,0,0,1,0,0,0,0,1,0,0,0,0,0,0,1,0,0,0,0,0,0
36.49063776652778,47.19126851899284,3.5460967906087424,9.812809507337978,1.5995077606585386,0.0,191734.9256220024,0.1379172051195903,1.2298950000000002,1.269888,0.1532109999999999,132.46968,1.136744,0.263869,37.23534465972223,0.0371223720499978,0.6157133342371002,8.484002580696204,0.0371223720499978,0.6157133342371002,1.4140004301160338,0.0371223720499978,0.6157133342371002,1.7497016681874822,29.020630647981235,0.3713542626340228,0,0,0,0,0,0,1,0,0,0,1,0,0,0,0,0,0,0,0,1,0,0,0,0,0
1.557283,14.747436610857646,3.095047354412308,10.806465632623906,2.038966436894964,0.0,170205.40572541967,0.1390788105430362,1.28642,0.342851,1.298814,573.929963,0.0,0.1464859999999999,40.453530485780426,0.0374194493628768,0.6186049707473883,9.217260110684148,0.0374194493628768,0.6186049707473883,1.5362100184473575,0.0374194493628768,0.6186049707473883,1.916137766534498,31.67690511744909,0.855556268990405,1,0,0,0,0,0,0,0,0,0,1,0,0,1,0,0,0,0,0,0,0,0,0,0,0
39.58089261416667,4.640311085893995,1.6358995677755892,9.518755299867772,1.954232370538963,0.0,169369.68789343524,0.1390209270538472,0.998244,1.365268,2.590646,151.93170700000002,4.759904,0.0,40.38866593282314,0.0383896105249831,0.6185466880006195,9.202480845453373,0.0383896105249831,0.6185466880006195,1.533746807575562,0.0383896105249831,0.6185466880006195,1.9626647528920689,31.623133601912915,0.741518947131479,0,0,0,1,0,0,0,0,0,0,1,0,0,1,0,0,0,0,0,0,0,0,0,0,0
45.81117163143518,20.340593292599632,3.1429351845519435,8.081992176796893,1.190558942387716,0.0,152007.64536495804,0.1259941603068253,1.4404709999999998,1.386627,2.086224,146.713478,1.135903,0.0,46.74609350146447,0.0245887991256102,0.6242590273938708,10.651008645903296,0.0245887991256102,0.6242590273938708,1.7751681076505492,0.0245887991256102,0.6242590273938708,1.454975067106968,36.93882387808501,0.667372617543891,0,0,0,0,0,0,1,0,0,0,0,1,0,0,0,0,1,0,0,0,0,0,0,0,0
1.38715,100.17836493083408,9.370184175116266,8.940667446282841,2.160536180297248,0.0,166127.87239583334,0.1383709297548952,0.98541,0.386306,1.448672,527.487009,1.068553,0.0,36.03398663784959,0.0358523459379035,0.614633878013707,8.210275436472058,0.0358523459379035,0.614633878013707,1.3683792394120091,0.0358523459379035,0.614633878013707,1.6353201955214884,28.03507461710834,0.096210572864982,0,1,0,0,0,0,0,0,0,1,0,0,0,1,0,0,0,0,0,0,0,0,0,0,0
215.9207030569445,10.89970466636476,1.8188723713088093,6.642166634543623,1.245786240918459,0.0,184668.42209982013,0.1333392886377924,2.660956,1.556641,0.966814,114.529358,1.1387040000000002,0.0,220.32724801729023,0.1307728895564404,0.7802269021609758,50.2011451178636,0.1307728895564404,0.7802269021609758,8.366857519643933,0.1307728895564404,0.7802269021609758,36.471937811695646,217.60157744580167,0.1562616816122334,0,0,1,0,0,0,0,0,0,0,0,1,0,0,0,1,0,0,0,0,0,0,0,0,0
49.5703465325926,38.10601190158299,5.175627439713878,8.303768209416232,1.3696703962284884,0.0,225140.3579511391,0.1361948616034407,1.670773,1.335275,1.415889,124.419534,1.135566,0.371378,50.581986257747545,0.0425689239564765,0.6277056921121739,11.52500952708172,0.0425689239564765,0.6277056921121739,1.9208349211802864,0.0425689239564765,0.6277056921121739,2.725595856422274,40.19063378775682,0.4010831289578042,0,0,1,0,0,0,0,0,0,0,0,0,1,1,0,0,0,0,0,0,0,0,0,0,0
18.18662672375,1.093825225673971,0.532308859719361,1.2989367969888006,0.1337972669918045,0.0,187631.60879421464,0.1374192149054518,0.614983,0.969428,0.164443,190.707874,73.119562,0.146252,18.55778237117347,0.0298647455508191,0.5989309841939705,4.228355476976233,0.0298647455508191,0.5989309841939705,0.7047259128293721,0.0298647455508191,0.5989309841939705,0.7015486689905989,14.069406151929671,0.0164878785480828,0,0,0,0,0,0,1,0,0,0,0,1,0,0,0,0,1,0,0,0,0,0,0,0,0
56.59337065819444,17.218706101462956,9.853815508832175,6.384657524758391,2.1742916836155404,0.0,155223.0911083633,0.1338557628222363,1.934528,1.478733,1.259002,102.454245,1.1358469999999998,0.0,57.74833740632086,0.0364663629043155,0.6341448736097015,13.157849029288297,0.0364663629043155,0.6341448736097015,2.192974838214716,0.0364663629043155,0.6341448736097015,2.665660543012353,46.35545838696423,0.9504526819398672,0,0,0,0,1,0,0,0,0,0,0,1,0,0,0,1,0,0,0,0,0,0,0,0,0
22.91155558861111,38.965155369894845,5.564094280453323,5.503212493672359,1.1613590651564747,0.0,191790.14066247,0.1273626104640446,0.985684,1.266165,2.456946,158.389984,0.0,0.0,23.379138355725622,0.0316975033741775,0.6032631171867702,5.326892283583054,0.0316975033741775,0.6032631171867702,0.8878153805971756,0.0316975033741775,0.6032631171867702,0.938051034070856,17.8528757995137,0.287372233382788,0,0,0,1,0,0,0,0,0,0,1,0,0,0,0,0,0,0,1,0,0,0,0,0,0
45.56008476555556,3.185118105014165,1.822703794466792,6.334800598432692,0.6419062324279218,0.0,53323.21996777578,0.0876511335730266,1.522593,1.359908,0.134376,119.780347,1.136516,0.589322,46.489882413832206,0.0016350372173784,0.6240288140453006,10.592631436063034,0.0016350372173784,0.6240288140453006,1.7654385726771722,0.0016350372173784,0.6240288140453006,0.0962185923774209,36.72281795925214,0.1474769742406412,0,0,1,0,0,0,0,0,0,1,0,0,0,0,0,0,0,0,0,0,0,1,0,0,0
63.051468428657394,38.30557023002988,3.257094007458904,8.151962688500932,1.735708466322302,0.0,164583.79998501198,0.1218355217819019,1.33323,1.428895,1.681298,126.75453600000002,1.135598,0.0,64.33823309046673,0.0484097634519817,0.640066092578777,14.659344248460773,0.0484097634519817,0.640066092578777,2.4432240414101285,0.0484097634519817,0.640066092578777,3.9425299301619736,52.127495515996976,0.0687078191362238,0,0,0,0,0,0,0,0,1,1,0,0,0,1,0,0,0,0,0,0,0,0,0,0,0
1.730127,31.423916439783007,4.571825945691811,7.278466796989349,1.6081712543964386,0.0,172116.7795263789,0.1380036417350208,1.540062,0.383606,1.114827,511.227527,1.113854,0.0,44.943497963293645,0.0390115239420947,0.6226393412249582,10.24029067518083,0.0390115239420947,0.6226393412249582,1.706715112530138,0.0390115239420947,0.6226393412249582,2.2193852491601467,35.42226577748153,0.8428165444226402,1,0,0,0,0,0,0,0,0,0,1,0,0,1,0,0,0,0,0,0,0,0,0,0,0
1.499594,14.276637304396855,3.609616356216175,13.302543349689143,2.932910965500976,0.0,174375.52900179857,0.1388870238614596,1.122837,0.482382,0.698041,457.381694,0.945983,0.0,38.954943703420255,0.036888073148484,0.6172584455658342,8.875809957741323,0.036888073148484,0.6172584455658342,1.4793016596235538,0.036888073148484,0.6172584455658342,1.818952927628916,30.437048098073124,0.9085737838898188,0,1,0,0,0,0,0,0,0,0,0,1,0,1,0,0,0,0,0,0,0,0,0,0,0
12.625649621805556,11.340578769502184,10.898404506184786,7.209313557874099,1.249298210338437,0.0,190097.1361098621,0.1328062621309317,0.748418,1.27218,0.910021,150.138019,0.369757,0.0,12.883315940617914,0.0277439755088124,0.5938323058721234,2.9354390750774995,0.0277439755088124,0.5938323058721234,0.4892398458462498,0.0277439755088124,0.5938323058721234,0.4524486100364506,9.684214192780026,0.3117970681655542,0,0,1,0,0,0,0,0,0,0,0,1,0,0,1,0,0,0,0,0,0,0,0,0,0
38.89631622662037,7.252437434877668,3.172726345862702,9.935041022815293,1.5933338733885785,0.0,183241.8268884892,0.1384246521573558,1.27364,1.433683,1.388363,129.426394,0.3709469999999999,0.0,39.69011859859221,0.0381078377128771,0.617919022264393,9.043318161704557,0.0381078377128771,0.617919022264393,1.5072196936174256,0.0381078377128771,0.617919022264393,1.914562782734175,31.044657313923924,0.6308592241209428,0,0,1,0,0,0,0,0,0,0,0,0,1,0,1,0,0,0,0,0,0,0,0,0,0
20.733110360277777,36.473592204139344,4.013807059191971,7.347186872427412,0.9912652497668918,0.0,164252.38886390888,0.1356015184300123,0.686437,1.062434,1.06848,176.212817,1.137061,0.0,21.15623506150793,0.006169797001876,0.6012657718898167,4.82040798869801,0.006169797001876,0.6012657718898167,0.8034013314496683,0.006169797001876,0.6012657718898167,0.1652274375360464,16.101924056379712,0.7835021889326951,0,0,0,0,0,1,0,0,0,0,1,0,0,0,0,0,0,0,0,1,0,0,0,0,0
31.48127277143519,6.032592681192217,2.533600691268198,9.282938114458997,1.601522316749719,0.0,173823.74118517686,0.1264130260161073,1.200109,1.3052,1.252854,131.911971,0.0,0.258276,32.123747725954274,0.0350938903562311,0.6111204110442017,7.319334924900974,0.0350938903562311,0.6111204110442017,1.2198891541501622,0.0350938903562311,0.6111204110442017,1.4270218740833782,24.84997204375369,0.517917237618223,0,0,0,1,0,0,0,0,0,1,0,0,0,0,0,0,0,0,0,0,1,0,0,0,0
57.64356699583333,8.830025504316602,7.936250946218733,8.263737615635641,1.854490826455809,0.0,320576.39075614506,0.1366030436982925,1.714791,1.45451,2.041287,105.850098,1.135937,0.0,58.81996632227891,0.0902365150962183,0.6351077643395573,13.40201764305089,0.0902365150962183,0.6351077643395573,2.2336696071751483,0.0902365150962183,0.6351077643395573,6.718618707594148,47.28736368287419,0.7798340410796581,0,0,1,0,0,0,0,0,0,1,0,0,0,0,0,0,0,0,0,0,0,0,0,0,1
12.154406696296297,6.118136780602591,3.97184700016781,6.138587305014082,1.2581314854055858,0.0,168208.87040992206,0.132414897586659,0.760228,1.249061,2.248217,161.183952,0.0,0.0,12.402455812547242,0.0275660624426894,0.593400238621248,2.8258760079221563,0.0275660624426894,0.593400238621248,0.4709793346536926,0.0275660624426894,0.593400238621248,0.4327681916093343,9.315974985639263,0.9697406156406236,0,0,0,0,0,0,0,0,1,0,0,1,0,0,0,0,0,0,0,0,0,0,0,0,1
57.40592166550925,7.083308498064677,0.6672197907662792,7.456614596094731,1.8149792967940408,0.0,189887.504590078,0.1369781490924547,1.943815,1.42689,0.8707309999999999,95.908422,1.155625,0.003624,58.577471087254345,0.0275614259915161,0.6348898750960306,13.346765564184532,0.0275614259915161,0.6348898750960306,2.2244609273640887,0.0275614259915161,0.6348898750960306,2.0436438406854887,47.07625734433955,0.709002014476231,0,0,1,0,0,0,0,0,0,0,1,0,0,0,0,0,1,0,0,0,0,0,0,0,0
32.38470688847222,7.158648555619376,1.4645886747099512,10.097340412277113,1.7455822232244111,0.0,189286.71996777577,0.1381248106880725,1.043318,1.344932,1.829399,139.30969199999998,0.369794,0.0,33.045619273951246,0.035457372055998,0.6119487402862234,7.529381606723068,0.035457372055998,0.6119487402862234,1.2548969344538443,0.035457372055998,0.6119487402862234,1.4831782498953776,25.597753274269127,0.5152051352881158,0,0,0,0,0,0,1,0,0,0,1,0,0,0,0,0,0,0,0,1,0,0,0,0,0
218.20354930291668,7.747774743466151,0.4228358353695852,1.3644389207843397,0.2664928510427761,0.0,211929.33678994305,0.123981365661541,2.919781,1.630334,0.153245,85.687505,0.013493,0.0,222.6566829621599,0.1322275171358502,0.7823199693419896,50.7319024470744,0.1322275171358502,0.7823199693419896,8.455317074512399,0.1322275171358502,0.7823199693419896,37.26751944530452,220.4921131503114,0.0134759803726635,0,0,0,0,0,0,0,0,1,1,0,0,0,1,0,0,0,0,0,0,0,0,0,0,0
61.84328313333333,6.960272196360997,1.0151694656418953,9.375831106583847,1.8806280615232545,0.0,173532.1304706235,0.1306702993024024,2.140584,1.512572,0.663103,94.584589,1.136248,0.0,63.10539095238095,0.0287261390957023,0.6389583469324428,14.378443508137432,0.0287261390957023,0.6389583469324428,2.3964072513562384,0.0287261390957023,0.6389583469324428,2.2946509344136325,51.04014719678337,0.3882385262016263,0,0,0,0,0,0,1,0,0,0,1,0,0,0,0,0,1,0,0,0,0,0,0,0,0
0.881983,30.576720896221342,3.848686294875842,8.359256567143136,1.5453602385749634,0.0,169256.15536945444,0.1387118660538888,0.678629,0.432625,1.2197639999999998,476.002924,0.341945,0.0,22.91126672444255,0.0311992278721344,0.6028427204899134,5.220288620759062,0.0311992278721344,0.6028427204899134,0.8700481034598436,0.0311992278721344,0.6028427204899134,0.9048276346520692,17.483405521560726,0.746996489310351,1,0,0,0,0,0,0,0,0,1,0,0,0,1,0,0,0,0,0,0,0,0,0,0,0
27.59870559217593,9.39019399370466,0.3618750996369538,3.675647916267816,0.5118778330101955,0.0,163593.8237410072,0.1204342699433259,1.093236,1.361954,0.847325,151.44826,1.136999,0.040317,28.16194448181217,0.0119750620158725,0.6075606119752427,6.416645578134419,0.0119750620158725,0.6075606119752427,1.0694409296890697,0.0119750620158725,0.6075606119752427,0.4268873818446346,21.65833952377546,0.9932398467726024,0,0,0,0,0,0,0,0,1,1,0,0,0,0,0,0,0,0,0,0,1,0,0,0,0
2.265505,9.172081218447005,2.7214755002829096,10.460401317770248,2.107073999423203,0.0,171795.17743929857,0.1387963909789812,1.739944,0.362451,1.286446,642.4929070000001,1.078862,0.18499,58.85100882960128,0.0439429170137231,0.6351356569636616,13.40909061940282,0.0439429170137231,0.6351356569636616,2.2348484365671366,0.0439429170137231,0.6351356569636616,3.273525312877285,47.31439766577602,0.5882842087203759,0,0,1,0,0,0,0,0,0,0,1,0,0,1,0,0,0,0,0,0,0,0,0,0,0
31.321705451620364,23.76020452181498,19.96984238876141,9.069738863755187,1.8553379951335256,0.0,172345.7462342626,0.1340828598689118,1.180961,1.234862,0.913389,123.79603,0.371239,0.000766,31.960923930224865,0.0350297986926366,0.6109741089790249,7.282235832203133,0.0350297986926366,0.6109741089790249,1.2137059720338552,0.0350297986926366,0.6109741089790249,1.4171958624132273,24.71809749419688,0.1046792823724434,0,0,0,0,0,1,0,0,0,0,0,1,0,0,0,0,1,0,0,0,0,0,0,0,0
52.1925915513426,6.584251950468336,0.7418356506372813,5.020693933935188,0.3708837811681006,0.0,76461.08376892236,0.1133489386765934,1.773455,1.517319,0.594985,107.411773,1.185216,0.001176,53.25774648096184,0.0,0.6301099429455386,12.134676413383708,0.0,0.6301099429455386,2.0224460688972847,0.0,0.6301099429455386,0.0,42.4787792361099,0.8930753689017574,0,0,0,0,0,0,1,0,0,0,0,0,1,0,1,0,0,0,0,0,0,0,0,0,0
170.9329782230093,4.266299452100482,2.77371214190833,8.265710608850567,1.2036538934536118,0.0,120054.52021507794,0.1166287882329462,1.975712,1.394238,1.059223,127.317358,1.136527,0.0,174.42140635000948,0.0369336898167914,0.7389791262476739,39.74158625696418,0.0369336898167914,0.7389791262476739,6.62359770949403,0.0369336898167914,0.7389791262476739,8.154463442455423,163.15668159926642,0.7095044612042054,0,0,0,0,0,1,0,0,0,0,0,0,1,0,0,0,0,0,1,0,0,0,0,0,0
58.003306274120376,11.925182067780268,0.9436562672364626,4.069852938469079,0.6983647837841825,0.0,182416.2970342476,0.1301761176839149,1.808664,1.447799,0.8941370000000001,117.382682,1.13561,0.0,59.18704721849018,0.0461955894819922,0.63543759753723,13.485656328263584,0.0461955894819922,0.63543759753723,2.2476093880439305,0.0461955894819922,0.63543759753723,3.460988020198305,47.6071836580253,0.8454309355246018,0,0,0,0,0,0,0,0,1,0,0,1,0,0,0,0,0,0,0,0,1,0,0,0,0
26.39741926680556,17.385916189920334,2.454926773512678,6.524844809973555,0.8923975605187084,0.0,188003.8834120204,0.1325763341941707,0.8396680000000001,1.216368,1.219646,163.440077,1.13436,0.0,26.936142108985266,0.019840676662128,0.6064591917691865,6.137348834958668,0.019840676662128,0.6064591917691865,1.0228914724931113,0.019840676662128,0.6064591917691865,0.6764952988727952,20.67806452252551,0.7718816207628625,0,0,1,0,0,0,0,0,0,1,0,0,0,0,0,0,1,0,0,0,0,0,0,0,0
98.61352011388888,32.22507533572969,1.2788980869795208,6.026134218815133,0.8816372970168254,0.0,100026.68299891335,0.117697416315619,1.493357,1.367846,1.732144,137.483857,1.135885,0.0,100.62604093253968,0.0129847438788483,0.6726717765591148,22.927452364376126,0.0129847438788483,0.6726717765591148,3.821242060729354,0.0129847438788483,0.6726717765591148,1.653928315255109,85.68138952177425,0.9152100773141728,0,0,0,0,0,1,0,0,0,0,1,0,0,0,0,0,0,0,0,1,0,0,0,0,0
19.41273406648148,24.189871165865945,1.7159190735370993,8.504225701165142,1.83662534867831,0.0,181438.21408498203,0.1310375477734515,0.912408,1.159164,1.046319,161.025991,1.137025,0.178504,19.808912312736204,0.0303376204391448,0.6000551619803628,4.513423058598122,0.0303376204391448,0.6000551619803628,0.7522371764330203,0.0303376204391448,0.6000551619803628,0.760702864627968,15.046126691738891,0.2375947153462009,0,0,0,1,0,0,0,0,0,0,1,0,0,0,0,0,1,0,0,0,0,0,0,0,0
3.061691,3.491196566536313,0.533589328793313,5.438380759968746,1.702003566910037,0.0,169263.1368779976,0.1387705403945143,2.16446,0.366788,0.142868,711.726888,1.142844,0.0,79.53352743627174,0.0512766253919671,0.6537195204073132,18.121563213327736,0.0512766253919671,0.6537195204073132,3.0202605355546224,0.0512766253919671,0.6537195204073132,5.162292268925881,65.81344229359676,0.0783668413697163,0,1,0,0,0,0,0,0,0,0,1,0,0,1,0,0,0,0,0,0,0,0,0,0,0
42.85288822379629,5.265198422613598,0.7010056703782482,9.57505370672944,1.1694110527598889,0.0,143756.35457883694,0.1301622113539017,1.46043,1.439411,0.549124,111.115523,1.135066,0.0,43.72743696305744,0.0079489162943189,0.621546673934416,9.963213485253592,0.0079489162943189,0.621546673934416,1.6605355808755988,0.0079489162943189,0.621546673934416,0.4399819445372784,34.40334557476607,0.6642144446082358,0,0,0,0,0,0,0,1,0,0,0,1,0,0,0,0,0,0,0,1,0,0,0,0,0
43.41157750277777,3.7538921858583176,7.769854698392699,7.628326673301862,1.5562766950479228,0.0,112729.95103604616,0.112420096403832,1.071684,1.25483,2.977459,154.80760800000002,1.137117,0.0,44.29752806405895,0.0142718956302895,0.6220589178913989,10.093107660165328,0.0142718956302895,0.6220589178913989,1.6821846100275546,0.0142718956302895,0.6220589178913989,0.8002654395064175,34.88059794024352,0.908276290837256,0,0,0,0,0,1,0,0,0,0,0,0,1,0,0,0,0,0,1,0,0,0,0,0,0
56.4130300561574,7.125019612766447,1.1782359170684995,5.786079573116714,0.6068421426436884,0.0,142057.3188886391,0.129138016747199,1.926991,1.467113,0.470332,120.451492,1.1357270000000002,0.0,57.56431638383408,0.0091009550301965,0.6339795252003664,13.11592018872169,0.0091009550301965,0.6339795252003664,2.1859866981202813,0.0091009550301965,0.6339795252003664,0.6631522212066837,46.195693632287096,0.0484843483252025,0,0,0,0,1,0,0,0,0,1,0,0,0,0,0,0,0,0,0,1,0,0,0,0,0
60.35089082486112,5.701906163351876,0.0679588728055036,2.337396948457622,0.1116211805760646,0.0,51691.16122648756,0.1019785565277226,1.379732,1.401071,0.344981,152.48055,1.134627,0.0,61.58254165802155,0.0,0.6375900211559821,14.031465187903644,0.0,0.6375900211559821,2.3385775313172736,0.0,0.6375900211559821,0.0,49.7017899222495,0.7570599522724685,0,0,0,0,0,0,0,0,1,1,0,0,0,0,1,0,0,0,0,0,0,0,0,0,0
101.88482837226852,3.604937311581203,0.4916177336975253,6.478455832822146,0.8502885446274023,0.0,122525.4989227368,0.1300385170292368,2.081766,1.472964,0.680484,134.915374,1.136847,0.0,103.96411058394747,0.0237488537888076,0.6756711322829942,23.688025196342466,0.0237488537888076,0.6756711322829942,3.9480041993904105,0.0237488537888076,0.6756711322829942,3.12535248296405,88.91841558867117,0.095540058062267,0,0,0,0,0,0,0,1,0,0,0,1,0,0,0,0,0,0,1,0,0,0,0,0,0
266.7659334135648,4.759403123742058,0.2697680467288557,7.489100078884646,0.3444339951379693,0.0,80686.07151154077,0.1188842817444166,4.0026470000000005,1.722522,0.270268,69.78528100000001,1.141665,0.0,272.21013613629066,0.0,0.8268452336225413,62.02256266396496,0.0,0.8268452336225413,10.337093777327492,0.0,0.8268452336225413,0.0,284.9058906430823,0.5999482516444843,0,0,0,0,1,0,0,0,0,1,0,0,0,0,1,0,0,0,0,0,0,0,0,0,0
1.50036,38.37968623297555,4.834489567388448,11.1973322289739,2.0736613528048107,0.0,168087.01807928656,0.138831290177447,1.178428,0.51217,0.74766,492.933565,1.078193,0.0,38.97484208049887,0.0368951288121326,0.6172763248545906,8.880343765176956,0.0368951288121326,0.6172763248545906,1.4800572941961592,0.0368951288121326,0.6172763248545906,1.82023015062346,30.45347757118783,0.0224795694126203,0,1,0,0,0,0,0,0,0,1,0,0,0,1,0,0,0,0,0,0,0,0,0,0,0
167.30422185717592,4.66838436126709,2.824800355400113,7.998828970842796,0.8183279366944906,0.0,38099.76519175285,0.0845868698001908,3.54938,1.494037,0.406558,114.777506,1.170307,0.0,170.71859373181218,0.0040545675551947,0.7356520380258451,38.8979074325648,0.0040545675551947,0.7356520380258451,6.482984572094132,0.0040545675551947,0.7356520380258451,0.8761899635613557,158.974027098372,0.1339725803524543,0,0,0,1,0,0,0,0,0,0,0,1,0,0,0,0,0,0,0,0,0,1,0,0,0
126.71722521518518,6.6177664819217865,0.5098654632088092,9.446572515318431,3.26190463701884,0.0,165292.39575839328,0.134814758952573,3.491878,1.600137,1.437204,71.70214,0.002939,0.104446,129.30329103590324,0.0536756000777105,0.6984391460944901,29.461509349952635,0.0536756000777105,0.6984391460944901,4.910251558325439,0.0536756000777105,0.6984391460944901,8.785356630854379,114.31706351686532,0.372228920564723,0,0,1,0,0,0,0,0,0,0,1,0,0,0,0,0,0,0,0,0,0,1,0,0,0
36.74332845199074,13.47258536929176,3.610501393997412,10.488782171436922,1.8320662792352176,0.0,207488.93944844123,0.1353065341853981,1.2449370000000002,1.346773,0.217044,132.076985,1.135618,0.0,37.49319229794974,0.022335323720104,0.6159450180754767,8.54275267548222,0.022335323720104,0.6159450180754767,1.4237921125803696,0.022335323720104,0.6159450180754767,1.0600285914871117,29.23258861730124,0.038395604301965,0,0,0,0,1,0,0,0,0,0,0,0,1,0,0,0,1,0,0,0,0,0,0,0,0
62.03403583393519,9.036994177954538,1.790512168293091,10.189156747264542,1.8981712650623823,0.0,177616.50266973922,0.1263722447003963,1.929645,1.443135,1.373666,96.511007,0.0001909999999999,0.161013,63.30003656523999,0.0479609060465122,0.639133241854965,14.422793141447086,0.0479609060465122,0.639133241854965,2.403798856907847,0.0479609060465122,0.639133241854965,3.842945704362359,51.21159187275906,0.0997622957704894,0,0,0,1,0,0,0,0,0,1,0,0,0,1,0,0,0,0,0,0,0,0,0,0,0
8.601182595601854,23.15966314134144,1.222333742989053,3.9733405730707183,1.2937865217955564,0.0,214353.0912020384,0.1263989690575096,0.66378,0.912961,0.467004,166.167623,1.137015,0.0,8.776716934287606,0.0431018851925256,0.5901424034669654,1.999758288825024,0.0431018851925256,0.5901424034669654,0.333293048137504,0.0431018851925256,0.5901424034669654,0.4788519565429879,6.556345349556588,0.9890951353921876,0,0,0,1,0,0,0,0,0,0,1,0,0,0,0,0,0,0,0,0,0,0,0,0,1
138.3382727989352,3.333959811074393,2.021671964396104,12.023062949557955,2.495768674557729,0.0,188623.2125393435,0.1249778458057976,3.722012,1.591299,0.8417620000000001,69.429941,3.619283,0.058745,141.16150285605633,0.0578542227178674,0.7090941051612523,32.16338039758245,0.0578542227178674,0.7090941051612523,5.360563399597075,0.0578542227178674,0.7090941051612523,10.337707627117924,126.70479689991495,0.1329643072301007,0,0,0,0,0,1,0,0,0,0,0,0,1,0,0,0,0,0,0,0,1,0,0,0,0
25.18709554537037,47.84821995780582,3.4912885964917337,7.80640843903704,1.438230520386776,0.0,206966.79256594725,0.1303930756249587,1.0449469999999998,1.297712,0.653151,159.575213,1.134703,0.203146,25.701117903439155,0.032590269826669,0.6053494854697772,5.855950914707655,0.032590269826669,0.6053494854697772,0.9759918191179424,0.032590269826669,0.6053494854697772,1.0602612244558427,19.69387151752528,0.1489268525488217,0,0,1,0,0,0,0,0,0,0,0,1,0,0,0,0,0,0,0,1,0,0,0,0,0
24.813736529351853,45.63190915925162,4.866887930485842,5.405014614978854,1.1810223510225328,0.0,229723.9678132494,0.1282532357608528,1.019251,1.318908,2.023019,147.025447,1.13677,0.0,25.32013931566516,0.053304405569351,0.6050071647793046,5.769145666860415,0.053304405569351,0.6050071647793046,0.9615242778100692,0.053304405569351,0.6050071647793046,1.7084493356388442,19.390969239477947,0.7758400106215798,0,0,1,0,0,0,0,0,0,1,0,0,0,0,0,0,0,0,0,0,0,0,0,0,1
47.624760633287046,6.891217383316585,16.369531276075246,6.882361705926397,1.426451500800016,0.0,162590.49056692145,0.1176989375740932,1.259097,1.335357,1.650732,128.456023,1.135943,0.0,48.596694523762295,0.0149029710403989,0.6259218479304361,11.072664575034446,0.0149029710403989,0.6259218479304361,1.8454440958390743,0.0149029710403989,0.6259218479304361,0.9167533305654996,38.50345929066355,0.7937023330857534,0,0,1,0,0,0,0,0,0,0,0,1,0,0,0,0,0,0,0,0,1,0,0,0,0
1.676934,2.6729612523601167,0.2822988954164999,5.575532734822884,2.062867810114396,0.0,170746.82838729018,0.1383738706795146,1.364904,0.373131,0.262322,527.0495990000001,5.03245,0.0,43.56170374404762,0.0385215606046786,0.621397757665139,9.925451485985532,0.0385215606046786,0.621397757665139,1.654241914330922,0.0385215606046786,0.621397757665139,2.1241326719232765,34.264740540030736,0.045503287068371,0,1,0,0,0,0,0,0,0,1,0,0,0,1,0,0,0,0,0,0,0,0,0,0,0
32.23626447592592,19.96022170044127,14.588864093204196,4.291359531793663,0.6012717501865589,0.0,191448.3600119904,0.1376236749352883,1.101588,1.254135,1.802061,163.858615,0.37032,0.0,32.89414742441421,0.035397577627705,0.6118126382852589,7.494869033410832,0.035397577627705,0.6118126382852589,1.2491448389018052,0.035397577627705,0.6118126382852589,1.4738900467757905,25.474753316297605,0.420920501718385,0,0,1,0,0,0,0,0,0,0,0,0,1,0,1,0,0,0,0,0,0,0,0,0,0
0.677809,5.394427457309905,1.7908524972357625,11.167119801473277,2.239090398347064,0.0,168633.65847946642,0.1390008620685524,0.614103,0.2520949999999999,0.036337,545.140581,1.097921,0.3998489999999999,17.607440038218066,0.0293185711230587,0.5980770730975401,4.011821780859813,0.0293185711230587,0.5980770730975401,0.6686369634766353,0.0293185711230587,0.5980770730975401,0.653449345639859,13.329881269364432,0.075977813002893,1,0,0,0,0,0,0,0,0,0,0,1,0,1,0,0,0,0,0,0,0,0,0,0,0
27.11661779138889,9.549352971712748,0.4559222784438293,4.028089591639219,0.3750968011591932,0.0,112698.60546875,0.1188706348982932,1.077867,1.300945,0.66301,150.462473,1.135522,0.040359,27.67001815447846,0.0119068172819223,0.6071186014123435,6.304561098488763,0.0119068172819223,0.6071186014123435,1.0507601830814604,0.0119068172819223,0.6071186014123435,0.4170403169023414,21.26453509240648,0.4701324472925789,0,0,1,0,0,0,0,0,0,1,0,0,0,0,0,0,0,0,0,0,0,1,0,0,0
11.250998036712964,14.579743896211896,3.884621127332143,7.158016440965575,1.318836323363032,0.0,169450.33354878597,0.1304054502353107,0.722826,1.258595,0.8971379999999999,158.99485,1.137084,0.0,11.48061024154384,0.0272257772703656,0.5925719327203344,2.6158352449087228,0.0272257772703656,0.5925719327203344,0.4359725408181204,0.0272257772703656,0.5925719327203344,0.3956563764103177,8.611503037519618,0.7438465276866665,0,0,0,0,0,1,0,0,0,0,0,1,0,0,0,0,0,0,1,0,0,0,0,0,0
43.91380214944445,5.467936729533331,1.6998800119335988,7.196415812563267,1.0417708585874068,0.0,171844.21786945444,0.1306737406040838,1.518615,1.3688280000000002,0.791725,149.760398,1.1344610000000002,0.038821,44.810002193310666,0.0160747336086979,0.6225193912707554,10.20987391746319,0.0160747336086979,0.6225193912707554,1.7016456529105313,0.0160747336086979,0.6225193912707554,0.9117833522311894,35.31024720027971,0.7536634237037841,0,0,1,0,0,0,0,0,0,1,0,0,0,0,0,0,0,1,0,0,0,0,0,0,0
54.69421915444445,60.02089767001924,0.582157687817832,3.618531428366828,1.0638719307575866,0.0,169115.4380995204,0.1198899958470313,1.317618,1.415188,1.990232,146.63749,1.134677,0.0,55.81042770861679,0.0358093866878364,0.6324036036090234,12.7162999842418,0.0358093866878364,0.6324036036090234,2.1193833307069663,0.0358093866878364,0.6324036036090234,2.529793907634686,44.676855192266,0.5043015046528,0,0,0,1,0,0,0,0,0,1,0,0,0,0,0,1,0,0,0,0,0,0,0,0,0
46.16821241962963,6.209227089087168,0.6307995084950107,8.468636923270832,1.247433187292634,0.0,143030.45089553358,0.1262581913912896,1.572073,1.483193,0.61762,105.139804,1.134789,0.0,47.11042083635677,0.0164525393871465,0.6245863864340916,10.734019937397743,0.0164525393871465,0.6245863864340916,1.7890033228996238,0.0164525393871465,0.6245863864340916,0.9811215877914056,37.24623735894861,0.987282100198206,0,0,0,0,0,0,1,0,0,0,1,0,0,0,0,0,0,1,0,0,0,0,0,0,0
38.80013796652778,2.6798970770268213,0.4306112424218111,6.526041532877824,1.4911146096760135,0.0,159854.67078836932,0.1332324665191648,1.298028,1.212112,0.444426,147.74932900000002,63.981963,0.097296,39.59197751686508,0.0380682982093347,0.6178308395582287,9.020956902576852,0.0380682982093347,0.6178308395582287,1.503492817096142,0.0380682982093347,0.6178308395582287,1.907847097226956,30.9634743152092,0.5809050104617185,0,0,0,0,0,0,0,0,1,1,0,0,0,0,0,0,0,0,0,0,1,0,0,0,0
73.65401420462963,3.568675336383638,1.1811945272578324,4.072551911969265,0.5332361501183727,0.0,195594.90128522183,0.134717016393761,1.7650290000000002,1.449027,0.250532,147.408854,1.177124,0.0,75.15715735166289,0.0425323232733951,0.6497872205951897,17.124415599113064,0.0425323232733951,0.6497872205951897,2.8540692665188434,0.0425323232733951,0.6497872205951897,4.046339889608044,61.81792453591437,0.7155227519079295,0,0,0,0,0,0,0,1,0,1,0,0,0,0,0,1,0,0,0,0,0,0,0,0,0
52.23816039347222,7.41261914344061,0.5512948450710562,6.230893013860396,1.3358359225362324,0.0,175959.01495053957,0.1377414333806049,1.740804,1.374065,0.1477119999999999,118.625077,0.929345,0.20107,53.30424529946145,0.0437064836282087,0.6301517235289251,12.14527108088995,0.0437064836282087,0.6301517235289251,2.0242118468149912,0.0437064836282087,0.6301517235289251,2.949039398094856,42.51868613527118,0.9880489647988404,0,0,0,0,0,1,0,0,0,1,0,0,0,0,0,0,0,0,1,0,0,0,0,0,0
24.459827007962968,41.21287998926072,0.8645436912060356,4.422113615831883,0.4264917218928142,0.0,55284.51967644634,0.0949621856328752,1.00095,1.320831,2.672454,149.995936,0.0,0.0,24.95900715098262,0.0012921690026639,0.6046826766953723,5.686862388831483,0.0012921690026639,0.6046826766953723,0.9478103981385804,0.0012921690026639,0.6046826766953723,0.0408243738959069,19.10415095153812,0.3538961210659,0,0,0,1,0,0,0,0,0,0,0,1,0,0,0,0,0,0,0,0,0,1,0,0,0
74.65449213518518,4.489329852944329,0.8113877448818381,3.3892930748937227,0.6467781570032061,0.0,222394.2881070144,0.1387258358746409,2.131378,1.550626,0.259223,115.221029,3.862471,0.0,76.17805319916856,0.0536215197380086,0.6507045261410489,17.357024779557392,0.0536215197380086,0.6507045261410489,2.892837463259565,0.0536215197380086,0.6507045261410489,5.17061137116746,62.74608102444631,0.3466409167720836,0,0,0,0,0,0,0,1,0,1,0,0,0,1,0,0,0,0,0,0,0,0,0,0,0
26.37720604856481,5.111090863886334,12.819456487250845,6.829341601410644,1.3013086216055232,0.0,192685.02091764088,0.1220869218809999,1.046931,1.366536,3.040975,141.905274,0.0,0.0,26.915516376086543,0.0264478433568625,0.606440658929405,6.132649300880478,0.0264478433568625,0.606440658929405,1.0221082168134128,0.0264478433568625,0.606440658929405,0.9010852670681092,20.66159935004951,0.7737158755497995,0,0,1,0,0,0,0,0,0,1,0,0,0,0,0,1,0,0,0,0,0,0,0,0,0
46.19025857453703,3.0447254331338973,0.6615109024145048,9.425222606681803,1.6815167262399795,0.0,155679.4176783573,0.1247800934514839,1.3021969999999998,1.28781,0.168248,160.699012,95.776012,0.003313,47.13291691279289,0.0146872002068098,0.6246065998336517,10.739145625699646,0.0146872002068098,0.6246065998336517,1.789857604283274,0.0146872002068098,0.6246065998336517,0.876266565859649,37.26522907992606,0.364068801324199,0,0,0,1,0,0,0,0,0,0,0,1,0,0,0,0,0,0,0,0,0,1,0,0,0
55.99331301694445,7.947170358612424,1.5292218897840102,3.155020910201313,0.3779918743337658,0.0,167506.9623800959,0.1384332121061764,1.276455,1.278195,0.703519,172.979452,0.388542,0.000872,57.13603369075964,0.0453229856451067,0.6335947003521583,13.018336790299664,0.0453229856451067,0.6335947003521583,2.169722798383277,0.0453229856451067,0.6335947003521583,3.2779438414995403,45.82416220962996,0.615789459088571,0,0,0,0,0,0,1,0,0,0,0,1,0,0,0,0,0,0,0,1,0,0,0,0,0
35.52462922828703,3.8086723338989983,0.5723388031375208,2.70791989907944,0.5309406587545821,0.0,177231.24385491607,0.1340255384608138,1.269318,1.476033,0.247851,125.960106,17.697384,6e-06,36.24962166151738,0.0367287209522566,0.6148276325515232,8.259407467181175,0.0367287209522566,0.6148276325515232,1.3765679111968625,0.0367287209522566,0.6148276325515232,1.6853192894060145,28.21173299625208,0.3512659738521134,0,0,0,1,0,0,0,0,0,0,0,1,0,0,0,0,0,0,0,0,0,0,0,0,1
25.74446103675925,12.507209778967358,5.153683725020868,5.026831365603623,0.7676096523908689,0.0,175986.4940610012,0.1377758703750672,0.788045,1.0936549999999998,1.164678,198.472494,0.370566,0.0,26.26985820077476,0.0328099435588655,0.6058605156891421,5.9855373115689305,0.0328099435588655,0.6058605156891421,0.997589551928155,0.0328099435588655,0.6058605156891421,1.0910285631225562,20.14667067924308,0.8123212603258048,0,0,0,0,0,0,1,0,0,1,0,0,0,0,0,0,1,0,0,0,0,0,0,0,0
30.411423279537043,7.904216308820815,7.961417140863496,7.83343787673566,2.062157367916702,0.0,224263.6930268285,0.1262141048229283,1.152835,1.448249,0.310866,122.115326,0.841767,0.000655,31.03206457095617,0.0346647933399467,0.6101395009789412,7.070596990850772,0.0346647933399467,0.6101395009789412,1.1784328318084618,0.0346647933399467,0.6101395009789412,1.3616710193216206,23.966947331227185,0.6507939710545942,0,0,0,1,0,0,0,0,0,1,0,0,0,1,0,0,0,0,0,0,0,0,0,0,0
49.3290607863889,4.3117293403262185,1.4018735867038334,8.546194962174486,1.055145327135813,0.0,128607.26944694245,0.1215720290510202,1.581627,1.521656,2.887084,107.501368,1.134758,0.0,50.33577631264173,0.0084932969236189,0.627484465090198,11.468911058576598,0.0084932969236189,0.627484465090198,1.9114851764294327,0.0084932969236189,0.627484465090198,0.5411603722837119,39.98090844865551,0.6915574868311503,0,0,1,0,0,0,0,0,0,1,0,0,0,0,0,0,0,0,0,1,0,0,0,0,0
22.29749634782407,10.998943394706362,2.5402659112029222,4.12805967250888,0.6188044736353899,0.0,180482.57192371105,0.139414703567251,0.7294010000000001,1.17549,1.207254,180.194788,0.369678,0.0,22.75254729369803,0.0314577140149823,0.6027001063198064,5.184124699829931,0.0314577140149823,0.6027001063198064,0.8640207833049883,0.0314577140149823,0.6027001063198064,0.9060039568069784,17.358180598681297,0.3300590774927293,0,0,0,0,0,0,0,1,0,1,0,0,0,0,0,0,0,1,0,0,0,0,0,0,0
1.334411,24.19742315383185,3.5894890174591283,9.866845574596232,1.6274933794991289,0.0,168873.29402727817,0.1388356961685118,1.121156,0.365765,0.641303,555.44648,1.060969,0.0,34.6639859736867,0.0353665644168013,0.6134028913169367,7.898123386409628,0.0353665644168013,0.6134028913169367,1.3163538977349378,0.0353665644168013,0.6134028913169367,1.5518304973183423,26.915176228897675,0.4773398187744185,1,0,0,0,0,0,0,0,0,0,1,0,0,1,0,0,0,0,0,0,0,0,0,0,0
1.244473,6.469602592218489,0.805147300735652,4.000282416240775,0.7905835765871785,0.0,164018.86726244004,0.1378810913871518,1.005305,0.376404,0.068687,567.8574269999999,1.122692,0.0,32.327667125519646,0.0345381410783823,0.6113036387422931,7.36579757290321,0.0345381410783823,0.6113036387422931,1.2276329288172017,0.0345381410783823,0.6113036387422931,1.4133386429318735,25.015215880860463,0.4152859481460018,0,0,1,0,0,0,0,0,0,1,0,0,0,1,0,0,0,0,0,0,0,0,0,0,0
1.223231,13.74814754100073,1.4923221484648523,7.026869361063273,1.2870265239720151,0.0,164852.08904751198,0.1383667369183304,1.0069709999999998,0.358973,0.336384,526.201179,6.834136999999999,0.0,31.77586382799509,0.0343424799723459,0.6108078269253684,7.24007023929002,0.0343424799723459,0.6108078269253684,1.2066783732150033,0.0343424799723459,0.6108078269253684,1.3813442621733096,24.56828649804316,0.9217404130881428,0,0,0,1,0,0,0,0,0,0,0,1,0,1,0,0,0,0,0,0,0,0,0,0,0
33.44959217689815,15.731858729180836,6.818578693220656,5.011526804747913,0.8051677441997208,0.0,163137.16904601318,0.1321497321021642,0.977986,1.213094,2.937659,160.130303,0.0,0.0,34.13223691520219,0.0243494248477029,0.6129250988354166,7.776965373084043,0.0243494248477029,0.6129250988354166,1.2961608955140071,0.0243494248477029,0.6129250988354166,1.0520257438616565,26.48165149965084,0.3140525684751312,0,0,1,0,0,0,0,0,0,0,1,0,0,0,0,0,0,0,0,0,0,1,0,0,0
32.48503471351852,4.875249305793218,1.2929738964394129,8.187162176310586,1.012536942101211,0.0,109527.34631669664,0.1269535334419003,1.0062870000000002,1.387445,2.523355,133.215852,1.137105,0.0,33.14799460563114,0.007099560233805,0.6120407275929978,7.552707631662791,0.007099560233805,0.6120407275929978,1.2587846052771317,0.007099560233805,0.6120407275929978,0.2978939042183853,25.68091485655601,0.76452605933697,0,0,0,0,0,1,0,0,0,0,0,1,0,0,0,0,0,0,0,1,0,0,0,0,0
47.930988343888885,59.79609141122727,0.5020929944815395,3.844127218500316,0.6410834652414139,0.0,142631.56346485313,0.1171845273344779,1.10055,1.305282,3.4586120000000005,157.079723,0.0,0.0,48.909171779478456,0.0251246269578381,0.6262026181190148,11.143861924438127,0.0251246269578381,0.6262026181190148,1.857310320739688,0.0251246269578381,0.6262026181190148,1.5554742984509111,38.76841951688866,0.7568990960191903,0,0,1,0,0,0,0,0,0,0,1,0,0,0,0,0,1,0,0,0,0,0,0,0,0
3.755794,19.622371749650863,3.875364927936801,8.922852850074676,1.5492754664352473,0.0,174040.8477780276,0.1382779971980076,1.7514459999999998,0.424605,1.767513,590.685656,1.06947,0.0,97.56423660780423,0.0576700422398698,0.6699206535192103,22.229826062537672,0.0576700422398698,0.6699206535192103,3.704971010422945,0.0576700422398698,0.6699206535192103,7.122194488952822,82.73455335240895,0.0401422372750044,0,0,1,0,0,0,0,0,0,0,0,1,0,1,0,0,0,0,0,0,0,0,0,0,0
3.597290953055555,3.427580969106584,0.9405771586820662,3.6286502084571968,0.6906685213819682,0.0,169901.0040842326,0.1386575116385087,0.554967,1.019552,0.020478,191.152432,136.907973,0.2075389999999999,3.6707050541383217,0.0243844149527299,0.5855544986122949,0.8363631768922758,0.0243844149527299,0.5855544986122949,0.1393938628153792,0.0243844149527299,0.5855544986122949,0.1133012597584707,2.7207567816830154,0.3148866809748851,0,0,0,0,0,1,0,0,0,0,0,1,0,0,0,0,0,0,0,1,0,0,0,0,0
20.23175126703704,6.936814166250683,1.1461799336280185,5.156642102509093,0.779634116793708,0.0,193176.92822616905,0.1318568836370532,0.6929529999999999,1.22226,0.172736,182.519461,1.416382,0.002703,20.64464415003779,0.024523643745681,0.6008060921081334,4.703842970894686,0.024523643745681,0.6008060921081334,0.7839738284824477,0.024523643745681,0.6008060921081334,0.6408631625213741,15.700541740186384,0.7364606045532753,0,0,0,0,0,0,1,0,0,0,0,0,1,0,0,1,0,0,0,0,0,0,0,0,0
45.88728941800925,17.472191954794383,0.8947376877569752,4.271079811832601,0.4541555308609558,0.0,162433.27646320444,0.1250250043628884,1.524856,1.374556,0.179949,105.227942,1.136427,0.092737,46.82376471225434,0.0146417482638109,0.6243288173069018,10.668705883804783,0.0146417482638109,0.6243288173069018,1.7781176473007974,0.0146417482638109,0.6243288173069018,0.867825032507271,37.00433625906126,0.7579305819053855,0,0,0,0,0,0,0,0,1,1,0,0,0,0,0,0,0,0,1,0,0,0,0,0,0
1.973729,14.788064694404602,1.6378959740380303,7.31153350025058,1.33688315141687,0.0,163677.71712005397,0.1388259295829766,1.381189,0.45288,0.110527,577.634117,0.927375,0.0,51.271545552201424,0.0412553539370418,0.6283252818250196,11.682124303033236,0.0412553539370418,0.6283252818250196,1.9470207171722056,0.0412553539370418,0.6283252818250196,2.6775009603230826,40.778744694545935,0.6204392403422673,0,0,0,1,0,0,0,0,0,0,0,1,0,1,0,0,0,0,0,0,0,0,0,0,0
78.95193943745372,4.487097305343265,0.6176592518242715,6.5285271712058455,2.179302961420384,0.0,216475.61417116303,0.1369297082761494,2.648602,1.450009,0.64761,118.431896,4.986127,0.018989,80.56320350760583,0.0555951584618888,0.6546447152476891,18.356172951100064,0.0555951584618888,0.6546447152476891,3.059362158516677,0.0555951584618888,0.6546447152476891,5.669524133168037,66.75984230339019,0.1414342802420815,0,0,0,0,0,0,1,0,0,0,0,0,1,0,1,0,0,0,0,0,0,0,0,0,0
39.82663341476852,6.359922367618197,1.1048727455756646,8.477043206743199,1.605056705520593,0.0,179338.45647856715,0.1384116200377329,1.36246,1.330201,1.379191,119.243008,0.3698,0.0,40.639421851804606,0.0384909028772846,0.618771999716502,9.259615105474468,0.0384909028772846,0.618771999716502,1.5432691842457442,0.0384909028772846,0.618771999716502,1.9800608094769767,31.831058641219805,0.0241584537415284,0,0,0,0,0,1,0,0,0,0,0,0,1,0,0,0,0,0,1,0,0,0,0,0,0
34.66297079277778,6.645143489610581,0.976558297801075,10.578596786343509,2.109464238301741,0.0,163037.01086630695,0.1271013679782406,1.189796,1.1788459999999998,0.1804589999999999,118.436648,1.136259,0.1295069999999999,35.37037835997732,0.0145514367047526,0.6140376060677903,8.05907355037458,0.0145514367047526,0.6140376060677903,1.3431789250624298,0.0145514367047526,0.6140376060677903,0.651506103706788,27.49207905553475,0.544913567251424,0,0,0,0,0,0,1,0,0,1,0,0,0,0,0,0,0,1,0,0,0,0,0,0,0
30.511725647129627,4.876117119334993,1.2325090735936337,8.28622665107965,1.312361841865009,0.0,169401.5552870204,0.1393457758162233,1.0364209999999998,0.888942,0.0205319999999999,140.48036399999998,0.372158,2.164463,31.13441392564248,0.034704961093428,0.6102314649446074,7.09391709698183,0.034704961093428,0.6102314649446074,1.1823195161636382,0.034704961093428,0.6102314649446074,1.367745093615325,24.04961901270455,0.6090917460031161,0,0,0,0,0,0,0,1,0,1,0,0,0,1,0,0,0,0,0,0,0,0,0,0,0
75.5111099948611,8.991358550389608,0.9171052234207124,4.438755262384026,2.4340308482984274,0.0,214746.28638339328,0.1318068663708025,1.784764,1.402831,0.61751,147.436685,1.136996,0.0,77.05215305598071,0.0887434559456257,0.6514899310853903,17.55618677224877,0.0887434559456257,0.6514899310853903,2.926031128708128,0.0887434559456257,0.6514899310853903,8.655537152201314,63.54266061319218,0.3455673939165997,0,0,0,0,0,0,0,0,1,0,0,1,0,0,0,0,0,0,0,0,0,0,0,0,1
45.51884369055556,109.16882215000334,6.195357647016466,6.773193493163843,1.8938467239590289,0.0,195792.2207546463,0.1388952517144971,1.539586,1.28736,2.673989,158.596553,1.137061,5.9e-05,46.44779968424037,0.0408586258710644,0.6239910014502805,10.583042966029453,0.0408586258710644,0.6239910014502805,1.7638404943382415,0.0408586258710644,0.6239910014502805,2.4022699618133188,36.68735321535591,0.0021882071559781,0,0,0,0,1,0,0,0,0,0,0,1,0,1,0,0,0,0,0,0,0,0,0,0,0
3.350196,4.351780121099381,0.5119936839996768,7.959478808249787,7.117642748555977,0.0,183046.6331122602,0.1382975233115738,2.203639,0.360201,0.0772419999999999,587.9663320000001,9.407387,0.0,87.02801996768709,0.0539340591268799,0.6604535467815659,19.82916910656161,0.0539340591268799,0.6604535467815659,3.3048615177602687,0.0539340591268799,0.6604535467815659,5.94148655016775,72.75691703422262,0.4281243714758527,0,0,0,1,0,0,0,0,0,0,1,0,0,1,0,0,0,0,0,0,0,0,0,0,0
1.88849,60.10434717677889,5.222505437956154,8.62469275335042,1.8433159566897568,0.0,169413.81864508393,0.1384500589766662,1.020628,0.395267,1.19181,585.3219019999999,1.114003,0.0,49.0572925968443,0.0404702133185769,0.6263357091170425,11.17761097143288,0.0404702133185769,0.6263357091170425,1.86293516190548,0.0404702133185769,0.6263357091170425,2.5131127800330804,38.894093855704696,0.1488959613148904,1,0,0,0,0,0,0,0,0,1,0,0,0,1,0,0,0,0,0,0,0,0,0,0,0
36.54264734444445,8.352157933371407,1.3745137464514168,5.117190631459371,0.7646390219672407,0.0,171257.06272482013,0.1378846817808471,1.132002,1.356471,0.789567,138.532276,0.371744,0.0,37.28841565759637,0.0371435996796193,0.61576102012082,8.49609470679411,0.0371435996796193,0.61576102012082,1.4160157844656849,0.0371435996796193,0.61576102012082,1.7531974479405164,29.064244131659112,0.9842073693672936,0,0,0,0,0,1,0,0,0,1,0,0,0,0,0,1,0,0,0,0,0,0,0,0,0
67.85857395407407,3.610352475870224,0.1008183932472333,1.656511480430905,0.107585797841243,0.0,58424.62071904976,0.1003087236851954,1.548775,1.447267,0.1680839999999999,130.241724,4.95552,1.1e-05,69.24344281027967,0.0020219303659908,0.6444735706683206,15.776986969430812,0.0020219303659908,0.6444735706683206,2.629497828238468,0.0020219303659908,0.6444735706683206,0.1772220502074086,56.48806181431468,0.7873547449164283,0,0,0,0,0,1,0,0,0,0,0,0,1,0,0,0,0,0,0,0,0,1,0,0,0
69.2836312975,59.07519067809695,1.771128467590117,9.551495561210944,2.1501550310664324,0.0,240377.44510641487,0.1181778463287104,2.032523,1.457415,1.029109,119.076317,0.0134849999999999,0.0,70.69758295663264,0.0511878457557663,0.6457801592140231,16.108310040751743,0.0511878457557663,0.6457801592140231,2.68471834012529,0.0511878457557663,0.6457801592140231,4.58083160973368,57.79126123769726,0.2687308786891342,0,0,0,1,0,0,0,0,0,0,0,1,0,1,0,0,0,0,0,0,0,0,0,0,0
59.22307471087964,13.56806211358025,3.833029884228604,8.809417665147667,1.4979139719363883,0.0,170392.4570406175,0.126122460939544,1.829393,1.43581,1.222105,127.148463,1.137084,0.0,60.43170888865269,0.0373821038793237,0.636555963387721,13.769250126528462,0.0373821038793237,0.636555963387721,2.2948750210880764,0.0373821038793237,0.636555963387721,2.8595752142793227,48.69387933010458,0.4987874780826725,0,0,0,1,0,0,0,0,0,1,0,0,0,0,0,1,0,0,0,0,0,0,0,0,0
0.870843,60.697543954849245,5.244628404255965,7.392334898027013,1.8117105627803207,0.0,165441.7793577638,0.1389125712591109,0.756033,0.295837,2.029603,605.47707,1.041688,0.0,22.621883016014745,0.0310966167846076,0.6025827005463797,5.154353092256524,0.0310966167846076,0.6025827005463797,0.8590588487094204,0.0310966167846076,0.6025827005463797,0.8904607937914358,17.25513336611955,0.10372805109956,1,0,0,0,0,0,0,0,0,0,1,0,0,1,0,0,0,0,0,0,0,0,0,0,0
29.477211100972223,19.02881922948928,1.0910772197395209,3.653015984905709,0.6254440382373133,0.0,164569.70293764988,0.1291060923493737,1.13641,1.044799,0.154548,149.86404199999998,1.134365,0.781974,30.07878683772676,0.0342912855667549,0.6092829523373026,6.8533944693554645,0.0342912855667549,0.6092829523373026,1.142232411559244,0.0342912855667549,0.6092829523373026,1.305620593612706,23.19809119900577,0.427068736512268,0,0,0,0,0,1,0,0,0,0,1,0,0,0,1,0,0,0,0,0,0,0,0,0,0
75.00560133666667,3.647323223522731,2.145050493504504,7.397892843905113,0.8702965186511298,0.0,82473.82126798561,0.1026757727611622,2.221741,1.580824,1.460106,99.636154,1.135664,0.0,76.53632789455783,0.0107563781320126,0.6510264467030971,17.43865698863343,0.0107563781320126,0.6510264467030971,2.9064428314389046,0.0107563781320126,0.6510264467030971,1.042093270467808,63.07237163657862,0.5415852802374311,0,0,1,0,0,0,0,0,0,0,0,1,0,0,0,0,0,0,0,1,0,0,0,0,0
46.6016764838426,34.94574236188616,4.534175261033239,7.871074984113661,1.0789276707372506,0.0,188302.53181205035,0.1399377715423238,1.409778,1.370955,2.4976,151.357013,1.135593,0.0,47.55273110596183,0.0330509543355612,0.6249838154806399,10.834799492497632,0.0330509543355612,0.6249838154806399,1.805799915416272,0.0330509543355612,0.6249838154806399,1.9894470181194497,37.61985737104928,0.429242560557301,0,0,0,0,0,0,0,1,0,0,0,1,0,0,0,1,0,0,0,0,0,0,0,0,0
128.0315935499074,5.755987556207748,0.686866624606885,7.520745555273921,3.459522319068726,0.0,207137.3332771283,0.1379208391983446,3.677227,1.59539,0.8313139999999999,90.174704,11.375631,0.0,130.6444832141912,0.0797971730047053,0.6996442475024472,29.76709744120812,0.0797971730047053,0.6996442475024472,4.96118290686802,0.0797971730047053,0.6996442475024472,13.196279024244488,115.70210271992266,0.5619024481732455,0,0,0,0,0,0,1,0,0,0,1,0,0,0,0,0,1,0,0,0,0,0,0,0,0
112.5324083838426,4.907890005906423,0.7126595099195302,8.694032280279291,6.653092726529073,0.0,173099.5880920264,0.1341608859580769,3.166284,1.458479,0.6113,98.319136,1.362039,0.0819889999999999,114.82898814677816,0.0718241110587727,0.6854335507195246,26.16356691951908,0.0718241110587727,0.6854335507195246,4.360594486586512,0.0718241110587727,0.6854335507195246,10.439860756228732,99.6299254062992,0.8163379923578538,0,0,0,0,0,1,0,0,0,0,1,0,0,0,0,0,1,0,0,0,0,0,0,0,0
36.18736312055555,10.379454827308654,3.049152162435244,9.39529744440989,1.515803443513614,0.0,182041.82881819544,0.1372983711872169,1.238485,1.369401,1.510737,152.07269499999998,1.137095,0.0,36.92588073526077,0.0221991955893627,0.6154352716170538,8.41349181309739,0.0221991955893627,0.6154352716170538,1.4022486355162316,0.0221991955893627,0.6154352716170538,1.037626390824728,28.76644232911917,0.4778339215046683,0,0,0,0,0,1,0,0,0,0,1,0,0,0,0,0,1,0,0,0,0,0,0,0,0
29.849704563564817,18.95099101747785,3.643852683851759,7.929765766473126,1.3230765071704234,0.0,168513.62428806955,0.1384050238797133,1.153389,1.298776,2.32944,143.974283,0.372121,0.0,30.458882207719203,0.0233675940177249,0.6096244794301019,6.939998477708173,0.0233675940177249,0.6096244794301019,1.156666412951362,0.0233675940177249,0.6096244794301019,0.900950371726187,23.504405328991915,0.3007452773255201,0,0,0,1,0,0,0,0,0,0,0,1,0,0,0,0,0,0,0,0,0,1,0,0,0
41.94942864930556,5.004599397523062,0.4780280539136138,4.854423497220595,0.6460096013846157,0.0,87057.08492580935,0.1236894569165415,1.017575,1.162847,0.169795,170.147286,3.273138,0.0,42.8055394380669,0.007873818220555,0.6207183213512862,9.753160884622838,0.007873818220555,0.6207183213512862,1.6255268141038062,0.007873818220555,0.6207183213512862,0.4266367548963777,33.6331425120673,0.5042263684447237,0,0,0,0,1,0,0,0,0,0,0,1,0,0,0,0,0,0,0,1,0,0,0,0,0
75.55800262458334,6.023957188356491,2.3973421873234444,9.591407473424642,1.4863305589277966,0.0,170330.23401903475,0.1262540155820709,2.0446,1.541542,1.48897,104.23327,1.137138,0.000165,77.10000267814627,0.0366624213893667,0.6515329254063947,17.567089217805478,0.0366624213893667,0.6515329254063947,2.927848202967579,0.0366624213893667,0.6515329254063947,3.578066819376583,63.58631682751077,0.8658598643227975,0,0,0,1,0,0,0,0,0,1,0,0,0,0,0,0,0,0,0,0,1,0,0,0,0
98.02914426412036,3.807455247356778,0.4426363843093387,6.188158601879787,0.3803439765310973,0.0,143046.32149280576,0.1334306782455467,3.452671,1.641014,1.101263,76.60954699999999,1.138617,0.0,100.02973904502078,0.0,0.6721359814241225,22.79158611152372,0.0,0.6721359814241225,3.798597685253953,0.0,0.6721359814241225,0.0,85.10580610711887,0.7499848621762096,0,0,0,0,1,0,0,0,0,0,0,1,0,0,1,0,0,0,0,0,0,0,0,0,0
54.73683493194444,4.375898810795375,0.2055357719818465,2.354404548089281,0.1733947215105989,0.0,133055.34009667265,0.1249789566212563,1.4797790000000002,1.496737,0.152649,118.949446,2.175824,0.0,55.85391319586167,0.0159864995715768,0.6324426766238775,12.726208069943166,0.0159864995715768,0.6324426766238775,2.1210346783238605,0.0159864995715768,0.6324426766238775,1.1302639992108048,44.714428305706925,0.0117672383592765,0,0,0,0,0,1,0,0,0,0,1,0,0,0,0,0,0,0,0,0,0,0,0,1,0
46.7494060876852,6.1407556715465725,2.0457030560472886,12.141343119047242,2.1383890605373064,0.0,182125.8602930156,0.1333287823275267,1.60531,1.358639,0.425376,110.893543,1.136813,0.598733,47.70347559967877,0.0331007139971678,0.6251192639305794,10.869146339167314,0.0331007139971678,0.6251192639305794,1.8115243898612188,0.0331007139971678,0.6251192639305794,1.9987583575896737,37.74729310607791,0.7778687990784376,0,0,0,0,1,0,0,0,0,1,0,0,0,0,0,1,0,0,0,0,0,0,0,0,0
81.36487327185185,22.98806357951392,2.694701803673943,8.373274939237453,0.9988354725374592,0.0,81324.21566809053,0.1196317856313942,1.709297,1.461466,1.7488150000000002,120.954495,1.136182,0.0,83.02538088964475,0.0,0.6568570554907724,18.917175392577285,0.0,0.6568570554907724,3.152862565429547,0.0,0.6568570554907724,0.0,69.03266736983785,0.9532028870463743,0,0,0,0,0,0,0,1,0,0,0,1,0,0,1,0,0,0,0,0,0,0,0,0,0
24.919588621851847,5.130986281803676,1.4715617071810383,8.932892530656261,1.5989795045601092,0.0,195256.64366007195,0.1364809495689485,0.841691,1.325127,0.161395,142.083823,1.136831,0.0,25.428151654950867,0.0324849776433024,0.605104217106523,5.793756073279944,0.0324849776433024,0.605104217106523,0.965626012213324,0.0324849776433024,0.605104217106523,1.0456113139513703,19.47681240460124,0.255146781099911,0,0,0,0,0,1,0,0,0,1,0,0,0,0,0,0,0,1,0,0,0,0,0,0,0
38.00566175134259,32.61171797797793,4.0404123899748,8.682039037882852,1.3367958407607867,0.0,186090.1403439748,0.1279723378840825,1.128574,1.3292190000000002,2.584378,150.95079099999998,1.134994,0.0,38.78128750137,0.0226452796577724,0.6171024102586059,8.836242721831137,0.0226452796577724,0.6171024102586059,1.4727071203051894,0.0226452796577724,0.6171024102586059,1.1116621531101274,30.293703784844777,0.7769181672456663,0,0,1,0,0,0,0,0,0,1,0,0,0,0,0,0,1,0,0,0,0,0,0,0,0
7.78522,4.338633374940781,1.9183720807663256,10.27766007599499,3.081427768408824,0.0,173530.474988759,0.1385985604829067,3.146787,0.309176,1.1616879999999998,763.053771,5.326452,0.0,202.23660992157977,0.0947852831706501,0.7639719211128371,46.07922757706881,0.0947852831706501,0.7639719211128371,7.6798712628448,0.0947852831706501,0.7639719211128371,24.26462574542944,195.57353341916044,0.1689309677221993,0,0,0,1,0,0,0,0,0,0,1,0,0,1,0,0,0,0,0,0,0,0,0,0,0
22.168197940462964,15.569034479913258,1.1053822064857115,4.526751335862158,0.7132242767930889,0.0,175980.5090677458,0.1275293736292018,0.967612,1.343172,0.12425,133.334082,6.23193,0.0,22.62061014332956,0.0314072841185031,0.6025815568320859,5.15406307063205,0.0314072841185031,0.6025815568320859,0.8590105117720083,0.0314072841185031,0.6025815568320859,0.8993062401334767,17.25412971729012,0.7388731565781211,0,0,0,0,0,1,0,0,0,0,0,1,0,1,0,0,0,0,0,0,0,0,0,0,0
14.048899486018518,11.647688896315438,0.4559045070223957,4.144272945624747,1.0389985241871371,0.0,187544.43458670564,0.1235573552280878,0.799736,1.209043,1.7459189999999998,162.55283899999998,0.0,0.059167,14.33561172042706,0.0226264157316595,0.5951372371991553,3.266341910983381,0.0226264157316595,0.5951372371991553,0.5443903184972301,0.0226264157316595,0.5951372371991553,0.410586722220296,10.799565003613658,0.8178676223129242,0,0,1,0,0,0,0,0,0,0,0,1,0,0,0,1,0,0,0,0,0,0,0,0,0
30.657800516481483,30.2943572702862,4.888757962974713,9.17076939530224,1.3596545384942198,0.0,221664.69885341727,0.1395463805368764,1.032966,1.325987,0.468646,153.986459,1.134722,0.14627,31.283469914777022,0.0347634820367221,0.6103653962225246,7.127879221088436,0.0347634820367221,0.6103653962225246,1.187979870181406,0.0347634820367221,0.6103653962225246,1.3766105625679603,24.170060138921908,0.2267990907848749,0,0,1,0,0,0,0,0,0,0,0,1,0,1,0,0,0,0,0,0,0,0,0,0,0
45.68785572569445,40.9824805191585,4.136151522469463,10.139535779289776,1.478001687166502,0.0,180214.55635491607,0.1379229354558231,1.549777,1.403894,0.208244,114.355743,1.136182,0.00056,46.62026094458617,0.0327436449869902,0.624145963066539,10.622337936741152,0.0327436449869902,0.624145963066539,1.7703896561235253,0.0327436449869902,0.624145963066539,1.9323003462916173,36.83271856414189,0.769709471981767,0,0,0,0,0,1,0,0,0,0,0,1,0,0,0,1,0,0,0,0,0,0,0,0,0
24.28544345009259,6.482460256985256,1.7095716704281685,10.253246851676376,1.5812546249202115,0.0,133189.09324415468,0.1250665773787229,0.814026,1.356839,0.063719,136.171433,1.135342,0.113751,24.78106474499244,0.0128942949370349,0.6045227901053181,5.646318549491948,0.0128942949370349,0.6045227901053181,0.9410530915819912,0.0128942949370349,0.6045227901053181,0.4044738704755591,18.962934685346028,0.2335854663159635,0,0,0,0,1,0,0,0,0,1,0,0,0,0,0,0,0,1,0,0,0,0,0,0,0
36.147293088425926,23.371145172346207,3.614617580132519,7.274249308972622,1.318415307741371,0.0,190285.6951438849,0.1365914725624828,1.215451,1.384949,1.119698,132.619823,1.1358469999999998,2.5e-05,36.88499294737339,0.0295858580406339,0.6153985327130034,8.40417560826229,0.0295858580406339,0.6153985327130034,1.4006959347103818,0.0295858580406339,0.6153985327130034,1.3813597027478155,28.73287409992793,0.7324828313371077,0,0,1,0,0,0,0,0,0,0,1,0,0,0,0,1,0,0,0,0,0,0,0,0,0
7.48573880412037,19.19620381877536,4.882999059965285,8.539960454122054,2.326285506895692,0.0,187240.758590003,0.1248702156118494,0.6419090000000001,1.146316,0.222867,163.205582,1.135623,0.479922,7.638508983796296,0.0206549401258425,0.5891196894772105,1.7404197684599154,0.0206549401258425,0.5891196894772105,0.2900699614099858,0.0206549401258425,0.5891196894772105,0.1997125895076241,5.696197519750578,0.6765545712578139,0,0,0,0,0,0,0,0,1,1,0,0,0,0,0,1,0,0,0,0,0,0,0,0,0
66.20694527268519,4.700722793454216,2.4466761304891937,13.445441694282511,2.284590857920887,0.0,179419.82284172662,0.1386910835080009,1.458804,1.41932,1.81316,122.870437,0.371255,0.0,67.55810742110734,0.0498102073813929,0.6429592462610876,15.392986501011798,0.0498102073813929,0.6429592462610876,2.5654977501686327,0.0498102073813929,0.6429592462610876,4.259599165746553,54.98368332443135,0.9952009891173924,0,0,1,0,0,0,0,0,0,1,0,0,0,0,0,0,1,0,0,0,0,0,0,0,0
45.53004497018518,12.011239756856646,1.4461803783615717,5.750119434557944,0.5690452733057009,0.0,137677.06083258393,0.1266714081847124,1.541923,1.325046,1.015634,136.748736,1.136424,0.205057,46.45922956141345,0.0081726651324991,0.6240012715378168,10.58564724184104,0.0081726651324991,0.6240012715378168,1.7642745403068396,0.0081726651324991,0.6240012715378168,0.4806275006573882,36.69698521644217,0.3737682749337084,0,0,1,0,0,0,0,0,0,0,0,0,1,0,0,0,0,0,0,1,0,0,0,0,0
86.77330931120372,4.657784832659222,0.964559052630866,7.343193756018897,3.858864941971479,0.0,195029.5239808153,0.1360484633764488,1.153185,1.062311,0.393553,189.589594,167.66266000000002,0.0,88.54419317469767,0.0592473135813969,0.661815873893261,20.174626292969087,0.0592473135813969,0.661815873893261,3.362437715494848,0.0592473135813969,0.661815873893261,6.6405133909279765,74.17715516972943,0.4743351711027891,0,0,0,0,0,0,0,0,1,0,0,1,0,0,0,0,1,0,0,0,0,0,0,0,0
646.1004502526852,4.894164347364789,3.0326281115591383,11.696412067047412,2.146758350251104,0.0,173489.74511016186,0.120525137045615,5.408658999999999,1.572026,0.291367,113.35706,8.744889,0.0,659.2861737272298,0.5216456965816367,1.1746446656791276,150.21710287455866,0.5216456965816367,1.1746446656791276,25.036183812426444,0.5216456965816367,1.1746446656791276,435.33391815263633,980.287325474295,0.4683602569579825,0,0,0,0,0,1,0,0,0,0,1,0,0,1,0,0,0,0,0,0,0,0,0,0,0
44.848574391990745,79.20286387488956,19.062703404781058,10.59408232462492,2.261018496194332,0.0,174855.4429893585,0.1358363188678126,1.505575,1.178477,0.3942239999999999,123.455741,0.372079,1.164818,45.76385142039872,0.0405776865025287,0.6233764534167708,10.427206652749076,0.0405776865025287,0.6233764534167708,1.737867775458179,0.0405776865025287,0.6233764534167708,2.3506217925129644,36.1115283457471,0.4381769434382829,0,0,0,0,0,1,0,0,0,0,1,0,0,0,1,0,0,0,0,0,0,0,0,0,0
131.5750165309259,8.808213250977653,1.8126015927580048,10.425242067240983,1.9187126574184683,0.0,166504.2967532224,0.1281681558747085,2.670709,1.536632,0.853734,96.177893,1.2469629999999998,0.0,134.2602209499244,0.0816627760738368,0.7028930963301355,30.59093641897012,0.0816627760738368,0.7028930963301355,5.098489403161685,0.0816627760738368,0.7028930963301355,13.878559948174097,119.4564334398234,0.2116475263537637,0,0,0,0,0,1,0,0,0,1,0,0,0,0,0,1,0,0,0,0,0,0,0,0,0
34.473338220138885,4.049763093675886,11.274073105635974,9.270627651854957,1.0667446583009166,0.0,152780.62955260792,0.1234836220401797,1.258329,1.332615,1.4574129999999998,119.667741,0.0,0.629778,35.1768757348356,0.0,0.6138637381540218,8.014984344646086,0.0,0.6138637381540218,1.3358307241076808,0.0,0.6138637381540218,0.0,27.333934728057827,0.1541471463437919,0,0,1,0,0,0,0,0,0,0,1,0,0,0,1,0,0,0,0,0,0,0,0,0,0
50.923766601296286,11.591565573783148,0.2128835320740723,2.489079576602085,0.3285972207999058,0.0,142322.21041291967,0.1140208445953951,1.634408,1.30921,1.672432,114.37681,0.0,0.0,51.96302714417988,0.0258869374781145,0.6289465987798599,11.839677070825797,0.0258869374781145,0.6289465987798599,1.973279511804299,0.0258869374781145,0.6289465987798599,1.7027387782974108,41.36958124637655,0.4056508768550327,0,0,0,1,0,0,0,0,0,1,0,0,0,0,0,0,1,0,0,0,0,0,0,0,0
1.4859129999999998,8.35108113572711,2.186201353724912,14.036356422826826,3.054889427243377,0.0,174483.76307703837,0.1392999614635817,1.187331,0.351935,0.8784290000000001,577.640714,0.0,0.0,38.59955245431784,0.036762056785068,0.6169391158667782,8.794834736426848,0.036762056785068,0.6169391158667782,1.4658057894044747,0.036762056785068,0.6169391158667782,1.7962011888656242,30.14376425825338,0.3400682409537772,0,0,0,1,0,0,0,0,0,1,0,0,0,1,0,0,0,0,0,0,0,0,0,0,0
23.88173914925926,4.174108009111314,0.1932855325279761,1.6848078997586842,0.0928826828797658,0.0,100564.83509442446,0.1141939168568137,1.00606,1.333638,0.1481299999999999,142.470089,1.141993,0.003527,24.3691215808768,0.0064154667599145,0.6041526468140652,5.552458081718764,0.0064154667599145,0.6041526468140652,0.9254096802864604,0.0064154667599145,0.6041526468140652,0.1978978347726966,18.63629025774744,0.5668866086645354,0,0,0,0,0,1,0,0,0,0,0,0,1,0,0,0,0,0,0,1,0,0,0,0,0
58.27755942287036,8.283615960393632,1.0079191557223277,11.066042483853494,2.091175592488808,0.0,166470.16108363308,0.1390823331489551,1.629302,1.464044,2.130541,121.906905,0.372471,0.0,59.46689737027588,0.0463150491301607,0.635689051294114,13.54941965398691,0.0463150491301607,0.635689051294114,2.258236608997818,0.0463150491301607,0.635689051294114,3.4863446497753867,47.85120958571534,0.4106698747488926,0,0,0,0,0,1,0,0,0,0,1,0,0,0,0,0,0,0,1,0,0,0,0,0,0
51.25484078671296,5.187901818752289,2.333452527757457,15.005875550871558,2.892986412814481,0.0,198143.9334157674,0.1374119711722687,1.7340779999999998,1.4639209999999998,1.540006,117.525495,0.369782,0.0,52.30085794562547,0.0432861440310781,0.6292501498898828,11.916651177484283,0.0432861440310781,0.6292501498898828,1.9861085295807137,0.0432861440310781,0.6292501498898828,2.865699329092789,41.658636331207965,0.4569941901700637,0,0,0,0,0,0,1,0,0,0,0,0,1,1,0,0,0,0,0,0,0,0,0,0,0
1.951387,18.35915024621146,3.455916812379869,8.219052238715925,1.4030785160384875,0.0,167940.97167266186,0.1389339671646662,1.479381,0.335527,0.988131,597.8163509999999,0.70326,0.0,50.69116756174415,0.0410495606769409,0.627803794789254,11.549886279891073,0.0410495606769409,0.627803794789254,1.924981046648512,0.0410495606769409,0.627803794789254,2.6339875425453125,40.28368019944418,0.6313653803448108,0,1,0,0,0,0,0,0,0,0,0,1,0,1,0,0,0,0,0,0,0,0,0,0,0
95.64714123597224,15.768056367692491,0.3068206502432875,2.5335738195789803,0.6739047379802456,0.0,222928.2318926109,0.1246039023984679,2.739453,1.524971,0.354696,90.269688,0.013489,4.1e-05,97.59912371017576,0.0634848875124945,0.6699520006273042,22.23777502257169,0.0634848875124945,0.6699520006273042,3.706295837095281,0.0634848875124945,0.6699520006273042,7.843125810200695,82.76801036595444,0.412838066428368,0,0,0,0,0,0,0,0,1,1,0,0,0,1,0,0,0,0,0,0,0,0,0,0,0
1.704198,61.83355355716887,6.2040635813340295,9.187307567047558,2.0757917154321284,0.0,171971.75340977218,0.1389709235988646,1.316341,0.408525,0.4516699999999999,554.569333,0.0,0.0,44.26994049688208,0.038772690648694,0.6220341296346634,10.086821885365536,0.038772690648694,0.6220341296346634,1.681136980894256,0.038772690648694,0.6220341296346634,2.1727401366097507,34.857485956906814,0.3664044637283761,1,0,0,0,0,0,0,0,0,1,0,0,0,1,0,0,0,0,0,0,0,0,0,0,0
40.49784463912037,12.880314027695428,1.5290658508273338,4.456834993202338,0.7299403655085918,0.0,190644.72008018583,0.132905424570294,1.404319,1.378403,1.063381,139.485026,0.369977,0.065257,41.32433126440854,0.0387679610754053,0.619387411371009,9.415670414675365,0.0387679610754053,0.619387411371009,1.5692784024458937,0.0387679610754053,0.619387411371009,2.027924134083225,32.39970958037982,0.1133011724671112,0,0,0,1,0,0,0,0,0,0,0,1,0,0,0,0,0,0,0,1,0,0,0,0,0
20.58006014861112,9.447823806036086,3.3704582835844668,8.779586837160215,1.8620301169171325,0.0,153536.96060026978,0.1314294384323435,0.935695,1.289201,0.136681,146.312696,0.370352,0.0,21.00006137613379,0.0307895973234714,0.6011254451482975,4.784824111017826,0.0307895973234714,0.6011254451482975,0.7974706851696375,0.0307895973234714,0.6011254451482975,0.8184600424548664,15.979330687177203,0.0163215281055095,0,0,0,0,0,1,0,0,0,0,0,1,0,0,1,0,0,0,0,0,0,0,0,0,0
24.224116444120373,42.38373518103645,1.3427022923168233,3.361425127914484,0.5906839779884123,0.0,162929.78287057855,0.1221307886929677,1.014938,1.197627,0.660589,156.25438300000002,1.134976,0.0,24.71848616746977,0.0257693286634349,0.6044665613760566,5.632060139423492,0.0257693286634349,0.6044665613760566,0.9386766899039152,0.0257693286634349,0.6044665613760566,0.8063022710279747,18.913289033002624,0.3733886320427029,0,0,0,0,0,1,0,0,0,0,0,0,1,0,0,1,0,0,0,0,0,0,0,0,0
54.4024512775463,21.940195537748792,3.005250196948612,8.018839004800189,1.0938055716830193,0.0,150033.8748501199,0.1346085107119249,1.857085,1.519365,1.472903,113.20221,1.135591,0.0,55.51270538525132,0.0159350428057676,0.6321360911698098,12.648464518158528,0.0159350428057676,0.6321360911698098,2.108077419693088,0.0159350428057676,0.6321360911698098,1.1197434640227169,44.41972733227092,0.1368019615697083,0,0,0,0,0,0,1,0,0,0,1,0,0,0,0,0,0,0,1,0,0,0,0,0,0
10.068686,7.780067555109659,1.2817647379936932,10.391081097600557,3.0718990630097243,0.0,172894.57726318945,0.13907395508721,2.722175,0.299069,0.747714,800.4031309999999,0.905673,0.0,261.5541915327854,0.1158184007281497,0.8172705477179536,59.5946259188625,0.1158184007281497,0.8172705477179536,9.932437653143747,0.1158184007281497,0.8172705477179536,38.34530147730553,270.58295869864054,0.7751456718157631,0,1,0,0,0,0,0,0,0,0,1,0,0,1,0,0,0,0,0,0,0,0,0,0,0
73.56094175388888,8.582157837776911,0.3755858023461106,2.100092795970057,0.2952281486787956,0.0,180709.32808753,0.1238158418030904,1.535993,1.416947,0.458902,143.799025,1.136993,0.0,75.06218546315192,0.0531230371317249,0.6497018855042058,17.10277643464221,0.0531230371317249,0.6497018855042058,2.8504627391070345,0.0531230371317249,0.6497018855042058,5.047507931072714,61.731700538577456,0.9470401305017416,0,0,0,0,0,0,0,0,1,0,0,1,0,1,0,0,0,0,0,0,0,0,0,0,0
20.96874455175926,64.79386865979149,5.097175125309604,10.26629476181323,2.0672998535547324,0.0,176640.06744604316,0.1389589191233511,0.942537,1.284987,0.43987,151.078266,0.37239,0.164713,21.396678114040064,0.0408878385639544,0.6014818171858084,4.875192481680014,0.0408878385639544,0.6014818171858084,0.8125320802800023,0.0408878385639544,0.6014818171858084,1.107422684217427,16.2907757389527,0.6298659980812992,0,0,0,0,0,0,0,0,1,1,0,0,0,0,0,0,0,0,0,0,0,0,1,0,0
36.81552579069445,5.764928973856426,1.5123641902594258,5.852734973390612,0.9102009200363708,0.0,175794.77100194845,0.1390536133405401,1.259945,1.349596,0.70332,149.260506,0.370857,0.018784,37.56686305172902,0.03725503083623,0.61601121345787,8.55953841684965,0.03725503083623,0.61601121345787,1.4265897361416082,0.03725503083623,0.61601121345787,1.771588153686829,29.29317581557116,0.8919374135997109,0,0,0,0,0,0,0,1,0,1,0,0,0,1,0,0,0,0,0,0,0,0,0,0,0
31.89391263851852,5.231160086109525,0.81970769631491,3.635248906606679,0.5407761740598748,0.0,195898.20254421464,0.1394680199041355,1.0651469999999998,1.373615,0.133521,151.0939,3.367229,0.002018,32.544808814814814,0.0352597806824888,0.6114987470643756,7.415272894514768,0.0352597806824888,0.6114987470643756,1.2358788157524612,0.0352597806824888,0.6114987470643756,1.4525605331188618,25.191278245201143,0.3837097186423116,0,0,0,0,0,0,0,1,0,0,0,1,0,1,0,0,0,0,0,0,0,0,0,0,0
43.00919698953703,65.67107304391406,105.47059789197228,7.374965011358832,1.6811706795395136,0.0,190836.0986023681,0.1256379623600333,1.451272,1.397102,0.0607809999999999,130.958625,0.013489,0.002382,43.88693570360922,0.039809650646689,0.621689988337764,9.999554970442606,0.039809650646689,0.621689988337764,1.6665924950737676,0.039809650646689,0.621689988337764,2.211548833309352,34.53679562754052,0.9782278116078036,0,0,1,0,0,0,0,0,0,1,0,0,0,1,0,0,0,0,0,0,0,0,0,0,0
99.40290483833331,5.540555565697806,1.6496069988758444,8.184618288950382,1.4259358149924153,0.0,183722.43380920263,0.1385025026307975,1.7776880000000002,1.481188,2.142553,126.338221,0.370971,0.0,101.43153554931972,0.0653084883657868,0.6733955376371302,23.110982783389304,0.0653084883657868,0.6733955376371302,3.851830463898216,0.0653084883657868,0.6733955376371302,8.385240834616004,86.46018153746054,0.0687886177481662,0,0,1,0,0,0,0,0,0,0,0,1,0,1,0,0,0,0,0,0,0,0,0,0,0
130.03695355050925,3.143019570055462,3.7942197653029455,8.257509477418676,1.3164654604250865,0.0,113111.71273606116,0.1118619307625493,1.90542,1.434051,2.233401,136.583398,1.134456,0.0,132.69076892909106,0.0,0.7014828966058562,30.23333975599543,0.0,0.7014828966058562,5.038889959332571,0.0,0.7014828966058562,0.0,117.8231708116926,0.3489493918407873,0,0,1,0,0,0,0,0,0,1,0,0,0,0,1,0,0,0,0,0,0,0,0,0,0
84.9758348775463,22.9096671013605,10.12997226920917,6.427132294332381,1.12423585816253,0.0,182899.6528027578,0.1353576684848582,1.6429669999999998,1.422839,2.7118330000000004,118.129339,0.0,0.0,86.71003558933296,0.0771770830034032,0.6601678282780833,19.756716969721435,0.0771770830034032,0.6601678282780833,3.2927861616202385,0.0771770830034032,0.6601678282780833,8.470921030260763,72.45971631003195,0.0634198205522403,0,0,0,0,0,0,0,0,1,0,0,1,0,0,0,0,0,0,0,0,0,0,1,0,0
27.908293686666667,45.56915378343491,3.145891317217756,7.112357137300414,1.6182752553221704,0.0,191573.23949902577,0.1298443497620898,0.994858,1.3254549999999998,2.000334,154.590072,0.013497,0.0,28.477850700680275,0.0336665071609774,0.6078444631900822,6.488624210281581,0.0336665071609774,0.6078444631900822,1.0814373683802634,0.0336665071609774,0.6078444631900822,1.2136072968907587,21.911523888559884,0.1365003520940938,0,0,0,1,0,0,0,0,0,0,1,0,0,1,0,0,0,0,0,0,0,0,0,0,0
42.46957534337962,6.070807365576426,0.1932565940619944,2.80960122715655,0.2772546730381693,0.0,120358.46134030276,0.1224041895346818,1.374656,1.4001709999999998,0.355558,139.199034,1.134336,0.0,43.33630137079554,0.0141318967055986,0.6211952268707008,9.874093983219236,0.0141318967055986,0.6211952268707008,1.6456823305365391,0.0141318967055986,0.6211952268707008,0.7752204235123729,34.076333622491646,0.29998421306478,0,0,0,0,0,1,0,0,0,0,1,0,0,0,0,0,0,0,1,0,0,0,0,0,0
51.04858449680557,4.900355268660046,2.0509810613499555,8.651118761058049,1.3038163007878,0.0,205180.21176184053,0.135666840618177,1.175261,1.258022,2.147062,149.582298,1.135057,0.0,52.09039234367915,0.0259188787798216,0.629061040232566,11.868696989699046,0.0259188787798216,0.629061040232566,1.9781161649498409,0.0259188787798216,0.629061040232566,1.7090184363913543,41.47852708080671,0.4535305293011337,0,0,1,0,0,0,0,0,0,0,0,0,1,0,0,0,1,0,0,0,0,0,0,0,0
37.09988554856482,27.06451077688308,1.8074538730603045,4.075851846941941,0.6312668880613016,0.0,192568.4902765288,0.1278625210072639,1.325655,1.35111,2.196694,155.526592,1.134381,0.0,37.85702606996411,0.0373712509521268,0.6162719336346448,8.625651509612075,0.0373712509521268,0.6162719336346448,1.4376085849353455,0.0373712509521268,0.6162719336346448,1.7908410399516912,29.53192741492904,0.1836856170135271,0,0,0,1,0,0,0,0,0,0,0,1,0,0,0,0,0,0,1,0,0,0,0,0,0
38.30743440754629,3.973616780837377,1.0387231806199329,8.0664038269354,0.8955167763524776,0.0,83877.02288481714,0.1198143088470974,1.288928,1.381471,1.236616,124.032263,1.136802,0.0,39.0892187832105,0.0,0.6173790957532781,8.906404279718847,0.0,0.6173790957532781,1.4844007132864745,0.0,0.6173790957532781,0.0,30.547932336810824,0.5806772152288391,0,0,0,0,0,0,0,1,0,0,0,1,0,0,1,0,0,0,0,0,0,0,0,0,0
171.58308521824074,6.5532161292575655,1.0443619458223703,11.180055035103996,2.700739695013856,0.0,213523.72704961032,0.1354034491044154,3.171016,1.572435,0.5746680000000001,98.703996,1.135964,0.0,175.08478083493952,0.1038321837974156,0.7395751881236182,39.89273487378369,0.1038321837974156,0.7395751881236182,6.648789145630614,0.1038321837974156,0.7395751881236182,23.01194321997933,163.9093161058011,0.1457001407368261,0,0,0,0,0,0,1,0,0,1,0,0,0,1,0,0,0,0,0,0,0,0,0,0,0
6.214252,7.6697561048326035,1.4382234248611854,11.33162772798424,3.045942508631187,0.0,169855.39010041967,0.1386444225228376,2.108115,0.314864,1.0100870000000002,758.219362,6.888422,0.0,161.42758427872258,0.0803150197101607,0.7273037873019605,36.78096856983552,0.0803150197101607,0.7273037873019605,6.13016142830592,0.0803150197101607,0.7273037873019605,16.411467864695236,148.61632078597637,0.9332117680080168,0,0,1,0,0,0,0,0,0,1,0,0,0,1,0,0,0,0,0,0,0,0,0,0,0
21.69438381212963,1.656653220241978,0.5225461988354758,1.484135874384027,0.1394455369954987,0.0,205118.11227892688,0.1302501288928288,0.721172,1.1206200000000002,0.019584,186.93219,220.885389,9e-06,22.137126338907784,0.0249781319889698,0.6021471321292988,5.043902203801774,0.0249781319889698,0.6021471321292988,0.8406503673002954,0.0249781319889698,0.6021471321292988,0.6999291943667598,16.87317359311049,0.4446805155246529,0,0,0,0,0,0,1,0,0,1,0,0,0,0,0,1,0,0,0,0,0,0,0,0,0
30.63371776527778,3.810791822274526,3.702101051378593,7.464894043170005,1.2118272386866509,0.0,167527.3745222572,0.1242535020932733,0.840404,1.194313,4.061172,163.052558,0.0,0.0,31.25889567885488,0.023580475059892,0.6103433155343214,7.122280028093516,0.023580475059892,0.6103433155343214,1.1870466713489192,0.023580475059892,0.6103433155343214,0.9330374809557014,24.15020003616932,0.6291226533229218,0,0,0,1,0,0,0,0,0,0,1,0,0,0,0,0,0,0,0,0,0,0,0,1,0
108.61063672587964,6.482385496298472,1.8898487951543976,10.632694447926768,1.7571987096640131,0.0,190509.3195818345,0.138108215707955,2.170511,1.544898,2.490968,115.218423,0.3700719999999999,0.0,110.82718033253023,0.0698549940137473,0.6818378063441883,25.251762607411955,0.0698549940137473,0.6818378063441883,4.208627101235325,0.0698549940137473,0.6818378063441883,9.799787365429616,95.65336901423316,0.5687962563677851,0,0,1,0,0,0,0,0,0,0,0,1,0,1,0,0,0,0,0,0,0,0,0,0,0
31.929680360972224,14.45994159039997,0.5500913340267803,3.6026140428561386,0.2896848555734689,0.0,152914.90049835132,0.1240701599122523,1.085092,1.297999,1.058151,149.741633,1.136424,0.0,32.58130649078799,0.0070548340538765,0.6115315413211677,7.42358882068587,0.0070548340538765,0.6115315413211677,1.237264803447645,0.0070548340538765,0.6115315413211677,0.2909565956341791,25.22088174249233,0.3661988543847833,0,0,0,1,0,0,0,0,0,1,0,0,0,0,0,0,0,0,0,1,0,0,0,0,0
50.95678491875,18.821653519357955,2.06847756743717,7.335580816085962,0.7278578359303143,0.0,80563.77393397782,0.1196237836542318,1.741477,1.451809,0.635491,113.133817,1.136154,0.0,51.99671930484694,0.0,0.6289768721969841,11.847353765661328,0.0,0.6289768721969841,1.9745589609435543,0.0,0.6289768721969841,0.0,41.3983973074268,0.2107963650629947,0,0,0,0,0,0,0,1,0,0,0,1,0,0,1,0,0,0,0,0,0,0,0,0,0
1.089243,40.20320157096499,5.0043231974974525,7.819211077061203,1.6460516158339502,0.0,170193.16880245804,0.1384357943845024,0.965656,0.280124,0.860917,557.729269,0.6447430000000001,0.0493959999999999,28.295258412840138,0.0331083099188859,0.6076803985416892,6.447020904191423,0.0331083099188859,0.6076803985416892,1.074503484031904,0.0331083099188859,0.6076803985416892,1.1858331452750317,21.765156847031367,0.918511535998335,1,0,0,0,0,0,0,0,0,0,1,0,0,1,0,0,0,0,0,0,0,0,0,0,0
78.45770843125,6.14472389845621,2.7598588596716773,10.973952415749896,2.4120584689170053,0.0,233263.66533648083,0.1291986956156129,1.990429,1.495632,1.0515450000000002,121.569988,1.203971,0.0,80.05888615433673,0.0909679586517602,0.6541915709762561,18.24126519972229,0.0909679586517602,0.6541915709762561,3.0402108666203818,0.0909679586517602,0.6541915709762561,9.21872588024517,66.2960107644491,0.8859694301623814,0,0,1,0,0,0,0,0,0,1,0,0,0,0,0,0,0,0,0,0,0,0,0,0,1
21.69983170722222,2.646452491624015,0.5066448775269716,5.226088378640959,1.3799236376794408,0.0,168641.41479316546,0.1348747142927824,0.980966,1.216859,0.634376,164.460736,2.3944240000000003,0.13215,22.14268541553288,0.0312247861107365,0.6021521271264187,5.0451688288555925,0.0312247861107365,0.6021521271264187,0.8408614714759319,0.0312247861107365,0.6021521271264187,0.8751906531865071,16.877550788929433,0.3905355948284345,0,0,0,0,0,1,0,0,0,1,0,0,0,1,0,0,0,0,0,0,0,0,0,0,0
71.81878636712965,52.84296488988967,1.3910119572489097,5.995842558588628,1.3807440714584551,0.0,223244.4299966277,0.1269168826423103,2.136396,1.506558,1.171399,110.121409,0.013493,0.012986,73.28447588482616,0.0523320289895888,0.6481045601167928,16.69772868261862,0.0523320289895888,0.6481045601167928,2.782954780436436,0.0523320289895888,0.6481045601167928,4.854589008217146,60.121522793322754,0.5505473890071304,0,0,1,0,0,0,0,0,0,0,1,0,0,1,0,0,0,0,0,0,0,0,0,0,0
96.01024089814814,7.485232870919364,6.076732607482435,8.115172628590242,1.4588225260912944,0.0,173556.95882981116,0.1252812180373308,1.4963879999999998,1.371897,1.969143,133.434593,1.135624,0.0,97.96963356953891,0.0509283265249407,0.6702849148512378,22.32219499052785,0.0509283265249407,0.6702849148512378,3.7203658317546417,0.0509283265249407,0.6702849148512378,6.3157335290611005,83.12350315843716,0.0825078014756909,0,0,0,0,0,1,0,0,0,1,0,0,0,0,0,1,0,0,0,0,0,0,0,0,0
64.00301713319443,26.266898495810374,3.642718315982133,6.879211370893519,1.1964157326615972,0.0,166694.76551258992,0.1387099000118333,2.14957,1.466908,2.053761,127.039774,0.371484,0.0,65.30920115632085,0.0488307435453857,0.640938536514989,14.880577478655384,0.0488307435453857,0.640938536514989,2.480096246442564,0.0488307435453857,0.640938536514989,4.036831459263688,52.98630862037382,0.6238401337584822,0,0,0,0,0,0,1,0,0,1,0,0,0,0,0,0,0,0,1,0,0,0,0,0,0
0.437325,1.082915005442642,0.5004258410964938,1.1857599316598129,0.1198023923581166,0.0,164198.93898006596,0.1388903239862524,0.351682,0.3821739999999999,0.620268,446.50051,210.951117,5e-06,11.36038871527778,0.0271034611793601,0.5924639100723386,2.588442998417722,0.0271034611793601,0.5924639100723386,0.4314071664029536,0.0271034611793601,0.5924639100723386,0.3897542462366736,8.519772554677397,0.84948069612561,0,1,0,0,0,0,0,0,0,0,1,0,0,1,0,0,0,0,0,0,0,0,0,0,0
71.03484953777779,4.167130666403543,1.51388204312153,7.762963905608911,1.0901747580340726,0.0,169173.61293465228,0.137630936517704,1.500825,1.424026,2.661364,121.274743,1.134766,0.0,72.48454034467122,0.0185559127049488,0.6473857940358974,16.515464888659263,0.0185559127049488,0.6473857940358974,2.7525774814432102,0.0185559127049488,0.6473857940358974,1.7025529153089425,59.39931861564812,0.5862776614941219,0,0,0,0,0,0,0,1,0,1,0,0,0,0,0,0,0,0,1,0,0,0,0,0,0
56.8804034487037,30.82899307182857,8.55829281543942,10.127688729219871,2.71159601383072,0.0,186427.6545451139,0.1365493117011994,1.7728830000000002,1.460279,1.287743,115.390273,0.013493,0.0,58.04122800888133,0.0457074687598594,0.6344080446028201,13.224583596960304,0.0457074687598594,0.6344080446028201,2.2040972661600504,0.0457074687598594,0.6344080446028201,3.3581235645567378,46.60990122463397,0.8636897131531284,0,0,1,0,0,0,0,0,0,0,0,1,0,1,0,0,0,0,0,0,0,0,0,0,0
1.573769,3.0843152909051805,0.5698350055469311,3.268339987281415,0.6274162257889764,0.0,165656.70098920862,0.1381608593306667,1.411531,0.333113,0.173708,553.943541,3.306864,1e-06,40.8817872018613,0.0375713027191575,0.6189897722544884,9.314837590297511,0.0375713027191575,0.6189897722544884,1.5524729317162518,0.0375713027191575,0.6189897722544884,1.944281016026976,32.03216221447669,0.128949327164043,0,0,1,0,0,0,0,0,0,1,0,0,0,1,0,0,0,0,0,0,0,0,0,0,0
84.5516882413889,2.9293548862139382,0.4355698848585431,2.154414891624908,0.1877394373075281,0.0,194249.16456834527,0.1381536726650002,1.289937,1.241573,0.071896,171.050084,63.628657,0.0,86.27723289937643,0.0349212274574789,0.6597789420770767,19.658103698592097,0.0349212274574789,0.6597789420770767,3.276350616432016,0.0349212274574789,0.6597789420770767,3.8138061702291246,72.05557145276978,0.2085096047817143,0,0,0,0,0,1,0,0,0,0,0,0,1,0,0,0,1,0,0,0,0,0,0,0,0
54.89281275078704,14.04743815717243,0.8268159170695346,3.7659252902014937,0.6646043159764448,0.0,177548.25571417867,0.1268434600649977,1.765688,1.400089,1.311262,143.488714,1.019335,0.064338,56.01307423549698,0.0448473938453212,0.6325856875928211,12.762472610619565,0.0448473938453212,0.6325856875928211,2.127078768436594,0.0448473938453212,0.6325856875928211,3.179797975603229,44.85198617651847,0.5117993702770163,0,0,0,1,0,0,0,0,0,1,0,0,0,1,0,0,0,0,0,0,0,0,0,0,0
150.85903771148148,34.50865079675402,1.346767973985603,7.252001457077136,1.6112753841445315,0.0,164022.8259236361,0.1280807465028991,1.7021509999999995,1.348492,1.368298,160.830419,1.13438,0.0,153.93779358314436,0.0920949984770328,0.7205739856682627,35.0744339809696,0.0920949984770328,0.7205739856682627,5.845738996828266,0.0920949984770328,0.7205739856682627,17.9454441336677,140.4095816040312,0.1371411715004832,0,0,0,0,0,1,0,0,0,1,0,0,0,1,0,0,0,0,0,0,0,0,0,0,0
1.325303,7.952259424754551,0.9465314234189278,3.962262080441848,0.6864484535347072,0.0,168899.50895533574,0.1384943349720191,1.014101,0.37489,0.221457,533.119011,2.749365,0.0,34.42738751620371,0.0352826701811465,0.6131903005049345,7.844214877109706,0.0352826701811465,0.6131903005049345,1.3073691461849508,0.0352826701811465,0.6131903005049345,1.5375824796616948,26.72220265400099,0.2241693916785099,0,0,1,0,0,0,0,0,0,1,0,0,0,1,0,0,0,0,0,0,0,0,0,0,0
71.14925533472223,13.406434111368087,2.597026692591697,6.922885952521857,0.7782959159758451,0.0,125229.33942221224,0.1307306340683421,2.369405,1.558319,1.995773,90.87836,1.13644,0.0,72.6012809537982,0.0185743742076394,0.6474906889754163,16.54206401478946,0.0185743742076394,0.6474906889754163,2.757010669131577,0.0185743742076394,0.6474906889754163,1.7069915954301471,59.50462458895261,0.2663399950873407,0,0,0,0,0,0,0,1,0,1,0,0,0,0,0,0,0,0,1,0,0,0,0,0,0
49.29367492574074,4.055646966752552,3.2439520015990992,6.415737687254981,0.8980447785745708,0.0,84647.03384011541,0.0974900859633652,1.583701,1.47992,3.197438,107.3251,0.0,0.0,50.29966829157218,0.0016980587017966,0.6274520209500263,11.460683914535434,0.0016980587017966,0.6274520209500263,1.9101139857559053,0.0016980587017966,0.6274520209500263,0.1081161891645446,39.950162686915085,0.0169836384955215,0,0,0,1,0,0,0,0,0,0,1,0,0,0,0,0,0,0,0,0,0,0,0,1,0
43.44981459824074,37.828612590971446,3.801625645989709,9.569038743309552,1.2174837123289954,0.0,166521.98098396283,0.1313891536612019,1.380768,1.378198,1.563361,139.477669,1.13619,0.0,44.336545508408925,0.015997296198336,0.6220939762356706,10.101997710776716,0.015997296198336,0.6220939762356706,1.6836662851294526,0.015997296198336,0.6220939762356706,0.897803608745597,34.913288465670725,0.1230649289005842,0,0,0,0,1,0,0,0,0,1,0,0,0,0,0,0,0,1,0,0,0,0,0,0,0
20.492461050416665,24.455416992732456,16.435929004808695,4.833685432406639,0.7947061092590543,0.0,199276.3685926259,0.1346232737783047,0.684087,1.155441,0.150479,182.032161,1.135254,0.066381,20.91067454124149,0.0061511239678799,0.6010451283955417,4.764457490409455,0.0061511239678799,0.6010451283955417,0.7940762484015756,0.0061511239678799,0.6010451283955417,0.1628153814622387,15.909188689212504,0.0372984566204025,0,0,0,0,0,0,1,0,0,0,0,0,1,0,0,0,0,0,0,1,0,0,0,0,0
15.73120439912037,7.633960237957182,1.1075814163370383,4.249474349925272,0.6942550028971345,0.0,165967.576532524,0.1391013645225291,0.525836,1.177414,0.361187,173.44129099999998,0.38081,0.0263139999999999,16.052249386857522,0.0289234928328782,0.5966796876415731,3.657474543840954,0.0289234928328782,0.5966796876415731,0.6095790906401589,0.0289234928328782,0.5966796876415731,0.5877052153067694,12.12411537986681,0.1745265241381249,0,0,0,0,0,0,0,1,0,1,0,0,0,0,0,0,0,0,1,0,0,0,0,0,0
34.729465661851854,7.350989501249223,1.1199610354803162,9.0173381181072,1.647808156996894,0.0,177201.0868742506,0.1380716740763444,1.154739,1.340881,1.806304,124.558432,0.370394,0.0,35.43823026719577,0.0364055779711832,0.6140985730419833,8.074533478601568,0.0364055779711832,0.6140985730419833,1.3457555797669278,0.0364055779711832,0.6140985730419833,1.6331003229786598,27.547552706605245,0.3495955543643068,0,0,0,0,0,1,0,0,0,0,0,0,1,0,0,0,0,0,1,0,0,0,0,0,0
12.22673132226852,43.78153640485945,0.9148813114474736,6.474647433923589,1.4081216970507762,0.0,164325.0118779976,0.1262181789683495,0.750923,1.149426,2.1516,186.871135,1.134393,0.0,12.476256451294407,0.0275933495823946,0.5934665507091815,2.842691343332903,0.0275933495823946,0.5934665507091815,0.4737818905554837,0.0275933495823946,0.5934665507091815,0.43577431106351,9.37245681254793,0.3088214300703811,0,0,0,1,0,0,0,0,0,1,0,0,0,0,0,0,1,0,0,0,0,0,0,0,0
43.97207426097222,6.86082124539784,1.2606793709224362,5.963273466348077,0.726345293956409,0.0,135333.14645158872,0.1242054859511286,1.499883,1.326969,0.066899,113.49581,1.294948,0.040132,44.86946353160431,0.0080422333403688,0.6225728190670524,10.223422070492122,0.0080422333403688,0.6225728190670524,1.7039036784153534,0.0080422333403688,0.6225728190670524,0.4567730323776365,35.36013721632557,0.3408488059066058,0,0,0,0,0,0,1,0,0,1,0,0,0,0,0,0,0,0,0,1,0,0,0,0,0
21.303128206157407,40.46951746259417,4.492537132555918,10.860892491374942,1.7736104885451227,0.0,151939.2806317446,0.132200177481992,0.706066,1.195622,0.14299,159.36945,1.1353030000000002,0.000624,21.737885924650417,0.0062140858072767,0.6017884026398761,4.952936033464652,0.0062140858072767,0.6017884026398761,0.8254893389107752,0.0062140858072767,0.6017884026398761,0.170988719499457,16.55899702197876,0.4564298853288506,0,0,0,0,0,1,0,0,0,1,0,0,0,0,0,0,0,0,0,1,0,0,0,0,0
62.55978316782407,4.270797632137934,2.120371025529125,8.02160162548367,0.7587647828981459,0.0,114215.3876367656,0.1171856414732172,1.6718849999999998,1.523702,3.503924,101.891487,0.0,0.0,63.83651343655518,0.0,0.6396152824181479,14.54502837794928,0.0,0.6396152824181479,2.42417139632488,0.0,0.6396152824181479,0.0,51.68456907634448,0.4015679447336444,0,0,1,0,0,0,0,0,0,0,1,0,0,0,1,0,0,0,0,0,0,0,0,0,0
232.7284777157408,3.331572859769776,5.995662577146534,8.65712920767512,1.354764841443343,0.0,139058.87779151677,0.1149511110904119,2.423094,1.527589,3.2962510000000003,117.569771,0.0,0.0,237.47803848544984,0.0505646404886328,0.7956374019203312,54.10892016124173,0.0505646404886328,0.7956374019203312,9.018153360206954,0.0505646404886328,0.7956374019203312,15.199989417674027,239.17267032113887,0.1896112973969265,0,0,1,0,0,0,0,0,0,1,0,0,0,0,0,0,0,0,0,0,0,0,0,1,0
82.06543694032408,12.780413676443557,0.6166940857823804,3.155594033874768,0.3322162474874112,0.0,144964.58463541666,0.121306237923227,1.400356,1.343336,0.7882399999999999,156.489384,1.135239,0.0,83.7402417758409,0.020363171043456,0.6574993794428463,19.08005508816628,0.020363171043456,0.6574993794428463,3.1800091813610463,0.020363171043456,0.6574993794428463,2.158502362660524,69.6951354455814,0.7116759158849548,0,0,0,0,0,0,0,0,1,1,0,0,0,0,0,0,0,0,1,0,0,0,0,0,0
18.763136220324075,19.23567018963042,2.3066922710667983,7.086052290827251,1.237752870189772,0.0,146744.67788893884,0.1296851473281995,0.628378,0.975852,0.752039,184.566879,1.135542,0.585356,19.146057367677628,0.0,0.5994595669265793,4.362392817951864,0.0,0.5994595669265793,0.7270654696586439,0.0,0.5994595669265793,0.0,14.52821171896136,0.6271096692939703,0,0,1,0,0,0,0,0,0,1,0,0,0,0,1,0,0,0,0,0,0,0,0,0,0
53.201903218333335,37.90545751480829,0.4871553870842611,2.621442045810983,0.3185666928367077,0.0,146489.77599482914,0.120014113827432,1.611155,1.379548,2.126463,142.530856,1.135273,0.0,54.2876563452381,0.0352957160301107,0.6310353478558868,12.369339420433995,0.0352957160301107,0.6310353478558868,2.0615565700723324,0.0352957160301107,0.6310353478558868,2.425470509242739,43.36383557733944,0.0591630158293632,0,0,0,0,0,1,0,0,0,0,1,0,0,0,0,1,0,0,0,0,0,0,0,0,0
123.12864071129628,19.107059281212944,0.8043649823402615,4.206691604724034,0.6500524153097642,0.0,125066.49011259744,0.105388278315822,3.01318,1.6435099999999998,1.524899,65.487282,1.136169,0.0,125.64147011356764,0.0463452299611952,0.6951488901411439,28.627170405623005,0.0463452299611952,0.6951488901411439,4.771195067603833,0.0463452299611952,0.6951488901411439,7.370737753260667,110.55636519639016,0.4197416128580832,0,0,0,1,0,0,0,0,0,0,0,1,0,0,0,0,1,0,0,0,0,0,0,0,0
1.4225139999999998,30.623700873057047,3.4998847735013894,12.25412394846086,2.625508025109911,0.0,170504.84150179857,0.1387443876773905,1.305166,0.30979,1.054352,578.571301,1.087611,0.34614,36.95263703864323,0.0361780854800308,0.6154593129583321,8.419588186019977,0.0361780854800308,0.6154593129583321,1.4032646976699958,0.0361780854800308,0.6154593129583321,1.6922476727804932,28.788410890888585,0.6999834135556771,1,0,0,0,0,0,0,0,0,0,1,0,0,1,0,0,0,0,0,0,0,0,0,0,0
70.87594411175925,42.62338094484238,8.156725963814367,7.25261172859503,1.4686281233668612,0.0,176539.24909135193,0.1245506947382176,1.613818,1.459461,2.545792,126.89037,1.134719,0.0,72.32239195077474,0.0519055467640239,0.6472400988395296,16.47851968498665,0.0519055467640239,0.6472400988395296,2.746419947497775,0.0519055467640239,0.6472400988395296,4.751814300616465,59.25310394244386,0.8009215908055217,0,0,1,0,0,0,0,0,0,1,0,0,0,0,0,1,0,0,0,0,0,0,0,0,0
51.88389446773149,3.5712488344737463,0.2742110212072194,4.417454141507045,0.7346420829101719,0.0,152620.4114021283,0.1353946061407347,1.676608,1.438675,0.474224,129.877856,6.566534,0.0002279999999999,52.94274945686887,0.0261329425343023,0.6298269086694803,12.062904939539742,0.0261329425343023,0.6298269086694803,2.0104841565899565,0.0261329425343023,0.6298269086694803,1.7513288976763566,42.20856737580067,0.5459218272524319,0,0,0,0,0,1,0,0,0,1,0,0,0,0,0,0,1,0,0,0,0,0,0,0,0
43.764392353657406,3.797660635766529,1.07979948243363,4.336108333487019,0.6095755148134071,0.0,195098.5123089029,0.1363367351660911,1.484146,1.390391,0.419309,146.882959,1.149014,0.001131,44.65754321801776,0.0320995717364067,0.6223824023076855,10.17513642942177,0.0320995717364067,0.6223824023076855,1.6958560715702946,0.0320995717364067,0.6223824023076855,1.8145417874663885,35.18236585973314,0.2746870109058702,0,0,0,0,0,1,0,0,0,0,0,0,1,0,0,1,0,0,0,0,0,0,0,0,0
55.23134597013888,27.85181931768145,4.498380086404814,8.87276424606927,2.148404649407458,0.0,184674.40347721823,0.1269220848985427,1.557979,1.441784,2.803793,119.593184,1.019122,0.0,56.35851629606009,0.0449935306137997,0.6328960776474989,12.841180928216222,0.0449935306137997,0.6328960776474989,2.1401968213693703,0.0449935306137997,0.6328960776474989,3.209833706727988,45.15073912127731,0.8001779861155609,0,0,0,1,0,0,0,0,0,1,0,0,0,1,0,0,0,0,0,0,0,0,0,0,0
53.371551689814815,5.491703395048777,0.5222048413196057,6.720640989802153,1.4851095446293874,0.0,172460.46712005397,0.1323744957681468,1.7161990000000005,1.43221,1.856872,131.298858,0.328214,0.003375,54.46076703042328,0.0441924961606062,0.6311908929998462,12.408782361362269,0.0441924961606062,0.6311908929998462,2.0681303935603776,0.0441924961606062,0.6311908929998462,3.0465281492350043,43.51283566504994,0.4207987262140589,0,0,0,0,0,0,0,0,1,0,0,1,0,0,0,1,0,0,0,0,0,0,0,0,0
42.45295162611111,15.085457261403402,4.19173281198497,8.313198488679149,1.3549931671121995,0.0,170269.78024767686,0.1261176643915456,1.454351,1.310192,0.416704,131.056171,1.137082,0.252419,43.319338393990925,0.0316625876142601,0.6211799851271527,9.870229001162487,0.0316625876142601,0.6211799851271527,1.6450381668604146,0.0316625876142601,0.6211799851271527,1.7362055029006578,34.06215946746504,0.5282991670943981,0,0,0,1,0,0,0,0,0,1,0,0,0,0,0,1,0,0,0,0,0,0,0,0,0
53.73877545949074,17.253262209892274,1.7568753053673165,6.936554102017153,0.6481163223012746,0.0,64209.05725419664,0.1133016411134665,1.846957,1.457251,2.119894,134.262358,1.134381,0.0,54.835485162745655,0.0,0.6315275884832818,12.494161176321796,0.0,0.6315275884832818,2.082360196053632,0.0,0.6315275884832818,0.0,43.83559709891082,0.7937832939955709,0,0,0,0,0,0,1,0,0,0,0,1,0,0,1,0,0,0,0,0,0,0,0,0,0
878.7409470084258,4.314843596730913,0.3893682536818712,3.1699961435308843,0.797217539638924,0.0,174392.08689298562,0.1201109305578027,4.644376,1.639254,1.58051,98.087832,0.0,0.0,896.6744357228835,0.5637262453997496,1.3879451407300825,204.30556763306203,0.5637262453997496,1.3879451407300825,34.05092793884367,0.5637262453997496,1.3879451407300825,639.8467253113926,1575.3606656689426,0.3722513555736718,0,0,1,0,0,0,0,0,0,1,0,0,0,0,0,0,0,0,0,0,1,0,0,0,0
197.16021441180555,7.809267192795163,0.8047895635918176,4.1187826403611,0.8885812735100158,0.0,179646.7696998651,0.129455332311509,2.4832400000000003,1.460443,0.8846790000000001,140.862997,1.134652,0.0,201.1838922569445,0.1190691456638725,0.7630260227096323,45.83936785601266,0.1190691456638725,0.7630260227096323,7.639894642668776,0.1190691456638725,0.7630260227096323,30.32252426881893,194.3146141038728,0.1715757824041768,0,0,0,0,0,1,0,0,0,0,0,0,1,0,0,0,0,0,0,0,1,0,0,0,0
57.01209485671296,18.65754856155032,0.3268095871045006,2.8158189560011992,0.2301760306246846,0.0,115744.84884123952,0.1100871297184654,1.804039,1.408354,1.155831,146.208558,1.13496,0.0,58.17560699664588,0.0163379734851259,0.6345287881546962,13.255201594172478,0.0163379734851259,0.6345287881546962,2.209200265695413,0.0163379734851259,0.6345287881546962,1.2031285121421602,46.72670557942477,0.4169634134356642,0,0,0,1,0,0,0,0,0,0,0,1,0,0,0,0,0,0,0,0,1,0,0,0,0
131.10792317037036,18.622401117143177,2.514255149330167,6.892356918870116,0.8626785465567518,0.0,123566.80045338727,0.1345823236989031,2.171292,1.507949,2.068391,127.23429,1.134716,0.0,133.78359507180647,0.0290654909848614,0.7024648336798702,30.482338117626792,0.0290654909848614,0.7024648336798702,5.080389686271131,0.0290654909848614,0.7024648336798702,4.922134020863215,118.9598365331793,0.4053682204368729,0,0,1,0,0,0,0,0,0,0,1,0,0,0,0,0,0,0,1,0,0,0,0,0,0
35.166952003750005,39.96524691127596,4.499060532171949,7.903262998274476,1.594431337406881,0.0,175160.60367955634,0.1340654868391349,1.173923,1.350701,1.469207,151.05881499999998,1.134684,0.0,35.88464490178572,0.0292666134707692,0.6144996899836015,8.176248205470163,0.0292666134707692,0.6144996899836015,1.362708034245027,0.0292666134707692,0.6144996899836015,1.3293949770586992,27.912788819391075,0.7118971946622776,0,0,0,0,1,0,0,0,0,1,0,0,0,0,0,1,0,0,0,0,0,0,0,0,0
30.188492357453708,38.34331488382249,5.895596442176855,7.422346047074389,1.495315939473877,0.0,158192.5080935252,0.1207417727803154,1.053028,1.295462,1.853609,131.62688899999998,1.136179,0.0,30.80458403821807,0.012343475865545,0.6099351028958601,7.018765983391459,0.012343475865545,0.6099351028958601,1.169794330565243,0.012343475865545,0.6099351028958601,0.4813109362327824,23.783287512676843,0.0087366894337607,0,0,0,1,0,0,0,0,0,0,0,1,0,0,0,0,0,0,0,0,0,0,0,1,0
34.27382815546297,4.111648220107669,1.6152227506649008,7.9288988633693265,1.46987719179915,0.0,99051.12708427008,0.1123020453490227,1.137523,1.360971,2.656429,137.93644799999998,0.0,0.0,34.97329403618671,0.0129308166698965,0.6136808138903348,7.968598641156465,0.0129308166698965,0.6136808138903348,1.328099773526077,0.0129308166698965,0.6136808138903348,0.5724471563598957,27.167644998168416,0.605253648920568,0,0,0,0,0,1,0,0,0,0,0,1,0,0,0,0,0,0,1,0,0,0,0,0,0
51.20048912305555,14.891646447635832,3.678679221539761,10.509845479786826,1.8106995509396928,0.0,192600.65928507195,0.1373940711970523,1.503283,1.440148,3.373331,136.949791,0.370349,0.0,52.2453970643424,0.0432629461030064,0.6292003166242236,11.904014520989406,0.0432629461030064,0.6292003166242236,1.984002420164901,0.0432629461030064,0.6292003166242236,2.8611263257276134,41.61116503169939,0.9695978671071072,0,0,1,0,0,0,0,0,0,1,0,0,0,0,0,1,0,0,0,0,0,0,0,0,0
31.98543218458333,18.148617036002022,1.8090966113751448,6.84012746010467,0.7684861533075785,0.0,96036.76856639687,0.123008632795702,1.072268,1.193249,1.069361,141.840367,1.135546,0.0,32.638196106717686,0.0,0.611582658347769,7.436551011657194,0.0,0.611582658347769,1.239425168609532,0.0,0.611582658347769,0.0,25.26703131471165,0.5145250267610703,0,0,0,0,0,0,0,1,0,0,0,1,0,0,1,0,0,0,0,0,0,0,0,0,0
45.280689211157416,20.84582263515109,4.448064218036277,10.275286376047475,1.7184081492092398,0.0,222250.22506369904,0.1363633882513435,1.520115,1.437406,1.126005,128.889854,1.136784,0.0,46.20478490934431,0.0407587395662047,0.6237726453845931,10.52767251098984,0.0407587395662047,0.6237726453845931,1.7546120851649734,0.0407587395662047,0.6237726453845931,2.383859233965156,36.48263406623775,0.2766127909442543,0,0,1,0,0,0,0,0,0,1,0,0,0,1,0,0,0,0,0,0,0,0,0,0,0
37.03206689189815,28.351746970131284,10.189757409713252,6.224631108826013,1.2391025875683883,0.0,178503.7426652428,0.1244910545200466,1.272388,1.360849,2.1135,137.02733600000002,1.1347200000000002,0.0,37.78782335907975,0.0298748188857867,0.6162097529228339,8.609883803334625,0.0298748188857867,0.6162097529228339,1.434980633889104,0.0298748188857867,0.6162097529228339,1.4289928847349485,29.47496872859521,0.3240438283595683,0,0,1,0,0,0,0,0,0,0,1,0,0,0,0,1,0,0,0,0,0,0,0,0,0
17.921691003055553,5.215742245742253,2.8566256444231213,11.11203337173096,2.849297078965093,0.0,199953.70932628887,0.131137178080688,0.904628,1.182733,0.0829559999999999,160.13754,1.135651,0.138724,18.28743979903628,0.0393315638862694,0.5986880732826281,4.166758435223455,0.0393315638862694,0.5986880732826281,0.6944597392039091,0.0393315638862694,0.5986880732826281,0.9104729199646856,13.858825441211492,0.4837233854126177,0,0,0,0,0,1,0,0,0,0,0,1,0,0,0,0,0,0,0,0,0,0,0,0,1
92.62045365023148,7.288175471623739,0.4285644291938066,1.9056330729159805,0.4562995381992784,0.0,235284.7662245204,0.1207933294937479,2.002096,1.492891,0.156692,134.171276,0.013478,0.0,94.5106669900321,0.0620283092897917,0.6671769296105535,21.53407602304529,0.0620283092897917,0.6671769296105535,3.589012670507548,0.0620283092897917,0.6671769296105535,7.420679599040793,79.81688179475331,0.4628195075475322,0,0,0,1,0,0,0,0,0,0,0,1,0,1,0,0,0,0,0,0,0,0,0,0,0
32.434934444629626,31.45172326224191,3.6268361463821193,10.174816396882497,1.7030951599422977,0.0,171342.3418764988,0.1252166065934607,0.990706,1.346241,2.413901,149.19483200000002,1.1356,0.0,33.09687188227513,0.0212865663976544,0.6119947922923806,7.541059416214587,0.0212865663976544,0.6119947922923806,1.2568432360357642,0.0212865663976544,0.6119947922923806,0.8917958998439398,25.63938383939304,0.3607762329580011,0,0,0,0,0,0,1,0,0,0,0,0,1,0,0,0,1,0,0,0,0,0,0,0,0
50.16365794861111,4.600613529341562,0.4690767913270625,8.633602799843255,0.5635157000961349,0.0,103913.26412619904,0.1242562937382742,1.717524,1.41662,0.214069,96.082442,1.13536,0.46885,51.187406070011335,0.0,0.6282496799760873,11.662953281774737,0.0,0.6282496799760873,1.943825546962456,0.0,0.6282496799760873,0.0,40.70692592695019,0.955382374371514,0,0,0,0,0,0,0,1,0,1,0,0,0,0,1,0,0,0,0,0,0,0,0,0,0
71.5772460463889,7.695009877568199,1.05648237874182,11.095485252727991,2.628988791141007,0.0,219809.9592888189,0.1362007899071387,1.7927080000000002,1.449804,0.729562,115.384878,0.371602,0.0,73.03800616978458,0.0690122504350158,0.6478830996837365,16.641571026026867,0.0690122504350158,0.6478830996837365,2.773595171004477,0.0690122504350158,0.6478830996837365,6.380401484890387,59.89884788860747,0.0133364497969366,0,0,0,1,0,0,0,0,0,0,0,1,0,0,0,0,0,0,0,0,0,0,1,0,0
37.31497557490741,2.3305355365787235,0.989265178390544,5.456527189670993,0.7750427544974595,0.0,63741.72398409397,0.1085521774076157,1.292366,1.315798,0.4434979999999999,143.877432,4.294962,0.180336,38.07650568868103,0.0,0.6164691426564506,8.675659524003272,0.0,0.6164691426564506,1.4459432540005452,0.0,0.6164691426564506,0.0,29.71264660411982,0.2221866187597644,0,0,0,0,0,1,0,0,0,1,0,0,0,0,1,0,0,0,0,0,0,0,0,0,0
60.786798804629626,28.71827181180318,0.7332467292424301,4.6942223439113695,0.5407949653174952,0.0,140291.62771657674,0.1216411793546425,1.895488,1.356266,0.093727,113.453432,1.136733,0.193222,62.02734571900982,0.0169262476079067,0.6379896909489019,14.132812948635149,0.0169262476079067,0.6379896909489019,2.3554688247725246,0.0169262476079067,0.6379896909489019,1.3289749520268272,50.09216091854655,0.8177201084528336,0,0,0,0,0,0,0,0,1,0,0,1,0,0,0,0,0,0,0,0,1,0,0,0,0
29.71635842106482,63.63792414892288,6.216985162213552,6.7643958270120965,1.3014980367333484,0.0,182822.2725944245,0.1376458572612392,0.996636,1.272302,2.179682,154.193047,0.369727,0.101464,30.322814715372267,0.0343867937196499,0.6095022187062034,6.908995757932922,0.0343867937196499,0.6095022187062034,1.15149929298882,0.0343867937196499,0.6095022187062034,1.3198789552109764,23.39471246384368,0.0075130537962559,0,0,0,0,0,0,1,0,0,1,0,0,0,0,0,0,0,0,1,0,0,0,0,0,0
53.533868414629616,6.209974384875524,0.7257392109155083,9.52330780601044,2.1304280757904053,0.0,185282.9415467626,0.1352524219764222,1.86115,1.50087,0.579426,96.017263,1.135089,0.0,54.62639634145879,0.0177048932142334,0.631339715904691,12.446520685395674,0.0177048932142334,0.631339715904691,2.074420114232612,0.0177048932142334,0.631339715904691,1.2242462201315447,43.655460186219806,0.955453654932272,0,0,0,0,1,0,0,0,0,1,0,0,0,0,0,0,0,1,0,0,0,0,0,0,0
1.666309,7.259114000910804,0.8118354153575943,8.850398825226927,6.662435150260833,0.0,174875.57289793165,0.1385370521701211,1.531729,0.255328,0.206602,617.430432,0.906447,0.116715,43.28569818731104,0.0384236932074639,0.6211497583922445,9.862564143944288,0.0384236932074639,0.6211497583922445,1.6437606906573812,0.0384236932074639,0.6211497583922445,2.1053118828102733,34.03405186188338,0.7856243874704735,0,0,1,0,0,0,0,0,0,1,0,0,0,1,0,0,0,0,0,0,0,0,0,0,0
215.9487317134722,4.398993316434678,2.706265809438784,11.16779861290106,2.135667662254626,0.0,186098.1113515437,0.1289754018848605,2.88876,1.502507,1.613673,114.847206,0.0,0.0,220.3558486872165,0.0887414962613524,0.7802526007209246,50.20766172620124,0.0887414962613524,0.7802526007209246,8.367943621033538,0.0887414962613524,0.7802526007209246,24.75279458537185,217.63699243324967,0.9563675054146143,0,0,1,0,0,0,0,0,0,0,1,0,0,0,0,0,0,0,0,0,1,0,0,0,0
7.381964,6.244282388119471,0.4822112544120359,6.598105972905239,5.523303122972127,0.0,183983.87947766783,0.1387039616489581,4.062069999999999,0.303325,0.167228,693.950213,45.968308,0.039912,191.7612314004157,0.0910708723347686,0.7545594792502155,43.69243247098079,0.0910708723347686,0.7545594792502155,7.282072078496798,0.0910708723347686,0.7545594792502155,22.10615521977885,183.1585505137693,0.2862619233487086,0,0,0,1,0,0,0,0,0,0,1,0,0,1,0,0,0,0,0,0,0,0,0,0,0
177.63164893097223,4.644609316757747,0.227692267270111,2.665226719076399,0.199091205619079,0.0,132968.00882419065,0.1133863311484277,1.982638,1.484053,1.504323,136.378348,1.6e-05,0.0,181.25678462344104,0.0383277141546171,0.7451209186877005,41.29901421799923,0.0383277141546171,0.7451209186877005,6.883169036333204,0.0383277141546171,0.7451209186877005,8.793871176749686,170.9597745278444,0.7574751093736224,0,0,1,0,0,0,0,0,0,1,0,0,0,0,0,0,0,0,0,0,0,0,0,1,0
111.91412320574074,31.0216833455222,5.799742918220355,8.334796244577824,1.6548003605801425,0.0,183811.9467269934,0.1280614201435082,3.105033,1.559792,2.372498,104.215878,1.134407,0.0,114.19808490381708,0.0715123751651758,0.6848666652286267,26.01981681352794,0.0715123751651758,0.6848666652286267,4.336636135587989,0.0715123751651758,0.6848666652286267,10.337438342767555,99.00058428300352,0.6098595398960207,0,0,0,0,0,0,0,0,1,0,0,1,0,0,0,0,0,0,1,0,0,0,0,0,0
61.08024687347222,8.499867172468276,1.3592715443467065,6.603638984030671,3.752069402155545,0.0,169766.34856489807,0.1383066970488722,1.903374,1.530576,0.286896,93.920459,0.3723329999999999,0.0,62.326782523951245,0.0475413187161343,0.6382587439012459,14.201039056090156,0.0475413187161343,0.6382587439012459,2.366839842681693,0.0475413187161343,0.6382587439012459,3.750756243699188,50.35520750018133,0.4738888340719601,0,0,0,0,0,1,0,0,0,0,1,0,0,1,0,0,0,0,0,0,0,0,0,0,0
34.54894685763888,3.482659569808415,1.999298846550125,8.289498141629519,1.230741372211374,0.0,81115.2621075015,0.1087862266857418,1.151528,1.34309,1.497274,128.338726,1.136548,0.0,35.25402740575396,0.0014532931784788,0.6139330612448921,8.03256320637432,0.0014532931784788,0.6139330612448921,1.3387605343957198,0.0014532931784788,0.6139330612448921,0.0648537184084652,27.39697843851373,0.9236934117170188,0,0,0,0,0,1,0,0,0,1,0,0,0,0,0,0,0,0,0,0,0,0,0,1,0
107.81463306347224,8.61647263595036,0.7702965684931913,9.945694664971148,3.846670142180628,0.0,182937.79865482613,0.135900896605399,2.541978,1.602224,1.2604540000000002,82.054575,0.0134919999999999,0.0,110.01493169742066,0.0694577036286297,0.6811079765780834,25.06669329814648,0.0694577036286297,0.6811079765780834,4.1777822163577465,0.0694577036286297,0.6811079765780834,9.67263863362454,94.85069306557752,0.8906173984841445,0,0,1,0,0,0,0,0,0,1,0,0,0,1,0,0,0,0,0,0,0,0,0,0,0
23.29652320351852,6.215874118464334,0.3829510298064001,3.1786854138477243,0.6702674351436056,0.0,145399.51771395383,0.124177101865518,0.870603,1.273653,0.423526,180.683357,1.1577110000000002,0.0,23.77196245256992,0.0318480767010082,0.6036160814225077,5.416396508180487,0.0318480767010082,0.6036160814225077,0.9027327513634144,0.0318480767010082,0.6036160814225077,0.9583433968644736,18.16346686499144,0.0477450447309006,0,0,0,0,0,1,0,0,0,0,0,1,0,1,0,0,0,0,0,0,0,0,0,0,0
1.405202,3.46233834198543,0.4923279484113057,3.9964569120955984,0.755215259764692,0.0,165671.03941846525,0.1388869335432704,1.309185,0.276319,0.421651,541.961737,126.351217,0.0399529999999999,36.50292332586924,0.0360186237971525,0.6150552316959933,8.31712177045122,0.0360186237971525,0.6150552316959933,1.3861869617418696,0.0360186237971525,0.6150552316959933,1.6642848895832771,28.41938476427036,0.5909279491025746,0,0,0,1,0,0,0,0,0,0,1,0,0,1,0,0,0,0,0,0,0,0,0,0,0
107.36612364412038,6.594446719260443,0.61553230401066,10.7278518230795,8.598807243420351,0.0,182077.62964628296,0.1320615170313586,3.837411,1.608525,0.894491,70.635391,1.1944,0.0,109.55726902461264,0.0692342038516551,0.6806967529366852,24.962415727126928,0.0692342038516551,0.6806967529366852,4.160402621187821,0.0692342038516551,0.6806967529366852,9.601405439342606,94.39908517172746,0.5144650976620213,0,0,0,0,0,0,1,0,0,0,0,1,0,1,0,0,0,0,0,0,0,0,0,0,0
12.528860382824073,59.99392874354408,0.8384764371030825,5.420367461600178,1.053373850078034,0.0,167289.7402952638,0.1269593961018738,0.7561680000000001,1.205442,0.3270119999999999,169.786828,1.464803,0.02004,12.784551411044973,0.0277074107069997,0.5937435629793663,2.9129357645418925,0.0277074107069997,0.5937435629793663,0.4854892940903153,0.0277074107069997,0.5937435629793663,0.4483883755070584,9.608538108717374,0.5490306870877157,0,0,1,0,0,0,0,0,0,1,0,0,0,1,0,0,0,0,0,0,0,0,0,0,0
4.675163,21.516450682140533,3.983404443704253,10.020187237279876,1.9699020271392749,0.0,172151.32673860912,0.1390481830822478,1.661186,0.334095,1.3356860000000002,675.237992,0.0,0.0,121.44667921404952,0.0661383952855122,0.6913797446741998,27.671395263960648,0.0661383952855122,0.6913797446741998,4.611899210660107,0.0661383952855122,0.6913797446741998,10.16745376705267,106.2857899576443,0.0596657876278189,0,1,0,0,0,0,0,0,0,1,0,0,0,1,0,0,0,0,0,0,0,0,0,0,0
46.85676016995371,8.72825001421429,0.3838977486752777,2.9978908729210176,0.4032539496247431,0.0,165419.47933528177,0.124579029787573,1.406095,1.378362,1.357505,155.315127,0.0,0.0,47.81302058158542,0.0281042230467346,0.6252176933831719,10.894105955297944,0.0281042230467346,0.6252176933831719,1.8156843258829904,0.0281042230467346,0.6252176933831719,1.700946575902521,37.83993220468477,0.0514518334585604,0,0,1,0,0,0,0,0,0,0,1,0,0,0,0,0,0,0,0,0,1,0,0,0,0
39.37275247268519,10.155900865509397,2.647273915134174,8.202764774683853,1.5025389720495943,0.0,124372.67996852518,0.11873966375951,1.371347,1.344932,0.546482,124.747408,1.136803,0.438926,40.17627803335223,0.02298232606987,0.618355851101308,9.154088665827093,0.02298232606987,0.618355851101308,1.525681444304515,0.02298232606987,0.618355851101308,1.1687902810585558,31.447134933413043,0.8555211742742207,0,0,0,0,0,1,0,0,0,0,0,1,0,0,0,0,1,0,0,0,0,0,0,0,0
19.301408621435183,23.057939463570005,2.449930995774212,7.9122864125158,0.9266318979737856,0.0,109583.1435944994,0.1269212417858396,0.641151,1.145088,0.2636489999999999,158.07333899999998,1.137084,0.319608,19.69531491983182,0.0060589213288587,0.5999530913149165,4.487540108316111,0.0060589213288587,0.5999530913149165,0.7479233513860184,0.0060589213288587,0.5999530913149165,0.1510536248688098,14.957297557688475,0.4921812360189207,0,0,0,0,0,1,0,0,0,0,0,1,0,0,0,0,0,0,0,1,0,0,0,0,0
53.87128150601851,10.90149424189613,1.6309059919784967,6.506053477454243,1.2362743821933115,0.0,195225.314073741,0.1361574535604289,1.861595,1.471695,0.879877,134.465011,1.137001,0.0,54.97069541430461,0.0444073043190305,0.6316490789506151,12.524968575411176,0.0444073043190305,0.6316490789506151,2.087494762568529,0.0444073043190305,0.6316490789506151,3.0900005061921,43.95213813635482,0.3075701848901477,0,0,0,0,1,0,0,0,0,0,0,0,1,0,0,0,1,0,0,0,0,0,0,0,0
1.566874,5.232939451649076,1.6663028727904212,9.6849011139904,1.6806410130836982,0.0,168979.47978492206,0.1389516023494642,1.143218,0.412412,1.436055,601.094862,7.002988,0.0,40.70267583116024,0.0375077925352708,0.6188288353145723,9.274027404568155,0.0375077925352708,0.6188288353145723,1.5456712340946923,0.0375077925352708,0.6188288353145723,1.9324905325386603,31.883530985801883,0.3181059407005615,0,0,1,0,0,0,0,0,0,0,1,0,0,1,0,0,0,0,0,0,0,0,0,0,0
32.221957386944446,10.012772418203808,43.46912826029517,10.834258845670046,4.760706280632842,0.0,212700.3167903177,0.1236476831549077,1.177692,1.43536,0.75221,128.677273,0.013481,0.161011,32.87954835402495,0.0353918160334316,0.6117995205825421,7.491542662942393,0.0353918160334316,0.6117995205825421,1.248590443823732,0.0353918160334316,0.6117995205825421,1.4729961096303414,25.462901164510093,0.1805424807616025,0,0,0,0,0,1,0,0,0,0,1,0,0,1,0,0,0,0,0,0,0,0,0,0,0
146.00659246101853,4.509164105142866,2.49803721576,10.201027995962605,1.9954298131471628,0.0,184810.1423767236,0.1288032394340284,2.961758,1.4265219999999998,0.53273,126.238211,1.136857,0.0,148.986318837774,0.0536553080819472,0.7161249370653051,33.94624986177129,0.0536553080819472,0.7161249370653051,5.657708310295215,0.0536553080819472,0.7161249370653051,10.118869414222756,135.0542002548005,0.1404719736277609,0,0,1,0,0,0,0,0,0,0,1,0,0,0,0,0,1,0,0,0,0,0,0,0,0
92.21382174222224,3.919412429275967,2.5933824611796465,7.498507413932745,0.8042210083213641,0.0,39705.22494426334,0.0795572436407958,1.710464,1.485894,1.550143,116.342279,0.0,0.0,94.09573647165534,0.0024733402123519,0.6668041020918765,21.4395348922759,0.0024733402123519,0.6668041020918765,3.573255815379316,0.0024733402123519,0.6668041020918765,0.2945959099066073,79.42205451728603,0.8185461190530405,0,0,0,1,0,0,0,0,0,0,1,0,0,0,0,0,0,0,0,0,0,1,0,0,0
32.218520630694435,72.06336597715105,7.847753010350737,6.520161627007903,1.442706458860164,0.0,217124.71990220324,0.1242264120234288,1.201217,1.33061,0.068435,129.255015,0.013491,0.2202059999999999,32.87604145989228,0.0353904320592545,0.611796369532957,7.490743623772924,0.0353904320592545,0.611796369532957,1.2484572706288204,0.0353904320592545,0.611796369532957,1.4727814071690548,25.46005418959124,0.47972995294243,0,0,0,1,0,0,0,0,0,1,0,0,0,1,0,0,0,0,0,0,0,0,0,0,0
55.38182497898149,8.222252560797191,11.09057251097773,7.61677389236377,2.000228180016259,0.0,181738.28885641487,0.1178880252069134,1.403837,1.404836,1.522499,111.296992,7.604495,0.0,56.512066305083145,0.0450585355137886,0.6330340469371063,12.876167006221475,0.0450585355137886,0.6330340469371063,2.146027834370246,0.0450585355137886,0.6330340469371063,3.2232290462850224,45.28362282770237,0.88433978448046,0,0,0,0,0,0,0,0,1,0,0,1,0,1,0,0,0,0,0,0,0,0,0,0,0
51.10566010800926,72.85464746611459,20.39349004176023,6.915001714829918,3.845102860415868,0.0,236602.0393341577,0.120589627841894,1.648993,1.39837,0.31098,132.371868,0.013493,0.014125,52.14863276327476,0.0432224809398477,0.6291133709967852,11.88196695872083,0.0432224809398477,0.6291133709967852,1.980327826453472,0.0432224809398477,0.6291133709967852,2.8531560577845068,41.52835715262934,0.3935783617118618,0,0,1,0,0,0,0,0,0,1,0,0,0,1,0,0,0,0,0,0,0,0,0,0,0
62.96320743666667,5.439752108142489,0.9141784469715412,4.03521651958676,0.5369149785247638,0.0,208894.86377772785,0.1389231810109506,2.17088,1.466376,0.307937,135.161292,2.266948,0.0004509999999999,64.2481708537415,0.048370773618113,0.6399851689572124,14.638823738827176,0.048370773618113,0.6399851689572124,2.439803956471196,0.048370773618113,0.6399851689572124,3.933840161701489,52.04794491015645,0.3745290847037682,0,0,1,0,0,0,0,0,0,0,1,0,0,1,0,0,0,0,0,0,0,0,0,0,0
49.53773553439815,6.21243356239228,3.1228558022341284,7.485573407843244,0.9481336695970676,0.0,141393.2893528927,0.1220780804628233,1.453268,1.419402,4.20216,130.76263,0.0,0.0,50.5487097289777,0.0151921615755055,0.6276757921527782,11.517427533184792,0.0151921615755055,0.6276757921527782,1.9195712555307984,0.0151921615755055,0.6276757921527782,0.9720812223239989,40.1622802802999,0.7008510433798885,0,0,0,1,0,0,0,0,0,1,0,0,0,0,0,0,0,0,0,0,0,0,0,1,0
29.56997806226852,34.45924169676645,7.361282878356586,6.275916072104475,1.4512728452682495,0.0,168666.10002622902,0.1387567641995221,1.151938,1.201514,0.291073,163.319517,0.372372,0.402204,30.17344700231482,0.0343283252507889,0.6093680073349899,6.874962608122364,0.0343283252507889,0.6093680073349899,1.1458271013537271,0.0343283252507889,0.6093680073349899,1.3111441805479809,23.27434591674494,0.4550113102107982,0,0,0,1,0,0,0,0,0,0,0,1,0,0,0,0,1,0,0,0,0,0,0,0,0
17.73964475162037,60.75439287821452,8.6866775067876,5.941149685308516,2.7589885252271054,0.0,166201.91513039568,0.1278829088599847,0.8643700000000001,1.243864,0.951502,151.110327,1.134402,0.319123,18.10167831797997,0.0296928316366166,0.5985211610190545,4.124433034476449,0.0296928316366166,0.5985211610190545,0.6874055057460747,0.0296928316366166,0.5985211610190545,0.6803671982733832,13.714224713001036,0.7793025091998073,0,0,0,0,0,1,0,0,0,1,0,0,0,0,1,0,0,0,0,0,0,0,0,0,0
23.76458394731481,34.787774533317204,3.5551695306238225,7.821627726657785,1.301914141546908,0.0,187333.6961555756,0.1372347286851,0.794363,1.171767,0.7270260000000001,167.898566,1.134972,0.069571,24.24957545644369,0.0256251229721232,0.6040452310348783,5.525219724252993,0.0256251229721232,0.6040452310348783,0.9208699540421652,0.0256251229721232,0.6040452310348783,0.7865801937888004,18.541570138082587,0.3552852923799273,0,0,1,0,0,0,0,0,0,0,1,0,0,0,0,1,0,0,0,0,0,0,0,0,0
51.01289314671297,11.86173477059319,7.125678744533365,10.558455875451616,1.992626087128116,0.0,200844.6371028177,0.1328886552966184,1.647657,1.384908,0.7457239999999999,125.54116299999998,1.087849,0.27196,52.05397259868671,0.0431829067293545,0.6290283159990979,11.860398819953932,0.0431829067293545,0.6290283159990979,1.9767331366589884,0.0431829067293545,0.6290283159990979,2.845369422305652,41.44737053774061,0.5706124843087539,0,0,0,1,0,0,0,0,0,1,0,0,0,1,0,0,0,0,0,0,0,0,0,0,0
20.92831811527778,27.742118238267444,3.0544515485100323,6.838736589006383,1.02489537765368,0.0,145296.24104466426,0.1241395820905979,0.7026600000000001,1.133018,1.027923,176.131917,1.135267,0.089668,21.35542664824263,0.0123699096413723,0.6014447515062454,4.865793413523638,0.0123699096413723,0.6014447515062454,0.8109655689206061,0.0123699096413723,0.6014447515062454,0.3343856936604009,16.258366169319167,0.0562957303098713,0,0,1,0,0,0,0,0,0,0,0,0,1,0,0,0,0,1,0,0,0,0,0,0,0
79.00053771657407,9.024320350374497,0.6537328295999294,5.572149137227084,1.2910544772228176,0.0,172140.75959232613,0.1358360314219118,2.2528080000000004,1.550299,0.327901,116.50383,0.371434,0.0,80.61279358834089,0.0556176116061904,0.6546892734229319,18.367471956837164,0.0556176116061904,0.6546892734229319,3.061245326139527,0.0556176116061904,0.6546892734229319,5.675305119349804,66.80548261132112,0.964383274299524,0,0,1,0,0,0,0,0,0,1,0,0,0,0,0,0,0,0,0,1,0,0,0,0,0
45.47174740120371,25.40322353499276,4.126485287714347,7.59443400289229,1.0889679035551545,0.0,187389.6972234712,0.1372017524868464,1.523719,1.354302,2.066713,151.981898,1.136742,0.0,46.39974224612623,0.0245033202755875,0.6239478204004117,10.572093170003445,0.0245033202755875,0.6239478204004117,1.7620155283339072,0.0245033202755875,0.6239478204004117,1.439174360710811,36.64685828052072,0.8557462680583141,0,0,1,0,0,0,0,0,0,0,0,1,0,0,0,0,1,0,0,0,0,0,0,0,0
45.83545804226852,16.649272278376987,8.451944797444973,7.283582345473109,1.976736940925928,0.0,244968.36820855807,0.1216429816893965,1.51141,1.440761,0.366531,121.239244,0.013493,0.0,46.77087555333522,0.0409915310868978,0.6242812948109383,10.65665518936752,0.0409915310868978,0.6242812948109383,1.7761091982279196,0.0409915310868978,0.6242812948109383,2.4268478470961683,36.95972499984477,0.5921550471798613,0,0,1,0,0,0,0,0,0,0,0,1,0,1,0,0,0,0,0,0,0,0,0,0,0
27.929219713611115,11.890613251640684,2.9885928539349305,9.07975546061564,1.5439075634633894,0.0,169227.2536158573,0.1389847240931124,0.937257,1.2612139999999998,0.776504,153.292527,0.372422,0.0,28.499203789399097,0.0336748198302566,0.6078636495808888,6.493489471002325,0.0336748198302566,0.6078636495808888,1.082248245167054,0.0336748198302566,0.6078636495808888,1.2148171555870646,21.92864560199194,0.1988757078900377,0,0,0,0,0,0,0,1,0,1,0,0,0,0,1,0,0,0,0,0,0,0,0,0,0
38.94147774949074,9.367867806979588,3.8514564154531175,9.311441954377171,1.596004350436963,0.0,182031.4508580636,0.1253255460616781,1.374765,1.427872,0.49267,116.537122,1.136253,0.0,39.73620178519464,0.0381264079554418,0.6179604293900509,9.053818128272196,0.0381264079554418,0.6179604293900509,1.5089696880453658,0.0381264079554418,0.6179604293900509,1.9177197972937825,31.082785212036185,0.3602387231247094,0,0,0,0,0,1,0,0,0,0,0,0,1,1,0,0,0,0,0,0,0,0,0,0,0
36.62792981435185,46.242958005269365,33.42084778212815,5.960318330380557,1.1185066326201962,0.0,179236.1868630096,0.132707527715811,1.257878,1.339776,1.915028,150.475861,0.369701,0.0,37.37543858607332,0.0371784150162924,0.6158392128327445,8.515922715814174,0.0371784150162924,0.6158392128327445,1.4193204526356955,0.0371784150162924,0.6158392128327445,1.7589361609734004,29.135773010286048,0.5023863518180675,0,0,1,0,0,0,0,0,0,0,1,0,0,1,0,0,0,0,0,0,0,0,0,0,0
25.17940739435185,62.90623432341076,5.929038083524727,7.853689215451979,1.9429038204163385,0.0,184388.90758018583,0.1327054120725293,1.052186,0.967382,1.414381,143.506023,0.0,0.0,25.69327285137944,0.0325872424614279,0.60534243645515,5.854163434491518,0.0325872424614279,0.60534243645515,0.9756939057485862,0.0325872424614279,0.60534243645515,1.0598391291588922,19.687630871343025,0.3153003947187255,0,0,1,0,0,0,0,0,0,0,1,0,0,0,0,1,0,0,0,0,0,0,0,0,0
136.39350153814814,19.40496508393969,6.465825890751479,9.462751834512614,2.145575252368296,0.0,192996.29556354915,0.1291133844309287,2.231241,1.484053,1.730765,121.842333,1.135907,0.0,139.17704238586546,0.0842252542439754,0.7073110078949717,31.71122484741238,0.0842252542439754,0.7073110078949717,5.285204141235396,0.0842252542439754,0.7073110078949717,14.838255417562106,124.6094356022629,0.7952604659515562,0,0,0,0,0,1,0,0,0,0,0,1,0,0,0,1,0,0,0,0,0,0,0,0,0
32.60213900055556,1.6358574266944612,0.3635350616215516,3.2659340415069527,0.2592409631098917,0.0,150958.66198291368,0.1369931445383339,1.089525,1.336012,0.480241,140.22462099999998,82.63956,0.026407,33.2674887760771,0.0126895674440047,0.6121480966899685,7.579934151511238,0.0126895674440047,0.6121480966899685,1.2633223585852065,0.0126895674440047,0.6121480966899685,0.5343671424262042,25.7780125771272,0.6194718664965292,0,0,0,0,0,0,0,1,0,0,0,1,0,0,0,0,0,0,1,0,0,0,0,0,0
69.75912561777777,18.609768488293604,2.8184547262797826,7.7673322082423475,0.455730892128224,0.0,86748.63289680755,0.1170625721218345,2.106199,1.457088,0.16343,106.252563,1.136482,0.19698,71.18278124263038,0.0,0.6462161244299407,16.218861548953758,0.0,0.6462161244299407,2.7031435914922928,0.0,0.6462161244299407,0.0,58.22716584905935,0.4979701070628947,0,0,0,0,0,1,0,0,0,0,1,0,0,0,1,0,0,0,0,0,0,0,0,0,0
19.180943950509263,21.022720472017923,5.459232715679873,8.241498105531688,1.5235572651707583,0.0,181913.20370578536,0.1402201152248062,0.651423,1.136005,1.231906,186.173402,1.136134,0.198215,19.572391786233943,0.0302480793581464,0.5998426411916847,4.459532305724189,0.0302480793581464,0.5998426411916847,0.7432553842873648,0.0302480793581464,0.5998426411916847,0.7494015949097939,14.86120909302912,0.5471901723137204,0,0,0,0,0,0,0,1,0,0,0,1,0,0,0,1,0,0,0,0,0,0,0,0,0
93.39782245652776,3.712414133548736,1.1079275628073897,4.7791113264554985,0.8269095828921961,0.0,172579.07501498802,0.1391008866133449,1.356139,1.327869,2.479991,154.175117,0.0,0.0,95.30390046584466,0.0624013049726349,0.6678896736855754,21.71481276436967,0.0624013049726349,0.6678896736855754,3.6191354607282777,0.0624013049726349,0.6678896736855754,7.527959187406097,80.57277339632347,0.8062078137968678,0,0,0,1,0,0,0,0,0,1,0,0,0,0,0,0,0,0,0,0,0,0,0,1,0
12.993535285277778,2.531115185930616,1.8765346755941423,7.437302532241785,0.7656640580518068,0.0,43000.00369079736,0.098796240717387,0.782813,1.027736,0.00828,148.781726,1.135951,1.032804,13.258709474773244,0.0,0.5941696082243679,3.0209717790622577,0.0,0.5941696082243679,0.5034952965103763,0.0,0.5941696082243679,0.0,9.972053435679408,0.6933805274474443,0,0,0,0,0,0,0,0,1,0,0,1,0,0,1,0,0,0,0,0,0,0,0,0,0
34.944250198750005,17.511014579591297,1.3737176420877306,5.83033456848108,1.131118999253646,0.0,175832.21805680456,0.1350698248802615,1.27357,1.255894,0.8321870000000001,153.058862,0.370866,0.189791,35.6573981619898,0.0364927842294933,0.6142955019704927,8.124470467288816,0.0364927842294933,0.6142955019704927,1.3540784112148023,0.0364927842294933,0.6142955019704927,1.6471363763425633,27.726809244153483,0.5043320370096551,0,0,1,0,0,0,0,0,0,0,1,0,0,0,0,0,0,0,0,0,1,0,0,0,0
32.27590173134259,34.73772579147702,3.901883981210722,7.050883881479717,0.824483284704405,0.0,184844.77087080336,0.1379883092263047,1.072445,1.195336,1.043916,153.22461299999998,1.1352870000000002,0.0,32.93459360341081,0.0,0.6118489803904726,7.504084618498665,0.0,0.6118489803904726,1.2506807697497777,0.0,0.6118489803904726,0.0,25.5075917921791,0.1703588054004152,0,0,1,0,0,0,0,0,0,0,0,1,0,0,1,0,0,0,0,0,0,0,0,0,0
121.59737487101852,5.398516073681059,2.2783137800024567,10.318285172505917,1.5550972857921244,0.0,127777.78490332734,0.1179362700032673,3.404692,1.476769,0.804525,78.185727,1.1851200000000002,0.253332,124.0789539500189,0.0272927557931809,0.6937449224927105,28.271154064561262,0.0272927557931809,0.6937449224927105,4.711859010760211,0.0272927557931809,0.6937449224927105,4.286653910419246,108.9609421405474,0.91541564863185,0,0,0,0,0,1,0,0,0,0,1,0,0,0,0,0,0,0,0,0,1,0,0,0,0
25.576569129583334,40.08695363998413,4.214078429791567,8.874741202063984,1.197627887165518,0.0,152033.2642198741,0.132197813003612,0.847301,1.253357,0.380538,151.45816499999998,1.135308,0.275452,26.09853992814626,0.0065487462125196,0.6057065810816372,5.946502768438388,0.0065487462125196,0.6057065810816372,0.9910837947397312,0.0065487462125196,0.6057065810816372,0.2163452082363798,20.01019922924059,0.2774691297942495,0,0,0,0,0,1,0,0,0,1,0,0,0,0,0,0,0,0,0,1,0,0,0,0,0
46.51876155712963,5.451867184184846,2.606050168724655,7.188595161735297,0.84801035319015,0.0,119911.96354166669,0.1155991498782909,1.567831,1.388918,1.502874,109.119453,0.0,0.128387,47.46812403788738,0.008255758965518,0.624907793491763,10.8155219326832,0.008255758965518,0.624907793491763,1.802586988780533,0.008255758965518,0.624907793491763,0.4960574564583682,37.54835525786014,0.3443060934686912,0,0,0,1,0,0,0,0,0,1,0,0,0,0,0,0,0,0,0,0,0,0,0,1,0
83.04236672620371,3.143477467128209,1.610307852284228,8.927539564722734,1.2558085776919083,0.0,149395.90699940047,0.1346462791522058,1.446531,1.267269,1.424859,156.51558,1.135647,0.0,84.7371089042895,0.0114990970691158,0.6583950944637712,19.307189370597605,0.0114990970691158,0.6583950944637712,3.2178648950996007,0.0114990970691158,0.6583950944637712,1.2334180261350216,70.62088205269184,0.7734768156795303,0,0,0,0,0,1,0,0,0,0,1,0,0,0,0,0,0,0,0,1,0,0,0,0,0
2.809947,43.81770265442984,4.627550862675948,10.163150421435311,2.081888130814624,0.0,168590.92933153475,0.1386328560056732,1.237658,0.4673239999999999,1.069582,542.24725,1.050659,0.0,72.9939751656746,0.0489577990348437,0.6478435365056135,16.63153864534358,0.0489577990348437,0.6478435365056135,2.771923107557263,0.0489577990348437,0.6478435365056135,4.523575147994265,59.85908229738425,0.5414138421385524,1,0,0,0,0,0,0,0,0,0,1,0,0,1,0,0,0,0,0,0,0,0,0,0,0
23.399676805925925,18.462649672372,0.5432427060261047,2.8204063723127333,0.9254070888463256,0.0,228570.88900442145,0.139644832571419,0.989337,1.299636,0.404231,151.994178,1.135246,0.059761,23.87722123053666,0.0573992196511993,0.6037106595922741,5.44037952088177,0.0573992196511993,0.6037106595922741,0.9067299201469616,0.0573992196511993,0.6037106595922741,1.7348529950276623,18.246750605465746,0.5728772321435506,0,0,0,0,0,1,0,0,0,1,0,0,0,0,0,0,0,0,0,0,0,0,0,0,1
79.78707120620369,43.23750910077776,6.824307028767016,7.222840271407752,2.078873011205408,0.0,199526.10493480216,0.1244783473404334,1.7412310000000002,1.4512770000000002,2.175076,123.202927,0.921235,0.0,81.4153787818405,0.0559814187093669,0.6554104202968472,18.550339469280114,0.0559814187093669,0.6554104202968472,3.0917232448800185,0.0559814187093669,0.6554104202968472,5.769301783503703,67.54492104561152,0.5203606136427518,0,0,0,1,0,0,0,0,0,0,0,1,0,1,0,0,0,0,0,0,0,0,0,0,0
19.510923465416663,4.429343231519064,3.482830383223024,7.217377422524871,1.0430304392350378,0.0,163874.59180155877,0.1273123656245444,0.891194,1.285969,1.534206,145.09268899999998,1.137102,0.577253,19.909105576955778,0.0060751143586845,0.6001451886340621,4.536251903610177,0.0060751143586845,0.6001451886340621,0.7560419839350294,0.0060751143586845,0.6001451886340621,0.1531013837457338,15.124498635465294,0.9955168710015826,0,0,0,0,0,1,0,0,0,1,0,0,0,0,0,0,0,0,0,1,0,0,0,0,0
55.685175997314815,5.558090815089998,0.4752101955368079,2.9674358453682,0.9703301929598518,0.0,191845.0054518885,0.133901393867368,1.110792,1.283923,0.349,178.036986,1.135022,0.0,56.82160816052532,0.0742466218717769,0.6333121795804768,12.946695530246275,0.0742466218717769,0.6333121795804768,2.157782588374379,0.0742466218717769,0.6333121795804768,5.340268930684556,45.55166647013937,0.4314908179111246,0,0,0,0,0,1,0,0,0,0,0,1,0,0,0,0,0,0,0,0,0,0,0,0,1
38.539835502407406,4.252351493494851,0.8038715909567954,3.5733832764110978,0.3809128864277467,0.0,177237.29601318945,0.1361311875837598,1.291574,1.321854,0.165874,165.485387,1.135207,0.000154,39.32636275755858,0.0135522001818961,0.617592176728549,8.960437084000688,0.0135522001818961,0.617592176728549,1.493406180666781,0.0135522001818961,0.617592176728549,0.6746313171092388,30.743865795262213,0.2967527494573946,0,0,0,0,1,0,0,0,0,0,0,0,1,0,0,0,0,0,1,0,0,0,0,0,0
52.50441990175927,21.557317394302004,4.051347646210119,6.87001150460552,1.0788357345034465,0.0,173795.47189748203,0.1388256492839157,1.458962,1.435115,2.876291,133.608565,0.371513,0.0,53.57593867526456,0.0438205126199149,0.6303958481778854,12.20717590069319,0.0438205126199149,0.6303958481778854,2.0345293167821983,0.0438205126199149,0.6303958481778854,2.971803920054707,42.75196114318958,0.6989290180544436,0,0,1,0,0,0,0,0,0,0,1,0,0,0,0,0,0,0,1,0,0,0,0,0,0
1.034116,18.704885416939145,1.832486833171021,9.030650015357589,1.8596649766683009,0.0,174546.31495428656,0.1385563606445452,0.7983060000000001,0.463682,0.146455,423.378091,0.0,0.0,26.863224688019656,0.0326005324124144,0.6063936732789262,6.120734739042453,0.0326005324124144,0.6063936732789262,1.0201224565070754,0.0326005324124144,0.6063936732789262,1.1085511735996936,20.619860119854906,0.9303517672480116,0,0,0,1,0,0,0,0,0,1,0,0,0,1,0,0,0,0,0,0,0,0,0,0,0
100.25244552587964,31.36509745688665,8.345031612496868,8.957119317363492,1.415523829362947,0.0,173388.97547586932,0.1367278497139041,1.437362,1.394565,1.90542,139.032265,0.371821,0.0,102.298413801918,0.044593369166426,0.6741744537534373,23.308499347272456,0.044593369166426,0.6741744537534373,3.884749891212076,0.044593369166426,0.6741744537534373,5.774469533935117,87.29997119588754,0.313755715592972,0,0,0,1,0,0,0,0,0,1,0,0,0,0,0,0,0,0,0,0,0,1,0,0,0
43.74165884749999,87.00782809030441,1.6690684156738025,7.266639133151487,1.64085752436583,0.0,245974.0270720923,0.1454064274648968,1.414575,1.401644,2.605115,130.91071000000002,0.0,0.0,44.634345762755096,0.0786253555467572,0.6223615586982083,10.169850933285971,0.0786253555467572,0.6223615586982083,1.6949751555476615,0.0786253555467572,0.6223615586982083,4.442267474928502,35.1629126587127,0.3501628119964882,0,0,0,0,0,1,0,0,0,0,1,0,0,0,0,0,0,0,0,0,0,0,1,0,0
200.4946826128241,3.410825978148551,0.5651274552162316,7.072604576746623,0.6199722009882939,0.0,86345.76004196642,0.1205004059600172,2.569037,1.584465,2.125259,86.98055699999999,1.1371209999999998,0.0,204.5864108294124,0.0,0.7660832877225519,46.61462525227117,0.0,0.7660832877225519,7.769104208711861,0.0,0.7660832877225519,0.0,198.39269649563656,0.5701725541848529,0,0,0,0,0,0,0,1,0,0,0,1,0,0,1,0,0,0,0,0,0,0,0,0,0
45.50252546273149,20.813680765742347,2.891783989304833,6.125300414842381,0.748013563436284,0.0,120202.51680530576,0.1244902443900096,1.534118,1.439043,1.21592,121.970089,1.135558,0.0,46.43114843135866,0.0145840852509103,0.6239760398000287,10.579249009676657,0.0145840852509103,0.6239760398000287,1.7632081682794425,0.0145840852509103,0.6239760398000287,0.8571592747096286,36.67332167286897,0.4625752607829612,0,0,0,0,0,0,1,0,0,0,0,0,1,0,0,0,0,0,1,0,0,0,0,0,0
17.823679806296294,8.10067255383446,0.8943196971067707,3.713755197662244,0.9526287588141232,0.0,175164.02029001797,0.1335605809942995,0.860817,1.271729,0.3950329999999999,160.315582,0.370558,0.062927,18.18742837377173,0.0297251330452264,0.5985982100166851,4.14397102187204,0.0297251330452264,0.5985982100166851,0.6906618369786732,0.0297251330452264,0.5985982100166851,0.6843338331150517,13.780964644742314,0.6090645355609228,0,0,1,0,0,0,0,0,0,0,0,1,0,0,0,0,0,0,0,0,1,0,0,0,0
30.38403105935185,8.373926833697729,3.810273479214675,10.760093201836236,2.055859122344916,0.0,178382.8656418615,0.1296088029797986,1.169567,1.392315,0.431278,119.789017,1.135637,0.200962,31.00411332586924,0.0457950309109667,0.6101143859466933,7.0642283527297005,0.0457950309109667,0.6101143859466933,1.177371392121617,0.0457950309109667,0.6101143859466933,1.7972586431965816,23.94437413118279,0.5465786607253117,0,0,0,0,0,1,0,0,0,1,0,0,0,0,0,0,0,0,0,0,0,0,0,0,1
20.99427837782408,37.948765993118286,6.194194859452099,7.797421240406357,1.4843367223831103,0.0,189795.6542453537,0.1296790821803845,0.950055,1.279627,0.4229729999999999,135.03190800000002,1.464808,0.025227,21.422733038596,0.030950393995719,0.6015052283171696,4.881129046768707,0.030950393995719,0.6015052283171696,0.8135215077947844,0.030950393995719,0.6015052283171696,0.8392937063413332,16.311248009567663,0.9977287713080056,0,0,0,0,0,1,0,0,0,0,0,1,0,1,0,0,0,0,0,0,0,0,0,0,0
40.93301435273148,7.278982368537358,3.72682944819224,9.336950576562677,1.476975648237361,0.0,164982.08054181654,0.1233022388258426,1.402654,1.351765,1.343886,111.280839,0.0,0.631876,41.76838199258314,0.0233687358014003,0.6197864042717957,9.516846529955652,0.0233687358014003,0.6197864042717957,1.5861410883259417,0.0233687358014003,0.6197864042717957,1.2355370678944866,32.76895606004294,0.8281467021328537,0,0,0,0,0,1,0,0,0,1,0,0,0,0,0,0,1,0,0,0,0,0,0,0,0
41.2458355438426,3.923311137585413,0.9987803220177154,7.825036062611093,0.7884103492867175,0.0,104698.3521994904,0.1256680052182514,1.334789,1.326887,2.341148,116.251045,1.135644,0.0,42.0875872896353,0.0,0.620073219807356,9.58957685080298,0.0,0.620073219807356,1.598262808467163,0.0,0.620073219807356,0.0,33.03466552481938,0.2484300879249236,0,0,1,0,0,0,0,0,0,0,0,1,0,0,1,0,0,0,0,0,0,0,0,0,0
58.58699477263888,6.406019793805622,0.3557771901003748,2.7651211080505407,0.6280460573143238,0.0,182343.4054631295,0.1331008941971426,1.832886,1.516255,0.250253,106.558042,5.767375,0.000886,59.782647727182535,0.0613836063736536,0.6359727624623053,13.621362773282096,0.0613836063736536,0.6359727624623053,2.2702271288803493,0.0613836063736536,0.6359727624623053,4.645157615266037,48.126753952363465,0.057148999015372,0,0,0,0,0,1,0,0,0,0,1,0,0,0,0,0,0,0,0,0,0,0,0,0,1
30.40177490458333,37.12173753920055,5.116575405180312,8.31065116511832,1.3251130019160484,0.0,195639.1223396283,0.1371369370989662,1.017702,1.271279,0.432214,154.549372,1.134976,0.0,31.02221929039116,0.027728744128355,0.6101306546989952,7.068353762367605,0.027728744128355,0.6101306546989952,1.1780589603946008,0.027728744128355,0.6101306546989952,1.088869849363263,23.95899615931918,0.8441105098506749,0,0,1,0,0,0,0,0,0,0,1,0,0,0,0,1,0,0,0,0,0,0,0,0,0
1.615055,6.947206419990176,1.6910684403183935,13.064884590588028,2.5699764816023465,0.0,173405.9143622602,0.1388106586442862,1.236967,0.437986,1.129024,485.91515,1.351482,0.0,41.95427335860734,0.0379515900943489,0.6199534332409095,9.559201524745976,0.0379515900943489,0.6199534332409095,1.593200254124329,0.0379515900943489,0.6199534332409095,2.015482766091305,32.92366557948891,0.2608705245745941,0,0,1,0,0,0,0,0,0,0,1,0,0,1,0,0,0,0,0,0,0,0,0,0,0
46.66476005412037,11.012259921573458,0.5681755043905702,3.429590317413961,0.9524617054336648,0.0,246445.95071755096,0.1196327723955793,1.535613,1.466131,0.42531,123.271507,0.013482,0.049329,47.6171020960412,0.0413402500271621,0.6250416547463559,10.849466300363815,0.0413402500271621,0.6250416547463559,1.8082443833939688,0.0413402500271621,0.6250416547463559,2.491775830657278,37.67426871941235,0.2535165615482804,0,0,1,0,0,0,0,0,0,1,0,0,0,1,0,0,0,0,0,0,0,0,0,0,0
24.07228819023148,6.106277708212534,6.143138149945284,2.583165388027256,0.3271527696284744,0.0,169658.68253522183,0.1356499453457139,1.001151,1.314857,0.69204,148.589251,0.371155,0.0,24.563559377787225,0.0321520747473473,0.6043273550077232,5.596760364559114,0.0321520747473473,0.6043273550077232,0.9327933940931856,0.0321520747473473,0.6043273550077232,0.9997080976905304,18.79041882070039,0.431657448338859,0,0,1,0,0,0,0,0,0,1,0,0,0,1,0,0,0,0,0,0,0,0,0,0,0
41.55262331842592,8.396768161228724,2.391103101291245,14.701328051176002,3.4411162323803066,0.0,177666.5782748801,0.1334696589685458,1.373193,1.46564,1.575807,110.6995,4.753263,0.0,42.40063603921013,0.0392045005701601,0.6203545035003114,9.660904413997244,0.0392045005701601,0.6203545035003114,1.610150735666207,0.0392045005701601,0.6203545035003114,2.1041718478156555,33.29547533949571,0.1564933088471348,0,0,1,0,0,0,0,0,0,0,0,1,0,1,0,0,0,0,0,0,0,0,0,0,0
35.46566976550926,40.80605731010437,4.943168632132258,8.870175646363402,1.4240950240219812,0.0,196862.2947017386,0.1336626953286804,1.21744,1.322959,1.925116,157.67263300000002,1.137074,0.0,36.18945894439721,0.0293637865159058,0.6147735745453092,8.245699506318351,0.0293637865159058,0.6147735745453092,1.3742832510530585,0.0293637865159058,0.6147735745453092,1.3451386665435667,28.162434222921245,0.1719614048867004,0,0,0,0,0,0,1,0,0,0,1,0,0,0,0,1,0,0,0,0,0,0,0,0,0
31.495834434953704,8.205925078619094,0.8504969171768756,8.987995767479035,2.3659222603415984,0.0,202576.96693270383,0.1356547645670618,1.078862,1.0522049999999998,0.138089,121.729693,1.136839,0.431662,32.13860656627929,0.0350997407890795,0.6111337621579989,7.322720483456041,0.0350997407890795,0.6111337621579989,1.22045341390934,0.0350997407890795,0.6111337621579989,1.427919949112168,24.86200954603295,0.4619716001373443,0,0,0,0,0,0,1,0,0,1,0,0,0,0,0,0,0,1,0,0,0,0,0,0,0
33.72361620856481,15.19877240771339,3.3513432609663307,8.598825473007825,1.1946137037208613,0.0,179493.24572841727,0.1385859280681724,1.071209,1.348287,2.6119630000000003,127.916216,1.135613,0.0,34.411853274045725,0.0128512732939791,0.6131763425223282,7.840675429529406,0.0128512732939791,0.6131763425223282,1.3067792382549008,0.0128512732939791,0.6131763425223282,0.5597925708570541,26.709537126575142,0.4713809208471502,0,0,0,0,1,0,0,0,0,0,0,1,0,0,0,0,0,0,1,0,0,0,0,0,0
31.561641952777773,20.240393447875977,14.13148613627866,9.218682532687838,3.1570613058350925,0.0,209833.2868330336,0.1310208918665238,1.145788,1.3432540000000002,2.088048,146.779319,1.135027,0.0,32.2057570946712,0.0351261836001239,0.6111940989222748,7.338020603849134,0.0351261836001239,0.6111940989222748,1.2230034339748554,0.0351261836001239,0.6111940989222748,1.4319814388460963,24.916416060237,0.1995002258364425,0,0,1,0,0,0,0,0,0,0,0,1,0,1,0,0,0,0,0,0,0,0,0,0,0
46.72229389949074,4.656051711241404,0.8923599043195483,6.633931904387989,1.0086738572989722,0.0,196030.3193195444,0.1346562973690404,1.596247,1.321977,0.944773,129.18029,1.18689,0.1300869999999999,47.675810101521165,0.0330915801578195,0.6250944056505198,10.862842807941531,0.0330915801578195,0.6250944056505198,1.8104738013235884,0.0330915801578195,0.6250944056505198,1.9970479640043928,37.72390149280686,0.3218014233094354,0,0,0,0,1,0,0,0,0,0,0,0,1,0,0,1,0,0,0,0,0,0,0,0,0
24.287047269675924,3.531932193040848,1.229574491866201,8.462189459400497,1.3357202279196083,0.0,127002.7670394934,0.1310526488406909,0.7944260000000001,1.265796,1.949176,140.314051,1.137118,0.0,24.78270129558768,0.0115083830382446,0.6045242605951243,5.646691434437699,0.0115083830382446,0.6045242605951243,0.9411152390729496,0.0115083830382446,0.6045242605951243,0.361023821812691,18.96423313451262,0.1120325000712656,0,0,0,0,1,0,0,0,0,1,0,0,0,0,0,0,0,0,1,0,0,0,0,0,0
3.267603,3.957036271549408,0.7780427816245767,3.8745431148176857,0.7777413009024924,0.0,166876.87962754795,0.1386674916286834,1.607109,0.406192,0.0366839999999999,647.998518,0.269058,0.0,84.88250213732994,0.0531732909444648,0.658525734645455,19.34031694268277,0.0531732909444648,0.658525734645455,3.2233861571137945,0.0531732909444648,0.658525734645455,5.713268331952413,70.75609123864507,0.7916557527116039,1,0,0,0,0,0,0,0,0,0,1,0,0,1,0,0,0,0,0,0,0,0,0,0,0
216.16321076092592,3.379103250872521,1.2162541922905463,9.6078845202494,1.2918658756809556,0.0,110358.96969143437,0.1045412965190353,4.142519999999999,1.600301,1.7012310000000002,81.676586,39.05711,0.000131,220.57470485808767,0.0261854202765955,0.7804492495561375,50.25752768918453,0.0261854202765955,0.7804492495561375,8.376254614864088,0.0261854202765955,0.7804492495561375,7.311191581132979,217.90805427539368,0.6130919248471518,0,0,0,1,0,0,0,0,0,0,1,0,0,0,0,0,0,0,0,1,0,0,0,0,0
1.752028,34.30841717947097,5.962438282063253,10.592081804069684,2.2162484505193696,0.0,180700.2877135792,0.1387001113425627,1.1790040000000002,0.4236229999999999,0.796888,585.22772,0.0,0.0,45.51242009958428,0.0392132551295206,0.6231505348320794,10.369918503702744,0.0392132551295206,0.6231505348320794,1.7283197506171242,0.0392132551295206,0.6231505348320794,2.259101444211295,35.90011256526357,0.1280200523353353,1,0,0,0,0,0,0,0,0,0,0,1,0,1,0,0,0,0,0,0,0,0,0,0,0
25.70075058875,18.716449453717185,2.178746757747458,7.522200247080778,1.9250194027269487,0.0,172647.40137889687,0.1383853501481689,0.8657530000000001,1.312647,0.798901,141.61813,0.371754,0.0,26.225255702806123,0.0327927017751331,0.6058204390066424,5.9753747170950655,0.0327927017751331,0.6058204390066424,0.9958957861825108,0.0327927017751331,0.6058204390066424,1.0886037838464957,20.11113407966514,0.3881056938486512,0,0,0,0,1,0,0,0,0,1,0,0,0,1,0,0,0,0,0,0,0,0,0,0,0
1.766357,5.962600496837071,0.9045780102411906,3.769343760373781,0.5934441921522291,0.0,166812.8986061151,0.1384191347076167,1.490526,0.385079,0.058794,585.335407,0.931029,0.0,45.88464444052343,0.0393452402527856,0.6234849895691434,10.454729113030655,0.0393452402527856,0.6234849895691434,1.7424548521717755,0.0393452402527856,0.6234849895691434,2.2852434929443555,36.213148177700766,0.4400567179687318,0,0,1,0,0,0,0,0,0,0,0,1,0,1,0,0,0,0,0,0,0,0,0,0,0
55.31639932296296,43.88727047102792,2.538876499346406,8.290944904446317,1.7060992171009668,0.0,249961.4368255396,0.1193584364613326,1.753224,1.423535,0.18986,120.784614,0.841145,0.3761739999999999,56.44530543159485,0.0450302689839585,0.6329740602894509,12.86095566795832,0.0450302689839585,0.6329740602894509,2.1434926113263866,0.0450302689839585,0.6329740602894509,3.217401628438496,45.2258407130567,0.3400429007908444,0,0,1,0,0,0,0,0,0,1,0,0,0,1,0,0,0,0,0,0,0,0,0,0,0
39.55446777722222,20.85066590990339,3.3982053777868515,11.47576478916964,1.8311320700519664,0.0,194017.57726318945,0.1343902532609818,1.164457,1.338262,3.021259,147.041971,1.135322,0.0,40.36170181349206,0.0307029783879404,0.6185224599304769,9.196337122061482,0.0307029783879404,0.6185224599304769,1.5327228536769135,0.0307029783879404,0.6185224599304769,1.5686385550381554,31.60078366159684,0.896017023325043,0,0,0,0,0,0,0,1,0,0,0,1,0,0,0,1,0,0,0,0,0,0,0,0,0
1.345732,39.37027420543489,3.586561051775797,8.441343932986545,2.3541916198581814,0.0,179761.63742131295,0.1375906367917998,1.247329,0.339046,0.337489,529.00832,0.0,0.2943489999999999,34.95807151795162,0.0354708427042243,0.6136671360010251,7.965130219280116,0.0354708427042243,0.6136671360010251,1.3275217032133526,0.0354708427042243,0.6136671360010251,1.569610450704159,27.155214719671367,0.1284292395002338,1,0,0,0,0,0,0,0,0,1,0,0,0,1,0,0,0,0,0,0,0,0,0,0,0
1.122123,30.98837972822644,4.950369717691728,10.138709868744408,1.7756405181164363,0.0,172735.33887889687,0.1380422152310824,1.006,0.315682,1.168717,572.834613,0.280287,0.045334,29.149381961592976,0.0334111692149256,0.6084478541739501,6.641631333021184,0.0334111692149256,0.6084478541739501,1.1069385555035305,0.0334111692149256,0.6084478541739501,1.2328037129484597,22.45047962661784,0.1912325482182633,0,1,0,0,0,0,0,0,0,1,0,0,0,1,0,0,0,0,0,0,0,0,0,0,0
1.69257,9.40863253389086,0.8427349772098824,9.243187568170562,2.7873964306833647,0.0,167835.63352443045,0.138713827915043,1.226205,0.3725989999999999,0.336943,485.311899,5.237949,0.0,43.96788001558958,0.0386655845691822,0.6217627192304077,10.0179979782356,0.0386655845691822,0.6217627192304077,1.669666329705933,0.0386655845691822,0.6217627192304077,2.1519541557853623,34.60454257884719,0.9020409673368416,0,0,0,1,0,0,0,0,0,0,0,1,0,1,0,0,0,0,0,0,0,0,0,0,0
26.07110562523147,7.712176688512167,0.629852901760051,5.983448979951781,1.0781946181536293,0.0,175902.77073029077,0.1312704831004428,1.071955,1.256713,0.519821,151.517655,1.278045,0.2305309999999999,26.60316900533824,0.0435287123843159,0.6061600054463665,6.061481545520104,0.0435287123843159,0.6061600054463665,1.0102469242533507,0.0435287123843159,0.6061600054463665,1.4658249267654653,20.412376036919536,0.6923730527781287,0,0,0,0,0,1,0,0,0,0,0,1,0,0,0,0,0,0,0,0,0,0,0,0,1
5.195969,33.52751766840617,3.539444020040315,6.714493452502097,1.111865872816502,0.0,164687.50119904077,0.1388535171711473,1.32043,0.39629,0.747222,591.985537,6.241009,0.0,134.97565332997922,0.0709355649489322,0.7035359337865862,30.75394632834969,0.0709355649489322,0.7035359337865862,5.125657721391615,0.0709355649489322,0.7035359337865862,12.119714206725709,120.2028130429892,0.0885426294503067,1,0,0,0,0,0,0,0,0,1,0,0,0,1,0,0,0,0,0,0,0,0,0,0,0
20.362424376898147,2.95469200696264,10.09706965078124,8.571497736503181,1.6247726996167955,0.0,48389.68615576289,0.0959110047659285,0.945552,1.287769,0.015026,130.34715400000002,1.1371129999999998,0.5184300000000001,20.77798405805933,0.0,0.6009259020156881,4.734224215760355,0.0,0.6009259020156881,0.7890373692933923,0.0,0.6009259020156881,0.0,15.805099762223914,0.4256170139349917,0,0,0,1,0,0,0,0,0,0,0,1,0,0,1,0,0,0,0,0,0,0,0,0,0
1.32465,4.661372867652348,0.6260733390025955,3.495296414950483,0.7771304489182626,0.0,161199.62301408872,0.1392659908182901,1.208522,0.305739,0.101565,544.777421,8.590489999999999,0.0,34.4104245393991,0.0352766553660518,0.6131750587613862,7.840349895052959,0.0352766553660518,0.6131750587613862,1.3067249825088263,0.0352766553660518,0.6131750587613862,1.536562895539135,26.70837226449404,0.6379649643976255,0,0,0,1,0,0,0,0,0,1,0,0,0,1,0,0,0,0,0,0,0,0,0,0,0
45.41785397171296,5.817063677310943,0.4070991648258351,6.254368242314108,0.8375963169893772,0.0,135924.26008880397,0.1305849653371661,1.563016,1.508931,0.814772,104.98861,1.1371440000000002,1.5e-05,46.34474895072751,0.0163265040663255,0.6238984072746971,10.559563052064496,0.0163265040663255,0.6238984072746971,1.7599271753440822,0.0163265040663255,0.6238984072746971,0.9577819394897312,36.60052538722099,0.8108434334241753,0,0,0,0,0,1,0,0,0,0,1,0,0,0,0,0,0,1,0,0,0,0,0,0,0
45.18300896129629,19.4355132386798,4.13964782458701,9.894884195259149,1.5611673777909587,0.0,208477.8784659772,0.1342599471981862,1.49578,1.3916190000000002,3.28826,136.87672,1.136782,0.0,46.10511118499621,0.0325742332063293,0.6236830855530546,10.504962042151035,0.0325742332063293,0.6236830855530546,1.7508270070251724,0.0325742332063293,0.6236830855530546,1.901061574359256,36.39870633370264,0.784809708146985,0,0,0,0,0,0,1,0,0,1,0,0,0,0,0,1,0,0,0,0,0,0,0,0,0
1.7176330000000002,4.580182577314831,1.1410604004951403,4.231212753757871,0.7706571526521687,0.0,168111.6462267686,0.1380689096429365,1.31554,0.501736,0.088027,463.385826,6.826498,0.0,44.618941405565,0.0388964410940193,0.6223477174211423,10.166341079748989,0.0388964410940193,0.6223477174211423,1.6943901799581644,0.0388964410940193,0.6223477174211423,2.1968582608342504,35.14999536392541,0.9298505409807436,0,1,0,0,0,0,0,0,0,0,0,1,0,1,0,0,0,0,0,0,0,0,0,0,0
49.12237171976852,8.279525825523194,0.1455996152318991,1.416457288842693,0.1587787456229793,0.0,123312.97191153328,0.1215066585323507,1.385046,1.265469,0.407632,183.914112,1.134764,0.0,50.12486910180461,0.0339030337960085,0.6272949586340445,11.42085625104409,0.0339030337960085,0.6272949586340445,1.9034760418406813,0.0339030337960085,0.6272949586340445,2.151120419213908,39.80136416424483,0.0552895964582714,0,0,0,0,0,1,0,0,0,0,1,0,0,0,0,1,0,0,0,0,0,0,0,0,0
7.139763,6.676104451361157,0.5895819463175264,8.347346316710365,4.062361114602581,0.0,171721.76129721224,0.1384200915444097,3.597111,0.325216,0.7684770000000001,762.275234,11.007896,0.0,185.4695775795068,0.0888399470196801,0.7489062395425142,42.25889109406484,0.0888399470196801,0.7489062395425142,7.043148515677473,0.0888399470196801,0.7489062395425142,20.857098032817515,175.82192898051525,0.4207912498201146,0,0,1,0,0,0,0,0,0,0,1,0,0,1,0,0,0,0,0,0,0,0,0,0,0
92.45767869125,5.544118815944309,3.079642903604668,8.349731587105804,1.3850125253057597,0.0,190010.1533086032,0.1228941331843106,2.029761,1.457251,1.717748,135.003205,7.120987,0.0,94.34457009311224,0.061950303978465,0.6670276865657642,21.49623116045596,0.061950303978465,0.6670276865657642,3.5827051934093257,0.061950303978465,0.6670276865657642,7.39832252656444,79.65878522689904,0.2335287828250848,0,0,1,0,0,0,0,0,0,0,1,0,0,1,0,0,0,0,0,0,0,0,0,0,0
24.55246668199074,4.319402359213147,2.0674778261630653,8.783701036759703,1.439976336144143,0.0,154114.4489470923,0.1233441577129941,0.8440340000000001,1.168985,0.937108,168.35359,1.134459,0.317361,25.0535374306028,0.0129362496945851,0.6047676149875195,5.708400933555068,0.0129362496945851,0.6047676149875195,0.9514001555925112,0.0129362496945851,0.6047676149875195,0.4102516657403952,19.179200099881268,0.5874768300454469,0,0,0,0,0,0,1,0,0,1,0,0,0,0,0,0,0,1,0,0,0,0,0,0,0
44.06743788254629,33.39044850440252,1.759082247885011,9.581078703169055,1.7654219318708355,0.0,181473.194403852,0.1288866636564405,1.48589,1.3190309999999998,0.551666,117.375089,1.13614,0.267896,44.96677334953704,0.0402509969740113,0.6226602548577594,10.245593927742616,0.0402509969740113,0.6226602548577594,1.7075989879571023,0.0402509969740113,0.6226602548577594,2.291085389902872,35.441800701207384,0.9475467216642426,0,0,0,1,0,0,0,0,0,1,0,0,0,0,0,0,1,0,0,0,0,0,0,0,0
82.80627430055556,14.19893316654932,0.733158547600968,3.9614585443652217,0.8813188281133593,0.0,180943.26035109413,0.1280602104425859,1.4087120000000002,1.333843,0.665948,160.253037,1.134356,0.0,84.49619826587302,0.0573852245206641,0.6581786290278349,19.252298339059674,0.0573852245206641,0.6581786290278349,3.208716389843279,0.0573852245206641,0.6581786290278349,6.13776368180972,70.39695181353979,0.2571853041215551,0,0,0,0,0,0,0,0,1,0,0,1,0,0,0,0,0,0,0,0,1,0,0,0,0
2.397838,7.749044297990345,2.4464248021443686,16.219298671475418,3.296084873396144,0.0,170556.3304856115,0.1393523841238708,1.470636,0.501081,1.12795,605.536165,0.0,0.0,62.28862232038927,0.0451618427808405,0.6382244558135394,14.192344326164642,0.0451618427808405,0.6382244558135394,2.36539072102744,0.0451618427808405,0.6382244558135394,3.560846795276678,50.321673523804456,0.7172780114719371,1,0,0,0,0,0,0,0,0,0,0,1,0,1,0,0,0,0,0,0,0,0,0,0,0
257.89541095777776,4.335359380358741,5.4289028347253225,8.693126647592448,0.7869802716967585,0.0,66688.36013845174,0.103476973831189,3.007639,1.647152,0.706447,82.73598100000001,1.135936,0.0,263.1585826099773,0.0063430385226092,0.8187121412325429,59.9601833794885,0.0063430385226092,0.8187121412325429,9.993363896581416,0.0063430385226092,0.8187121412325429,2.112943072215628,272.7229451295387,0.4861936375260955,0,0,0,0,0,1,0,0,0,0,0,1,0,0,0,0,0,0,0,0,0,0,0,1,0
30.585628635231483,6.458265037763686,3.105058026256607,9.578651025712633,1.298661088057273,0.0,194509.83524430456,0.1365936907897178,0.979386,1.3385479999999998,2.273332,136.30328500000002,1.135627,0.0,31.20982513799131,0.0,0.6102992241812393,7.1110993985296655,0.0,0.6102992241812393,1.1851832330882774,0.0,0.6102992241812393,0.0,24.11054692221296,0.4912529577071216,0,0,0,0,0,1,0,0,0,1,0,0,0,0,1,0,0,0,0,0,0,0,0,0,0
24.56776661166667,16.228164357230778,0.5182889148914557,4.459487742943158,0.3061658979820119,0.0,152959.55885604018,0.1240305553594653,1.042897,1.2558120000000002,0.704188,154.067019,1.136417,0.0,25.0691496037415,0.0064693273596978,0.6047816429934498,5.711958137561354,0.0064693273596978,0.6047816429934498,0.9519930229268924,0.0064693273596978,0.6047816429934498,0.2052918169820804,19.191596817467563,0.68932802978242,0,0,0,1,0,0,0,0,0,1,0,0,0,0,0,0,0,0,0,1,0,0,0,0,0
98.67426159842591,7.13654503708794,2.9055558305850133,8.842848953869131,1.49019162846412,0.0,190498.8529863609,0.1367098420179433,1.880186,1.425622,2.3720220000000003,138.03493500000002,1.134443,0.0,100.68802203921014,0.0389719790867313,0.6727274684428914,22.941574641845342,0.0389719790867313,0.6727274684428914,3.823595773640891,0.0389719790867313,0.6727274684428914,4.967103150881569,85.74126350501253,0.622797786670056,0,0,0,0,0,0,0,1,0,1,0,0,0,0,0,0,1,0,0,0,0,0,0,0,0
3.533311,8.907570870717366,2.9855520213536506,9.188224003469344,1.972553031050044,0.0,171675.6440909772,0.1386264189541768,1.814671,0.350912,1.557098,661.00643,0.281076,0.0,91.78479714621128,0.0556207403919136,0.6647276537797852,20.912991754832948,0.0556207403919136,0.6647276537797852,3.4854986258054907,0.0556207403919136,0.6647276537797852,6.462200473409969,77.230244126145,0.5284589857416565,0,0,0,1,0,0,0,0,0,0,0,1,0,1,0,0,0,0,0,0,0,0,0,0,0
4.714783000000001,10.804476665315176,3.2070250716998423,12.948076336218012,2.502917836610076,0.0,173428.17772032373,0.1391029457787244,1.466627,0.37534,0.914306,637.090146,0.0,0.0,122.4758876994993,0.0665033370528204,0.6923045193746311,27.905898463177053,0.0665033370528204,0.6923045193746311,4.650983077196175,0.0665033370528204,0.6923045193746311,10.310196506991376,107.32988679592803,0.6611039598560665,0,1,0,0,0,0,0,0,0,0,1,0,0,1,0,0,0,0,0,0,0,0,0,0,0
2.907648,38.00437019438971,3.1258951971570936,10.835822545653052,2.2893719258640024,0.0,168379.56163818945,0.1384821468584543,2.043094,0.378409,0.5510390000000001,644.6623179999999,5.695171,0.0,75.531953414966,0.0498577277478113,0.6501239861019493,17.20981217049858,0.0498577277478113,0.6501239861019493,2.86830202841643,0.0498577277478113,0.6501239861019493,4.766900721042712,62.15839826861321,0.3596571490265071,0,0,0,1,0,0,0,0,0,0,1,0,0,1,0,0,0,0,0,0,0,0,0,0,0
41.20721658657407,3.8398534695307416,2.1537962017013585,8.701407625806704,1.123399056690774,0.0,116680.48586443346,0.1111651625689699,1.415718,1.313916,0.406657,116.906418,1.136839,0.0,42.04818019038171,0.007812278447384,0.6200378113464636,9.580598018061654,0.007812278447384,0.6200378113464636,1.5967663363436089,0.007812278447384,0.6200378113464636,0.4158127744975216,33.00185014727342,0.212047259626857,0,0,0,1,0,0,0,0,0,0,0,1,0,0,0,0,0,0,0,0,0,0,0,1,0
147.15561463393516,28.92966943922497,4.682712285924587,9.145459039034032,1.344131959570969,0.0,120524.91775329736,0.1244871034521422,1.972825,1.377421,1.621958,143.681552,1.135598,0.0,150.15879044279097,0.018010985593733,0.7171784379765609,34.2133952907625,0.018010985593733,0.7171784379765609,5.702232548460416,0.018010985593733,0.7171784379765609,3.4234276094145506,136.31727440279818,0.1401693738789089,0,0,0,0,1,0,0,0,0,0,0,0,1,0,0,0,0,0,0,1,0,0,0,0,0
30.97225098462963,7.30766738142286,1.5542951583576432,8.24391625996688,1.1435743743281284,0.0,109458.32760041968,0.1269471290335952,1.039041,1.33949,1.454756,141.396399,1.137097,0.055483,31.60433773941799,0.0069779099931658,0.6106537055889992,7.200988345690175,0.0069779099931658,0.6106537055889992,1.2001647242816955,0.0069779099931658,0.6106537055889992,0.2791547141003462,24.42950120666057,0.8102079628703562,0,0,0,0,0,1,0,0,0,0,0,1,0,0,0,0,0,0,0,1,0,0,0,0,0
187.03245014740745,35.17728461992173,2.753900094498261,7.619374649130183,1.4684551922823317,0.0,138361.6578518435,0.1320501928814023,2.006629,1.346814,1.101468,149.556143,0.013487,0.0,190.849438925926,0.1129365208144173,0.7537402063581122,43.48468228691984,0.1129365208144173,0.7537402063581122,7.247447047819971,0.1129365208144173,0.7537402063581122,27.283381812250266,182.08974111311056,0.8691088961248873,0,0,0,0,0,1,0,0,0,0,1,0,0,1,0,0,0,0,0,0,0,0,0,0,0
124.85783825412038,9.732331300917126,0.780473360483595,9.12393804705686,1.9625979701963832,0.0,180595.0175359712,0.1378434560567641,2.736386,1.373042,1.00778,132.465459,6.424886,0.0,127.40595740216364,0.0781397220858786,0.696734334904566,29.029205484037288,0.0781397220858786,0.696734334904566,4.838200914006213,0.0781397220858786,0.696734334904566,12.60185582720299,112.36468986515943,0.6563823025884481,0,0,0,0,1,0,0,0,0,1,0,0,0,0,1,0,0,0,0,0,0,0,0,0,0
31.86379647078704,9.21475118682498,36.91329887445024,7.901099078089214,2.7537160561525,0.0,272834.9379215378,0.112873517816587,1.187196,1.427299,0.158665,125.924893,0.013493,0.032635,32.514078031415345,0.0352476660113586,0.6114711345335676,7.408270943866787,0.0352476660113586,0.6114711345335676,1.2347118239777977,0.0352476660113586,0.6114711345335676,1.4506903330614969,25.16635466099049,0.3967778856803725,0,0,1,0,0,0,0,0,0,1,0,0,0,1,0,0,0,0,0,0,0,0,0,0,0
1.324369,15.496399905568078,2.2839869372278665,8.062735003533124,1.5592401446841604,0.0,165430.7436300959,0.1387205533236622,1.21141,0.238306,0.406265,593.845124,0.314023,0.115906,34.40312500420446,0.0352740670612408,0.6131684999100278,7.838686709818738,0.0352740670612408,0.6131684999100278,1.3064477849697895,0.0352740670612408,0.6131684999100278,1.5361242259677972,26.702420950690144,0.8802436147044563,0,0,1,0,0,0,0,0,0,0,1,0,0,1,0,0,0,0,0,0,0,0,0,0,0
117.17014546976854,5.526413955574944,2.382685403886745,8.73540464636805,1.093500644826203,0.0,85929.61547793016,0.1133022174703703,1.974765,1.489004,2.25484,119.735007,1.136808,0.0,119.56137292833525,0.0148355788682001,0.689685740417297,27.24183180645613,0.0148355788682001,0.689685740417297,4.540305301076021,0.0148355788682001,0.689685740417297,2.245268579327357,104.3794607764398,0.4229699649135493,0,0,0,0,0,1,0,0,0,0,0,1,0,0,0,0,0,0,0,1,0,0,0,0,0
38.087176518101856,11.9684578816096,7.525164519854301,7.760928410706189,2.0695319075664456,0.0,243727.56662170263,0.1327655931188762,1.234542,1.319808,4.291676,123.922213,0.0,0.0,38.86446583479781,0.0679960099641959,0.6171771484865408,8.855194747169122,0.0679960099641959,0.6171771484865408,1.4758657911948534,0.0679960099641959,0.6171771484865408,3.3450995014633738,30.36235468528241,0.0247590323852429,0,0,0,1,0,0,0,0,0,0,1,0,0,0,0,0,0,0,0,0,0,0,0,0,1
47.41236909703704,13.56149093650636,30.14602429696696,6.836526067994481,2.385705480115305,0.0,177449.95587904676,0.1188647851294322,1.561876,1.4056540000000002,0.154038,124.727471,7.110356,0.193771,48.379968466364325,0.0416553651449559,0.6257271130660823,11.023283954361492,0.0416553651449559,0.6257271130660823,1.8372139923935813,0.0416553651449559,0.6257271130660823,2.5509939900858978,38.319820251501575,0.9533355698735724,0,0,0,1,0,0,0,0,0,0,0,1,0,1,0,0,0,0,0,0,0,0,0,0,0
31.700537820185183,19.71356891677493,4.11928137943899,11.277630826552135,1.8464890232474969,0.0,200920.388957584,0.137752333544284,1.056836,1.248324,0.6224,137.08902700000002,1.136205,0.580387,32.347487571617535,0.0351820128453607,0.6113214480077255,7.370313623912856,0.0351820128453607,0.6113214480077255,1.228385603985476,0.0351820128453607,0.6113214480077255,1.44056926994911,25.03128220467485,0.0719597494577882,0,0,0,0,0,1,0,0,0,0,0,1,0,0,0,0,0,1,0,0,0,0,0,0,0
23.549366633703706,42.49986817269098,4.229697405291404,9.238555957373384,1.7044457312968138,0.0,172585.4992131295,0.1388679914337268,0.857706,1.203315,2.923874,166.63411399999998,0.013497,0.0,24.02996595275888,0.0319470742675961,0.6038479053075324,5.475182115818479,0.0319470742675961,0.6038479053075324,0.912530352636413,0.0319470742675961,0.6038479053075324,0.9717558315703728,18.367651398968064,0.8729995289077358,0,0,0,1,0,0,0,0,0,1,0,0,0,1,0,0,0,0,0,0,0,0,0,0,0
25.29875193731481,8.151435941173917,9.63890832676876,4.973106972605205,2.7168934276635697,0.0,247265.06680905275,0.1408540222981422,1.045249,1.383517,0.255399,122.973207,1.137119,0.2439889999999999,25.81505299726001,0.0639631206825343,0.605451859569628,5.881910809502282,0.0639631206825343,0.605451859569628,0.9803184682503802,0.0639631206825343,0.605451859569628,2.090140949733877,19.784521319088068,0.3421905142414132,0,0,0,0,0,1,0,0,0,0,0,1,0,0,0,0,0,0,0,0,0,0,0,0,1
40.605402381018514,6.646754395394098,0.371927277289992,3.9296059168214135,0.510168503550031,0.0,140536.40200651978,0.1281043613950411,1.407579,1.353565,0.610907,152.21928799999998,1.1366889999999998,0.0,41.43408406226379,0.0138560307958193,0.6194860275524658,9.440677381275297,0.0138560307958193,0.6194860275524658,1.573446230212549,0.0138560307958193,0.6194860275524658,0.7267239807130318,32.49093182405915,0.3910687214060536,0,0,0,0,0,0,0,0,1,0,0,1,0,0,0,0,0,0,0,0,0,1,0,0,0
106.2721914010185,8.08400605916977,1.065019009567851,5.060408905541582,0.4458326270683206,0.0,114403.7385810102,0.1196410872971268,1.886143,1.47546,0.549895,139.926604,1.134643,0.0,108.44101163369236,0.0137380298723725,0.6796937621832215,24.7080786000818,0.0137380298723725,0.6796937621832215,4.118013100013633,0.0137380298723725,0.6796937621832215,1.8857795660936243,93.29959388893523,0.6172574702136305,0,0,0,0,0,0,1,0,0,0,0,0,1,0,0,0,0,0,0,1,0,0,0,0,0
8.746035507175927,65.31007972671873,1.1549996909045008,3.112456782544545,0.416548491417647,0.0,158488.5483082284,0.1227899751931929,0.6724640000000001,1.092918,1.545323,186.265914,1.13704,0.1630599999999999,8.924526027730538,0.0093846923851369,0.5902752143716967,2.033436310115819,0.0093846923851369,0.5902752143716967,0.3389060516859697,0.0093846923851369,0.5902752143716967,0.1060176347511386,6.668261410360039,0.9971769846908716,0,0,1,0,0,0,0,0,0,0,1,0,0,0,0,0,0,0,0,0,1,0,0,0,0
38.72636226569445,38.7907527367274,5.456553079527345,9.595415235423356,1.5175173697140003,0.0,174432.1659360012,0.1351859691045839,1.182687,1.385031,3.022684,139.932985,1.134706,0.0,39.51669618948413,0.0135795576090833,0.6177631970271371,9.003804195072332,0.0135795576090833,0.6177631970271371,1.5006340325120553,0.0135795576090833,0.6177631970271371,0.6792648764882838,30.901215916412408,0.3211321585324495,0,0,0,0,1,0,0,0,0,0,0,0,1,0,0,0,0,0,1,0,0,0,0,0,0
78.52496702393518,22.23918228717077,4.583942875587683,5.35786202657137,0.9145443433051488,0.0,154583.74284322542,0.1313580126463652,2.059372,1.468095,3.198096,121.367139,1.0879299999999998,0.0,80.12751737136243,0.0553980195152405,0.6542532381836903,18.25690269220916,0.0553980195152405,0.6542532381836903,3.042817115368193,0.0553980195152405,0.6542532381836903,5.618868064615839,66.35909836434654,0.9022909191980136,0,0,0,0,0,1,0,0,0,0,0,1,0,1,0,0,0,0,0,0,0,0,0,0,0
3.496414,6.917354090440841,2.68779483401804,11.764409173878548,2.3375184959073145,0.0,168399.02045863308,0.1389296879585412,1.844487,0.376813,0.8488969999999999,709.750327,6.760555999999999,0.0,90.82632401426685,0.0552808803114399,0.6638664369165391,20.6946054716051,0.0552808803114399,0.6638664369165391,3.449100911934183,0.0552808803114399,0.6638664369165391,6.355644489823731,76.32474443237774,0.0523083253899766,0,1,0,0,0,0,0,0,0,0,0,1,0,1,0,0,0,0,0,0,0,0,0,0,0
21.91219778601852,21.0920546736036,0.9213962718236932,4.180990165657849,0.9667331984074568,0.0,184976.6519128447,0.128231517809758,0.960972,1.269684,0.251164,143.42826499999998,1.136717,0.0,22.359385495937268,0.0313074996617271,0.6023468386496644,5.094543530719884,0.0313074996617271,0.6023468386496644,0.8490905884533139,0.0313074996617271,0.6023468386496644,0.8860967770259283,17.04823438940123,0.2088200028619915,0,0,0,0,0,0,0,0,1,0,0,1,0,1,0,0,0,0,0,0,0,0,0,0,0
6.197842,32.63265553201948,4.491919145309668,10.185238609496924,1.988377844115241,0.0,171129.79365257794,0.1384457476097617,2.484717,0.323497,0.681342,752.9514519999999,6.742572,0.0,161.0013018141534,0.0801638663936153,0.7269207597190712,36.68384091968052,0.0801638663936153,0.7269207597190712,6.113973486613419,0.0801638663936153,0.7269207597190712,16.337325123832834,148.14580839304287,0.5459379315968171,1,0,0,0,0,0,0,0,0,0,1,0,0,1,0,0,0,0,0,0,0,0,0,0,0
89.93756897675927,5.9640091751303,4.6445040851474095,11.43943146378588,2.285980640555457,0.0,210677.5119154676,0.1293453246497993,2.557898,1.589662,2.118235,94.596305,1.4645290000000002,0.0,91.7730295681217,0.0607469012316014,0.6647170802578444,20.910310534508746,0.0607469012316014,0.6647170802578444,3.4850517557514564,0.0607469012316014,0.6647170802578444,7.056869826455102,77.21911425435276,0.1595178181554537,0,0,0,1,0,0,0,0,0,0,0,1,0,1,0,0,0,0,0,0,0,0,0,0,0
192.71221172833336,4.63579777535938,0.1164230816870284,2.069648876178751,0.1034008711308455,0.0,79331.49025779376,0.1086034677225908,2.415217,1.549726,0.142093,111.134816,1.136728,0.0,196.64511400850344,0.0046543895532917,0.7589477942900605,44.80521585003876,0.0046543895532917,0.7589477942900605,7.467535975006458,0.0046543895532917,0.7589477942900605,1.1585607143633498,188.915665233761,0.1480114243790419,0,0,0,0,0,1,0,0,0,1,0,0,0,0,0,0,0,0,0,0,0,0,0,1,0
29.6042183375,5.91014856554213,1.4715076088905334,7.825795430931256,1.264246058692749,0.0,183209.0987335132,0.1378225385428046,0.9816,1.254503,1.106344,134.947871,0.370089,0.0,30.208386058673472,0.0343419993526482,0.6093994011252999,6.882923405773703,0.0343419993526482,0.6093994011252999,1.1471539009622835,0.0343419993526482,0.6093994011252999,1.3131852841411569,23.30249667483224,0.8595587430077839,0,0,0,0,0,1,0,0,0,0,1,0,0,0,0,0,1,0,0,0,0,0,0,0,0
174.71341009800926,6.043503465538933,0.4610349591687429,9.701017224245506,5.965420887338744,0.0,178168.95113908872,0.1361699382321154,4.164868,1.6539849999999998,0.798133,70.662097,0.64899,0.0,178.27898989592782,0.105652428179531,0.742445280791188,40.62052934337596,0.105652428179531,0.742445280791188,6.770088223895992,0.105652428179531,0.742445280791188,23.84254199480868,167.54733507905254,0.1168721681940311,0,0,1,0,0,0,0,0,0,0,1,0,0,0,0,0,0,0,0,0,0,0,0,0,1
43.12943254337963,1.196385183220818,0.2108351236267341,1.7202729748593246,0.0878636339406887,0.0,98944.96182741306,0.127946455156703,0.986411,1.18797,0.3004469999999999,181.466646,141.72953700000002,5.1e-05,44.00962504426493,0.0,0.6218002283910233,10.027509503756566,0.0,0.6218002283910233,1.6712515839594275,0.0,0.6218002283910233,0.0,34.63948722016105,0.8683513670172515,0,0,0,0,0,1,0,0,0,0,1,0,0,0,1,0,0,0,0,0,0,0,0,0,0
58.73240774819445,2.500076328430857,0.9405625584743006,8.83971364892644,0.931473002159338,0.0,86081.65800172363,0.1182029594173677,2.029603,1.508849,1.608324,116.946043,1.135941,0.0088569999999999,59.93102831448414,0.0,0.6361060868714135,13.655171008363476,0.0,0.6361060868714135,2.275861834727245,0.0,0.6361060868714135,0.0,48.2563188649448,0.2333023080775487,0,0,1,0,0,0,0,0,0,0,0,0,1,0,1,0,0,0,0,0,0,0,0,0,0
38.59309249555555,5.186250319935026,1.678280570881544,7.82244151616268,1.2778730981355662,0.0,67207.30126367656,0.1064289728943392,1.311381,1.486917,1.981935,113.876713,1.137109,0.0,39.38070662811791,0.0015193288121466,0.6176410063265627,8.972819231723069,0.0015193288121466,0.6176410063265627,1.4954698719538446,0.0015193288121466,0.6176410063265627,0.0757370154718919,30.788783888154285,0.0047936929939687,0,0,0,0,0,1,0,0,0,0,0,1,0,0,0,0,0,0,0,0,0,1,0,0,0
34.25870642796296,4.868221244925544,1.0364829170332253,3.1569907891092828,0.4419061591585191,0.0,160817.04054256596,0.135316394376669,1.2576969999999998,1.388018,0.4445439999999999,138.66773600000002,0.371732,0.000432,34.957863702003024,0.0362146462476765,0.6136669492721607,7.965082868810815,0.0362146462476765,0.6136669492721607,1.327513811468469,0.0362146462476765,0.6136669492721607,1.6025147690411787,27.1550450266838,0.0706497657157269,0,0,0,0,0,1,0,0,0,1,0,0,0,0,0,1,0,0,0,0,0,0,0,0,0
52.1877546351389,2.687592278349967,3.100989038709828,7.330012355205253,1.1240040945778076,0.0,124261.88291554256,0.1201363806780293,1.547369,1.452464,2.690218,122.582276,1.135052,0.0,53.25281085218256,0.0087369813703286,0.6301055081350115,12.133551839737796,0.0087369813703286,0.6301055081350115,2.0222586399562994,0.0087369813703286,0.6301055081350115,0.5889478687761432,42.47454359700272,0.9483862438139976,0,0,0,0,0,1,0,0,0,1,0,0,0,0,0,0,0,0,0,1,0,0,0,0,0
263.5314366332408,5.271463051864079,7.815587454276691,9.861885192011188,3.741999724214312,0.0,312660.9084045264,0.1451955052088204,3.48302,1.690606,0.253458,77.786087,1.135681,0.0,268.90962921759257,0.3184595236839228,0.8238796291408834,61.27054842932489,0.3184595236839228,0.8238796291408834,10.211758071554147,0.3184595236839228,0.8238796291408834,108.40105371475296,280.4419817622818,0.502196658700641,0,0,0,1,0,0,0,0,0,1,0,0,0,0,0,0,0,0,0,0,0,0,1,0,0
27.799997678611103,13.640134403819127,3.396898748777468,8.198102995646085,1.0741101379017175,0.0,182829.19741082133,0.1350824167009452,0.942733,1.189075,0.291133,159.959779,1.135323,0.015607,28.367344570011333,0.0,0.6077451701164922,6.46344559823043,0.0,0.6077451701164922,1.077240933038405,0.0,0.6077451701164922,0.0,21.82293247019581,0.8023216974514273,0,0,0,0,1,0,0,0,0,1,0,0,0,0,1,0,0,0,0,0,0,0,0,0,0
38.5068426424074,36.48930136589777,4.2498920101056,8.053535313343259,1.089306394830882,0.0,185613.21925584527,0.1336704611206512,1.291252,1.258104,1.063824,142.62143799999998,1.136482,0.0,39.2926965738851,0.0151791180273412,0.617561926652533,8.952766307973821,0.0151791180273412,0.617561926652533,1.4921277179956365,0.0151791180273412,0.617561926652533,0.7549727581107722,30.716042277901096,0.2133342080991749,0,0,1,0,0,0,0,0,0,0,0,0,1,0,0,0,0,1,0,0,0,0,0,0,0
147.09207282949072,18.549747956366765,4.888652845538205,6.538122876370839,0.917930286422336,0.0,115656.27195743406,0.1291090137095188,2.659239,1.443257,1.280323,149.069,1.134672,0.0,150.09395186682727,0.0180040154227859,0.7171201785709003,34.19862194434039,0.0180040154227859,0.7171201785709003,5.699770324056731,0.0180040154227859,0.7171201785709003,3.4206250940218395,136.24734375335603,0.6872138568014764,0,0,0,0,0,1,0,0,0,1,0,0,0,0,0,0,0,0,0,1,0,0,0,0,0
1.20753,6.976590338207426,2.348852888285685,14.142287352674012,2.697497093134361,0.0,170502.41070893285,0.1392924145435829,1.026001,0.3574179999999999,0.370406,553.705991,0.0,0.0,31.36799905187075,0.0341978572896477,0.6104413481880774,7.147139024476879,0.0341978572896477,0.6104413481880774,1.1911898374128131,0.0341978572896477,0.6104413481880774,1.3578713354907346,24.23838434327381,0.7602767130034054,0,1,0,0,0,0,0,0,0,0,0,1,0,1,0,0,0,0,0,0,0,0,0,0,0
42.22067781851852,29.056302597409204,27.78313064918244,10.533682482419826,1.7996398416354502,0.0,181483.6633880396,0.1363402341517041,1.415749,1.4412120000000002,2.174954,122.22344,0.372116,0.0,43.08232430461073,0.0394817172523716,0.6209670208574218,9.816225790923964,0.0394817172523716,0.6209670208574218,1.6360376318206604,0.0394817172523716,0.6209670208574218,2.1531191731261003,33.86418047474357,0.1405214566029865,0,0,0,0,0,1,0,0,0,0,1,0,0,0,0,0,1,0,0,0,0,0,0,0,0
70.88050099597221,3.8574892220043,0.329639398079696,2.6231494401570417,0.4576017913415278,0.0,179093.60118779977,0.1233785960832231,1.936537,1.503816,0.315248,141.615397,1.1392520000000002,1.3e-05,72.32704183262472,0.0519076052981593,0.6472442768978682,16.479579151737276,0.0519076052981593,0.6472442768978682,2.746596525289546,0.0519076052981593,0.6472442768978682,4.752308278267523,59.25729606470766,0.3284440655064046,0,0,0,1,0,0,0,0,0,0,1,0,0,1,0,0,0,0,0,0,0,0,0,0,0
2.152784115,8.692254520597912,0.7881215765750665,2.928019862952564,0.5241530297114123,0.0,188958.63174460432,0.1325183359267328,0.51775,1.06493,1.338874,173.325725,4e-06,0.028457,2.196718484693877,0.0238564928470686,0.584230077460052,0.5005181357530353,0.0238564928470686,0.584230077460052,0.0834196892921725,0.0238564928470686,0.584230077460052,0.0663367073634466,1.6245430512286478,0.5060510061532358,0,0,0,1,0,0,0,0,0,0,0,1,0,0,0,0,1,0,0,0,0,0,0,0,0
65.07984196740742,25.931397114481246,2.0855466753458805,7.877942714188024,1.4985115352294427,0.0,126524.83293989809,0.1135719417006992,2.00084,1.319481,0.896114,125.702883,1.134423,0.249278,66.4080020075586,0.0176031463776115,0.6419258420438516,15.130937166279171,0.0176031463776115,0.6419258420438516,2.5218228610465285,0.0176031463776115,0.6419258420438516,1.4797338987136412,53.96077545209093,0.1126165900366436,0,0,0,1,0,0,0,0,0,1,0,0,0,0,0,0,0,0,0,0,1,0,0,0,0
55.283508292777775,16.358659244719007,7.343290027096975,6.324030303840729,0.9716767168445268,0.0,131842.55213953837,0.1316126238384978,1.899819,1.262523,0.24688,104.31262,1.136722,0.0,56.41174315589569,0.0180064243118999,0.6329439035778669,12.853308567166106,0.0180064243118999,0.6329439035778669,2.142218094527684,0.0180064243118999,0.6329439035778669,1.2857895992898454,45.196796102183086,0.070401148205065,0,0,0,0,0,1,0,0,0,1,0,0,0,0,0,0,0,1,0,0,0,0,0,0,0
67.8444196098148,39.81001149813334,1.401942912623179,3.010606216869766,0.492666453551903,0.0,253989.7985986211,0.1448767965110086,1.321431,1.338753,1.409555,139.065958,1.135558,0.0,69.22899960185184,0.0990621620137305,0.6444605930122519,15.773696111814342,0.0990621620137305,0.6444605930122519,2.628949351969057,0.0990621620137305,0.6444605930122519,8.680980221021693,56.47514194563846,0.3547010606173881,0,0,0,0,0,1,0,0,0,0,0,1,0,0,0,0,0,0,0,0,0,0,1,0,0
1.548036,8.237822151184082,0.9985979895511692,10.37777810817142,2.424066010138972,0.0,167521.59348770982,0.1389507839469601,1.380498,0.371044,0.47996,536.221758,1.324569,0.0,40.21332122619047,0.0373342747913902,0.6183891355213689,9.162528886980107,0.0373342747913902,0.6183891355213689,1.5270881478300178,0.0373342747913902,0.6183891355213689,1.9004242847253665,31.47782398671777,0.6797921211881038,0,1,0,0,0,0,0,0,0,0,1,0,0,1,0,0,0,0,0,0,0,0,0,0,0
107.66165922416668,3.194074688922792,0.443622571887444,3.549272968328828,0.5926476842064937,0.0,175061.98993929857,0.138746577433402,2.0151630000000003,1.390269,0.4980979999999999,145.52494,82.560983,0.0,109.85883594302722,0.0693814455175702,0.6809677198598882,25.03112717689228,0.0693814455175702,0.6809677198598882,4.1718545294820455,0.0693814455175702,0.6809677198598882,9.648309924816246,94.69660888428452,0.9752566688921394,0,0,1,0,0,0,0,0,0,0,1,0,0,0,0,0,1,0,0,0,0,0,0,0,0
32.99069611643518,5.908155172211783,1.3615461868776693,10.568631422605446,1.8519939332843112,0.0,171382.87362297662,0.1292936853367647,1.134916,1.088581,0.20729,133.143595,1.135941,0.288221,33.66397562901549,0.0285614095731263,0.6125043520219393,7.670272928130111,0.0285614095731263,0.6125043520219393,1.2783788213550185,0.0285614095731263,0.6125043520219393,1.217076703544372,26.10041972042087,0.7791205571212763,0,0,0,0,0,0,1,0,0,0,0,1,0,0,0,1,0,0,0,0,0,0,0,0,0
18.40764833680556,84.40883820397514,1.2867487256423005,6.385177205792434,2.13577428109926,0.0,171178.73793465228,0.1118779392461839,0.90118,1.247097,0.420985,162.681451,1.135602,0.224983,18.783314629393423,0.0299498464158327,0.5991336316939488,4.279742573785843,0.0299498464158327,0.5991336316939488,0.7132904289643072,0.0299498464158327,0.5991336316939488,0.712097959912149,14.245209505264,0.101924926133667,0,0,0,1,0,0,0,0,0,0,1,0,0,1,0,0,0,0,0,0,0,0,0,0,0
0.862951,5.228205811977387,1.565842262560801,8.05618302713481,1.4015886008882408,0.0,171576.2384217626,0.1387941040795484,0.7698470000000001,0.311754,0.2312489999999999,543.883699,4.695769,0.0,22.4168725827192,0.0310239231847187,0.6023984925217507,5.107641854290451,0.0310239231847187,0.6023984925217507,0.8512736423817416,0.0310239231847187,0.6023984925217507,0.8803282696808974,17.09353196314204,0.5821669094067229,0,1,0,0,0,0,0,0,0,0,1,0,0,1,0,0,0,0,0,0,0,0,0,0,0
0.7812060000000001,7.640783866246541,2.8307230824189222,9.981946336851417,1.7223948104490194,0.0,168491.88822691847,0.1389595903188204,0.681633,0.305289,0.185611,576.372072,1.0340049999999998,0.0,20.29338324291384,0.0302709659719826,0.6004904736452553,4.623808840157583,0.0302709659719826,0.6004904736452553,0.7706348066929304,0.0302709659719826,0.6004904736452553,0.7775953336742366,15.42529533595192,0.1254209323346099,1,0,0,0,0,0,0,0,0,1,0,0,0,1,0,0,0,0,0,0,0,0,0,0,0
46.109813020833336,7.042917076178959,5.533448936842042,8.207918456418337,5.006630619366963,0.0,216423.8893510192,0.1406084472577063,1.10771,1.365595,4.048716000000001,132.68983899999998,0.0,0.0,47.05082961309524,0.073992239876975,0.6245328419322544,10.720442190325498,0.073992239876975,0.6245328419322544,1.7867403650542493,0.073992239876975,0.6245328419322544,4.406830722965599,37.19593459941348,0.2594903254354903,0,0,0,0,0,1,0,0,0,0,1,0,0,0,0,0,0,0,0,0,0,0,0,0,1
1.174527,8.51612374214899,1.012734245196235,4.55549786359572,1.2623318426614756,0.0,170368.44051633694,0.1383272584000651,1.071686,0.293423,0.20112,550.191289,2.511707,0.0,30.51068033290817,0.0338938650345626,0.6096710215995279,6.951800582181607,0.0338938650345626,0.6096710215995279,1.158633430363601,0.0338938650345626,0.6096710215995279,1.3090188371092064,23.546174238304744,0.1762254991429173,0,0,1,0,0,0,0,0,0,1,0,0,0,1,0,0,0,0,0,0,0,0,0,0,0
88.18943108837964,6.077758977526711,1.8386515936405536,9.82980775604431,1.611756735711361,0.0,197794.5411046163,0.1370117637000495,2.620467,1.5795549999999998,2.429611,98.534287,1.135646,0.0,89.98921539630575,0.0359501180985204,0.6631142697100426,20.50387186244941,0.0359501180985204,0.6631142697100426,3.4173119770749016,0.0359501180985204,0.6631142697100426,4.095092305177701,75.53561120164684,0.8530876502169491,0,0,0,0,0,1,0,0,0,1,0,0,0,0,0,0,1,0,0,0,0,0,0,0,0
44.5080809487037,11.189067402340116,2.5199035494733484,8.061001062964936,1.1360067386421369,0.0,150671.54979766186,0.1368951149981656,1.386934,1.4198110000000002,3.152411,118.378762,1.135316,0.0,45.41640913133031,0.0144353624806418,0.6230642660967742,10.348042586885386,0.0144353624806418,0.6230642660967742,1.7246737644808974,0.0144353624806418,0.6230642660967742,0.8298763650378267,35.819419777421714,0.219201999186389,0,0,1,0,0,0,0,0,0,0,0,1,0,0,0,0,0,0,1,0,0,0,0,0,0
1.8012709999999998,28.391920391718543,4.378521456135263,7.5766041936348385,1.1795812279200382,0.0,169813.81148830935,0.1384604422987508,1.0829540000000002,0.458158,1.7248439999999998,544.037959,5.412014,0.0,46.791605194208245,0.0396668348227957,0.6242999210151519,10.66137839868036,0.0396668348227957,0.6242999210151519,1.7768963997800598,0.0396668348227957,0.6242999210151519,2.3494618662432,36.97720940115997,0.5273688860041619,0,0,0,1,0,0,0,0,0,0,0,1,0,1,0,0,0,0,0,0,0,0,0,0,0
1.546475,9.646590856143408,2.2111080388942783,5.4511379315127,2.228610168758342,0.0,165392.91917715827,0.1387577757275075,1.410557,0.314864,0.230888,536.865219,0.956118,0.012088,40.172771139219584,0.0373198963436676,0.6183527000517229,9.153289626657626,0.0373198963436676,0.6183527000517229,1.5255482711096042,0.0373198963436676,0.6183527000517229,1.8977767781690609,31.4442297499954,0.7387066090548925,0,1,0,0,0,0,0,0,0,0,0,1,0,1,0,0,0,0,0,0,0,0,0,0,0
21.55861921152778,7.301986955461048,1.0277962325859984,8.245053685826363,2.014938706688458,0.0,165561.7428057554,0.138644285750189,0.969556,1.254421,0.148723,150.90216,0.372162,0.026741,21.998591032171205,0.0311698175348001,0.6020226540001368,5.012337197203566,0.0311698175348001,0.6020226540001368,0.8353895328672608,0.0311698175348001,0.6020226540001368,0.8679646436651471,16.764114123356098,0.2878556119994331,0,0,0,0,0,0,0,0,1,1,0,0,0,0,1,0,0,0,0,0,0,0,0,0,0
3.067762,5.320404504026685,1.373915878274172,4.763145090578843,1.150684170585742,0.0,165840.37198366306,0.1377129077339629,1.468459,0.356682,0.133793,611.424338,6.252064,0.0,79.69123376426681,0.0513325456713545,0.6538612242742067,18.15749630071902,0.0513325456713545,0.6538612242742067,3.0262493834531696,0.0513325456713545,0.6538612242742067,5.178169489633942,65.95823756079176,0.4924248826820452,0,0,1,0,0,0,0,0,0,0,1,0,0,1,0,0,0,0,0,0,0,0,0,0,0
1.393553,9.15651227406093,0.6908599711436447,8.248425418524434,4.202977608719604,0.0,179161.89753821943,0.1387679776449283,1.242474,0.297473,0.377413,586.820626,0.0111939999999999,0.08762,36.20031732771164,0.0359113242856085,0.6147833311284687,8.24817356833936,0.0359113242856085,0.6147833311284687,1.3746955947232264,0.0359113242856085,0.6147833311284687,1.6455713098701104,28.171331233719226,0.666658022407643,1,0,0,0,0,0,0,0,0,1,0,0,0,1,0,0,0,0,0,0,0,0,0,0,0
67.88176569439815,7.170535944757008,0.6212343121889969,12.380926374622955,4.722235298271087,0.0,159273.95986960432,0.1250876167016349,2.204215,1.519815,1.212122,88.678539,1.135371,0.0,69.26710785142669,0.030335188391607,0.6444948344177424,15.782379004122536,0.030335188391607,0.6444948344177424,2.630396500687089,0.030335188391607,0.6444948344177424,2.659785779765562,56.50923190544449,0.2921235203703149,0,0,0,0,0,0,1,0,0,0,0,1,0,0,0,0,1,0,0,0,0,0,0,0,0
152.43411582958336,5.180912597406478,6.018664212106801,6.921800825521529,1.542071655571318,0.0,155402.83321155576,0.1062464233827319,2.903069,1.600423,2.5934,84.596387,1.135342,0.0,155.5450161526361,0.0743743368627317,0.722018123363628,35.44063659173987,0.0743743368627317,0.722018123363628,5.906772765289977,0.0743743368627317,0.722018123363628,14.643743580576205,142.15989957100194,0.4259521978779631,0,0,0,1,0,0,0,0,0,0,1,0,0,0,0,1,0,0,0,0,0,0,0,0,0
54.403011341527765,5.50938476778212,0.8534494801390943,4.729329210962895,1.228982139477055,0.0,169840.0653102518,0.138458960526567,1.81316,1.552222,0.4051909999999999,97.622413,0.513152,0.0,55.513276879109966,0.0446362155437098,0.6321366046741866,12.648594731949109,0.0446362155437098,0.6321366046741866,2.108099121991517,0.0446362155437098,0.6321366046741866,3.136585559890625,44.42022070974506,0.5691636815332048,0,0,0,0,0,0,1,0,0,0,0,1,0,0,0,0,0,1,0,0,0,0,0,0,0
56.85405498412038,5.895028162002563,2.5013422877382605,10.423326469439685,1.5934776153495844,0.0,163079.77913294366,0.1321938448994279,1.441532,1.38765,3.39629,134.398703,1.135041,0.0,58.014341820531,0.0182784137643821,0.6343838865560016,13.218457629994404,0.0182784137643821,0.6343838865560016,2.2030762716657337,0.0182784137643821,0.6343838865560016,1.342291321599956,46.586536253287136,0.5267496750115169,0,0,0,0,0,0,0,1,0,0,0,1,0,0,0,0,0,1,0,0,0,0,0,0,0
71.37778689662036,8.987113769849142,7.111525241991313,8.025863381026745,2.0627592967854413,0.0,175938.74692745804,0.1222129931731475,1.969252,1.505248,4.094668,112.683795,0.0,0.0,72.83447642512282,0.0417059266609151,0.6477002221022656,16.595197160154566,0.0417059266609151,0.6477002221022656,2.765866193359094,0.0417059266609151,0.6477002221022656,3.8451004204713,59.715071591461104,0.563448126113653,0,0,1,0,0,0,0,0,0,0,1,0,0,0,0,1,0,0,0,0,0,0,0,0,0
28.39702588287037,12.894069413911728,0.2377511444244739,2.430306980221106,0.3110300857457611,0.0,144997.8182891187,0.1154882401424489,1.107621,1.279463,1.762821,149.37406,8.2e-05,0.057658,28.97655702333711,0.0203164779008288,0.608292565782179,6.602253498988202,0.0203164779008288,0.608292565782179,1.1003755831647002,0.0203164779008288,0.608292565782179,0.7451918739325776,22.31167622691057,0.573129313250301,0,0,1,0,0,0,0,0,0,0,1,0,0,0,0,0,1,0,0,0,0,0,0,0,0
480.32283552175926,4.067369729848135,1.210617146474852,10.795437659576928,4.094661517966565,0.0,182544.6336743105,0.125782037470981,5.448507,1.704723,0.418572,59.95018100000001,27.071491,0.0,490.1253423691421,0.3432118288082535,1.0226485838789452,111.67412864107035,0.3432118288082535,1.0226485838789452,18.61235477351172,0.3432118288082535,1.0226485838789452,212.9326773414996,634.4632750594765,0.7447486401061096,0,0,1,0,0,0,0,0,0,1,0,0,0,0,0,1,0,0,0,0,0,0,0,0,0
58.31882595532407,20.052635450590223,1.4245619297170524,5.5590546771490885,0.8021366299628068,0.0,82025.91323815947,0.111456817601153,1.626375,1.434787,2.686671,136.150744,1.135591,0.0,59.50900607686129,0.0,0.6357268872302422,13.559014042829157,0.0,0.6357268872302422,2.259835673804859,0.0,0.6357268872302422,0.0,47.88794328532733,0.4887937472896202,0,0,1,0,0,0,0,0,0,0,1,0,0,0,1,0,0,0,0,0,0,0,0,0,0
69.33477532199073,25.36852131116958,1.9689188578145969,6.795819823404582,1.246926866060824,0.0,183918.1780013489,0.1333649160264493,1.981904,1.444158,1.81577,133.08978000000002,0.370284,0.0,70.74977073672524,0.0512108478341348,0.6458270515000697,16.120200927355118,0.0512108478341348,0.6458270515000697,2.686700154559186,0.0512108478341348,0.6458270515000697,4.586273093035906,57.83812130279136,0.867514173668926,0,0,0,1,0,0,0,0,0,0,0,1,0,0,0,0,1,0,0,0,0,0,0,0,0
2.894088,12.094011429377964,0.6747624408141029,8.528051990399257,2.8769881842519456,0.0,170511.8832434053,0.1390116367873242,2.021074,0.493961,0.199788,566.635386,0.175518,0.0,75.17970538208618,0.0497328259213423,0.6498074806769658,17.129553125032295,0.0497328259213423,0.6498074806769658,2.8549255208387154,0.0497328259213423,0.6498074806769658,4.732783798208986,61.83839867388601,0.8558857402887398,0,0,1,0,0,0,0,0,0,0,0,1,0,1,0,0,0,0,0,0,0,0,0,0,0
58.97033311050925,6.741711250373295,2.892424016833591,9.12599575147926,1.0506782887650907,0.0,196204.24722721823,0.1375725799970489,1.962284,1.464289,2.477628,114.933723,1.135621,0.0,60.173809296438016,0.0,0.6363242328671285,13.710488194125118,0.0,0.6363242328671285,2.28508136568752,0.0,0.6363242328671285,0.0,48.46842156866937,0.738783835265701,0,0,0,0,0,1,0,0,0,0,0,1,0,0,1,0,0,0,0,0,0,0,0,0,0
37.39572661805556,7.573526875178019,0.7746152125245376,3.1265296138447822,0.5097531503696235,0.0,184544.58627473025,0.1306251903696597,1.097376,1.355407,0.184216,145.18646299999995,1.135812,0.0,38.15890471230159,0.0374922724531498,0.6165431806511443,8.694433985081373,0.0374922724531498,0.6165431806511443,1.4490723308468954,0.0374922724531498,0.6165431806511443,1.810967154414424,29.780522128463744,0.0855347256136608,0,0,0,0,0,0,0,0,1,1,0,0,0,0,0,0,0,0,0,1,0,0,0,0,0
41.27824288240741,3.5236432583559125,1.340894453245387,6.55221552014065,0.6888403858212259,0.0,61393.06311122976,0.1039923954067184,1.424781,1.348041,0.701094,138.393609,1.137151,0.265631,42.12065600245654,0.0,0.6201029330378872,9.597111494230605,0.0,0.6201029330378872,1.5995185823717673,0.0,0.6201029330378872,0.0,33.06220547924455,0.7804653070775571,0,0,0,1,0,0,0,0,0,1,0,0,0,0,1,0,0,0,0,0,0,0,0,0,0
76.28310727842592,5.63745668842679,0.587545287266052,6.491942100387683,1.6758990587948035,0.0,201523.2188998801,0.1345701771531459,2.203026,1.431432,0.936464,91.383957,2.518488,0.0,77.8399053861489,0.043493374233113,0.6521977501866163,17.73567464494532,0.043493374233113,0.6521977501866163,2.955945774157553,0.043493374233113,0.6521977501866163,4.285468525607448,64.26203945263974,0.2421007273171851,0,0,0,0,1,0,0,0,0,0,0,0,1,0,0,1,0,0,0,0,0,0,0,0,0
179.14537458564814,2.623083964983622,0.2054083105042684,2.7726408254614263,0.1674168087023911,0.0,116960.14736960432,0.1328405004075105,3.948148,1.612208,0.185406,98.285928,106.34323899999998,0.000121,182.80140263841648,0.0386455426013649,0.7465088043126964,41.65095249989236,0.0386455426013649,0.7465088043126964,6.941825416648726,0.0386455426013649,0.7465088043126964,8.942353662344551,172.73779305099757,0.497806008639959,0,0,0,0,0,1,0,0,0,0,0,0,1,0,0,0,0,0,1,0,0,0,0,0,0
159.60909549634258,6.228435745693388,4.238190377930657,9.268206408841433,1.6055817862780546,0.0,180291.01643997303,0.1301962612487143,1.889102,1.476687,2.047889,121.986317,1.1347459999999998,0.0,162.86642397585976,0.0969841841343805,0.7285966279350292,37.10880546285412,0.0969841841343805,0.7285966279350292,6.184800910475686,0.0969841841343805,0.7285966279350292,19.99426234453528,150.2075029274028,0.3486859879662476,0,0,1,0,0,0,0,0,0,0,1,0,0,0,0,1,0,0,0,0,0,0,0,0,0
22.38209146648148,4.0020701609906695,0.7198686763394079,2.71750685451128,0.4412139464589617,0.0,173280.96678282373,0.1385871847327664,0.702415,1.022867,0.3502639999999999,200.411962,160.532483,0.0,22.83886884334845,0.0314907198904763,0.6027776688218138,5.203792901016103,0.0314907198904763,0.6027776688218138,0.867298816836017,0.0314907198904763,0.6027776688218138,0.910395470077486,17.42627863281106,0.1614439290654508,0,0,0,0,0,0,1,0,0,0,0,0,1,0,1,0,0,0,0,0,0,0,0,0,0
17.216825024907408,4.474659019992465,1.0540447824007029,5.370084856339782,1.005645188996546,0.0,172590.18661945444,0.1391049059246369,0.8263159999999999,1.233062,2.813846,153.209311,0.0,0.0,17.568188800925927,0.0294920713584244,0.5980418046832959,4.002878460970464,0.0294920713584244,0.5980418046832959,0.667146410161744,0.0294920713584244,0.5980418046832959,0.6558509845002294,13.299381437370393,0.9725166157824,0,0,0,1,0,0,0,0,0,1,0,0,0,0,0,0,0,0,0,0,0,0,0,1,0
79.07548446027778,4.19430897179104,0.9760723121875196,10.777925665144156,2.8283978609158265,0.0,172281.5719143435,0.1284415780497397,1.494724,1.301518,0.030393,139.266197,55.222536,0.008525,80.68926985742631,0.0556522440154257,0.6547579896449932,18.38489692954017,0.0556522440154257,0.6547579896449932,3.064149488256695,0.0556522440154257,0.6547579896449932,5.684226500673448,66.8758786300896,0.7127702746395783,0,0,0,0,0,1,0,0,0,1,0,0,0,1,0,0,0,0,0,0,0,0,0,0,0
1.635899,22.435467016129262,2.117354039379733,8.903750293832317,1.7713041198339394,0.0,167265.996871253,0.1385549861821625,1.4124290000000002,0.294036,0.503767,534.0248389999999,1.094748,0.0,42.495737812688965,0.0381435852028237,0.6204399552968354,9.68257317251141,0.0381435852028237,0.6204399552968354,1.613762195418568,0.0381435852028237,0.6204399552968354,2.0518225266014705,33.37475147950732,0.971248125234036,0,0,0,1,0,0,0,0,0,0,1,0,0,1,0,0,0,0,0,0,0,0,0,0,0
613.7962907477314,4.822882229373569,0.6716608525180131,10.670121620599028,4.253988340604219,0.0,175305.04425209833,0.1327148758821922,4.73196,1.609753,0.298253,115.52343700000002,37.179743,0.0,626.3227456609504,0.4841402150245758,1.145026036658734,142.7064483784444,0.4841402150245758,1.145026036658734,23.784408063074064,0.4841402150245758,1.145026036658734,383.8329477962978,907.7922166245244,0.3764610357450462,0,0,0,0,0,1,0,0,0,0,1,0,0,1,0,0,0,0,0,0,0,0,0,0,0
38.64622220143519,26.45105637936365,4.011921727114158,6.760056943916302,1.0432194076853691,0.0,191000.44564973025,0.1304249193528287,1.320932,1.361217,1.149483,144.17168999999998,6.23094,0.0,39.43492061370937,0.038005046862304,0.6176897192190363,8.985171785402136,0.038005046862304,0.6176897192190363,1.4975286309003557,0.038005046862304,0.6176897192190363,1.897121526500337,30.833601318110286,0.2895061517374512,0,0,1,0,0,0,0,0,0,0,0,1,0,1,0,0,0,0,0,0,0,0,0,0,0
18.423177383564816,23.79790943236578,2.3961735029014752,5.866540001450683,0.8478539032901792,0.0,109209.71461892984,0.1187832875342534,0.8397819999999999,1.219927,2.882367,156.563723,1.135017,0.0,18.7991605954743,0.0,0.5991478697698515,4.283353047070094,0.0,0.5991478697698515,0.7138921745116822,0.0,0.5991478697698515,0.0,14.257565853468051,0.3403229483338971,0,0,0,0,0,1,0,0,0,1,0,0,0,0,1,0,0,0,0,0,0,0,0,0,0
1.314733,10.35768866993132,1.4936301159344132,6.082481764489226,1.0940065525418563,0.0,165928.47506369904,0.1388359908505881,1.207119,0.286753,0.156813,552.09319,0.940876,0.04006,34.152810694113754,0.035185309391635,0.612943584992982,7.781653069544905,0.035185309391635,0.612943584992982,1.296942178257484,0.035185309391635,0.612943584992982,1.521110393501689,26.498412942324983,0.1740181518748673,1,0,0,0,0,0,0,0,0,1,0,0,0,1,0,0,0,0,0,0,0,0,0,0,0
59.43869934375,18.34908224968683,1.237701063533481,4.979456109108685,0.9493996662487516,0.0,183898.02444919065,0.1273714539101369,1.832314,1.413101,1.688462,133.720688,7.121789,0.073382,60.65173402423469,0.0468218776433208,0.6367536625727955,13.819382435901575,0.0468218776433208,0.6367536625727955,2.303230405983596,0.0468218776433208,0.6367536625727955,3.594719075111336,48.88634655863604,0.3348178326295754,0,0,1,0,0,0,0,0,0,0,1,0,0,1,0,0,0,0,0,0,0,0,0,0,0
26.90684837287037,2.9912066221237184,1.684404442064482,7.625331609940929,0.9904215374438884,0.0,166813.34056504795,0.1348241443792693,0.916939,1.276476,1.539341,151.89028100000002,1.134472,0.0,27.455967727418745,0.0,0.6069262706821176,6.255790115108068,0.0,0.6069262706821176,1.0426316858513447,0.0,0.6069262706821176,0.0,21.093352026292195,0.5966204311046788,0,0,0,0,0,0,0,1,0,1,0,0,0,0,1,0,0,0,0,0,0,0,0,0,0
18.80641389162037,15.765637556711832,4.07221700962213,8.21266125803657,1.7785843021863943,0.0,183122.8871590228,0.1300680847476712,0.910072,1.019552,0.059984,159.91648999999998,1.134433,1.349742,19.19021825675548,0.0301035415396213,0.5994992468102425,4.372454792678464,0.0301035415396213,0.5994992468102425,0.7287424654464105,0.0301035415396213,0.5994992468102425,0.7312576360084043,14.562685305125411,0.0476424099999411,0,0,1,0,0,0,0,0,0,0,1,0,0,0,0,1,0,0,0,0,0,0,0,0,0
27.28341502805556,3.357367052634557,0.7082656741285209,2.708846071927096,0.3665751932050398,0.0,158609.76658985313,0.1340994728948001,1.083306,1.3254549999999998,0.1138059999999999,145.484694,2.782136,0.008221,27.840219416383224,0.0334185359179193,0.6072715323522028,6.343341132846811,0.0334185359179193,0.6072715323522028,1.057223522141135,0.0334185359179193,0.6072715323522028,1.177695408264756,21.40072494431467,0.5587068232320631,0,0,0,0,0,0,0,0,1,0,0,1,0,0,0,0,0,0,0,0,1,0,0,0,0
36.61010959675926,38.63403868675232,3.3084764143259977,7.247627786595187,0.9957091222992904,0.0,131602.23962080336,0.1358630822645388,1.245966,1.281632,0.480813,131.916425,1.136153,0.250139,37.35725469057067,0.0132700967683838,0.6158228740571184,8.51177954975028,0.0132700967683838,0.6158228740571184,1.4186299249583796,0.0132700967683838,0.6158228740571184,0.6275118794240937,29.120825253710123,0.41773098075762,0,0,0,0,0,1,0,0,0,1,0,0,0,0,0,0,0,0,1,0,0,0,0,0,0
29.05395547569444,3.5793247799078625,0.8004052053681381,2.770766220504431,0.3411946862006931,0.0,171742.70260041967,0.1385062571695382,0.972133,1.308965,0.320473,154.57594,3.322835,0.0029059999999999,29.646893342545347,0.0341224280107614,0.6088948830750772,6.754988356529319,0.0341224280107614,0.6088948830750772,1.1258313927548864,0.0341224280107614,0.6088948830750772,1.280536688384462,22.850432475124595,0.2851747908916506,0,0,0,0,1,0,0,0,0,1,0,0,0,0,0,1,0,0,0,0,0,0,0,0,0
57.30755406439814,34.49457929702032,3.011113428955169,9.011360397155908,1.2777492619818636,0.0,129169.38492955636,0.134276747667818,1.973061,1.459256,0.4298729999999999,98.178877,1.13646,0.2884239999999999,58.47709598407974,0.0163837869562459,0.6347996850545752,13.32389528751184,0.0163837869562459,0.6347996850545752,2.2206492145853063,0.0163837869562459,0.6347996850545752,1.2127547878773488,46.98891406784808,0.2758206638689541,0,0,0,0,0,1,0,0,0,0,0,1,0,0,0,0,0,0,1,0,0,0,0,0,0
332.6368912122685,5.855201829898925,3.073383282414443,9.83230026048436,1.8328036231388576,0.0,182609.44505020985,0.1159410690553754,2.98891,1.630334,2.444813,107.233559,0.0,0.0,339.4253991961924,0.170893268596437,0.8872401639397547,77.33743272824637,0.170893268596437,0.8872401639397547,12.889572121374394,0.170893268596437,0.8872401639397547,73.42470368770603,381.204869402717,0.0584220346310033,0,0,1,0,0,0,0,0,0,1,0,0,0,0,0,1,0,0,0,0,0,0,0,0,0
168.53750820185186,18.06156573749724,3.4507111691170747,7.56382571821876,1.1754140547282403,0.0,156398.31133842925,0.1331270012012917,2.133457,1.383804,1.290169,150.02303899999998,1.136735,0.0,171.97704918556312,0.0408292601789296,0.736782798004704,39.18464411822957,0.0408292601789296,0.736782798004704,6.530774019704928,0.0408292601789296,0.736782798004704,8.888222387344223,160.39206517915417,0.2028958363274275,0,0,1,0,0,0,0,0,0,0,1,0,0,0,0,0,0,1,0,0,0,0,0,0,0
41.82193772115741,7.591518917537871,1.335685509714863,9.19493361800123,1.5183768069429648,0.0,174139.66709757195,0.1394500088134257,1.357306,1.41216,2.155805,125.801553,0.371268,0.0,42.67544665424225,0.0393161874735354,0.6206014290822363,9.723519490840006,0.0393161874735354,0.6206014290822363,1.6205865818066676,0.0393161874735354,0.6206014290822363,2.1238428622469,33.524611620690486,0.0972187757293793,0,0,0,0,0,0,0,1,0,1,0,0,0,1,0,0,0,0,0,0,0,0,0,0,0
33.15087441513889,40.96323379107884,3.371200084972153,6.055589561553882,1.0469518301727103,0.0,192927.61368405275,0.1304527227934316,1.224542,1.351888,0.7573529999999999,149.900802,1.46441,0.166937,33.8274228725907,0.0357664382556043,0.6126512142737089,7.707514072235856,0.0357664382556043,0.6126512142737089,1.2845856787059755,0.0357664382556043,0.6126512142737089,1.5315018120490278,26.23343252992776,0.7951880618636239,0,0,1,0,0,0,0,0,0,0,1,0,0,1,0,0,0,0,0,0,0,0,0,0,0
27.426511375324065,3.595997261717206,1.1667077762188671,8.2133091256487,1.138061061465769,0.0,136010.1838841427,0.1319119441155478,0.913304,1.333065,0.0753669999999999,135.185328,1.135941,0.025769,27.98623609726945,0.0119506739809673,0.6074027327204795,6.376610756339876,0.0119506739809673,0.6074027327204795,1.062768459389979,0.0119506739809673,0.6074027327204795,0.4233599791808183,21.51761554942024,0.004257187328951,0,0,1,0,0,0,0,0,0,0,0,0,1,0,0,0,0,0,1,0,0,0,0,0,0
119.5578509675463,4.142342628183819,0.4586379883958281,3.7190123766446286,0.7285131931983881,0.0,173738.5764201139,0.1354479336088224,3.345782,1.424312,0.506926,85.604147,15.506088,0.0,121.99780710974112,0.0301601453480462,0.6918749496223157,27.79696870854861,0.0301601453480462,0.6918749496223157,4.632828118091434,0.0301601453480462,0.6918749496223157,4.657558980471777,106.84459069377864,0.2741610904841234,0,0,0,0,0,1,0,0,0,1,0,0,0,0,0,0,0,1,0,0,0,0,0,0,0
180.66846858328705,7.180726989677974,3.844267731090244,9.625787247856744,1.7883336236722749,0.0,195245.26455710432,0.1332208596402221,2.019721,1.478529,1.755043,122.329926,1.087851,0.0,184.3555801870276,0.1091495392309084,0.7479052794654499,42.00506890337337,0.1091495392309084,0.7479052794654499,7.000844817228894,0.1091495392309084,0.7479052794654499,25.471299534254246,174.53229331746078,0.5090232568075604,0,0,0,1,0,0,0,0,0,0,0,1,0,1,0,0,0,0,0,0,0,0,0,0,0
2.700546,5.400496829691387,0.6488113962917876,4.277287372868124,1.016589405010644,0.0,170487.54591951438,0.1385001392601777,2.066726,0.352508,0.118942,666.189026,1.426398,0.0,70.1520660915533,0.0479501010468255,0.6452899959452434,15.984015058834927,0.0479501010468255,0.6452899959452434,2.664002509805821,0.0479501010468255,0.6452899959452434,4.257972984472862,57.30180562502389,0.2242981728907378,0,0,0,1,0,0,0,0,0,0,1,0,0,1,0,0,0,0,0,0,0,0,0,0,0
60.24193292300925,8.473334897132148,11.74028698031565,8.418278510050236,2.106628293613736,0.0,241067.6740669964,0.1225779020904208,1.793324,1.47501,1.110129,109.939112,0.013496,0.0,61.471360125519645,0.0471734837088983,0.6374901212135832,14.00613268682726,0.0471734837088983,0.6374901212135832,2.334355447804543,0.0471734837088983,0.6374901212135832,3.670655956259528,49.60428457921688,0.0290163317642827,0,0,1,0,0,0,0,0,0,0,0,1,0,1,0,0,0,0,0,0,0,0,0,0,0
206.411580375,3.559816631249019,1.829969779478846,9.505128119489273,2.0256185028478684,0.0,197095.49147556955,0.1238907117584197,4.392404,1.630948,0.515185,64.1305,13.651018,0.000241,210.62406160714283,0.0748708879732709,0.7715082980758661,47.99029251808317,0.0748708879732709,0.7715082980758661,7.998382086347195,0.0748708879732709,0.7715082980758661,19.96153230514394,205.6939383599407,0.9869186601227324,0,0,1,0,0,0,0,0,0,0,0,1,0,0,0,0,1,0,0,0,0,0,0,0,0
60.17686367134258,13.060638642311096,4.1193026235635335,9.205321906567765,1.4337402327741078,0.0,139444.3587380096,0.1219797637626278,1.877792,1.4488219999999998,0.155688,101.511472,1.136203,0.0,61.40496292994141,0.0168307542686568,0.6374304613414402,13.991004211885384,0.0168307542686568,0.6374304613414402,2.3318340353142304,0.0168307542686568,0.6374304613414402,1.3082175214554772,49.54606816340075,0.1599851284662646,0,0,0,0,0,1,0,0,0,1,0,0,0,0,0,0,0,0,0,0,0,0,0,1,0
829.6947949050463,3.8619930386543273,0.3941039906131278,6.087110842160469,4.429893843918968,0.0,178941.84035896283,0.1373470696292335,3.988859,1.507908,0.432455,125.703972,103.559095,0.0,846.6273417398431,0.515622086638703,1.3429763253735012,192.9024322951541,0.515622086638703,1.3429763253735012,32.15040538252568,0.515622086638703,1.3429763253735012,552.5819703206029,1439.2411093297594,0.9262541973820304,0,0,0,1,0,0,0,0,0,0,1,0,0,0,0,0,0,0,0,0,0,1,0,0,0
149.75502431671296,5.024010135446276,0.3595320074249514,7.370559459109958,0.4008013676825187,0.0,126621.66559877098,0.1246916869257708,2.946256,1.65333,0.5027050000000001,80.27443199999999,1.137143,0.0,152.81124930276837,0.0,0.7195617518360164,34.81775300569405,0.0,0.7195617518360164,5.802958834282341,0.0,0.7195617518360164,0.0,139.18624082094968,0.3096872986694992,0,0,0,0,0,0,1,0,0,1,0,0,0,0,1,0,0,0,0,0,0,0,0,0,0
58.37142105467592,39.80555589312599,5.772034227419242,6.406080874893591,1.24274135407784,0.0,209876.1280163369,0.1350855463914734,1.26439,1.277499,1.739111,163.257465,1.135572,0.0,59.56267454558768,0.0370847643639947,0.6357751099594469,13.571242301526306,0.0370847643639947,0.6357751099594469,2.2618737169210505,0.0370847643639947,0.6357751099594469,2.796035127104337,47.93476703632879,0.4853920804604563,0,0,1,0,0,0,0,0,0,1,0,0,0,0,0,1,0,0,0,0,0,0,0,0,0
22.32807074972222,8.875483933516911,3.958529582126535,6.779451655541107,1.150078675158018,0.0,185661.6226581235,0.1377658339784585,0.694657,1.227825,3.030426,165.88258000000002,0.370037,0.0,22.783745662981858,0.031469641964122,0.6027281389905591,5.191233189033841,0.031469641964122,0.6027281389905591,0.8652055315056401,0.031469641964122,0.6027281389905591,0.9075902767286812,17.3827906616244,0.9637405456895772,0,0,0,0,0,0,1,0,0,0,0,1,0,0,0,0,0,1,0,0,0,0,0,0,0
63.80628193097223,30.9939208257766,2.60207321961149,8.991354006943372,0.8280822544646778,0.0,84431.23779413968,0.1148369484257212,1.741164,1.453323,1.382895,107.834757,1.136736,0.0,65.10845094997165,0.0,0.640758156432078,14.834836925309997,0.0,0.640758156432078,2.472472820885,0.0,0.640758156432078,0.0,52.80857088462305,0.7968413638559139,0,0,0,0,0,0,1,0,0,1,0,0,0,0,1,0,0,0,0,0,0,0,0,0,0
32.79337539277777,12.432521357990446,2.489458300798632,5.926266599330399,0.5031552133585909,0.0,102830.69587455037,0.1269300441644031,1.088994,1.254258,0.664384,138.388652,1.136424,0.0,33.46262795181405,0.0,0.6123234350935435,7.62439624218548,0.0,0.6123234350935435,1.2707327070309131,0.0,0.6123234350935435,0.0,25.936647208496208,0.4033439990937164,0,0,0,0,0,1,0,0,0,0,0,1,0,0,1,0,0,0,0,0,0,0,0,0,0
3.008543,8.18088188909349,1.5671719624270066,11.339438552764966,2.497469627599922,0.0,172453.17106939448,0.1392138737747423,1.701243,0.400996,0.866991,616.105201,0.975691,0.0,78.15290218173656,0.0507870765517628,0.6524789871973558,17.806990370522254,0.0507870765517628,0.6524789871973558,2.9678317284203755,0.0507870765517628,0.6524789871973558,5.024249906134537,64.54826134439682,0.6144300089755609,1,0,0,0,0,0,0,0,0,0,0,1,0,1,0,0,0,0,0,0,0,0,0,0,0
26.208550417777783,40.43728559130714,0.6376954428583598,4.06253215477621,0.6367390172944652,0.0,120872.45703125,0.1128677898566785,1.052431,1.350333,0.83336,142.47073999999998,1.136156,0.0,26.7434187936508,0.0117785564068402,0.6062860240886591,6.093437193490056,0.0117785564068402,0.6062860240886591,1.0155728655816758,0.0117785564068402,0.6062860240886591,0.3987327427503384,20.524254494861346,0.977646215639068,0,0,0,1,0,0,0,0,0,0,0,1,0,0,0,0,0,0,1,0,0,0,0,0,0
49.96374056467593,11.761480989910307,0.695513906953432,3.4965611996410564,0.2332296375390722,0.0,188070.94977143285,0.1275143432084748,1.370759,1.362772,0.766876,145.96656399999998,1.136411,0.0,50.98340873946523,0.0085472200352529,0.6280663822546717,11.616472877346508,0.0085472200352529,0.6280663822546717,1.9360788128910844,0.0085472200352529,0.6280663822546717,0.5516030539790471,40.53286719241411,0.4714599492796446,0,0,1,0,0,0,0,0,0,0,0,1,0,0,0,0,0,0,0,1,0,0,0,0,0
1.784779,32.70648274194627,4.163158746646177,8.546638615697407,1.4129408622245423,0.0,168414.65909772183,0.1387338929896732,1.410725,0.36998,0.872432,671.896397,1.086892,0.0,46.36319261616591,0.03951492620022,0.6239149794614035,10.563765406215015,0.03951492620022,0.6239149794614035,1.7606275677025027,0.03951492620022,0.6239149794614035,2.319035613461246,36.616063758076265,0.3885001001569922,0,0,1,0,0,0,0,0,0,1,0,0,0,1,0,0,0,0,0,0,0,0,0,0,0
25.17607246791667,1.7938985214346932,0.3815856943670794,6.130141460066505,4.968790397941351,0.0,176295.37175884293,0.1350307581629112,0.939695,1.142306,0.373623,180.342618,172.15510700000002,0.0,25.68986986522109,0.0325859292898903,0.6053393787699971,5.853388070556704,0.0325859292898903,0.6053393787699971,0.9755646784261172,0.0325859292898903,0.6053393787699971,1.0596560542969355,19.68492387961393,0.7962400802649572,0,0,0,1,0,0,0,0,0,0,0,1,0,0,0,0,0,0,0,0,1,0,0,0,0
20.69108010421296,55.1064216931661,2.802649892777276,5.025338101444199,0.925676460389039,0.0,162045.99847309652,0.1280933320611643,0.885301,1.202128,1.996945,160.902757,1.1352799999999998,0.0,21.113347045115265,0.0246661385245511,0.6012272357204473,4.810636035595883,0.0246661385245511,0.6012272357204473,0.8017726725993137,0.0246661385245511,0.6012272357204473,0.659221193584477,16.06825225410269,0.3182105877493982,0,0,0,0,0,1,0,0,0,0,1,0,0,0,0,1,0,0,0,0,0,0,0,0,0
67.81878395393518,4.843375492379779,2.5951030365854715,9.651107017370723,1.4215789022777292,0.0,155530.42302720324,0.1182027424035741,1.947451,1.526362,1.755687,112.578758,1.136842,0.0,69.20284076932161,0.0180393662902003,0.6444370885164585,15.767735871491,0.0180393662902003,0.6444370885164585,2.627955978581833,0.0180393662902003,0.6444370885164585,1.5802220164053238,56.45174331955658,0.6601934394706318,0,0,0,1,0,0,0,0,0,0,0,1,0,0,0,0,0,0,0,0,1,0,0,0,0
71.49608768398149,13.144192121142432,0.841857821857043,4.437234561792095,0.9205207447353884,0.0,175098.50396245503,0.1266951293503637,1.411845,1.385972,0.331572,141.346145,0.013488,0.0,72.95519151426683,0.0521859335661067,0.6478086882313141,16.622701864010164,0.0521859335661067,0.6478086882313141,2.77045031066836,0.0521859335661067,0.6478086882313141,4.819284528691296,59.82405938547025,0.2666848480824136,0,0,0,0,0,1,0,0,0,1,0,0,0,1,0,0,0,0,0,0,0,0,0,0,0
3.008403,8.847809197789147,2.1906579178300123,13.033403863152154,3.3149349214933475,0.0,172169.57224220622,0.1389717387852909,1.796286,0.354718,1.510853,656.336816,0.97515,0.0,78.14926540263605,0.0507857870048818,0.6524757194422306,17.806161737309477,0.0507857870048818,0.6524757194422306,2.9676936228849127,0.0507857870048818,0.6524757194422306,5.023888540919312,64.54493438919845,0.8023206619026106,0,0,0,1,0,0,0,0,0,0,1,0,0,1,0,0,0,0,0,0,0,0,0,0,0
30.52509081032408,19.898036233584087,2.320942037397151,5.915157544527123,0.7621556411830069,0.0,129573.74853866908,0.130910058458932,1.03619,1.374352,1.511822,153.905206,1.134668,0.0,31.148051847269464,0.012391582226259,0.610243719026327,7.097024471529752,0.012391582226259,0.610243719026327,1.182837411921625,0.012391582226259,0.610243719026327,0.4885742350040745,24.06063670848427,0.338131686663367,0,0,1,0,0,0,0,0,0,0,0,0,1,0,0,0,0,0,1,0,0,0,0,0,0
30.891932718194443,11.524530373300824,0.1345156874882874,2.746993558869945,0.2018943545844057,0.0,90226.08105234562,0.1113727849950607,1.198218,1.3063870000000002,0.592949,139.098647,1.136117,0.01998,31.522380324688207,0.0069714674468786,0.610580064393142,7.182314504359338,0.0069714674468786,0.610580064393142,1.1970524173932229,0.0069714674468786,0.610580064393142,0.2781737320021427,24.363211403130684,0.7816374595925853,0,0,0,0,0,1,0,0,0,0,1,0,0,0,0,0,0,0,0,0,1,0,0,0,0
1.401188,6.607085869425819,1.3186892592649666,4.637776008898691,0.8168899707085223,0.0,162465.83243405275,0.1385902731502942,1.199208,0.412207,0.1083119999999999,553.356627,6.222692,0.0,36.39865167365835,0.0359816506458659,0.6149615404883322,8.293363672479117,0.0359816506458659,0.6149615404883322,1.3822272787465193,0.0359816506458659,0.6149615404883322,1.6578273019014411,28.33388722143184,0.3632383463203693,1,0,0,0,0,0,0,0,0,0,1,0,0,1,0,0,0,0,0,0,0,0,0,0,0
3.15754,36.576159670239406,4.366931010779145,7.582338940325401,1.868888534516168,0.0,175283.66777203238,0.1389797878958624,1.844243,0.365765,0.190883,693.142108,0.0,0.0,82.02339629346181,0.0521594952419096,0.6559567422715642,18.6888751048394,0.0521594952419096,0.6559567422715642,3.114812517473233,0.0521594952419096,0.6559567422715642,5.4155682894861865,68.10607572494773,0.0879852376572224,0,0,1,0,0,0,0,0,0,1,0,0,0,1,0,0,0,0,0,0,0,0,0,0,0
17.909369595462966,84.90701327550978,1.3021555726798315,6.057692626111513,3.094399545976012,0.0,175124.442183753,0.1217828325712852,0.8807229999999999,1.193494,0.207188,145.52483,1.135882,0.11995,18.274866934145884,0.0297580797264495,0.5986767761863381,4.163893731830708,0.0297580797264495,0.5986767761863381,0.6939822886384511,0.0297580797264495,0.5986767761863381,0.6883860091348994,13.849035976416156,0.4405459348184455,0,0,0,0,0,0,0,0,1,1,0,0,0,1,0,0,0,0,0,0,0,0,0,0,0
40.71820435837963,15.21006190436227,6.803259861269157,8.08281291531716,1.1674401933054843,0.0,116725.10368892386,0.1185878001564412,1.11874,1.370055,3.23143,138.872653,0.0,0.0,41.54918812079554,0.0077718088699333,0.6195894520021784,9.466903622459744,0.0077718088699333,0.6195894520021784,1.5778172704099571,0.0077718088699333,0.6195894520021784,0.4087498085768692,32.58663126442928,0.4358281528768528,0,0,1,0,0,0,0,0,0,0,1,0,0,0,0,0,0,0,0,0,0,1,0,0,0
2.601852,8.371109936350868,0.7836112128459006,9.390218878821504,2.682944356966362,0.0,169363.56510416666,0.1388578899294066,1.309397,0.567695,0.4759069999999999,472.780786,1.107683,0.0,67.58829268764173,0.0470410257620523,0.6429863686286267,15.39986415667786,0.0470410257620523,0.6429863686286267,2.5666440261129764,0.0470410257620523,0.6429863686286267,4.024585591813275,55.0105707304247,0.9247057052840452,1,0,0,0,0,0,0,0,0,0,0,1,0,1,0,0,0,0,0,0,0,0,0,0,0
75.49682836333334,7.468334597065335,1.5804541394007292,10.334542593510031,2.044945840355304,0.0,168437.5803169964,0.139079105314448,1.898921,1.542647,3.3132660000000005,93.431062,0.37245,0.0,77.03757996258504,0.0540065235865896,0.6514768367237815,17.552866320588997,0.0540065235865896,0.6514768367237815,2.925477720098166,0.0540065235865896,0.6514768367237815,5.266496049750801,63.529365699848455,0.5129603153206488,0,0,0,0,0,1,0,0,0,0,0,1,0,0,0,0,0,0,1,0,0,0,0,0,0
22.67360476884259,11.423857076962788,1.5991076811326208,8.381649985873727,1.5175401142461122,0.0,196921.8740445144,0.1382166022877041,0.731163,1.2445190000000002,0.591954,167.662427,1.134439,0.0,23.13633139677816,0.0316045271096066,0.603044947849947,5.271569179012744,0.0316045271096066,0.603044947849947,0.8785948631687905,0.0316045271096066,0.603044947849947,0.9255858390459734,17.661073114695157,0.0689585991377137,0,0,0,0,0,1,0,0,0,0,0,0,1,1,0,0,0,0,0,0,0,0,0,0,0
59.41530394379631,5.632144624278659,0.6174781454695786,7.6016806938665376,2.328629857773404,0.0,180389.27669739208,0.1354424348838037,1.863769,1.375129,0.093185,133.202246,10.941033,0.018481,60.627861167139095,0.0468116488492605,0.6367322120945095,13.813943050740551,0.0468116488492605,0.6367322120945095,2.302323841790092,0.0468116488492605,0.6367322120945095,3.5925191739719446,48.86545842469782,0.7904031296849384,0,0,1,0,0,0,0,0,0,0,1,0,0,0,0,0,0,0,1,0,0,0,0,0,0
33.22699220171296,22.430538217226665,3.1017370495578938,8.670312109611018,1.0185196433993553,0.0,139792.459382494,0.1335279810414325,1.037232,1.342313,2.177568,146.781857,1.135908,0.0,33.905094083380575,0.0,0.6127210041867399,7.725211310137346,0.0,0.6127210041867399,1.287535218356224,0.0,0.6127210041867399,0.0,26.296662397233973,0.3426159995277207,0,0,0,0,0,1,0,0,0,0,1,0,0,0,1,0,0,0,0,0,0,0,0,0,0
2.037809,4.239484450646809,0.7701794202093312,3.38950187982701,0.7122921341185947,0.0,167886.84787170263,0.1388912846644719,1.680968,0.299683,0.048882,638.639663,2.257901,0.0,52.93615130050076,0.0418455979665499,0.6298209800280389,12.061401562139414,0.0418455979665499,0.6298209800280389,2.010233593689902,0.0418455979665499,0.6298209800280389,2.8039808926800163,42.20290973543536,0.1545948252773991,0,0,1,0,0,0,0,0,0,0,0,1,0,1,0,0,0,0,0,0,0,0,0,0,0
39.18897511439815,36.88040380932036,4.237174764239817,9.24343319533826,1.3614173004095502,0.0,194388.025029976,0.1370416013992947,1.311081,1.433683,1.048423,132.812248,1.135602,0.000669,39.9887501167328,0.0305825790842259,0.6181873516423879,9.111360786091018,0.0305825790842259,0.6181873516423879,1.5185601310151695,0.0305825790842259,0.6181873516423879,1.5480495100307974,31.29182219006618,0.5436054360728598,0,0,0,0,0,1,0,0,0,1,0,0,0,0,0,1,0,0,0,0,0,0,0,0,0
53.13647756231481,34.75380045345852,3.723255083143568,7.499648419501399,1.1433271072465452,0.0,166588.59901453837,0.1389378016050771,1.578649,1.402299,2.569678,135.270365,0.372376,0.0,54.220895471749806,0.044091559447506,0.6309753612082313,12.354128082170842,0.044091559447506,0.6309753612082313,2.059021347028473,0.044091559447506,0.6309753612082313,3.0261820708729967,43.306391272558336,0.4531163516457865,0,0,0,0,0,1,0,0,0,0,1,0,0,0,0,1,0,0,0,0,0,0,0,0,0
47.11777544277778,19.060136384055728,2.412888657846611,7.168872196325581,1.5707598728813428,0.0,218796.3799460432,0.1310912727487744,1.568853,1.3701370000000002,0.2400429999999999,119.083342,1.464602,0.3140409999999999,48.07936269671202,0.0415311100900138,0.6254570097638766,10.95479150051666,0.0415311100900138,0.6254570097638766,1.825798583419444,0.0415311100900138,0.6254570097638766,2.527581399006141,38.0652840805549,0.7919950089455756,0,0,1,0,0,0,0,0,0,0,0,1,0,1,0,0,0,0,0,0,0,0,0,0,0
92.17258066722222,5.24201150337855,0.5322786020718032,5.999749340313516,1.775012300740615,0.0,185983.78477218223,0.1370325700449143,3.182556,1.521656,0.8690450000000001,94.604592,2.38518,2e-05,94.05365374206347,0.0370882558691548,0.6667662894968562,21.42994642224232,0.0370882558691548,0.6667662894968562,3.571657737040385,0.0370882558691548,0.6667662894968562,4.415551867613342,79.38203255597186,0.3501216220415888,0,0,0,0,0,1,0,0,0,0,0,0,1,0,0,0,1,0,0,0,0,0,0,0,0
38.89203937439815,3.7259288799195054,0.5260960886732852,3.178124406640764,0.2674734444498158,0.0,139771.18146732613,0.1349347518841854,1.186714,1.416415,0.181163,144.119857,2.811584,4e-06,39.68575446367158,0.0136038702822538,0.6179151009582428,9.04232380184922,0.0136038702822538,0.6179151009582428,1.50705396697487,0.0136038702822538,0.6179151009582428,0.6833922225027416,31.041046805093234,0.3385329548274225,0,0,0,0,0,1,0,0,0,0,0,1,0,0,0,0,0,0,1,0,0,0,0,0,0
65.77941279518517,35.39869702202933,2.9374789900059324,8.408768513219819,1.2032608304092351,0.0,119706.97227218225,0.132913637209496,2.124545,1.456638,1.940052,125.495625,1.13588,0.0,67.12184979100527,0.0177142410365964,0.6425672556927119,15.293586028330315,0.0177142410365964,0.6425672556927119,2.548931004721719,0.0177142410365964,0.6425672556927119,1.505079273443152,54.5953200218034,0.525694232927305,0,0,0,0,0,1,0,0,0,0,0,0,1,0,0,0,0,0,1,0,0,0,0,0,0
185.21608628310184,4.615170041720073,0.5693596387081009,4.192130164562656,0.925186240987526,0.0,186910.7120803357,0.1385023213333363,3.096133,1.6857369999999998,0.202464,74.160009,1.136089,0.0,188.9960064113284,0.1118504269244458,0.7520748416407709,43.06238120764445,0.1118504269244458,0.7520748416407709,7.177063534607407,0.1118504269244458,0.7520748416407709,26.75858734699036,179.92296404118724,0.9835711550863776,0,0,1,0,0,0,0,0,0,1,0,0,0,0,0,0,0,0,1,0,0,0,0,0,0
51.45656564986111,8.19627468585968,0.5335449704306303,8.788964733517142,2.900245402642577,0.0,174550.62786645684,0.1385757153232892,1.741137,1.479183,0.665998,95.625655,0.551618,0.0,52.50669964271542,0.0433722753382333,0.629435104829969,11.963551817327565,0.0433722753382333,0.629435104829969,1.993925302887927,0.0433722753382333,0.629435104829969,2.882702574690852,41.834886068213,0.2187521519201519,0,0,1,0,0,0,0,0,0,0,0,0,1,0,1,0,0,0,0,0,0,0,0,0,0
39.79384421439815,27.26751269385928,3.634053175397914,10.33594950326055,1.5070276989353646,0.0,170167.5176483813,0.1322063904353897,1.310221,1.387118,1.088235,113.876486,1.136493,0.0,40.605963484079744,0.02308642980438,0.6187419363693502,9.251991679916904,0.02308642980438,0.6187419363693502,1.5419986133194836,0.02308642980438,0.6187419363693502,1.186641424828388,31.80330692947168,0.6826423441105293,0,0,0,0,1,0,0,0,0,0,0,0,1,0,0,0,1,0,0,0,0,0,0,0,0
17.361856138657405,69.86534385227021,0.7396065120365274,3.606167572293636,0.5843981305758158,0.0,146037.8159753447,0.1241725143447196,0.863086,1.177741,1.665678,165.850245,0.0,0.0,17.716179733323884,0.0236381822862874,0.5981747789757835,4.036597913921898,0.0236381822862874,0.5981747789757835,0.6727663189869828,0.0236381822862874,0.5981747789757835,0.5300990961429645,13.414394805413,0.0421101288658238,0,0,0,0,0,1,0,0,0,1,0,0,0,0,0,1,0,0,0,0,0,0,0,0,0
79.34161668129632,3.7654974372614,1.8875710706916644,7.800636653991626,1.2385574682153386,0.0,182393.65428282373,0.1385462935701262,1.561973,1.389655,2.242797,146.669963,0.370969,0.0,80.96083334826154,0.0557752795860609,0.6550019975884134,18.4467721553001,0.0557752795860609,0.6550019975884134,3.0744620258833493,0.0557752795860609,0.6550019975884134,5.715965969012374,67.12595894877714,0.0394038980067351,0,0,1,0,0,0,0,0,0,0,1,0,0,0,0,1,0,0,0,0,0,0,0,0,0
71.85496140884258,5.205710426398686,0.5388809425725067,2.2570506450083614,0.4077176721833592,0.0,214840.02295038968,0.1290973476190075,1.688714,1.435074,0.13473,137.89278000000002,1.2631139999999998,0.0,73.32138919269651,0.0523484147567158,0.6481377278313136,16.706139309728318,0.0523484147567158,0.6481377278313136,2.784356551621386,0.0523484147567158,0.6481377278313136,4.858555053161844,60.15488429467057,0.4618881893717098,0,0,0,0,0,0,0,0,1,1,0,0,0,1,0,0,0,0,0,0,0,0,0,0,0
97.26552248282404,4.776455403509594,1.3043640868412218,10.331641413325029,0.9187974262294724,0.0,74711.6299319919,0.1021233278570129,2.81251,1.511386,0.659466,88.20084399999999,1.137813,0.228801,99.25053314573884,0.0025707397575425,0.6714358415474406,22.6140455268772,0.0025707397575425,0.6714358415474406,3.769007587812866,0.0025707397575425,0.6714358415474406,0.3229712550823301,84.35489271739405,0.3221425943891509,0,0,0,0,0,0,0,0,1,1,0,0,0,0,0,0,0,0,0,0,0,1,0,0,0
58.706288400694426,17.06175705818903,1.3356019768783514,6.363210819893889,1.3699965158240686,0.0,195316.82005020985,0.1270634620059594,1.833544,1.447472,0.6171220000000001,118.366074,0.013478,0.0,59.904375919075946,0.0465019867997744,0.6360821388945673,13.649098310675532,0.0465019867997744,0.6360821388945673,2.274849718445921,0.0465019867997744,0.6360821388945673,3.5261677192881,48.23304248575955,0.396593194326212,0,0,0,0,0,1,0,0,0,1,0,0,0,1,0,0,0,0,0,0,0,0,0,0,0
55.14822738379629,21.398680739175703,2.309484005260239,11.865656049989113,2.1420276409430468,0.0,193963.2632643885,0.1387728948315842,1.610585,1.412692,1.459022,144.81546200000005,1.136132,0.0,56.27370141203703,0.0449576368231339,0.6328198689297576,12.821856017932486,0.0449576368231339,0.6328198689297576,2.136976002988748,0.0449576368231339,0.6328198689297576,3.2024463680706865,45.07736247057922,0.915838125990208,0,0,1,0,0,0,0,0,0,0,1,0,0,0,0,1,0,0,0,0,0,0,0,0,0
50.60425009986111,71.3276759442829,2.405680109128106,10.941324320914362,2.208360762047253,0.0,184969.52443045564,0.1254633360718794,1.621718,1.442889,0.684025,121.328045,7.117991,0.0,51.63698989781746,0.0430087103499669,0.6286536445328859,11.76539010330018,0.0430087103499669,0.6286536445328859,1.9608983505500297,0.0430087103499669,0.6286536445328859,2.8111903061511403,41.09086315439336,0.8459347001155293,0,0,1,0,0,0,0,0,0,0,1,0,0,1,0,0,0,0,0,0,0,0,0,0,0
61.82368089398148,4.493533134460449,5.954732042708272,7.116085359518476,1.1100919882742335,0.0,150438.3200033723,0.1180103239770844,1.429196,1.285887,2.226751,124.952343,1.135361,0.0,63.08538866732804,0.0287209609653765,0.6389403742792542,14.373886025467147,0.0287209609653765,0.6389403742792542,2.395647670911191,0.0287209609653765,0.6389403742792542,2.293510108101189,51.02253398310734,0.592195933715921,0,0,1,0,0,0,0,0,0,0,0,1,0,0,0,0,1,0,0,0,0,0,0,0,0
25.69945225861112,4.755621906121572,0.5280444730236251,2.336518616556264,0.432945879314729,0.0,189022.27445855807,0.135466661670511,0.985436,1.251352,0.608414,170.565248,0.256364,0.000339,26.22393087613379,0.0433348786621344,0.6058192486101325,5.975072857853268,0.0433348786621344,0.6058192486101325,0.995845476308878,0.0433348786621344,0.6058192486101325,1.4384947627360234,20.11007860630813,0.2950797430064245,0,0,0,1,0,0,0,0,0,1,0,0,0,0,0,0,0,0,0,0,0,0,1,0,0
24.4284379675463,41.21582626615252,6.094750082464241,8.51334744506031,1.3368366607945028,0.0,105307.0081309952,0.1244747703917306,0.811682,1.154459,1.2371370000000002,163.477303,1.134409,0.0,24.92697751790439,0.0115282063111933,0.6046538971091626,5.679564497750367,0.0115282063111933,0.6046538971091626,0.9465940829583944,0.0115282063111933,0.6046538971091626,0.3637510627099747,19.078726708042243,0.7281884872887054,0,0,0,0,0,0,1,0,0,0,0,1,0,0,0,0,0,0,1,0,0,0,0,0,0
65.7651057062037,5.333069104807717,4.2501350622668825,8.492519489581065,1.2933419183861437,0.0,149496.72191621704,0.1122331283361219,2.023018,1.500092,1.304478,112.712081,0.0,0.0,67.10725072061602,0.0177119667931667,0.6425541379899951,15.290259657861878,0.0177119667931667,0.6425541379899951,2.548376609643646,0.0177119667931667,0.6425541379899951,1.5045587295497058,54.58233118944798,0.4526066856885562,0,0,0,1,0,0,0,0,0,0,1,0,0,0,0,0,0,0,0,0,1,0,0,0,0
28.14107664333333,5.176925881703695,2.601682213856448,12.01784245859233,2.3636911687233466,0.0,179865.63412395085,0.130292745106083,1.128623,1.320995,0.132717,144.40016699999998,1.1356540000000002,0.0,28.71538432993197,0.0337590093051795,0.6080578942819738,6.54274579669336,0.0337590093051795,0.6080578942819738,1.0904576327822266,0.0337590093051795,0.6080578942819738,1.2270923123999766,22.102045733108888,0.1342518277312122,0,0,0,0,0,1,0,0,0,0,0,0,1,0,0,0,1,0,0,0,0,0,0,0,0
8.520507924814813,12.677713607606432,0.7910447917539153,3.7202429634204015,1.911001133690064,0.0,299980.4251067896,0.1463436016129504,0.661029,1.25704,0.434871,158.04956299999998,1.135223,0.0,8.694395841647768,0.0513590225324402,0.5900684354955957,1.9810015841729087,0.0513590225324402,0.5900684354955957,0.3301669306954848,0.0513590225324402,0.5900684354955957,0.5652350277685344,6.4940361415955845,0.407928630771675,0,0,0,0,0,0,0,0,1,0,0,1,0,0,0,0,0,0,0,0,0,0,1,0,0
186.0020087938426,43.22904402642023,3.2110422475160743,7.515064707191156,1.2515748189650566,0.0,141555.9851618705,0.1312975306019222,1.991563,1.420998,1.595876,136.729206,0.3705989999999999,0.0,189.79796815698225,0.1123198551979778,0.7527954283280932,43.2451066686795,0.1123198551979778,0.7527954283280932,7.207517778113249,0.1123198551979778,0.7527954283280932,26.98491177248437,180.859547765237,0.4587997999285749,0,0,0,0,0,1,0,0,0,1,0,0,0,0,1,0,0,0,0,0,0,0,0,0,0
60.13961941657408,5.086725680317198,1.7179001631210749,9.061976618046383,1.2568694763332249,0.0,150185.50904901078,0.1268843528803447,1.656438,1.4797559999999998,2.835276,123.736142,1.134454,0.0,61.3669585883409,0.0094257303366113,0.6373963133003819,13.98234499481185,0.0094257303366113,0.6373963133003819,2.330390832468641,0.0094257303366113,0.6373963133003819,0.7321878521920179,49.51275083881734,0.0255875373305523,0,0,0,0,0,0,1,0,0,1,0,0,0,0,0,0,0,0,0,1,0,0,0,0,0
47.68522208583334,45.033447572163176,2.67831166785398,9.152397662329731,1.55978387015329,0.0,153164.52847721823,0.1279247398320719,1.51991,1.3851950000000002,1.6674060000000002,108.143741,1.136157,0.0,48.65838988350341,0.041770548535793,0.6259772830620243,11.086721745608372,0.041770548535793,0.6259772830620243,1.847786957601395,0.041770548535793,0.6259772830620243,2.5727691598764824,38.555755313225504,0.3851721686666833,0,0,0,0,0,1,0,0,0,1,0,0,0,0,0,1,0,0,0,0,0,0,0,0,0
22.68612983606481,59.660765756879535,12.788839744435226,7.389161177390485,1.4085492641805746,0.0,172877.94261465827,0.135619989670009,0.983631,1.253439,1.27216,137.205281,0.0,0.0,23.14911207761716,0.0316094193297394,0.6030564316751013,5.274481232874795,0.0316094193297394,0.6030564316751013,0.8790802054791323,0.0316094193297394,0.6030564316751013,0.9262404946487792,17.671165729082013,0.5922529598243824,0,0,1,0,0,0,0,0,0,0,1,0,0,0,0,1,0,0,0,0,0,0,0,0,0
32.26480228152778,19.11910825400125,92.84454933250193,7.198509646262482,2.898985320572659,0.0,236235.4787357614,0.1267933416262948,1.184919,1.315921,1.278898,123.277205,0.920759,0.0,32.92326763421202,0.0354090708360046,0.6118388036673685,7.501504017921725,0.0354090708360046,0.6118388036673685,1.2502506696536206,0.0354090708360046,0.6118388036673685,1.4756738174842423,25.49839580017326,0.7030069336936687,0,0,1,0,0,0,0,0,0,0,0,1,0,1,0,0,0,0,0,0,0,0,0,0,0
65.38948097680556,5.160452223959423,1.4136726796198231,7.240956831893189,0.7446801372998052,0.0,92661.01623388789,0.1212612485481823,2.092348,1.468217,3.188251,117.411815,1.135338,0.0,66.72396018041384,0.0,0.6422097399409072,15.20292763604366,0.0,0.6422097399409072,2.533821272673943,0.0,0.6422097399409072,0.0,54.24149001935572,0.1824055846473212,0,0,0,0,1,0,0,0,0,0,0,0,1,0,1,0,0,0,0,0,0,0,0,0,0
1.838041,6.526648074104672,2.346224038435115,11.403985140134962,2.224640374846881,0.0,170702.11285971224,0.1388033922198865,1.313647,0.351362,1.705197,635.634265,1.0431,0.0,47.74677924796864,0.0400055251000274,0.6251581735576772,10.879012993208043,0.0400055251000274,0.6251581735576772,1.8131688322013404,0.0400055251000274,0.6251581735576772,2.417892374240607,37.78391051635656,0.2447123200706902,0,0,0,1,0,0,0,0,0,0,1,0,0,1,0,0,0,0,0,0,0,0,0,0,0
48.82696342699074,28.84186927704584,10.505881920421151,8.393224644146377,1.4308132822279165,0.0,174364.85307066847,0.1387460286633002,1.6665900000000002,1.44158,0.440506,117.873649,1.136435,0.008032,49.8234320683579,0.042253552879057,0.6270241084163816,11.352174395322054,0.042253552879057,0.6270241084163816,1.8920290658870087,0.042253552879057,0.6270241084163816,2.664831672805657,39.54492793785604,0.7020393192488733,0,0,0,0,1,0,0,0,0,0,0,1,0,1,0,0,0,0,0,0,0,0,0,0,0
28.92035475865741,6.730726361842383,0.1987644092713614,2.914479503814551,0.2227143170557719,0.0,110225.58569394484,0.1143217106624472,1.124462,1.343786,0.283875,158.84488000000002,1.353886,9.6e-05,29.510566080262663,0.0068138350567118,0.6087723889400983,6.723926448667442,0.0068138350567118,0.6087723889400983,1.1206544081112402,0.0068138350567118,0.6087723889400983,0.2545318097482335,22.740782040071057,0.2660403526755706,0,0,0,0,0,1,0,0,0,0,0,0,1,0,0,0,0,0,0,0,0,0,0,1,0
229.9585794655093,3.250074353104546,0.3469274258799404,2.656632280321144,0.2202917777484269,0.0,186378.5082621403,0.1335334812494204,2.414785,1.381676,0.06722,133.86282,52.40375,0.1807109999999999,234.65161169949928,0.0559289944398396,0.7930977726603511,53.46492418469604,0.0559289944398396,0.7930977726603511,8.910820697449338,0.0559289944398396,0.7930977726603511,16.612441374735067,235.57173492409427,0.6580977080490618,0,0,1,0,0,0,0,0,0,1,0,0,0,0,0,0,0,1,0,0,0,0,0,0,0
71.01932049101852,26.739069606008982,5.416362423119214,6.174548946124473,1.0558713210715378,0.0,174972.2239208633,0.1371768167157539,1.884595,1.4389610000000002,1.791551,140.769996,0.372061,0.0,72.46869437859033,0.0519703284633857,0.6473715559599947,16.511854415375012,0.0519703284633857,0.6473715559599947,2.7519757358958348,0.0519703284633857,0.6473715559599947,4.767369430592472,59.385027137034605,0.926138343377444,0,0,1,0,0,0,0,0,0,0,0,1,0,0,0,0,0,0,1,0,0,0,0,0,0
4.726823,7.665741963613601,0.5470948903966579,6.996895960480761,3.036629149096189,0.0,172705.5956422362,0.1386521949792365,1.821392,0.339783,0.321405,695.793038,25.52764,0.0,122.78865070214478,0.0666142380845819,0.6925855463153981,27.977160919476024,0.0666142380845819,0.6925855463153981,4.662860153246004,0.0666142380845819,0.6925855463153981,10.353762546781317,107.64765155427284,0.3035921276397666,0,0,1,0,0,0,0,0,0,0,1,0,0,1,0,0,0,0,0,0,0,0,0,0,0
6.567717,5.68178900253205,0.5781924019900443,7.213270565874571,2.12692698328901,0.0,169019.1170563549,0.1388570914129845,3.02683,0.28839,0.265584,802.837245,1.542045,0.0,170.60954231278345,0.0835708031978332,0.7355540520543054,38.87306027379876,0.0835708031978332,0.7355540520543054,6.478843378966459,0.0835708031978332,0.7355540520543054,18.048071499106367,158.85131666746622,0.6141811264470621,0,0,1,0,0,0,0,0,0,0,1,0,0,1,0,0,0,0,0,0,0,0,0,0,0
0.636705,1.7307371649004164,0.421434510240166,2.3822706478962794,0.2330041487368462,0.0,164445.13200689448,0.1388951272165461,0.555337,0.262611,0.444596,575.414519,166.87964499999998,0.152073,16.539681694302722,0.0289399601588125,0.5971176601927818,3.768535069587962,0.0289399601588125,0.5971176601927818,0.6280891782646603,0.0289399601588125,0.5971176601927818,0.6058958598386857,12.501438017260034,0.2833340315136877,0,1,0,0,0,0,0,0,0,0,0,1,0,1,0,0,0,0,0,0,0,0,0,0,0
1.870694,8.384863424301148,1.092860276321713,9.694186370721535,2.7595117123578663,0.0,175395.77838354316,0.1380275870077044,1.641902,0.347475,0.291367,588.9186070000001,6.892086,0.0,48.59500601917989,0.0403062934879101,0.6259203307584137,11.072279852471368,0.0403062934879101,0.6259203307584137,1.8453799754118945,0.0403062934879101,0.6259203307584137,2.4793475628554766,38.502028152825545,0.1931263515981852,0,1,0,0,0,0,0,0,0,0,0,1,0,1,0,0,0,0,0,0,0,0,0,0,0
43.04048420013888,20.88818032628014,3.703133139964774,8.888745418841319,1.3339120053844773,0.0,188135.2245391187,0.1400619091318665,1.438156,1.389369,1.824575,142.047521,1.135308,0.0,43.91886142871315,0.0318581430419184,0.6217186745595416,10.006829186289073,0.0318581430419184,0.6217186745595416,1.6678048643815118,0.0318581430419184,0.6217186745595416,1.7711055311824542,34.563514323574324,0.7502401676688533,0,0,0,0,0,0,0,1,0,0,0,1,0,0,0,1,0,0,0,0,0,0,0,0,0
52.39856780925927,28.86691401118324,4.924244938422736,7.780023172319078,1.5445254485812976,0.0,181465.93649767688,0.1242415775730312,1.704407,1.25348,0.293261,139.48964099999998,1.137067,0.526361,53.467926335978845,0.0437751693560345,0.6302987958506671,12.18256549427366,0.0437751693560345,0.6302987958506671,2.030427582378944,0.0437751693560345,0.6302987958506671,2.962743709460065,42.65920200784763,0.0637064214785867,0,0,1,0,0,0,0,0,0,1,0,0,0,1,0,0,0,0,0,0,0,0,0,0,0
27.62556320583333,4.690532941477639,1.8570741423600008,11.52426926180613,1.714959078126674,0.0,163244.39174910073,0.1284185525396173,0.949968,1.037965,0.131791,144.298168,1.135645,0.078412,28.18935021003401,0.0067108499140272,0.6075852368442218,6.422889921273573,0.0067108499140272,0.6075852368442218,1.0704816535455952,0.0067108499140272,0.6075852368442218,0.2394613904221408,21.680294966896493,0.9610567421860744,0,0,0,0,0,0,1,0,0,1,0,0,0,0,0,0,0,0,0,1,0,0,0,0,0
21.48051574356481,56.232537153788975,2.883763033852017,10.085104513511384,2.1427332240042927,0.0,189562.0308940348,0.1283456533521914,0.931038,1.295421,2.099767,165.603462,1.134691,0.0,21.91889361588246,0.0311394257339616,0.6019510434806788,4.994178292226383,0.0311394257339616,0.6019510434806788,0.8323630487043971,0.0311394257339616,0.6019510434806788,0.8639769112941483,16.701393524079034,0.9394987411696244,0,0,0,1,0,0,0,0,0,0,0,1,0,0,0,0,0,0,1,0,0,0,0,0,0
108.70011967564814,12.206985992477051,17.716996923339167,10.918167522485309,2.8338044324367164,0.0,261101.90726169065,0.1391653461600665,2.175401,1.53299,2.179116,112.028239,1.136506,0.0,110.91848946494709,0.1258194703912949,0.6819198503389389,25.27256721986136,0.1258194703912949,0.6819198503389389,4.212094536643559,0.1258194703912949,0.6819198503389389,17.665450127951985,95.74369586804796,0.8349672128750796,0,0,0,0,0,0,0,0,1,1,0,0,0,0,0,0,0,0,0,0,0,0,1,0,0
99.85268713037036,5.7684347805522735,3.7398917494917945,9.193542137420437,1.5285766569258783,0.0,210486.3305043465,0.1371096252537459,1.351858,1.363508,2.189086,146.984273,1.136818,0.0,101.89049707180652,0.1076626335101736,0.6738079283339302,23.21555629484199,0.1076626335101736,0.6738079283339302,3.869259382473664,0.1076626335101736,0.6738079283339302,13.885821828368767,86.90458828970675,0.2413541938865326,0,0,1,0,0,0,0,0,0,0,0,1,0,0,0,0,0,0,0,0,0,0,1,0,0
2.034767,7.005921458630334,2.4558944922271104,11.45260070439437,2.083618597160998,0.0,168098.88760866306,0.1388430429591263,1.304376,0.46225,1.223857,544.56611,6.875767,0.0,52.85712928604498,0.0418175779550367,0.6297499763773899,12.043396546187465,0.0418175779550367,0.6297499763773899,2.0072327576979103,0.0418175779550367,0.6297499763773899,2.797920410631193,42.13515939147275,0.1344518880926504,0,0,0,1,0,0,0,0,0,0,0,1,0,1,0,0,0,0,0,0,0,0,0,0,0
31.15781036467592,16.26052931376866,1.6021483827123253,6.818712000080722,1.2175174623513394,0.0,167791.71916217025,0.1387647513827259,1.057683,1.1973,0.90482,167.063187,1.1350129999999998,0.125675,31.793684045587675,0.01248214884621,0.6108238389254819,7.244130542032635,0.01248214884621,0.6108238389254819,1.2073550903387722,0.01248214884621,0.6108238389254819,0.5023461982612639,24.582709040898365,0.7089444058515658,0,0,0,0,0,1,0,0,0,0,0,1,0,0,0,0,0,0,1,0,0,0,0,0,0
36.4226918225926,24.30202152161371,3.8093774824691335,7.433509222895122,0.8541908086918527,0.0,168815.8336143585,0.130693099964008,1.230346,1.331183,0.420753,141.413254,1.136766,0.209346,37.16601206387,0.0,0.6156510368197491,8.468205280375443,0.0,0.6156510368197491,1.4113675467292404,0.0,0.6156510368197491,0.0,28.963663115920088,0.0404173692422252,0,0,0,0,0,0,1,0,0,1,0,0,0,0,1,0,0,0,0,0,0,0,0,0,0
36.78451861208333,38.12395893278576,1.4432102909905733,4.179537945799976,0.4962113032595431,0.0,130241.84681317446,0.1179422511131786,1.273829,1.418829,1.699222,137.317242,1.135282,0.0,37.53522307355442,0.013295524003793,0.6159827839882808,8.552329307898475,0.013295524003793,0.6159827839882808,1.425388217983079,0.013295524003793,0.6159827839882808,0.6317094422305936,29.267153425910383,0.0071350387068487,0,0,0,0,0,1,0,0,0,0,0,0,1,0,0,0,0,0,0,0,1,0,0,0,0
109.46626174486111,3.4161814232667287,0.2829186523811137,2.6344156751243903,0.4163789532596259,0.0,176430.81546013188,0.1287943990164094,1.7832279999999998,1.4456719999999998,0.271805,150.513773,1.1343219999999998,0.0,111.70026708659296,0.0702829382076323,0.6826223009853164,25.45069376656549,0.0702829382076323,0.6826223009853164,4.241782294427581,0.0702829382076323,0.6826223009853164,9.937497429649415,96.517839670031,0.2020879820681553,0,0,0,0,0,0,0,0,1,1,0,0,0,0,0,0,0,0,0,1,0,0,0,0,0
27.698957044861107,13.543929897035872,2.5737897995278702,7.053831911201385,0.8472892141742386,0.0,80775.87932310402,0.1153209062574578,1.094993,1.286378,0.17319,132.53481599999998,1.135903,0.062241,28.26424188251133,0.0,0.6076525292586928,6.4399538466481525,0.0,0.6076525292586928,1.0733256411080252,0.0,0.6076525292586928,0.0,21.74030135124999,0.0343864466615414,0,0,0,0,0,1,0,0,0,0,1,0,0,0,1,0,0,0,0,0,0,0,0,0,0
28.896984816157403,0.9205567312027728,2.0663120630833745,9.15248871307007,1.6060290892633031,0.0,113824.31711818044,0.0957568266453574,1.152037,1.097214,0.162644,186.611143,126.733236,0.002401,29.48671920016061,0.0121593708918535,0.6087509618029203,6.718492982315077,0.0121593708918535,0.6087509618029203,1.1197488303858458,0.0121593708918535,0.6087509618029203,0.4538480444793565,22.72160591583597,0.4385435051583618,0,0,0,1,0,0,0,0,0,0,1,0,0,0,0,0,0,0,1,0,0,0,0,0,0
34.26901669671297,40.08385287920634,4.61434180787999,9.004332297711635,1.3725169126650127,0.0,166294.56429856116,0.1314046299107354,1.171769,1.288301,1.315955,146.827479,1.13706,0.316369,34.968384384400984,0.0,0.6136764024209158,7.967479986319211,0.0,0.6136764024209158,1.3279133310532016,0.0,0.6136764024209158,0.0,27.163635857583447,0.4954080119912272,0,0,0,0,1,0,0,0,0,0,0,0,1,0,1,0,0,0,0,0,0,0,0,0,0
115.55787401180557,14.58172156016032,4.105659419684101,7.314237364762121,1.1716213218456837,0.0,170609.08667753296,0.1319375025103989,2.189963,1.476278,1.991467,127.197187,1.136207,0.0,117.91619797123018,0.0733565266100212,0.6882075013630894,26.86698181622966,0.0733565266100212,0.6882075013630894,4.477830302704943,0.0733565266100212,0.6882075013630894,10.949269258517823,102.72254680508316,0.9016370111916286,0,0,0,0,0,1,0,0,0,0,1,0,0,0,0,0,1,0,0,0,0,0,0,0,0
58.08400640236112,5.494119760536012,0.7479561564447783,4.058988108623514,0.5653225894597509,0.0,186295.67976244004,0.1378681107426433,1.920392,1.463553,0.181077,136.39675,2.934359,3.2e-05,59.26939428812359,0.04623073107162,0.6355115888497077,13.504418951724364,0.04623073107162,0.6355115888497077,2.25073649195406,0.04623073107162,0.6355115888497077,3.46843978242032,47.67897080279141,0.6777551642792079,0,0,0,0,0,0,1,0,0,0,1,0,0,0,0,0,0,0,0,1,0,0,0,0,0
159.56515593125002,6.68987447420756,0.5281446051183079,3.088455975484505,0.4968285621713391,0.0,157273.80598021584,0.1274590601595185,2.070951,1.348287,1.3633879999999998,162.181527,0.0,0.0,162.821587684949,0.0657869459709878,0.7285563411825572,37.098589599102304,0.0657869459709878,0.7285563411825572,6.18309826651705,0.0657869459709878,0.7285563411825572,13.55890505308887,150.15784834086247,0.6161105033187781,0,0,0,0,0,1,0,0,0,0,0,0,1,0,0,0,0,0,0,0,0,0,0,1,0
1.727917,8.57377305598486,2.411147678784616,11.936736610010088,2.1877918297724186,0.0,169220.71691396882,0.1392465420871329,1.353009,0.405292,0.437139,581.164753,0.0,0.0,44.88608880749244,0.038991167523474,0.6225877573761962,10.227210108036251,0.038991167523474,0.6225877573761962,1.704535018006042,0.038991167523474,0.6225877573761962,2.215393681223382,35.37408780765253,0.2173194110452091,0,1,0,0,0,0,0,0,0,0,0,1,0,1,0,0,0,0,0,0,0,0,0,0,0
1.332343,2.594026432860465,0.4562461048864918,2.71178593138139,0.3820615188180685,0.0,164797.59180155877,0.1388995485733167,1.245596,0.2697719999999999,0.5543520000000001,521.388279,162.530227,0.146069,34.610265550973175,0.0353475159671599,0.6133546219055159,7.885883290095154,0.0353475159671599,0.6133546219055159,1.3143138816825255,0.0353475159671599,0.6133546219055159,1.548591030621102,26.87134979881855,0.8365699341921189,0,1,0,0,0,0,0,0,0,0,1,0,0,1,0,0,0,0,0,0,0,0,0,0,0
90.22549277814814,19.108942760740007,0.4400929706238156,2.7666966978022804,0.4712907311370333,0.0,187822.5762327638,0.1161407986633497,2.59858,1.357043,0.602681,79.709575,0.841245,0.328757,92.06682936545728,0.0608839829170253,0.6649810681897443,20.977252260483937,0.0608839829170253,0.6649810681897443,3.496208710080656,0.0608839829170253,0.6649810681897443,7.095437045963528,77.49708675479076,0.7981326788574858,0,0,0,1,0,0,0,0,0,0,1,0,0,1,0,0,0,0,0,0,0,0,0,0,0
37.808290112777776,7.327169370651245,0.3390921867258257,1.9332402315642907,0.3114013196967488,0.0,166549.8265606265,0.1232801529018284,1.349783,1.294562,1.7421650000000002,167.070612,0.125104,0.004935,38.5798878701814,0.0255531429911029,0.6169214466479941,8.79035419826918,0.0255531429911029,0.6169214466479941,1.4650590330448632,0.0255531429911029,0.6169214466479941,1.24789543206008,30.127544603024948,0.618733705282408,0,0,1,0,0,0,0,0,0,0,1,0,0,0,0,0,0,0,0,0,1,0,0,0,0
34.24391564736111,94.47922311056227,2.137414615074222,6.74517581788756,1.1819244981240884,0.0,171992.63442371102,0.1183442179497769,1.067159,1.356266,2.545472,150.64958700000005,7.611447999999999,0.0,34.94277106873583,0.0362086519209245,0.6136533880883912,7.961644040977783,0.0362086519209245,0.6136533880883912,1.3269406734962972,0.0362086519209245,0.6136533880883912,1.6015577655448214,27.14272133610981,0.4551908213186425,0,0,0,0,0,0,0,0,1,0,0,1,0,1,0,0,0,0,0,0,0,0,0,0,0
36.20301945458333,8.936558244909559,2.303679703236769,8.92810252644747,1.231762659778412,0.0,134288.04213504196,0.1255297367003181,1.232412,1.31989,2.068692,148.722878,1.134739,0.0,36.94185658630953,0.0,0.6154496263984967,8.417131880424956,0.0,0.6154496263984967,1.402855313404159,0.0,0.6154496263984967,0.0,28.7795592841912,0.5995554041154657,0,0,0,0,0,0,1,0,0,1,0,0,0,0,1,0,0,0,0,0,0,0,0,0,0
16.353511854907406,10.705587174778891,3.281089128453895,3.1781847891475943,0.5247495012889377,0.0,178713.5881482314,0.1328705039134414,0.8265469999999999,1.281754,1.242037,158.966475,1.087749,0.04389,16.687256994803477,0.0291613223051066,0.5972502610275408,3.802159821600792,0.0291613223051066,0.5972502610275408,0.6336933036001319,0.0291613223051066,0.5972502610275408,0.615977822295709,12.615783032886116,0.6512675525311837,0,0,1,0,0,0,0,0,0,0,1,0,0,1,0,0,0,0,0,0,0,0,0,0,0
57.09299864458333,4.750581312179565,0.2934268934549473,3.2893114071384035,0.0685338457684508,0.0,140594.35272407075,0.1225119736268937,1.7926369999999998,1.446285,1.4255209999999998,116.36623,0.005143,9e-06,58.25816188222789,0.0,0.6346029661960382,13.274011568102557,0.0,0.6346029661960382,2.2123352613504257,0.0,0.6346029661960382,0.0,46.79848396910226,0.8630223693854513,0,0,0,1,0,0,0,0,0,1,0,0,0,0,1,0,0,0,0,0,0,0,0,0,0
38.84374658472222,6.774734992072696,3.136800871478568,10.198914750874472,1.744036556147843,0.0,172127.82712267686,0.1307060469290335,1.32334,1.338467,2.493527,147.43841,1.136806,0.0,39.636476106859405,0.0380862245395689,0.6178708228762964,9.031095821816066,0.0380862245395689,0.6178708228762964,1.5051826369693442,0.0380862245395689,0.6178708228762964,1.910890796155831,31.000281149445414,0.5751441024257324,0,0,0,0,0,1,0,0,0,0,0,1,0,0,0,0,1,0,0,0,0,0,0,0,0
80.31780820101851,5.929659312111991,0.4760760223622516,8.235172969831837,1.0934835086337669,0.0,144726.492206235,0.1309637278497076,2.782102,1.494159,0.662532,76.328665,1.135675,0.0,81.95694714389644,0.0112454703815177,0.6558970357172053,18.6737347922802,0.0112454703815177,0.6558970357172053,3.1122891320467,0.0112454703815177,0.6558970357172053,1.1666385084383537,68.04470720014348,0.66328503750716,0,0,0,0,0,1,0,0,0,0,0,1,0,0,0,0,0,0,0,1,0,0,0,0,0
135.5104842989815,58.12627557572864,3.376562735374025,8.473018789177033,1.790070139246879,0.0,173729.30261728118,0.1232046757152469,1.771751,1.440884,1.393369,129.480546,0.013483,0.0,138.27600438671584,0.0837534598895502,0.7065013982215957,31.505925050137787,0.0837534598895502,0.7065013982215957,5.250987508356297,0.0837534598895502,0.7065013982215957,14.659612388721625,123.66100055659524,0.5612090016415863,0,0,0,0,0,1,0,0,0,0,0,1,0,1,0,0,0,0,0,0,0,0,0,0,0
103.55414998398147,23.16965189207168,4.013922936053013,12.42678521176894,2.4266982736061515,0.0,200609.09065872303,0.1361294827229685,2.497297,1.588843,2.070635,97.216503,1.136784,0.0,105.66749998365457,0.0673449353985727,0.6772016787603131,24.07613923678205,0.0673449353985727,0.6772016787603131,4.012689872797008,0.0673449353985727,0.6772016787603131,9.007811341934058,90.58001060675473,0.717798008969774,0,0,0,0,1,0,0,0,0,0,0,0,1,0,0,0,0,0,0,1,0,0,0,0,0
29.483269974953703,6.551016713324048,0.6333153028425267,6.414764643287201,0.8185767317704445,0.0,187691.7509180156,0.1372952994218261,0.990722,1.086494,0.1850619999999999,152.356543,1.290041,0.0,30.084969362197658,0.0137174817602307,0.6092885075210155,6.854803145817187,0.0137174817602307,0.6092885075210155,1.1424671909695312,0.0137174817602307,0.6092885075210155,0.5223924284595555,23.20307098925176,0.6925975036269171,0,0,1,0,0,0,0,0,0,0,1,0,0,0,0,0,0,1,0,0,0,0,0,0,0
89.42539046569443,76.49890130360922,1.81695829792846,8.132790390536082,2.040809042662453,0.0,211249.0827993855,0.1271091945987525,1.612435,1.457088,0.971318,119.129591,0.013493,0.0,91.25039843438208,0.0605033109177925,0.6642474805052453,20.791230023023765,0.0605033109177925,0.6642474805052453,3.4652050038372937,0.0605033109177925,0.6642474805052453,6.988545858035281,76.72512310776972,0.2767544839646728,0,0,0,0,0,1,0,0,0,0,1,0,0,1,0,0,0,0,0,0,0,0,0,0,0
30.97599323032408,8.862465413411458,1.5995307904924991,8.272253508762205,1.5487721173597468,0.0,186711.5690572542,0.1339949403378031,1.17708,1.331879,0.774551,123.180117,0.370395,0.46368,31.60815635747355,0.0348910510438271,0.6106571367318807,7.201858410563593,0.0348910510438271,0.6106571367318807,1.200309735093932,0.0348910510438271,0.6106571367318807,1.3960022745188332,24.43259020079543,0.1061038697063988,0,0,0,1,0,0,0,0,0,0,0,1,0,0,0,0,0,0,0,0,0,0,0,0,1
40.8939117038426,7.119572378340221,0.5052890696649929,1.5968144285878976,0.2534401435003006,0.0,254098.5607482764,0.1131353770657409,1.3836959999999998,1.423208,0.228435,134.50599,0.013497,0.0,41.72848133045163,0.0389317151989076,0.6197505523298507,9.507755239849738,0.0389317151989076,0.6197505523298507,1.5846258733082894,0.0389317151989076,0.6197505523298507,2.056406773215287,32.73575867396615,0.7856615154741443,0,0,1,0,0,0,0,0,0,1,0,0,0,1,0,0,0,0,0,0,0,0,0,0,0
37.92702367685185,14.21917455764044,0.3833882410963662,3.668734883804688,1.4454281082827982,0.0,182257.1886990408,0.1237124047673148,0.80292,1.237072,2.416632,182.648812,0.0,0.0,38.701044568216176,0.0377098921240329,0.6170303095758792,8.817959521872039,0.0377098921240329,0.6170303095758792,1.4696599203120064,0.0377098921240329,0.6170303095758792,1.847357235132685,30.227490520045983,0.2369359795495819,0,0,1,0,0,0,0,0,0,0,0,1,0,1,0,0,0,0,0,0,0,0,0,0,0
48.05985397453703,4.93981933934348,0.1438013694519333,2.8145317531032243,0.1951230455824225,0.0,105430.29332939898,0.1136343336755709,1.580057,1.450091,0.108964,115.878394,2.527573,0.003116,49.04066732095615,0.0083857702397268,0.6263207708078987,11.173822933888744,0.0083857702397268,0.6263207708078987,1.8623038223147903,0.0083857702397268,0.6263207708078987,0.5205617323498984,38.87998551568986,0.7516647193612256,0,0,0,0,0,1,0,0,0,0,0,0,1,0,0,0,0,0,0,0,0,0,0,1,0
35.297828773240745,8.325885846501304,1.0748067045097442,10.628151047429878,2.759657959000384,0.0,192331.71526528776,0.1380395820315221,1.142891,1.322345,2.526831,129.858356,1.136834,0.0,36.018192625755866,0.0366364707569784,0.6146196866200204,8.206676800805134,0.0366364707569784,0.6146196866200204,1.3677794668008554,0.0366364707569784,0.6146196866200204,1.6703537479148356,28.022139575014684,0.8320482841537075,0,0,0,0,0,0,1,0,0,0,1,0,0,0,1,0,0,0,0,0,0,0,0,0,0
